{
	"format_version": "1.12.0",
	"minecraft:geometry": [
		{
			"description": {
				"identifier": "geometry.unknown",
				"texture_width": 128,
				"texture_height": 128,
				"visible_bounds_width": 10,
				"visible_bounds_height": 5,
				"visible_bounds_offset": [0, 1.5, 0]
			},
			"bones": [
				{
					"name": "main",
					"pivot": [0, 20, 0]
				},
				{
					"name": "gun",
					"parent": "main",
					"pivot": [1, 11, -1],
					"cubes": [
						{
							"origin": [-1.75, 14, -1],
							"size": [3.5, 4, 5],
							"uv": {
								"north": {"uv": [101, 48], "uv_size": [4, 4]},
								"east": {"uv": [97, 93], "uv_size": [5, 4]},
								"south": {"uv": [101, 52], "uv_size": [4, 4]},
								"west": {"uv": [98, 77], "uv_size": [5, 4]},
								"up": {"uv": [74, 96], "uv_size": [4, 5]},
								"down": {"uv": [86, 101], "uv_size": [4, -5]}
							}
						},
						{
							"origin": [-1.25, 13.5, -1],
							"size": [3, 1, 5],
							"inflate": 0.001,
							"uv": {
								"north": {"uv": [115, 39], "uv_size": [3, 1]},
								"east": {"uv": [111, 42], "uv_size": [5, 1]},
								"south": {"uv": [115, 40], "uv_size": [3, 1]},
								"west": {"uv": [111, 84], "uv_size": [5, 1]},
								"up": {"uv": [104, 28], "uv_size": [3, 5]},
								"down": {"uv": [104, 38], "uv_size": [3, -5]}
							}
						},
						{
							"origin": [-1.75, 13.5, -1],
							"size": [1, 1, 5],
							"inflate": -0.002,
							"uv": {
								"north": {"uv": [118, 65], "uv_size": [1, 1]},
								"east": {"uv": [110, 46], "uv_size": [5, 1]},
								"south": {"uv": [68, 118], "uv_size": [1, 1]},
								"west": {"uv": [110, 58], "uv_size": [5, 1]},
								"up": {"uv": [2, 112], "uv_size": [1, 5]},
								"down": {"uv": [3, 117], "uv_size": [1, -5]}
							}
						},
						{
							"origin": [-2, 3.5, -1],
							"size": [4, 10, 5],
							"pivot": [1, 13.5, -1],
							"rotation": [19.5, 0, 0],
							"uv": {
								"north": {"uv": [0, 86], "uv_size": [4, 10]},
								"east": {"uv": [0, 76], "uv_size": [5, 10]},
								"south": {"uv": [4, 86], "uv_size": [4, 10]},
								"west": {"uv": [5, 76], "uv_size": [5, 10]},
								"up": {"uv": [90, 99], "uv_size": [4, 5]},
								"down": {"uv": [94, 104], "uv_size": [4, -5]}
							}
						},
						{
							"origin": [-2.075, 3.92441, 0.95262],
							"size": [4.125, 1.825, 5.2],
							"pivot": [0, 4.84941, 3.45262],
							"rotation": [9.5, 0, 0],
							"uv": {
								"north": {"uv": [44, 109], "uv_size": [4, 2]},
								"east": {"uv": [106, 81], "uv_size": [5, 2]},
								"south": {"uv": [109, 47], "uv_size": [4, 2]},
								"west": {"uv": [106, 83], "uv_size": [5, 2]},
								"up": {"uv": [64, 100], "uv_size": [4, 5]},
								"down": {"uv": [68, 105], "uv_size": [4, -5]}
							}
						},
						{
							"origin": [-2.025, 4.59963, 5.47266],
							"size": [4.05, 1.6, 1.4],
							"pivot": [0, 5.59963, 6.17266],
							"rotation": [-30.5, 0, 0],
							"uv": {
								"north": {"uv": [48, 109], "uv_size": [4, 2]},
								"east": {"uv": [117, 53], "uv_size": [1, 2]},
								"south": {"uv": [109, 49], "uv_size": [4, 2]},
								"west": {"uv": [58, 117], "uv_size": [1, 2]},
								"up": {"uv": [112, 111], "uv_size": [4, 1]},
								"down": {"uv": [113, 42], "uv_size": [4, -1]}
							}
						},
						{
							"origin": [-1.7, 17.01249, 3.5124],
							"size": [3.35, 2.6, 1.4],
							"pivot": [-0.175, 19.01249, 4.2124],
							"rotation": [-30.5, 0, 0],
							"uv": {
								"north": {"uv": [3, 109], "uv_size": [3, 3]},
								"east": {"uv": [116, 5], "uv_size": [1, 3]},
								"south": {"uv": [10, 109], "uv_size": [3, 3]},
								"west": {"uv": [12, 116], "uv_size": [1, 3]},
								"up": {"uv": [116, 1], "uv_size": [3, 1]},
								"down": {"uv": [116, 3], "uv_size": [3, -1]}
							}
						},
						{
							"origin": [-2.05, 4.8237, 1.23304],
							"size": [4, 1.2, 1],
							"pivot": [0, 5.6237, 1.73304],
							"rotation": [-39.5, 0, 0],
							"uv": {
								"north": {"uv": [113, 57], "uv_size": [4, 1]},
								"east": {"uv": [35, 119], "uv_size": [1, 1]},
								"south": {"uv": [113, 67], "uv_size": [4, 1]},
								"west": {"uv": [119, 36], "uv_size": [1, 1]},
								"up": {"uv": [113, 79], "uv_size": [4, 1]},
								"down": {"uv": [113, 84], "uv_size": [4, -1]}
							}
						},
						{
							"origin": [-2.075, 9.62441, -0.54738],
							"size": [4.125, 0.725, 1.7],
							"pivot": [0, 9.44941, 1.95262],
							"rotation": [9.5, 0, 0],
							"uv": {
								"north": {"uv": [114, 31], "uv_size": [4, 1]},
								"east": {"uv": [117, 57], "uv_size": [2, 1]},
								"south": {"uv": [114, 32], "uv_size": [4, 1]},
								"west": {"uv": [59, 117], "uv_size": [2, 1]},
								"up": {"uv": [109, 59], "uv_size": [4, 2]},
								"down": {"uv": [109, 63], "uv_size": [4, -2]}
							}
						},
						{
							"origin": [-2.05, 9.4237, -0.26696],
							"size": [4, 1.2, 1],
							"pivot": [0, 10.2237, 0.23304],
							"rotation": [-39.5, 0, 0],
							"uv": {
								"north": {"uv": [113, 85], "uv_size": [4, 1]},
								"east": {"uv": [119, 37], "uv_size": [1, 1]},
								"south": {"uv": [114, 28], "uv_size": [4, 1]},
								"west": {"uv": [119, 38], "uv_size": [1, 1]},
								"up": {"uv": [114, 29], "uv_size": [4, 1]},
								"down": {"uv": [114, 31], "uv_size": [4, -1]}
							}
						},
						{
							"origin": [-1.35, 13.9, -2.1],
							"size": [3, 5, 2],
							"inflate": -0.1,
							"uv": {
								"north": {"uv": [71, 62], "uv_size": [3, 5]},
								"east": {"uv": [91, 107], "uv_size": [2, 5]},
								"south": {"uv": [103, 17], "uv_size": [3, 5]},
								"west": {"uv": [93, 107], "uv_size": [2, 5]},
								"up": {"uv": [109, 101], "uv_size": [3, 2]},
								"down": {"uv": [109, 105], "uv_size": [3, -2]}
							}
						},
						{
							"origin": [-0.85, 15.05, -4.55],
							"size": [2, 4, 1],
							"inflate": -0.1,
							"pivot": [1.15, 15.05, -3.55],
							"rotation": [-21, 0, 0],
							"uv": {
								"north": {"uv": [109, 32], "uv_size": [2, 4]},
								"east": {"uv": [50, 113], "uv_size": [1, 4]},
								"south": {"uv": [109, 39], "uv_size": [2, 4]},
								"west": {"uv": [113, 59], "uv_size": [1, 4]},
								"up": {"uv": [116, 92], "uv_size": [2, 1]},
								"down": {"uv": [97, 117], "uv_size": [2, -1]}
							}
						},
						{
							"origin": [-1.35, 13.9, -9.1],
							"size": [3, 5, 1],
							"inflate": -0.1,
							"uv": {
								"north": {"uv": [0, 104], "uv_size": [3, 5]},
								"east": {"uv": [0, 112], "uv_size": [1, 5]},
								"south": {"uv": [3, 104], "uv_size": [3, 5]},
								"west": {"uv": [1, 112], "uv_size": [1, 5]},
								"up": {"uv": [115, 19], "uv_size": [3, 1]},
								"down": {"uv": [115, 22], "uv_size": [3, -1]}
							}
						},
						{
							"origin": [-1.35, 13.90464, -4.03695],
							"size": [3, 1, 3.1],
							"inflate": -0.085,
							"pivot": [1.65, 13.90464, -1.53695],
							"rotation": [19, 0, 0],
							"uv": {
								"north": {"uv": [115, 78], "uv_size": [3, 1]},
								"east": {"uv": [115, 81], "uv_size": [3, 1]},
								"south": {"uv": [115, 82], "uv_size": [3, 1]},
								"west": {"uv": [115, 93], "uv_size": [3, 1]},
								"up": {"uv": [107, 44], "uv_size": [3, 3]},
								"down": {"uv": [74, 111], "uv_size": [3, -3]}
							}
						},
						{
							"origin": [-1.35, 12.96246, -8.33569],
							"size": [3, 1, 5],
							"inflate": -0.11,
							"pivot": [1.65, 15.36246, -2.73569],
							"rotation": [-10, 0, 0],
							"uv": {
								"north": {"uv": [115, 64], "uv_size": [3, 1]},
								"east": {"uv": [111, 107], "uv_size": [5, 1]},
								"south": {"uv": [115, 77], "uv_size": [3, 1]},
								"west": {"uv": [111, 108], "uv_size": [5, 1]},
								"up": {"uv": [104, 38], "uv_size": [3, 5]},
								"down": {"uv": [104, 48], "uv_size": [3, -5]}
							}
						},
						{
							"origin": [-1.549, 19.17319, 3.12106],
							"size": [3.4, 2, 2],
							"inflate": -0.001,
							"uv": {
								"north": {"uv": [110, 6], "uv_size": [3, 2]},
								"east": {"uv": [113, 3], "uv_size": [2, 2]},
								"south": {"uv": [110, 8], "uv_size": [3, 2]},
								"west": {"uv": [113, 12], "uv_size": [2, 2]},
								"up": {"uv": [110, 12], "uv_size": [3, 2]},
								"down": {"uv": [110, 19], "uv_size": [3, -2]}
							}
						},
						{
							"origin": [-1.649, 19.17319, 3.12106],
							"size": [1, 2, 2],
							"inflate": -0.002,
							"uv": {
								"north": {"uv": [116, 86], "uv_size": [1, 2]},
								"east": {"uv": [113, 17], "uv_size": [2, 2]},
								"south": {"uv": [116, 88], "uv_size": [1, 2]},
								"west": {"uv": [30, 113], "uv_size": [2, 2]},
								"up": {"uv": [116, 90], "uv_size": [1, 2]},
								"down": {"uv": [91, 118], "uv_size": [1, -2]}
							}
						},
						{
							"origin": [-1.625, 20, 4],
							"size": [3.55, 3, 4],
							"uv": {
								"north": {"uv": [105, 48], "uv_size": [4, 3]},
								"east": {"uv": [105, 51], "uv_size": [4, 3]},
								"south": {"uv": [105, 54], "uv_size": [4, 3]},
								"west": {"uv": [105, 57], "uv_size": [4, 3]},
								"up": {"uv": [101, 56], "uv_size": [4, 4]},
								"down": {"uv": [74, 105], "uv_size": [4, -4]}
							}
						},
						{
							"origin": [-1.548, 16.03568, 7.7266],
							"size": [3.4, 3, 1],
							"inflate": -0.002,
							"pivot": [1.653, 19.99763, 9.00347],
							"rotation": [-74, 0, 0],
							"uv": {
								"north": {"uv": [106, 100], "uv_size": [3, 3]},
								"east": {"uv": [30, 115], "uv_size": [1, 3]},
								"south": {"uv": [107, 12], "uv_size": [3, 3]},
								"west": {"uv": [31, 115], "uv_size": [1, 3]},
								"up": {"uv": [115, 44], "uv_size": [3, 1]},
								"down": {"uv": [115, 46], "uv_size": [3, -1]}
							}
						},
						{
							"origin": [-1.65, 17, 6],
							"size": [1, 3, 1],
							"inflate": -0.003,
							"pivot": [-1.65, 20, 7],
							"rotation": [-74, 0, 0],
							"uv": {
								"north": {"uv": [115, 46], "uv_size": [1, 3]},
								"east": {"uv": [48, 115], "uv_size": [1, 3]},
								"south": {"uv": [49, 115], "uv_size": [1, 3]},
								"west": {"uv": [86, 115], "uv_size": [1, 3]},
								"up": {"uv": [118, 68], "uv_size": [1, 1]},
								"down": {"uv": [69, 119], "uv_size": [1, -1]}
							}
						},
						{
							"origin": [-1.647, 20.00237, 2.99653],
							"size": [1, 3, 4],
							"inflate": 0.001,
							"uv": {
								"north": {"uv": [24, 115], "uv_size": [1, 3]},
								"east": {"uv": [60, 105], "uv_size": [4, 3]},
								"south": {"uv": [25, 115], "uv_size": [1, 3]},
								"west": {"uv": [64, 105], "uv_size": [4, 3]},
								"up": {"uv": [113, 6], "uv_size": [1, 4]},
								"down": {"uv": [113, 32], "uv_size": [1, -4]}
							}
						},
						{
							"origin": [-0.5, 23, -18],
							"size": [1, 1, 22],
							"uv": {
								"north": {"uv": [118, 56], "uv_size": [1, 1]},
								"east": {"uv": [91, 85], "uv_size": [22, 1]},
								"south": {"uv": [57, 118], "uv_size": [1, 1]},
								"west": {"uv": [97, 66], "uv_size": [22, 1]},
								"up": {"uv": [30, 91], "uv_size": [1, 22]},
								"down": {"uv": [31, 113], "uv_size": [1, -22]}
							}
						},
						{
							"origin": [0.65, 23.95, -18],
							"size": [1.5, 2, 25],
							"uv": {
								"north": {"uv": [112, 91], "uv_size": [2, 2]},
								"east": {"uv": [78, 0], "uv_size": [25, 2]},
								"south": {"uv": [93, 112], "uv_size": [2, 2]},
								"west": {"uv": [78, 2], "uv_size": [25, 2]},
								"up": {"uv": [24, 69], "uv_size": [2, 25]},
								"down": {"uv": [10, 101], "uv_size": [2, -25]}
							}
						},
						{
							"origin": [0.66757, 23.79719, 7.52105],
							"size": [1, 2, 1.3],
							"pivot": [1.16757, 24.79719, 9.12105],
							"rotation": [0, -22.5, 0],
							"uv": {
								"north": {"uv": [11, 117], "uv_size": [1, 2]},
								"east": {"uv": [15, 117], "uv_size": [1, 2]},
								"south": {"uv": [19, 117], "uv_size": [1, 2]},
								"west": {"uv": [50, 117], "uv_size": [1, 2]},
								"up": {"uv": [119, 27], "uv_size": [1, 1]},
								"down": {"uv": [30, 120], "uv_size": [1, -1]}
							}
						},
						{
							"origin": [-0.05, 24.05, -18],
							"size": [2, 1.4, 25],
							"pivot": [1.95, 23.95, -18],
							"rotation": [0, 0, -90],
							"uv": {
								"north": {"uv": [116, 99], "uv_size": [2, 1]},
								"east": {"uv": [91, 73], "uv_size": [25, 1]},
								"south": {"uv": [116, 100], "uv_size": [2, 1]},
								"west": {"uv": [91, 74], "uv_size": [25, 1]},
								"up": {"uv": [16, 76], "uv_size": [2, 25]},
								"down": {"uv": [58, 101], "uv_size": [2, -25]}
							}
						},
						{
							"origin": [0.7463, 22.79719, 7.61012],
							"size": [1.2, 1, 1.3],
							"pivot": [1.5963, 23.29719, 8.26012],
							"rotation": [0, -22.5, 0],
							"uv": {
								"north": {"uv": [119, 30], "uv_size": [1, 1]},
								"east": {"uv": [31, 119], "uv_size": [1, 1]},
								"south": {"uv": [119, 31], "uv_size": [1, 1]},
								"west": {"uv": [119, 33], "uv_size": [1, 1]},
								"up": {"uv": [34, 119], "uv_size": [1, 1]},
								"down": {"uv": [119, 35], "uv_size": [1, -1]}
							}
						},
						{
							"origin": [-2.325, 23.675, -4.1],
							"size": [1.275, 2.35, 11.1],
							"uv": {
								"north": {"uv": [100, 116], "uv_size": [1, 2]},
								"east": {"uv": [97, 91], "uv_size": [11, 2]},
								"south": {"uv": [116, 101], "uv_size": [1, 2]},
								"west": {"uv": [93, 97], "uv_size": [11, 2]},
								"up": {"uv": [105, 106], "uv_size": [1, 11]},
								"down": {"uv": [106, 117], "uv_size": [1, -11]}
							}
						},
						{
							"origin": [-1.95, 23.9, -7],
							"size": [1, 1.35, 14],
							"pivot": [-1.95, 23.95, -18],
							"rotation": [0, 0, 90],
							"uv": {
								"north": {"uv": [71, 118], "uv_size": [1, 1]},
								"east": {"uv": [103, 22], "uv_size": [14, 1]},
								"south": {"uv": [74, 118], "uv_size": [1, 1]},
								"west": {"uv": [103, 23], "uv_size": [14, 1]},
								"up": {"uv": [6, 104], "uv_size": [1, 14]},
								"down": {"uv": [7, 118], "uv_size": [1, -14]}
							}
						},
						{
							"origin": [-1.95, 23.95, -18],
							"size": [1, 2, 2],
							"pivot": [-1.95, 23.95, -29],
							"rotation": [0, 0, 11],
							"uv": {
								"north": {"uv": [104, 116], "uv_size": [1, 2]},
								"east": {"uv": [113, 81], "uv_size": [2, 2]},
								"south": {"uv": [116, 107], "uv_size": [1, 2]},
								"west": {"uv": [86, 113], "uv_size": [2, 2]},
								"up": {"uv": [108, 116], "uv_size": [1, 2]},
								"down": {"uv": [109, 118], "uv_size": [1, -2]}
							}
						},
						{
							"origin": [-1.95, 23.95, -18],
							"size": [2, 1, 2],
							"pivot": [-1.95, 23.95, -29],
							"rotation": [0, 0, 61.5],
							"uv": {
								"north": {"uv": [116, 103], "uv_size": [2, 1]},
								"east": {"uv": [116, 104], "uv_size": [2, 1]},
								"south": {"uv": [116, 105], "uv_size": [2, 1]},
								"west": {"uv": [116, 106], "uv_size": [2, 1]},
								"up": {"uv": [113, 63], "uv_size": [2, 2]},
								"down": {"uv": [113, 79], "uv_size": [2, -2]}
							}
						},
						{
							"origin": [-1.65, 18, -9],
							"size": [1, 5, 13],
							"inflate": 0.001,
							"uv": {
								"north": {"uv": [51, 111], "uv_size": [1, 5]},
								"east": {"uv": [58, 48], "uv_size": [13, 5]},
								"south": {"uv": [76, 111], "uv_size": [1, 5]},
								"west": {"uv": [58, 53], "uv_size": [13, 5]},
								"up": {"uv": [101, 104], "uv_size": [1, 13]},
								"down": {"uv": [104, 116], "uv_size": [1, -13]}
							}
						},
						{
							"origin": [1.475, 16, -17.975],
							"size": [0.45, 7, 9.225],
							"uv": {
								"north": {"uv": [100, 109], "uv_size": [1, 7]},
								"east": {"uv": [0, 69], "uv_size": [9, 7]},
								"south": {"uv": [108, 109], "uv_size": [1, 7]},
								"west": {"uv": [9, 69], "uv_size": [9, 7]},
								"up": {"uv": [107, 106], "uv_size": [1, 9]},
								"down": {"uv": [108, 37], "uv_size": [1, -9]}
							}
						},
						{
							"origin": [0.775, 14.15, -9.75],
							"size": [1.15, 2, 1],
							"inflate": -0.001,
							"uv": {
								"north": {"uv": [68, 116], "uv_size": [1, 2]},
								"east": {"uv": [69, 116], "uv_size": [1, 2]},
								"south": {"uv": [116, 70], "uv_size": [1, 2]},
								"west": {"uv": [116, 72], "uv_size": [1, 2]},
								"up": {"uv": [118, 58], "uv_size": [1, 1]},
								"down": {"uv": [59, 119], "uv_size": [1, -1]}
							}
						},
						{
							"origin": [1.475, 15.65, -13.75],
							"size": [0.45, 2, 4],
							"inflate": -0.002,
							"pivot": [0.9, 15.65, -13.75],
							"rotation": [-17.5, 0, 0],
							"uv": {
								"north": {"uv": [77, 116], "uv_size": [1, 2]},
								"east": {"uv": [108, 37], "uv_size": [4, 2]},
								"south": {"uv": [78, 116], "uv_size": [1, 2]},
								"west": {"uv": [108, 91], "uv_size": [4, 2]},
								"up": {"uv": [12, 112], "uv_size": [1, 4]},
								"down": {"uv": [81, 116], "uv_size": [1, -4]}
							}
						},
						{
							"origin": [-1.925, 15.65, -13.75],
							"size": [0.55, 2, 4],
							"inflate": -0.002,
							"pivot": [-0.9, 15.65, -13.75],
							"rotation": [-17.5, 0, 0],
							"uv": {
								"north": {"uv": [79, 116], "uv_size": [1, 2]},
								"east": {"uv": [109, 3], "uv_size": [4, 2]},
								"south": {"uv": [81, 116], "uv_size": [1, 2]},
								"west": {"uv": [13, 109], "uv_size": [4, 2]},
								"up": {"uv": [91, 112], "uv_size": [1, 4]},
								"down": {"uv": [92, 116], "uv_size": [1, -4]}
							}
						},
						{
							"origin": [-1.925, 14.15, -9.75],
							"size": [1.15, 2, 1],
							"inflate": -0.001,
							"uv": {
								"north": {"uv": [74, 116], "uv_size": [1, 2]},
								"east": {"uv": [116, 74], "uv_size": [1, 2]},
								"south": {"uv": [75, 116], "uv_size": [1, 2]},
								"west": {"uv": [76, 116], "uv_size": [1, 2]},
								"up": {"uv": [60, 118], "uv_size": [1, 1]},
								"down": {"uv": [61, 119], "uv_size": [1, -1]}
							}
						},
						{
							"origin": [-1.925, 16, -17.975],
							"size": [0.55, 7, 9.225],
							"uv": {
								"north": {"uv": [109, 109], "uv_size": [1, 7]},
								"east": {"uv": [71, 48], "uv_size": [9, 7]},
								"south": {"uv": [8, 110], "uv_size": [1, 7]},
								"west": {"uv": [71, 55], "uv_size": [9, 7]},
								"up": {"uv": [62, 108], "uv_size": [1, 9]},
								"down": {"uv": [63, 117], "uv_size": [1, -9]}
							}
						},
						{
							"origin": [-1.5, 16, -17.975],
							"size": [3, 8, 1.225],
							"inflate": 0.002,
							"uv": {
								"north": {"uv": [60, 92], "uv_size": [3, 8]},
								"east": {"uv": [66, 108], "uv_size": [1, 8]},
								"south": {"uv": [63, 92], "uv_size": [3, 8]},
								"west": {"uv": [67, 108], "uv_size": [1, 8]},
								"up": {"uv": [71, 67], "uv_size": [3, 1]},
								"down": {"uv": [114, 115], "uv_size": [3, -1]}
							}
						},
						{
							"origin": [1.4, 16, -18.6],
							"size": [1, 1, 9.6],
							"pivot": [2.15, 16, -18],
							"rotation": [-13, 0, 0],
							"uv": {
								"north": {"uv": [87, 118], "uv_size": [1, 1]},
								"east": {"uv": [107, 5], "uv_size": [9, 1]},
								"south": {"uv": [118, 87], "uv_size": [1, 1]},
								"west": {"uv": [107, 15], "uv_size": [9, 1]},
								"up": {"uv": [64, 108], "uv_size": [1, 9]},
								"down": {"uv": [65, 117], "uv_size": [1, -9]}
							}
						},
						{
							"origin": [-2.4, 16, -18.6],
							"size": [1, 1, 9.6],
							"pivot": [-2.15, 16, -18],
							"rotation": [-13, 0, 0],
							"uv": {
								"north": {"uv": [118, 55], "uv_size": [1, 1]},
								"east": {"uv": [106, 21], "uv_size": [9, 1]},
								"south": {"uv": [56, 118], "uv_size": [1, 1]},
								"west": {"uv": [106, 99], "uv_size": [9, 1]},
								"up": {"uv": [60, 108], "uv_size": [1, 9]},
								"down": {"uv": [61, 117], "uv_size": [1, -9]}
							}
						},
						{
							"origin": [-1.8, 16, -18.6],
							"size": [3.6, 1, 1.9],
							"inflate": 0.001,
							"pivot": [0.35, 16, -18],
							"rotation": [-13, 0, 0],
							"uv": {
								"north": {"uv": [112, 2], "uv_size": [4, 1]},
								"east": {"uv": [62, 118], "uv_size": [1, 1]},
								"south": {"uv": [112, 101], "uv_size": [4, 1]},
								"west": {"uv": [118, 62], "uv_size": [1, 1]},
								"up": {"uv": [112, 102], "uv_size": [4, 1]},
								"down": {"uv": [112, 104], "uv_size": [4, -1]}
							}
						},
						{
							"origin": [-2.4, 16, -9.4],
							"size": [3.6, 1, 1],
							"inflate": 0.001,
							"pivot": [0.35, 16, -18],
							"rotation": [-13, 0, 0],
							"uv": {
								"north": {"uv": [112, 104], "uv_size": [4, 1]},
								"east": {"uv": [63, 118], "uv_size": [1, 1]},
								"south": {"uv": [112, 109], "uv_size": [4, 1]},
								"west": {"uv": [118, 63], "uv_size": [1, 1]},
								"up": {"uv": [110, 112], "uv_size": [4, 1]},
								"down": {"uv": [112, 111], "uv_size": [4, -1]}
							}
						},
						{
							"origin": [-0.2, 16, -9.4],
							"size": [2.6, 1, 1],
							"inflate": 0.002,
							"pivot": [-0.35, 16, -18],
							"rotation": [-13, 0, 0],
							"uv": {
								"north": {"uv": [115, 49], "uv_size": [3, 1]},
								"east": {"uv": [86, 118], "uv_size": [1, 1]},
								"south": {"uv": [115, 50], "uv_size": [3, 1]},
								"west": {"uv": [118, 86], "uv_size": [1, 1]},
								"up": {"uv": [115, 55], "uv_size": [3, 1]},
								"down": {"uv": [115, 57], "uv_size": [3, -1]}
							}
						},
						{
							"origin": [-1.3, 27.05, -18.15],
							"size": [2.6, 1, 25],
							"inflate": -0.2,
							"uv": {
								"north": {"uv": [115, 17], "uv_size": [3, 1]},
								"east": {"uv": [91, 71], "uv_size": [25, 1]},
								"south": {"uv": [115, 18], "uv_size": [3, 1]},
								"west": {"uv": [91, 72], "uv_size": [25, 1]},
								"up": {"uv": [36, 56], "uv_size": [3, 25]},
								"down": {"uv": [39, 81], "uv_size": [3, -25]}
							}
						},
						{
							"origin": [-1, 23.3, -78.05],
							"size": [2, 2, 60],
							"inflate": -0.3,
							"pivot": [0, 24.3, -67.05],
							"rotation": [0, 0, -20],
							"uv": {
								"north": {"uv": [113, 49], "uv_size": [2, 2]},
								"east": {"uv": [54, 24], "uv_size": [60, 2]},
								"south": {"uv": [113, 55], "uv_size": [2, 2]},
								"west": {"uv": [54, 26], "uv_size": [60, 2]},
								"up": {"uv": [54, 28], "uv_size": [2, 60]},
								"down": {"uv": [56, 88], "uv_size": [2, -60]}
							}
						},
						{
							"origin": [1.35, 23.05, -64.15],
							"size": [1.325, 2, 46.1],
							"uv": {
								"north": {"uv": [82, 116], "uv_size": [1, 2]},
								"east": {"uv": [58, 28], "uv_size": [46, 2]},
								"south": {"uv": [83, 116], "uv_size": [1, 2]},
								"west": {"uv": [58, 30], "uv_size": [46, 2]},
								"up": {"uv": [72, 76], "uv_size": [1, 46]},
								"down": {"uv": [73, 122], "uv_size": [1, -46]}
							}
						},
						{
							"origin": [1.43273, 23.92645, -64.19822],
							"size": [0.7, 2.2, 3.3],
							"pivot": [1.93273, 25.07645, -63.49822],
							"rotation": [27.29187, 15.95673, -28.81199],
							"uv": {
								"north": {"uv": [94, 116], "uv_size": [1, 2]},
								"east": {"uv": [110, 44], "uv_size": [3, 2]},
								"south": {"uv": [96, 116], "uv_size": [1, 2]},
								"west": {"uv": [110, 93], "uv_size": [3, 2]},
								"up": {"uv": [115, 88], "uv_size": [1, 3]},
								"down": {"uv": [89, 118], "uv_size": [1, -3]}
							}
						},
						{
							"origin": [-2.35, 24.95, -61.85],
							"size": [1, 2.8, 43.8],
							"pivot": [-2.35, 25.55, -41.15],
							"rotation": [0, 0, 37],
							"uv": {
								"north": {"uv": [115, 97], "uv_size": [1, 3]},
								"east": {"uv": [38, 12], "uv_size": [44, 3]},
								"south": {"uv": [107, 115], "uv_size": [1, 3]},
								"west": {"uv": [38, 15], "uv_size": [44, 3]},
								"up": {"uv": [39, 81], "uv_size": [1, 44]},
								"down": {"uv": [40, 125], "uv_size": [1, -44]}
							}
						},
						{
							"origin": [-2.13273, 23.92645, -64.19822],
							"size": [0.7, 2.2, 3.3],
							"pivot": [-1.93273, 25.07645, -63.49822],
							"rotation": [27.29187, -15.95673, 28.81199],
							"uv": {
								"north": {"uv": [118, 53], "uv_size": [1, 2]},
								"east": {"uv": [111, 68], "uv_size": [3, 2]},
								"south": {"uv": [55, 118], "uv_size": [1, 2]},
								"west": {"uv": [111, 105], "uv_size": [3, 2]},
								"up": {"uv": [116, 52], "uv_size": [1, 3]},
								"down": {"uv": [116, 62], "uv_size": [1, -3]}
							}
						},
						{
							"origin": [-2.91, 20.07906, -64.05],
							"size": [1, 2.6, 46],
							"inflate": -0.002,
							"pivot": [-3.18786, 22.9668, -47.15],
							"rotation": [0, 0, -46],
							"uv": {
								"north": {"uv": [80, 114], "uv_size": [1, 3]},
								"east": {"uv": [32, 0], "uv_size": [46, 3]},
								"south": {"uv": [115, 12], "uv_size": [1, 3]},
								"west": {"uv": [32, 3], "uv_size": [46, 3]},
								"up": {"uv": [26, 80], "uv_size": [1, 46]},
								"down": {"uv": [27, 126], "uv_size": [1, -46]}
							}
						},
						{
							"origin": [1.83181, 20.10959, -64.05],
							"size": [0.9, 2.6, 46],
							"inflate": -0.002,
							"pivot": [3.10967, 22.89733, -47.15],
							"rotation": [0, 0, 46],
							"uv": {
								"north": {"uv": [87, 115], "uv_size": [1, 3]},
								"east": {"uv": [32, 6], "uv_size": [46, 3]},
								"south": {"uv": [88, 115], "uv_size": [1, 3]},
								"west": {"uv": [32, 9], "uv_size": [46, 3]},
								"up": {"uv": [28, 80], "uv_size": [1, 46]},
								"down": {"uv": [29, 126], "uv_size": [1, -46]}
							}
						},
						{
							"origin": [-2.7, 23.05, -64.15],
							"size": [1.35, 2, 46.1],
							"uv": {
								"north": {"uv": [84, 116], "uv_size": [1, 2]},
								"east": {"uv": [58, 32], "uv_size": [46, 2]},
								"south": {"uv": [85, 116], "uv_size": [1, 2]},
								"west": {"uv": [58, 34], "uv_size": [46, 2]},
								"up": {"uv": [78, 68], "uv_size": [1, 46]},
								"down": {"uv": [79, 114], "uv_size": [1, -46]}
							}
						},
						{
							"origin": [0, 24.5, 12.15],
							"size": [2, 2, 21],
							"pivot": [0, 26.5, 12.15],
							"rotation": [0, 0, 22],
							"uv": {
								"north": {"uv": [112, 0], "uv_size": [2, 2]},
								"east": {"uv": [80, 48], "uv_size": [21, 2]},
								"south": {"uv": [112, 37], "uv_size": [2, 2]},
								"west": {"uv": [80, 50], "uv_size": [21, 2]},
								"up": {"uv": [20, 82], "uv_size": [2, 21]},
								"down": {"uv": [22, 103], "uv_size": [2, -21]}
							}
						},
						{
							"origin": [1.85, 23.75, 12.15],
							"size": [2, 2, 21],
							"inflate": 0.001,
							"pivot": [1.85, 25.75, 12.15],
							"rotation": [0, 0, 85],
							"uv": {
								"north": {"uv": [113, 47], "uv_size": [2, 2]},
								"east": {"uv": [80, 52], "uv_size": [21, 2]},
								"south": {"uv": [48, 113], "uv_size": [2, 2]},
								"west": {"uv": [80, 54], "uv_size": [21, 2]},
								"up": {"uv": [82, 68], "uv_size": [2, 21]},
								"down": {"uv": [84, 89], "uv_size": [2, -21]}
							}
						},
						{
							"origin": [2.02, 21.75, 12.15],
							"size": [1, 2, 21],
							"pivot": [2.02, 23.75, 12.15],
							"rotation": [0, 0, 94],
							"uv": {
								"north": {"uv": [116, 97], "uv_size": [1, 2]},
								"east": {"uv": [80, 60], "uv_size": [21, 2]},
								"south": {"uv": [99, 116], "uv_size": [1, 2]},
								"west": {"uv": [82, 12], "uv_size": [21, 2]},
								"up": {"uv": [18, 96], "uv_size": [1, 21]},
								"down": {"uv": [19, 117], "uv_size": [1, -21]}
							}
						},
						{
							"origin": [-3.02, 21.75, 12.15],
							"size": [1, 2, 21],
							"pivot": [-2.02, 23.75, 12.15],
							"rotation": [0, 0, -94],
							"uv": {
								"north": {"uv": [92, 116], "uv_size": [1, 2]},
								"east": {"uv": [80, 56], "uv_size": [21, 2]},
								"south": {"uv": [93, 116], "uv_size": [1, 2]},
								"west": {"uv": [80, 58], "uv_size": [21, 2]},
								"up": {"uv": [24, 94], "uv_size": [1, 21]},
								"down": {"uv": [25, 115], "uv_size": [1, -21]}
							}
						},
						{
							"origin": [-1.9, 15.25, 31],
							"size": [3.8, 8, 2.1],
							"uv": {
								"north": {"uv": [54, 88], "uv_size": [4, 8]},
								"east": {"uv": [86, 101], "uv_size": [2, 8]},
								"south": {"uv": [74, 88], "uv_size": [4, 8]},
								"west": {"uv": [88, 101], "uv_size": [2, 8]},
								"up": {"uv": [109, 28], "uv_size": [4, 2]},
								"down": {"uv": [109, 32], "uv_size": [4, -2]}
							}
						},
						{
							"origin": [-1.9, 9.35, 28.7],
							"size": [3.8, 5.9, 4.3],
							"inflate": 0.025,
							"pivot": [0.5, 16.25, 32],
							"rotation": [-90, 0, 0],
							"uv": {
								"north": {"uv": [93, 62], "uv_size": [4, 6]},
								"east": {"uv": [93, 91], "uv_size": [4, 6]},
								"south": {"uv": [94, 77], "uv_size": [4, 6]},
								"west": {"uv": [0, 96], "uv_size": [4, 6]},
								"up": {"uv": [103, 0], "uv_size": [4, 4]},
								"down": {"uv": [103, 16], "uv_size": [4, -4]}
							}
						},
						{
							"origin": [-1.9, 19.9842, 28.74702],
							"size": [3.8, 13, 2.8],
							"inflate": 0.025,
							"pivot": [0.5, 17.7842, 27.24702],
							"rotation": [87.5, 0, 0],
							"uv": {
								"north": {"uv": [74, 62], "uv_size": [4, 13]},
								"east": {"uv": [86, 62], "uv_size": [3, 13]},
								"south": {"uv": [74, 75], "uv_size": [4, 13]},
								"west": {"uv": [86, 75], "uv_size": [3, 13]},
								"up": {"uv": [106, 17], "uv_size": [4, 3]},
								"down": {"uv": [42, 109], "uv_size": [4, -3]}
							}
						},
						{
							"origin": [-1.9, 20.18515, 29.2503],
							"size": [3.8, 3, 2],
							"inflate": 0.025,
							"uv": {
								"north": {"uv": [46, 106], "uv_size": [4, 3]},
								"east": {"uv": [111, 55], "uv_size": [2, 3]},
								"south": {"uv": [50, 106], "uv_size": [4, 3]},
								"west": {"uv": [68, 111], "uv_size": [2, 3]},
								"up": {"uv": [109, 63], "uv_size": [4, 2]},
								"down": {"uv": [96, 111], "uv_size": [4, -2]}
							}
						},
						{
							"origin": [-1.9, 12.04273, 18.59558],
							"size": [3.8, 5.6, 7.75],
							"pivot": [0.5, 16.64273, 25.34558],
							"rotation": [-145, 0, 0],
							"uv": {
								"north": {"uv": [4, 96], "uv_size": [4, 6]},
								"east": {"uv": [78, 4], "uv_size": [8, 6]},
								"south": {"uv": [54, 96], "uv_size": [4, 6]},
								"west": {"uv": [78, 62], "uv_size": [8, 6]},
								"up": {"uv": [86, 88], "uv_size": [4, 8]},
								"down": {"uv": [89, 70], "uv_size": [4, -8]}
							}
						},
						{
							"origin": [-1.84976, 14.05244, 19.25],
							"size": [3.8, 16.2, 1.4],
							"pivot": [0.55024, 22.25244, 20.35],
							"rotation": [-90, 0, 0],
							"uv": {
								"north": {"uv": [50, 56], "uv_size": [4, 16]},
								"east": {"uv": [20, 103], "uv_size": [1, 16]},
								"south": {"uv": [26, 64], "uv_size": [4, 16]},
								"west": {"uv": [21, 103], "uv_size": [1, 16]},
								"up": {"uv": [114, 69], "uv_size": [4, 1]},
								"down": {"uv": [114, 81], "uv_size": [4, -1]}
							}
						},
						{
							"origin": [-0.7, 23.65, 6],
							"size": [2, 2, 6],
							"inflate": 0.2,
							"pivot": [-0.7, 25.65, 8],
							"rotation": [0, 0, 16],
							"uv": {
								"north": {"uv": [113, 39], "uv_size": [2, 2]},
								"east": {"uv": [104, 97], "uv_size": [6, 2]},
								"south": {"uv": [113, 44], "uv_size": [2, 2]},
								"west": {"uv": [105, 68], "uv_size": [6, 2]},
								"up": {"uv": [68, 105], "uv_size": [2, 6]},
								"down": {"uv": [70, 111], "uv_size": [2, -6]}
							}
						},
						{
							"origin": [-1, 26.25, -45.15],
							"size": [2, 1, 27.1],
							"inflate": 0.002,
							"uv": {
								"north": {"uv": [116, 76], "uv_size": [2, 1]},
								"east": {"uv": [89, 86], "uv_size": [27, 1]},
								"south": {"uv": [116, 84], "uv_size": [2, 1]},
								"west": {"uv": [89, 87], "uv_size": [27, 1]},
								"up": {"uv": [30, 64], "uv_size": [2, 27]},
								"down": {"uv": [18, 96], "uv_size": [2, -27]}
							}
						},
						{
							"origin": [-0.91563, 21.34051, -64.046],
							"size": [1.825, 1.325, 45.9],
							"inflate": 0.027,
							"uv": {
								"north": {"uv": [88, 113], "uv_size": [2, 2]},
								"east": {"uv": [58, 36], "uv_size": [46, 2]},
								"south": {"uv": [113, 93], "uv_size": [2, 2]},
								"west": {"uv": [58, 38], "uv_size": [46, 2]},
								"up": {"uv": [32, 56], "uv_size": [2, 46]},
								"down": {"uv": [34, 102], "uv_size": [2, -46]}
							}
						},
						{
							"origin": [-1, 25.55, 2],
							"size": [2, 1, 5],
							"inflate": -0.001,
							"uv": {
								"north": {"uv": [116, 62], "uv_size": [2, 1]},
								"east": {"uv": [110, 14], "uv_size": [5, 1]},
								"south": {"uv": [116, 65], "uv_size": [2, 1]},
								"west": {"uv": [110, 19], "uv_size": [5, 1]},
								"up": {"uv": [107, 0], "uv_size": [2, 5]},
								"down": {"uv": [107, 44], "uv_size": [2, -5]}
							}
						},
						{
							"origin": [-1, 25.9, -18],
							"size": [2, 1.4, 25],
							"inflate": -0.002,
							"uv": {
								"north": {"uv": [107, 47], "uv_size": [2, 1]},
								"east": {"uv": [90, 88], "uv_size": [25, 1]},
								"south": {"uv": [109, 105], "uv_size": [2, 1]},
								"west": {"uv": [90, 89], "uv_size": [25, 1]},
								"up": {"uv": [12, 76], "uv_size": [2, 25]},
								"down": {"uv": [14, 101], "uv_size": [2, -25]}
							}
						},
						{
							"origin": [-1.5, 22.925, 6.7],
							"size": [3, 2.975, 5.4],
							"inflate": -0.002,
							"uv": {
								"north": {"uv": [108, 77], "uv_size": [3, 3]},
								"east": {"uv": [103, 77], "uv_size": [5, 3]},
								"south": {"uv": [108, 106], "uv_size": [3, 3]},
								"west": {"uv": [90, 104], "uv_size": [5, 3]},
								"up": {"uv": [95, 104], "uv_size": [3, 5]},
								"down": {"uv": [98, 109], "uv_size": [3, -5]}
							}
						},
						{
							"origin": [-1.1, 25.0159, 6.05155],
							"size": [2.2, 1.6, 2.6],
							"inflate": -0.002,
							"pivot": [0, 25.8159, 7.35155],
							"rotation": [-45, 0, 0],
							"uv": {
								"north": {"uv": [114, 24], "uv_size": [2, 2]},
								"east": {"uv": [110, 97], "uv_size": [3, 2]},
								"south": {"uv": [114, 26], "uv_size": [2, 2]},
								"west": {"uv": [111, 32], "uv_size": [3, 2]},
								"up": {"uv": [15, 111], "uv_size": [2, 3]},
								"down": {"uv": [111, 42], "uv_size": [2, -3]}
							}
						},
						{
							"origin": [-1.098, 26.91643, 6.26213],
							"size": [2.2, 0.6, 1.2],
							"inflate": -0.002,
							"pivot": [0.002, 27.21643, 6.86213],
							"rotation": [-45, 0, 0],
							"uv": {
								"north": {"uv": [117, 41], "uv_size": [2, 1]},
								"east": {"uv": [119, 25], "uv_size": [1, 1]},
								"south": {"uv": [42, 117], "uv_size": [2, 1]},
								"west": {"uv": [119, 26], "uv_size": [1, 1]},
								"up": {"uv": [52, 117], "uv_size": [2, 1]},
								"down": {"uv": [117, 53], "uv_size": [2, -1]}
							}
						},
						{
							"origin": [0.21837, 25.2472, -61.45],
							"size": [1.75, 1.75, 16],
							"pivot": [-0.48163, 23.1972, -73.45],
							"rotation": [0, 0, -20],
							"uv": {
								"north": {"uv": [96, 114], "uv_size": [2, 2]},
								"east": {"uv": [86, 6], "uv_size": [16, 2]},
								"south": {"uv": [98, 114], "uv_size": [2, 2]},
								"west": {"uv": [86, 8], "uv_size": [16, 2]},
								"up": {"uv": [8, 86], "uv_size": [2, 16]},
								"down": {"uv": [89, 86], "uv_size": [2, -16]}
							}
						},
						{
							"origin": [-0.20188, 26.60798, -61.475],
							"size": [1.15, 0.95, 16],
							"pivot": [0.37312, 27.08298, -50.05],
							"rotation": [0, 0, -52.5],
							"uv": {
								"north": {"uv": [112, 120], "uv_size": [1, 1]},
								"east": {"uv": [102, 96], "uv_size": [16, 1]},
								"south": {"uv": [120, 112], "uv_size": [1, 1]},
								"west": {"uv": [103, 16], "uv_size": [16, 1]},
								"up": {"uv": [102, 103], "uv_size": [1, 16]},
								"down": {"uv": [103, 119], "uv_size": [1, -16]}
							}
						},
						{
							"origin": [-1.0647, 26.87717, -61.474],
							"size": [0.55, 0.55, 16],
							"pivot": [-0.7897, 27.15217, -50.299],
							"rotation": [0, 0, 25],
							"uv": {
								"north": {"uv": [111, 120], "uv_size": [1, 1]},
								"east": {"uv": [97, 67], "uv_size": [16, 1]},
								"south": {"uv": [120, 111], "uv_size": [1, 1]},
								"west": {"uv": [102, 95], "uv_size": [16, 1]},
								"up": {"uv": [22, 103], "uv_size": [1, 16]},
								"down": {"uv": [23, 119], "uv_size": [1, -16]}
							}
						},
						{
							"origin": [0.06837, 22.8472, -84.25],
							"size": [1.9, 1.9, 7.8],
							"pivot": [-0.78163, 21.0972, -84.85],
							"rotation": [0, 0, -20],
							"uv": {
								"north": {"uv": [113, 97], "uv_size": [2, 2]},
								"east": {"uv": [0, 102], "uv_size": [8, 2]},
								"south": {"uv": [110, 113], "uv_size": [2, 2]},
								"west": {"uv": [102, 6], "uv_size": [8, 2]},
								"up": {"uv": [8, 102], "uv_size": [2, 8]},
								"down": {"uv": [32, 110], "uv_size": [2, -8]}
							}
						},
						{
							"origin": [0.24337, 22.9472, -65.75],
							"size": [1.7, 1.7, 0.8],
							"pivot": [-0.78163, 21.0972, -68.85],
							"rotation": [0, 0, -20],
							"uv": {
								"north": {"uv": [13, 114], "uv_size": [2, 2]},
								"east": {"uv": [5, 117], "uv_size": [1, 2]},
								"south": {"uv": [15, 114], "uv_size": [2, 2]},
								"west": {"uv": [10, 117], "uv_size": [1, 2]},
								"up": {"uv": [13, 117], "uv_size": [2, 1]},
								"down": {"uv": [17, 118], "uv_size": [2, -1]}
							}
						},
						{
							"origin": [-0.15, 23.55, -51.35],
							"size": [1, 2.2, 8.2],
							"pivot": [-0.25, 23.65, -49.15],
							"rotation": [0, 0, 76],
							"uv": {
								"north": {"uv": [95, 117], "uv_size": [1, 2]},
								"east": {"uv": [102, 8], "uv_size": [8, 2]},
								"south": {"uv": [97, 117], "uv_size": [1, 2]},
								"west": {"uv": [102, 93], "uv_size": [8, 2]},
								"up": {"uv": [53, 109], "uv_size": [1, 8]},
								"down": {"uv": [95, 117], "uv_size": [1, -8]}
							}
						},
						{
							"origin": [-1.852, 16.03568, 7.7266],
							"size": [3.4, 3, 1],
							"inflate": -0.002,
							"pivot": [-1.653, 19.99763, 9.00347],
							"rotation": [-74, 0, 0],
							"uv": {
								"north": {"uv": [0, 109], "uv_size": [3, 3]},
								"east": {"uv": [113, 115], "uv_size": [1, 3]},
								"south": {"uv": [109, 0], "uv_size": [3, 3]},
								"west": {"uv": [114, 115], "uv_size": [1, 3]},
								"up": {"uv": [115, 115], "uv_size": [3, 1]},
								"down": {"uv": [116, 1], "uv_size": [3, -1]}
							}
						},
						{
							"origin": [-1.925, 20, 4],
							"size": [3.55, 3, 4],
							"uv": {
								"north": {"uv": [74, 105], "uv_size": [4, 3]},
								"east": {"uv": [105, 103], "uv_size": [4, 3]},
								"south": {"uv": [10, 106], "uv_size": [4, 3]},
								"west": {"uv": [14, 106], "uv_size": [4, 3]},
								"up": {"uv": [54, 102], "uv_size": [4, 4]},
								"down": {"uv": [102, 103], "uv_size": [4, -4]}
							}
						},
						{
							"origin": [-1.851, 19.17319, 3.12106],
							"size": [3.4, 2, 2],
							"inflate": -0.001,
							"uv": {
								"north": {"uv": [111, 34], "uv_size": [3, 2]},
								"east": {"uv": [46, 114], "uv_size": [2, 2]},
								"south": {"uv": [48, 111], "uv_size": [3, 2]},
								"west": {"uv": [114, 51], "uv_size": [2, 2]},
								"up": {"uv": [111, 51], "uv_size": [3, 2]},
								"down": {"uv": [111, 55], "uv_size": [3, -2]}
							}
						},
						{
							"origin": [-1.90057, 24.025, 6.55758],
							"size": [1.725, 2, 1.3],
							"pivot": [-0.67557, 25.025, 8.15758],
							"rotation": [0, 17.5, 0],
							"uv": {
								"north": {"uv": [74, 114], "uv_size": [2, 2]},
								"east": {"uv": [117, 107], "uv_size": [1, 2]},
								"south": {"uv": [78, 114], "uv_size": [2, 2]},
								"west": {"uv": [110, 117], "uv_size": [1, 2]},
								"up": {"uv": [117, 102], "uv_size": [2, 1]},
								"down": {"uv": [117, 111], "uv_size": [2, -1]}
							}
						},
						{
							"origin": [-2.17557, 21.125, 7.35758],
							"size": [1, 5, 1],
							"pivot": [-1.67557, 22.125, 8.95758],
							"rotation": [0, 50, 0],
							"uv": {
								"north": {"uv": [4, 112], "uv_size": [1, 5]},
								"east": {"uv": [5, 112], "uv_size": [1, 5]},
								"south": {"uv": [10, 112], "uv_size": [1, 5]},
								"west": {"uv": [11, 112], "uv_size": [1, 5]},
								"up": {"uv": [116, 120], "uv_size": [1, 1]},
								"down": {"uv": [120, 117], "uv_size": [1, -1]}
							}
						},
						{
							"origin": [0.17557, 24.025, 6.55758],
							"size": [1.725, 2, 1.3],
							"pivot": [0.67557, 25.025, 8.15758],
							"rotation": [0, -17.5, 0],
							"uv": {
								"north": {"uv": [82, 114], "uv_size": [2, 2]},
								"east": {"uv": [1, 118], "uv_size": [1, 2]},
								"south": {"uv": [84, 114], "uv_size": [2, 2]},
								"west": {"uv": [2, 118], "uv_size": [1, 2]},
								"up": {"uv": [3, 118], "uv_size": [2, 1]},
								"down": {"uv": [118, 4], "uv_size": [2, -1]}
							}
						},
						{
							"origin": [-1.66757, 23.79719, 7.52105],
							"size": [1, 2, 1.3],
							"pivot": [-1.16757, 24.79719, 9.12105],
							"rotation": [0, 22.5, 0],
							"uv": {
								"north": {"uv": [111, 117], "uv_size": [1, 2]},
								"east": {"uv": [117, 111], "uv_size": [1, 2]},
								"south": {"uv": [117, 113], "uv_size": [1, 2]},
								"west": {"uv": [117, 116], "uv_size": [1, 2]},
								"up": {"uv": [119, 105], "uv_size": [1, 1]},
								"down": {"uv": [106, 120], "uv_size": [1, -1]}
							}
						},
						{
							"origin": [-1.9463, 22.79719, 7.61012],
							"size": [1.2, 1, 1.3],
							"pivot": [-1.5963, 23.29719, 8.26012],
							"rotation": [0, 22.5, 0],
							"uv": {
								"north": {"uv": [119, 106], "uv_size": [1, 1]},
								"east": {"uv": [107, 119], "uv_size": [1, 1]},
								"south": {"uv": [119, 107], "uv_size": [1, 1]},
								"west": {"uv": [108, 119], "uv_size": [1, 1]},
								"up": {"uv": [119, 108], "uv_size": [1, 1]},
								"down": {"uv": [109, 120], "uv_size": [1, -1]}
							}
						},
						{
							"origin": [0.78419, 22.84565, 6.97486],
							"size": [1.2, 1.775, 1.3],
							"uv": {
								"north": {"uv": [6, 118], "uv_size": [1, 2]},
								"east": {"uv": [7, 118], "uv_size": [1, 2]},
								"south": {"uv": [8, 118], "uv_size": [1, 2]},
								"west": {"uv": [9, 118], "uv_size": [1, 2]},
								"up": {"uv": [119, 109], "uv_size": [1, 1]},
								"down": {"uv": [110, 120], "uv_size": [1, -1]}
							}
						},
						{
							"origin": [-1.98419, 22.84565, 6.97486],
							"size": [1.2, 1.775, 1.3],
							"uv": {
								"north": {"uv": [13, 118], "uv_size": [1, 2]},
								"east": {"uv": [14, 118], "uv_size": [1, 2]},
								"south": {"uv": [17, 118], "uv_size": [1, 2]},
								"west": {"uv": [118, 17], "uv_size": [1, 2]},
								"up": {"uv": [119, 110], "uv_size": [1, 1]},
								"down": {"uv": [111, 120], "uv_size": [1, -1]}
							}
						},
						{
							"origin": [-0.85, 23.55, -51.35],
							"size": [1, 2.2, 8.2],
							"pivot": [0.25, 23.65, -49.15],
							"rotation": [0, 0, -76],
							"uv": {
								"north": {"uv": [116, 112], "uv_size": [1, 2]},
								"east": {"uv": [98, 81], "uv_size": [8, 2]},
								"south": {"uv": [115, 116], "uv_size": [1, 2]},
								"west": {"uv": [101, 60], "uv_size": [8, 2]},
								"up": {"uv": [42, 109], "uv_size": [1, 8]},
								"down": {"uv": [43, 117], "uv_size": [1, -8]}
							}
						},
						{
							"origin": [-1.625, 18, -9],
							"size": [3.55, 5, 13],
							"uv": {
								"north": {"uv": [98, 99], "uv_size": [4, 5]},
								"east": {"uv": [58, 58], "uv_size": [13, 5]},
								"south": {"uv": [60, 100], "uv_size": [4, 5]},
								"west": {"uv": [58, 63], "uv_size": [13, 5]},
								"up": {"uv": [20, 69], "uv_size": [4, 13]},
								"down": {"uv": [42, 85], "uv_size": [4, -13]}
							}
						},
						{
							"origin": [0.451, 22.18337, -9.03847],
							"size": [2.6, 1.2, 0.8],
							"inflate": -0.001,
							"pivot": [1.751, 22.78337, -8.63847],
							"rotation": [0, 90, 90],
							"uv": {
								"north": {"uv": [116, 8], "uv_size": [3, 1]},
								"east": {"uv": [88, 120], "uv_size": [1, 1]},
								"south": {"uv": [116, 9], "uv_size": [3, 1]},
								"west": {"uv": [120, 88], "uv_size": [1, 1]},
								"up": {"uv": [116, 12], "uv_size": [3, 1]},
								"down": {"uv": [13, 117], "uv_size": [3, -1]}
							}
						},
						{
							"origin": [1.851, 21.08337, -7.63847],
							"size": [1, 1, 1],
							"inflate": -0.001,
							"pivot": [2.101, 21.83337, -6.88847],
							"rotation": [0, -45, 90],
							"uv": {
								"north": {"uv": [89, 120], "uv_size": [1, 1]},
								"east": {"uv": [120, 89], "uv_size": [1, 1]},
								"south": {"uv": [90, 120], "uv_size": [1, 1]},
								"west": {"uv": [120, 90], "uv_size": [1, 1]},
								"up": {"uv": [91, 120], "uv_size": [1, 1]},
								"down": {"uv": [120, 92], "uv_size": [1, -1]}
							}
						},
						{
							"origin": [1.551, 20.01768, -2.03847],
							"size": [0.7, 0.7, 0.7],
							"inflate": -0.001,
							"pivot": [1.901, 20.36768, -1.68847],
							"rotation": [0, -45, 90],
							"uv": {
								"north": {"uv": [92, 120], "uv_size": [1, 1]},
								"east": {"uv": [120, 92], "uv_size": [1, 1]},
								"south": {"uv": [93, 120], "uv_size": [1, 1]},
								"west": {"uv": [120, 93], "uv_size": [1, 1]},
								"up": {"uv": [94, 120], "uv_size": [1, 1]},
								"down": {"uv": [120, 95], "uv_size": [1, -1]}
							}
						},
						{
							"origin": [0.851, 19.78337, 0.26153],
							"size": [1.5, 1.5, 1.5],
							"inflate": -0.001,
							"pivot": [1.601, 20.53337, 1.01153],
							"rotation": [0, -45, 90],
							"uv": {
								"north": {"uv": [95, 120], "uv_size": [1, 1]},
								"east": {"uv": [120, 95], "uv_size": [1, 1]},
								"south": {"uv": [96, 120], "uv_size": [1, 1]},
								"west": {"uv": [120, 96], "uv_size": [1, 1]},
								"up": {"uv": [97, 120], "uv_size": [1, 1]},
								"down": {"uv": [120, 98], "uv_size": [1, -1]}
							}
						},
						{
							"origin": [0.151, 20.48337, 1.26153],
							"size": [2.6, 1.2, 0.8],
							"inflate": -0.001,
							"pivot": [1.451, 21.08337, 1.66153],
							"rotation": [0, 45, 90],
							"uv": {
								"north": {"uv": [116, 13], "uv_size": [3, 1]},
								"east": {"uv": [98, 120], "uv_size": [1, 1]},
								"south": {"uv": [116, 14], "uv_size": [3, 1]},
								"west": {"uv": [120, 98], "uv_size": [1, 1]},
								"up": {"uv": [116, 15], "uv_size": [3, 1]},
								"down": {"uv": [116, 25], "uv_size": [3, -1]}
							}
						},
						{
							"origin": [-2.349, 19.71768, -2.03847],
							"size": [0.7, 0.7, 0.7],
							"inflate": -0.001,
							"pivot": [-1.999, 20.06768, -1.68847],
							"rotation": [0, -45, 90],
							"uv": {
								"north": {"uv": [99, 120], "uv_size": [1, 1]},
								"east": {"uv": [120, 99], "uv_size": [1, 1]},
								"south": {"uv": [100, 120], "uv_size": [1, 1]},
								"west": {"uv": [120, 100], "uv_size": [1, 1]},
								"up": {"uv": [101, 120], "uv_size": [1, 1]},
								"down": {"uv": [120, 102], "uv_size": [1, -1]}
							}
						},
						{
							"origin": [-1.849, 20.78337, -5.43847],
							"size": [1, 1, 1],
							"inflate": -0.001,
							"pivot": [-1.599, 21.53337, -4.68847],
							"rotation": [0, -45, 90],
							"uv": {
								"north": {"uv": [102, 120], "uv_size": [1, 1]},
								"east": {"uv": [120, 102], "uv_size": [1, 1]},
								"south": {"uv": [103, 120], "uv_size": [1, 1]},
								"west": {"uv": [120, 103], "uv_size": [1, 1]},
								"up": {"uv": [104, 120], "uv_size": [1, 1]},
								"down": {"uv": [120, 105], "uv_size": [1, -1]}
							}
						},
						{
							"origin": [-2.349, 21.61768, 1.66153],
							"size": [0.7, 0.7, 0.7],
							"inflate": -0.001,
							"pivot": [-1.999, 21.96768, 2.01153],
							"rotation": [0, -45, 90],
							"uv": {
								"north": {"uv": [105, 120], "uv_size": [1, 1]},
								"east": {"uv": [120, 105], "uv_size": [1, 1]},
								"south": {"uv": [106, 120], "uv_size": [1, 1]},
								"west": {"uv": [120, 106], "uv_size": [1, 1]},
								"up": {"uv": [107, 120], "uv_size": [1, 1]},
								"down": {"uv": [120, 108], "uv_size": [1, -1]}
							}
						},
						{
							"origin": [-1.849, 21.78337, 5.46153],
							"size": [1, 1, 1],
							"inflate": -0.001,
							"pivot": [-1.599, 22.53337, 6.21153],
							"rotation": [0, -45, 90],
							"uv": {
								"north": {"uv": [108, 120], "uv_size": [1, 1]},
								"east": {"uv": [120, 108], "uv_size": [1, 1]},
								"south": {"uv": [109, 120], "uv_size": [1, 1]},
								"west": {"uv": [120, 109], "uv_size": [1, 1]},
								"up": {"uv": [110, 120], "uv_size": [1, 1]},
								"down": {"uv": [120, 111], "uv_size": [1, -1]}
							}
						},
						{
							"origin": [-0.902, 27.752, -61.352],
							"size": [1.8, 0.8, 2],
							"pivot": [-0.002, 28.252, -60.352],
							"rotation": [20, 0, 0],
							"uv": {
								"north": {"uv": [117, 5], "uv_size": [2, 1]},
								"east": {"uv": [117, 6], "uv_size": [2, 1]},
								"south": {"uv": [117, 7], "uv_size": [2, 1]},
								"west": {"uv": [8, 117], "uv_size": [2, 1]},
								"up": {"uv": [114, 6], "uv_size": [2, 2]},
								"down": {"uv": [114, 10], "uv_size": [2, -2]}
							}
						},
						{
							"origin": [-0.827, 27.452, -60.852],
							"size": [1.65, 0.8, 2.5],
							"uv": {
								"north": {"uv": [117, 26], "uv_size": [2, 1]},
								"east": {"uv": [115, 58], "uv_size": [3, 1]},
								"south": {"uv": [117, 27], "uv_size": [2, 1]},
								"west": {"uv": [115, 63], "uv_size": [3, 1]},
								"up": {"uv": [110, 109], "uv_size": [2, 3]},
								"down": {"uv": [13, 114], "uv_size": [2, -3]}
							}
						},
						{
							"origin": [-1.002, 28.052, -60.452],
							"size": [2, 0.6, 0.6],
							"pivot": [0.298, 28.352, -59.652],
							"rotation": [12.5, 0, 0],
							"uv": {
								"north": {"uv": [117, 20], "uv_size": [2, 1]},
								"east": {"uv": [4, 119], "uv_size": [1, 1]},
								"south": {"uv": [117, 22], "uv_size": [2, 1]},
								"west": {"uv": [5, 119], "uv_size": [1, 1]},
								"up": {"uv": [117, 23], "uv_size": [2, 1]},
								"down": {"uv": [117, 26], "uv_size": [2, -1]}
							}
						},
						{
							"origin": [-1.102, 28.152, -59.252],
							"size": [2, 0.6, 0.6],
							"uv": {
								"north": {"uv": [32, 117], "uv_size": [2, 1]},
								"east": {"uv": [119, 5], "uv_size": [1, 1]},
								"south": {"uv": [117, 36], "uv_size": [2, 1]},
								"west": {"uv": [119, 6], "uv_size": [1, 1]},
								"up": {"uv": [117, 37], "uv_size": [2, 1]},
								"down": {"uv": [117, 39], "uv_size": [2, -1]}
							}
						},
						{
							"origin": [-1.802, 28.052, -59.452],
							"size": [0.9, 1, 1],
							"uv": {
								"north": {"uv": [119, 7], "uv_size": [1, 1]},
								"east": {"uv": [119, 8], "uv_size": [1, 1]},
								"south": {"uv": [119, 9], "uv_size": [1, 1]},
								"west": {"uv": [10, 119], "uv_size": [1, 1]},
								"up": {"uv": [11, 119], "uv_size": [1, 1]},
								"down": {"uv": [12, 120], "uv_size": [1, -1]}
							}
						},
						{
							"origin": [-0.902, 27.752, 0.348],
							"size": [1.8, 0.8, 2],
							"pivot": [-0.002, 28.252, 1.348],
							"rotation": [20, 0, 0],
							"uv": {
								"north": {"uv": [117, 74], "uv_size": [2, 1]},
								"east": {"uv": [117, 75], "uv_size": [2, 1]},
								"south": {"uv": [117, 79], "uv_size": [2, 1]},
								"west": {"uv": [117, 83], "uv_size": [2, 1]},
								"up": {"uv": [114, 33], "uv_size": [2, 2]},
								"down": {"uv": [114, 39], "uv_size": [2, -2]}
							}
						},
						{
							"origin": [-1.002, 28.052, 1.248],
							"size": [2, 0.6, 0.6],
							"pivot": [0.298, 28.352, 2.048],
							"rotation": [12.5, 0, 0],
							"uv": {
								"north": {"uv": [117, 70], "uv_size": [2, 1]},
								"east": {"uv": [119, 46], "uv_size": [1, 1]},
								"south": {"uv": [117, 71], "uv_size": [2, 1]},
								"west": {"uv": [47, 119], "uv_size": [1, 1]},
								"up": {"uv": [117, 72], "uv_size": [2, 1]},
								"down": {"uv": [117, 74], "uv_size": [2, -1]}
							}
						},
						{
							"origin": [-0.827, 27.452, 0.848],
							"size": [1.65, 0.8, 2.5],
							"uv": {
								"north": {"uv": [63, 117], "uv_size": [2, 1]},
								"east": {"uv": [115, 94], "uv_size": [3, 1]},
								"south": {"uv": [117, 67], "uv_size": [2, 1]},
								"west": {"uv": [110, 115], "uv_size": [3, 1]},
								"up": {"uv": [44, 111], "uv_size": [2, 3]},
								"down": {"uv": [46, 114], "uv_size": [2, -3]}
							}
						},
						{
							"origin": [-1.102, 28.152, 2.448],
							"size": [2, 0.6, 0.6],
							"uv": {
								"north": {"uv": [117, 59], "uv_size": [2, 1]},
								"east": {"uv": [45, 119], "uv_size": [1, 1]},
								"south": {"uv": [117, 60], "uv_size": [2, 1]},
								"west": {"uv": [46, 119], "uv_size": [1, 1]},
								"up": {"uv": [61, 117], "uv_size": [2, 1]},
								"down": {"uv": [117, 62], "uv_size": [2, -1]}
							}
						},
						{
							"origin": [-1.802, 28.052, 2.248],
							"size": [0.9, 1, 1],
							"uv": {
								"north": {"uv": [119, 41], "uv_size": [1, 1]},
								"east": {"uv": [42, 119], "uv_size": [1, 1]},
								"south": {"uv": [119, 42], "uv_size": [1, 1]},
								"west": {"uv": [43, 119], "uv_size": [1, 1]},
								"up": {"uv": [119, 43], "uv_size": [1, 1]},
								"down": {"uv": [44, 120], "uv_size": [1, -1]}
							}
						},
						{
							"origin": [-1.13636, 24.60001, -63.2],
							"size": [2.2, 3.4, 1.35],
							"pivot": [0.01364, 25.95001, -62.6],
							"rotation": [-54, 0, 0],
							"uv": {
								"north": {"uv": [70, 111], "uv_size": [2, 3]},
								"east": {"uv": [16, 116], "uv_size": [1, 3]},
								"south": {"uv": [74, 111], "uv_size": [2, 3]},
								"west": {"uv": [116, 25], "uv_size": [1, 3]},
								"up": {"uv": [118, 32], "uv_size": [2, 1]},
								"down": {"uv": [34, 119], "uv_size": [2, -1]}
							}
						},
						{
							"origin": [-1.13636, 23.80001, -63.6],
							"size": [2.1, 2.9, 1],
							"pivot": [-0.08636, 25.15001, -63],
							"rotation": [-90, 0, 0],
							"uv": {
								"north": {"uv": [111, 77], "uv_size": [2, 3]},
								"east": {"uv": [116, 36], "uv_size": [1, 3]},
								"south": {"uv": [111, 81], "uv_size": [2, 3]},
								"west": {"uv": [46, 116], "uv_size": [1, 3]},
								"up": {"uv": [118, 35], "uv_size": [2, 1]},
								"down": {"uv": [118, 40], "uv_size": [2, -1]}
							}
						},
						{
							"origin": [-1.18863, 20.96351, -64.048],
							"size": [2.1, 0.5, 1],
							"inflate": 0.05,
							"uv": {
								"north": {"uv": [118, 40], "uv_size": [2, 1]},
								"east": {"uv": [113, 120], "uv_size": [1, 1]},
								"south": {"uv": [42, 118], "uv_size": [2, 1]},
								"west": {"uv": [120, 113], "uv_size": [1, 1]},
								"up": {"uv": [44, 118], "uv_size": [2, 1]},
								"down": {"uv": [118, 45], "uv_size": [2, -1]}
							}
						},
						{
							"origin": [0.88039, 20.79609, -64.048],
							"size": [2.6, 0.5, 1],
							"inflate": 0.025,
							"pivot": [0.53039, 20.84609, -63.548],
							"rotation": [0, 0, -35],
							"uv": {
								"north": {"uv": [116, 33], "uv_size": [3, 1]},
								"east": {"uv": [114, 120], "uv_size": [1, 1]},
								"south": {"uv": [116, 34], "uv_size": [3, 1]},
								"west": {"uv": [120, 114], "uv_size": [1, 1]},
								"up": {"uv": [116, 42], "uv_size": [3, 1]},
								"down": {"uv": [116, 44], "uv_size": [3, -1]}
							}
						},
						{
							"origin": [-1, 20.25, -54],
							"size": [2, 2, 21],
							"uv": {
								"north": {"uv": [114, 105], "uv_size": [2, 2]},
								"east": {"uv": [82, 22], "uv_size": [21, 2]},
								"south": {"uv": [114, 112], "uv_size": [2, 2]},
								"west": {"uv": [86, 4], "uv_size": [21, 2]},
								"up": {"uv": [50, 85], "uv_size": [2, 21]},
								"down": {"uv": [52, 106], "uv_size": [2, -21]}
							}
						},
						{
							"origin": [-3.2, 20.75, -62.2],
							"size": [1.6, 2, 8],
							"pivot": [-1, 21.25, -43.5],
							"rotation": [0, 0, 43],
							"uv": {
								"north": {"uv": [114, 105], "uv_size": [2, 2]},
								"east": {"uv": [82, 22], "uv_size": [21, 2]},
								"south": {"uv": [114, 112], "uv_size": [2, 2]},
								"west": {"uv": [86, 4], "uv_size": [21, 2]},
								"up": {"uv": [50, 85], "uv_size": [2, 21]},
								"down": {"uv": [52, 106], "uv_size": [2, -21]}
							}
						},
						{
							"origin": [-3.48039, 20.79609, -64.048],
							"size": [2.6, 0.5, 1],
							"inflate": 0.025,
							"pivot": [-0.53039, 20.84609, -63.548],
							"rotation": [0, 0, 35],
							"uv": {
								"north": {"uv": [116, 46], "uv_size": [3, 1]},
								"east": {"uv": [115, 120], "uv_size": [1, 1]},
								"south": {"uv": [116, 47], "uv_size": [3, 1]},
								"west": {"uv": [120, 115], "uv_size": [1, 1]},
								"up": {"uv": [116, 48], "uv_size": [3, 1]},
								"down": {"uv": [116, 52], "uv_size": [3, -1]}
							}
						},
						{
							"origin": [1.35, 23.05, -64.15],
							"size": [1.35, 2, 46.1],
							"uv": {
								"north": {"uv": [48, 118], "uv_size": [1, 2]},
								"east": {"uv": [58, 40], "uv_size": [46, 2]},
								"south": {"uv": [49, 118], "uv_size": [1, 2]},
								"west": {"uv": [58, 42], "uv_size": [46, 2]},
								"up": {"uv": [80, 68], "uv_size": [1, 46]},
								"down": {"uv": [36, 127], "uv_size": [1, -46]}
							}
						},
						{
							"origin": [-2, 24.5, 12.15],
							"size": [2, 2, 21],
							"pivot": [0, 26.5, 12.15],
							"rotation": [0, 0, -22],
							"uv": {
								"north": {"uv": [114, 61], "uv_size": [2, 2]},
								"east": {"uv": [82, 18], "uv_size": [21, 2]},
								"south": {"uv": [68, 114], "uv_size": [2, 2]},
								"west": {"uv": [82, 20], "uv_size": [21, 2]},
								"up": {"uv": [46, 85], "uv_size": [2, 21]},
								"down": {"uv": [48, 106], "uv_size": [2, -21]}
							}
						},
						{
							"origin": [-3.85, 23.75, 12.15],
							"size": [2, 2, 21],
							"inflate": 0.001,
							"pivot": [-1.85, 25.75, 12.15],
							"rotation": [0, 0, -85],
							"uv": {
								"north": {"uv": [114, 53], "uv_size": [2, 2]},
								"east": {"uv": [82, 14], "uv_size": [21, 2]},
								"south": {"uv": [114, 59], "uv_size": [2, 2]},
								"west": {"uv": [82, 16], "uv_size": [21, 2]},
								"up": {"uv": [42, 85], "uv_size": [2, 21]},
								"down": {"uv": [44, 106], "uv_size": [2, -21]}
							}
						},
						{
							"origin": [1.35, 24.95, -61.85],
							"size": [1, 2.8, 43.8],
							"pivot": [2.35, 25.55, -41.15],
							"rotation": [0, 0, -37],
							"uv": {
								"north": {"uv": [66, 116], "uv_size": [1, 3]},
								"east": {"uv": [38, 18], "uv_size": [44, 3]},
								"south": {"uv": [67, 116], "uv_size": [1, 3]},
								"west": {"uv": [38, 21], "uv_size": [44, 3]},
								"up": {"uv": [41, 81], "uv_size": [1, 44]},
								"down": {"uv": [81, 112], "uv_size": [1, -44]}
							}
						},
						{
							"origin": [1.6, 20.75, -62.2],
							"size": [1.6, 2, 8],
							"pivot": [1, 21.25, -43.5],
							"rotation": [0, 0, -43],
							"uv": {
								"north": {"uv": [116, 105], "uv_size": [-2, 2]},
								"east": {"uv": [107, 4], "uv_size": [-21, 2]},
								"south": {"uv": [116, 112], "uv_size": [-2, 2]},
								"west": {"uv": [103, 22], "uv_size": [-21, 2]},
								"up": {"uv": [52, 85], "uv_size": [-2, 21]},
								"down": {"uv": [54, 106], "uv_size": [-2, -21]}
							}
						}
					]
				},
				{
					"name": "bone2",
					"parent": "gun",
					"pivot": [0, 26.2, -19],
					"cubes": [
						{
							"origin": [0.75, 25.87, -18],
							"size": [1, 1.4, 25],
							"inflate": -0.001,
							"uv": {
								"north": {"uv": [64, 118], "uv_size": [1, 1]},
								"east": {"uv": [90, 90], "uv_size": [25, 1]},
								"south": {"uv": [118, 64], "uv_size": [1, 1]},
								"west": {"uv": [91, 70], "uv_size": [25, 1]},
								"up": {"uv": [82, 89], "uv_size": [1, 25]},
								"down": {"uv": [83, 114], "uv_size": [1, -25]}
							}
						},
						{
							"origin": [-1.98312, 25.65574, -4.101],
							"size": [1, 1.075, 11.1],
							"inflate": -0.001,
							"pivot": [-0.43312, 26.62574, -18.001],
							"rotation": [0, 0, -29],
							"uv": {
								"north": {"uv": [75, 118], "uv_size": [1, 1]},
								"east": {"uv": [103, 80], "uv_size": [11, 1]},
								"south": {"uv": [76, 118], "uv_size": [1, 1]},
								"west": {"uv": [106, 20], "uv_size": [11, 1]},
								"up": {"uv": [107, 28], "uv_size": [1, 11]},
								"down": {"uv": [90, 118], "uv_size": [1, -11]}
							}
						},
						{
							"origin": [-1.75, 25.67, -18],
							"size": [1, 1, 2],
							"inflate": -0.001,
							"pivot": [-0.2, 26.64, -29],
							"rotation": [0, 0, -29],
							"uv": {
								"north": {"uv": [118, 76], "uv_size": [1, 1]},
								"east": {"uv": [116, 109], "uv_size": [2, 1]},
								"south": {"uv": [77, 118], "uv_size": [1, 1]},
								"west": {"uv": [110, 116], "uv_size": [2, 1]},
								"up": {"uv": [116, 110], "uv_size": [1, 2]},
								"down": {"uv": [112, 118], "uv_size": [1, -2]}
							}
						},
						{
							"origin": [-1.75, 25.87, -18],
							"size": [1, 1.4, 25],
							"inflate": -0.001,
							"uv": {
								"north": {"uv": [119, 104], "uv_size": [1, 1]},
								"east": {"uv": [91, 75], "uv_size": [25, 1]},
								"south": {"uv": [105, 119], "uv_size": [1, 1]},
								"west": {"uv": [91, 76], "uv_size": [25, 1]},
								"up": {"uv": [84, 89], "uv_size": [1, 25]},
								"down": {"uv": [85, 114], "uv_size": [1, -25]}
							}
						}
					]
				},
				{
					"name": "bone4",
					"parent": "gun",
					"pivot": [-1.1, 27.85, -41.75],
					"cubes": [
						{
							"origin": [-1.3, 27.05, -61.55],
							"size": [2.6, 1, 43.8],
							"inflate": -0.2,
							"uv": {
								"north": {"uv": [115.05, 3], "uv_size": [2.95, 1]},
								"east": {"uv": [78.05, 10], "uv_size": [43.95, 1]},
								"south": {"uv": [115.05, 4], "uv_size": [2.95, 1]},
								"west": {"uv": [78.05, 11], "uv_size": [43.95, 1]},
								"up": {"uv": [32.15, 11.9], "uv_size": [2.95, 44]},
								"down": {"uv": [35.05, 56], "uv_size": [2.95, -44]}
							}
						}
					]
				},
				{
					"name": "bolt",
					"parent": "gun",
					"pivot": [1, 11, 1],
					"cubes": [
						{
							"origin": [-11.19239, 28.3934, -16.2],
							"size": [1, 2, 12.4],
							"pivot": [-10.19239, 14.3934, 1],
							"rotation": [0, 0, 45],
							"uv": {
								"north": {"uv": [105, 117], "uv_size": [1, 2]},
								"east": {"uv": [97, 62], "uv_size": [12, 2]},
								"south": {"uv": [106, 117], "uv_size": [1, 2]},
								"west": {"uv": [97, 64], "uv_size": [12, 2]},
								"up": {"uv": [56, 106], "uv_size": [1, 12]},
								"down": {"uv": [57, 118], "uv_size": [1, -12]}
							}
						},
						{
							"origin": [-1, 22.7, -16.2],
							"size": [1.4, 2.3, 12.4],
							"uv": {
								"north": {"uv": [98, 117], "uv_size": [1, 2]},
								"east": {"uv": [93, 68], "uv_size": [12, 2]},
								"south": {"uv": [101, 117], "uv_size": [1, 2]},
								"west": {"uv": [94, 83], "uv_size": [12, 2]},
								"up": {"uv": [54, 106], "uv_size": [1, 12]},
								"down": {"uv": [55, 118], "uv_size": [1, -12]}
							}
						},
						{
							"origin": [-2.62002, 24.73498, -17.2],
							"size": [1, 1, 4.4],
							"pivot": [-2.12002, 25.23498, -15],
							"rotation": [-84.98107, 44.78238, -64.55323],
							"uv": {
								"north": {"uv": [119, 103], "uv_size": [1, 1]},
								"east": {"uv": [114, 35], "uv_size": [4, 1]},
								"south": {"uv": [104, 119], "uv_size": [1, 1]},
								"west": {"uv": [114, 68], "uv_size": [4, 1]},
								"up": {"uv": [70, 114], "uv_size": [1, 4]},
								"down": {"uv": [71, 118], "uv_size": [1, -4]}
							}
						}
					]
				},
				{
					"name": "magazine",
					"parent": "main",
					"pivot": [0.5, 6.75, -10.25],
					"cubes": [
						{
							"origin": [-1.25, 2.45, -17.9],
							"size": [3, 17, 8.9],
							"uv": {
								"north": {"uv": [60, 76], "uv_size": [3, 16]},
								"east": {"uv": [38, 24], "uv_size": [8, 16]},
								"south": {"uv": [63, 76], "uv_size": [3, 16]},
								"west": {"uv": [38, 40], "uv_size": [8, 16]},
								"up": {"uv": [91, 77], "uv_size": [3, 8]},
								"down": {"uv": [90, 99], "uv_size": [3, -8]}
							}
						},
						{
							"origin": [-1.75, 2.45, -17.9],
							"size": [1, 17, 8.9],
							"inflate": 0.001,
							"uv": {
								"north": {"uv": [58, 101], "uv_size": [1, 16]},
								"east": {"uv": [46, 24], "uv_size": [8, 16]},
								"south": {"uv": [59, 101], "uv_size": [1, 16]},
								"west": {"uv": [46, 40], "uv_size": [8, 16]},
								"up": {"uv": [77, 108], "uv_size": [1, 8]},
								"down": {"uv": [17, 117], "uv_size": [1, -8]}
							}
						}
					]
				},
				{
					"name": "bullet",
					"parent": "magazine",
					"pivot": [-0.15, 21.4, -15.7],
					"cubes": [
						{
							"origin": [-0.25, 18.8, -16.45],
							"size": [1, 1, 6.6],
							"inflate": 0.2,
							"pivot": [0.25, 20, -16.15],
							"rotation": [0, 0, 21],
							"uv": {
								"north": {"uv": [118, 69], "uv_size": [1, 1]},
								"east": {"uv": [109, 36], "uv_size": [7, 1]},
								"south": {"uv": [70, 118], "uv_size": [1, 1]},
								"west": {"uv": [109, 43], "uv_size": [7, 1]},
								"up": {"uv": [9, 110], "uv_size": [1, 7]},
								"down": {"uv": [32, 117], "uv_size": [1, -7]}
							}
						}
					]
				},
				{
					"name": "magazine2",
					"parent": "main",
					"pivot": [0.5, 6.75, -10.25],
					"cubes": [
						{
							"origin": [-1.25, 2.45, -17.9],
							"size": [3, 17, 8.9],
							"uv": {
								"north": {"uv": [60, 76], "uv_size": [3, 16]},
								"east": {"uv": [38, 24], "uv_size": [8, 16]},
								"south": {"uv": [63, 76], "uv_size": [3, 16]},
								"west": {"uv": [38, 40], "uv_size": [8, 16]},
								"up": {"uv": [91, 77], "uv_size": [3, 8]},
								"down": {"uv": [90, 99], "uv_size": [3, -8]}
							}
						},
						{
							"origin": [-1.75, 2.45, -17.9],
							"size": [1, 17, 8.9],
							"inflate": 0.001,
							"uv": {
								"north": {"uv": [58, 101], "uv_size": [1, 16]},
								"east": {"uv": [46, 24], "uv_size": [8, 16]},
								"south": {"uv": [59, 101], "uv_size": [1, 16]},
								"west": {"uv": [46, 40], "uv_size": [8, 16]},
								"up": {"uv": [77, 108], "uv_size": [1, 8]},
								"down": {"uv": [17, 117], "uv_size": [1, -8]}
							}
						}
					]
				},
				{
					"name": "bullet2",
					"parent": "magazine2",
					"pivot": [-0.15, 21.4, -15.7],
					"cubes": [
						{
							"origin": [-0.25, 18.8, -16.45],
							"size": [1, 1, 6.6],
							"inflate": 0.2,
							"pivot": [0.25, 20, -16.15],
							"rotation": [0, 0, 21],
							"uv": {
								"north": {"uv": [118, 77], "uv_size": [1, 1]},
								"east": {"uv": [109, 65], "uv_size": [7, 1]},
								"south": {"uv": [78, 118], "uv_size": [1, 1]},
								"west": {"uv": [109, 100], "uv_size": [7, 1]},
								"up": {"uv": [33, 110], "uv_size": [1, 7]},
								"down": {"uv": [110, 58], "uv_size": [1, -7]}
							}
						}
					]
				},
				{
					"name": "rightarm",
					"parent": "main",
					"pivot": [-4.3, 8.8, 21.8],
					"rotation": [-101.81106, -12.40003, -2.46982],
					"cubes": [
						{
							"origin": [-8.3, -15.2, 17.8],
							"size": [8, 24, 8],
							"uv": {
								"north": {"uv": [0, 0], "uv_size": [8, 24]},
								"east": {"uv": [8, 0], "uv_size": [8, 24]},
								"south": {"uv": [16, 0], "uv_size": [8, 24]},
								"west": {"uv": [0, 24], "uv_size": [8, 24]},
								"up": {"uv": [42, 56], "uv_size": [8, 8]},
								"down": {"uv": [42, 72], "uv_size": [8, -8]}
							}
						}
					]
				},
				{
					"name": "leftarm",
					"parent": "main",
					"pivot": [10.7, 11.3, -8.6],
					"rotation": [-119.61483, 1.67666, -38.31282],
					"cubes": [
						{
							"origin": [6.7, -12.7, -12.6],
							"size": [8, 24, 8],
							"uv": {
								"north": {"uv": [24, 0], "uv_size": [8, 24]},
								"east": {"uv": [8, 24], "uv_size": [8, 24]},
								"south": {"uv": [16, 24], "uv_size": [8, 24]},
								"west": {"uv": [24, 24], "uv_size": [8, 24]},
								"up": {"uv": [58, 68], "uv_size": [8, 8]},
								"down": {"uv": [66, 76], "uv_size": [8, -8]}
							}
						}
					]
				},
				{
					"name": "muzzleflash",
					"parent": "main",
					"pivot": [0, 24.35, -79.55],
					"cubes": [
						{
							"origin": [-0.5, 23.85, -85.05],
							"size": [1, 1, 1],
							"inflate": -0.4,
							"uv": {
								"north": {"uv": [118, 78], "uv_size": [1, 1]},
								"east": {"uv": [79, 118], "uv_size": [1, 1]},
								"south": {"uv": [118, 80], "uv_size": [1, 1]},
								"west": {"uv": [81, 118], "uv_size": [1, 1]},
								"up": {"uv": [118, 81], "uv_size": [1, 1]},
								"down": {"uv": [82, 119], "uv_size": [1, -1]}
							}
						}
					]
				},
				{
					"name": "scope",
					"parent": "main",
					"pivot": [0, 32.55, 4.75],
					"cubes": [
						{
							"origin": [-0.5, 30.775, 10],
							"size": [1, 1, 1],
							"inflate": -0.4,
							"uv": {
								"north": {"uv": [118, 82], "uv_size": [1, 1]},
								"east": {"uv": [83, 118], "uv_size": [1, 1]},
								"south": {"uv": [84, 118], "uv_size": [1, 1]},
								"west": {"uv": [118, 84], "uv_size": [1, 1]},
								"up": {"uv": [85, 118], "uv_size": [1, 1]},
								"down": {"uv": [118, 86], "uv_size": [1, -1]}
							}
						}
					]
				},
				{
					"name": "frontsight",
					"parent": "main",
					"pivot": [-1, 11, -1],
					"cubes": [
						{"origin": [-0.75, 27.775, -59.8], "size": [1.5, 3, 1.75], "inflate": -0.2, "uv": [1, 54]},
						{"origin": [-1.32, 30.565, -59.9], "size": [1, 1.5, 2], "inflate": -0.302, "pivot": [-1, 30.875, -59.6], "rotation": [0, 0, 15], "uv": [24, 53]},
						{"origin": [-0.45, 29.575, -59.65], "size": [0.9, 2.025, 1.25], "inflate": -0.35, "uv": [60, 37]},
						{"origin": [0.32, 30.565, -59.9], "size": [1, 1.5, 2], "inflate": -0.302, "pivot": [1, 30.875, -59.6], "rotation": [0, 0, -15], "uv": [66, 37]},
						{"origin": [-0.9, 29.575, -59.9], "size": [1, 1.7, 2], "inflate": -0.301, "pivot": [-0.6, 30.075, -59.6], "rotation": [0, 0, -28], "uv": [57, 52]},
						{"origin": [-0.1, 29.575, -59.9], "size": [1, 1.7, 2], "inflate": -0.301, "pivot": [0.6, 30.075, -59.6], "rotation": [0, 0, 28], "uv": [58, 37]}
					]
				},
				{
					"name": "rearsight",
					"parent": "main",
					"pivot": [1, 11, -3.3],
					"cubes": [
						{
							"origin": [-0.877, 30.577, 2.448],
							"size": [1.75, 0.55, 0.55],
							"pivot": [0.398, 30.752, 2.023],
							"rotation": [-22.5, 0, 0],
							"uv": {
								"north": {"uv": [117, 91], "uv_size": [2, 1]},
								"east": {"uv": [119, 81], "uv_size": [1, 1]},
								"south": {"uv": [117, 97], "uv_size": [2, 1]},
								"west": {"uv": [82, 119], "uv_size": [1, 1]},
								"up": {"uv": [117, 98], "uv_size": [2, 1]},
								"down": {"uv": [117, 102], "uv_size": [2, -1]}
							}
						},
						{
							"origin": [-0.277, 30.627, 2.423],
							"size": [0.55, 0.575, 0.65],
							"pivot": [0.398, 30.802, 2.098],
							"rotation": [-20, 0, 0],
							"uv": {
								"north": {"uv": [119, 82], "uv_size": [1, 1]},
								"east": {"uv": [83, 119], "uv_size": [1, 1]},
								"south": {"uv": [119, 83], "uv_size": [1, 1]},
								"west": {"uv": [84, 119], "uv_size": [1, 1]},
								"up": {"uv": [119, 84], "uv_size": [1, 1]},
								"down": {"uv": [85, 120], "uv_size": [1, -1]}
							}
						},
						{
							"origin": [-0.277, 30.927, 2.648],
							"size": [0.55, 0.1, 0.2],
							"pivot": [0.398, 30.877, 2.123],
							"rotation": [2.5, 0, 0],
							"uv": {
								"north": {"uv": [119, 88], "uv_size": [1, 1]},
								"east": {"uv": [89, 119], "uv_size": [1, 1]},
								"south": {"uv": [119, 89], "uv_size": [1, 1]},
								"west": {"uv": [90, 119], "uv_size": [1, 1]},
								"up": {"uv": [119, 90], "uv_size": [1, 1]},
								"down": {"uv": [91, 120], "uv_size": [1, -1]}
							}
						},
						{
							"origin": [-0.277, 31.377, 2.648],
							"size": [0.55, 0.1, 0.2],
							"pivot": [0.398, 31.327, 2.123],
							"rotation": [2.5, 0, 0],
							"uv": {
								"north": {"uv": [119, 94], "uv_size": [1, 1]},
								"east": {"uv": [95, 119], "uv_size": [1, 1]},
								"south": {"uv": [119, 95], "uv_size": [1, 1]},
								"west": {"uv": [96, 119], "uv_size": [1, 1]},
								"up": {"uv": [119, 96], "uv_size": [1, 1]},
								"down": {"uv": [97, 120], "uv_size": [1, -1]}
							}
						},
						{
							"origin": [-0.48348, 30.88358, 2.65236],
							"size": [0.35, 0.1, 0.2],
							"pivot": [0.09152, 30.83358, 2.12736],
							"rotation": [2.5, 0, 90],
							"uv": {
								"north": {"uv": [119, 91], "uv_size": [1, 1]},
								"east": {"uv": [92, 119], "uv_size": [1, 1]},
								"south": {"uv": [119, 92], "uv_size": [1, 1]},
								"west": {"uv": [93, 119], "uv_size": [1, 1]},
								"up": {"uv": [119, 93], "uv_size": [1, 1]},
								"down": {"uv": [94, 120], "uv_size": [1, -1]}
							}
						},
						{
							"origin": [0.13348, 30.88358, 2.65236],
							"size": [0.35, 0.1, 0.2],
							"pivot": [-0.09152, 30.83358, 2.12736],
							"rotation": [2.5, 0, -90],
							"uv": {
								"north": {"uv": [119, 97], "uv_size": [1, 1]},
								"east": {"uv": [98, 119], "uv_size": [1, 1]},
								"south": {"uv": [119, 98], "uv_size": [1, 1]},
								"west": {"uv": [99, 119], "uv_size": [1, 1]},
								"up": {"uv": [119, 99], "uv_size": [1, 1]},
								"down": {"uv": [100, 120], "uv_size": [1, -1]}
							}
						},
						{
							"origin": [-0.802, 30.252, 1.998],
							"size": [0.3, 0.6, 1.2],
							"uv": {
								"north": {"uv": [119, 78], "uv_size": [1, 1]},
								"east": {"uv": [79, 119], "uv_size": [1, 1]},
								"south": {"uv": [119, 79], "uv_size": [1, 1]},
								"west": {"uv": [80, 119], "uv_size": [1, 1]},
								"up": {"uv": [119, 80], "uv_size": [1, 1]},
								"down": {"uv": [81, 120], "uv_size": [1, -1]}
							}
						},
						{
							"origin": [-0.802, 30.452, 2.398],
							"size": [0.3, 1.2, 0.4],
							"uv": {
								"north": {"uv": [119, 71], "uv_size": [1, 1]},
								"east": {"uv": [119, 72], "uv_size": [1, 1]},
								"south": {"uv": [119, 73], "uv_size": [1, 1]},
								"west": {"uv": [74, 119], "uv_size": [1, 1]},
								"up": {"uv": [119, 74], "uv_size": [1, 1]},
								"down": {"uv": [75, 120], "uv_size": [1, -1]}
							}
						},
						{
							"origin": [-0.802, 30.74254, 1.81885],
							"size": [0.3, 0.95, 0.4],
							"pivot": [-0.652, 30.39254, 2.01885],
							"rotation": [25.5, 180, 0],
							"uv": {
								"north": {"uv": [118, 118], "uv_size": [1, 1]},
								"east": {"uv": [0, 119], "uv_size": [1, 1]},
								"south": {"uv": [119, 0], "uv_size": [1, 1]},
								"west": {"uv": [119, 1], "uv_size": [1, 1]},
								"up": {"uv": [119, 2], "uv_size": [1, 1]},
								"down": {"uv": [3, 120], "uv_size": [1, -1]}
							}
						},
						{
							"origin": [0.17067, 30.27961, 1.998],
							"size": [0.3, 0.6, 1.2],
							"pivot": [0.32067, 29.57961, 2.598],
							"rotation": [0, 0, -52.5],
							"uv": {
								"north": {"uv": [115, 118], "uv_size": [1, 1]},
								"east": {"uv": [118, 115], "uv_size": [1, 1]},
								"south": {"uv": [116, 118], "uv_size": [1, 1]},
								"west": {"uv": [118, 116], "uv_size": [1, 1]},
								"up": {"uv": [117, 118], "uv_size": [1, 1]},
								"down": {"uv": [118, 118], "uv_size": [1, -1]}
							}
						},
						{
							"origin": [-0.802, 30.74254, 2.97715],
							"size": [0.3, 0.95, 0.4],
							"pivot": [-0.652, 30.39254, 3.17715],
							"rotation": [25.5, 0, 0],
							"uv": {
								"north": {"uv": [112, 118], "uv_size": [1, 1]},
								"east": {"uv": [118, 112], "uv_size": [1, 1]},
								"south": {"uv": [113, 118], "uv_size": [1, 1]},
								"west": {"uv": [118, 113], "uv_size": [1, 1]},
								"up": {"uv": [114, 118], "uv_size": [1, 1]},
								"down": {"uv": [118, 115], "uv_size": [1, -1]}
							}
						},
						{
							"origin": [0.502, 30.74254, 2.97715],
							"size": [0.3, 0.95, 0.4],
							"pivot": [0.652, 30.39254, 3.17715],
							"rotation": [25.5, 0, 0],
							"uv": {
								"north": {"uv": [53, 119], "uv_size": [1, 1]},
								"east": {"uv": [119, 53], "uv_size": [1, 1]},
								"south": {"uv": [54, 119], "uv_size": [1, 1]},
								"west": {"uv": [119, 54], "uv_size": [1, 1]},
								"up": {"uv": [119, 55], "uv_size": [1, 1]},
								"down": {"uv": [56, 120], "uv_size": [1, -1]}
							}
						},
						{
							"origin": [-0.598, 30.052, 2.048],
							"size": [1.2, 0.5, 1.1],
							"uv": {
								"north": {"uv": [119, 85], "uv_size": [1, 1]},
								"east": {"uv": [86, 119], "uv_size": [1, 1]},
								"south": {"uv": [119, 86], "uv_size": [1, 1]},
								"west": {"uv": [87, 119], "uv_size": [1, 1]},
								"up": {"uv": [119, 87], "uv_size": [1, 1]},
								"down": {"uv": [88, 120], "uv_size": [1, -1]}
							}
						},
						{
							"origin": [-0.298, 27.652, 1.948],
							"size": [0.6, 2.5, 1.3],
							"uv": {
								"north": {"uv": [65, 117], "uv_size": [1, 2]},
								"east": {"uv": [80, 117], "uv_size": [1, 2]},
								"south": {"uv": [117, 85], "uv_size": [1, 2]},
								"west": {"uv": [117, 87], "uv_size": [1, 2]},
								"up": {"uv": [119, 47], "uv_size": [1, 1]},
								"down": {"uv": [119, 49], "uv_size": [1, -1]}
							}
						},
						{
							"origin": [0.502, 30.74254, 1.81885],
							"size": [0.3, 0.95, 0.4],
							"pivot": [0.652, 30.39254, 2.01885],
							"rotation": [25.5, -180, 0],
							"uv": {
								"north": {"uv": [119, 49], "uv_size": [1, 1]},
								"east": {"uv": [50, 119], "uv_size": [1, 1]},
								"south": {"uv": [119, 50], "uv_size": [1, 1]},
								"west": {"uv": [51, 119], "uv_size": [1, 1]},
								"up": {"uv": [119, 51], "uv_size": [1, 1]},
								"down": {"uv": [119, 53], "uv_size": [1, -1]}
							}
						},
						{
							"origin": [-0.47067, 30.27961, 1.998],
							"size": [0.3, 0.6, 1.2],
							"pivot": [-0.32067, 29.57961, 2.598],
							"rotation": [0, 0, 52.5],
							"uv": {
								"north": {"uv": [119, 75], "uv_size": [1, 1]},
								"east": {"uv": [76, 119], "uv_size": [1, 1]},
								"south": {"uv": [119, 76], "uv_size": [1, 1]},
								"west": {"uv": [77, 119], "uv_size": [1, 1]},
								"up": {"uv": [119, 77], "uv_size": [1, 1]},
								"down": {"uv": [78, 120], "uv_size": [1, -1]}
							}
						},
						{
							"origin": [0.502, 30.252, 1.998],
							"size": [0.3, 0.6, 1.2],
							"uv": {
								"north": {"uv": [119, 68], "uv_size": [1, 1]},
								"east": {"uv": [69, 119], "uv_size": [1, 1]},
								"south": {"uv": [119, 69], "uv_size": [1, 1]},
								"west": {"uv": [70, 119], "uv_size": [1, 1]},
								"up": {"uv": [119, 70], "uv_size": [1, 1]},
								"down": {"uv": [71, 120], "uv_size": [1, -1]}
							}
						},
						{
							"origin": [0.502, 30.452, 2.398],
							"size": [0.3, 1.2, 0.4],
							"uv": {
								"north": {"uv": [119, 56], "uv_size": [1, 1]},
								"east": {"uv": [57, 119], "uv_size": [1, 1]},
								"south": {"uv": [119, 57], "uv_size": [1, 1]},
								"west": {"uv": [58, 119], "uv_size": [1, 1]},
								"up": {"uv": [119, 58], "uv_size": [1, 1]},
								"down": {"uv": [59, 120], "uv_size": [1, -1]}
							}
						}
					]
				},
				{
					"name": "_cb_grip",
					"parent": "main",
					"pivot": [0, 27.8, -6.5],
					"cubes": [
						{
							"origin": [-0.5, 19.85, -42.75],
							"size": [1, 1, 1],
							"uv": {
								"north": {"uv": [82, 120], "uv_size": [1, 1]},
								"east": {"uv": [120, 82], "uv_size": [1, 1]},
								"south": {"uv": [83, 120], "uv_size": [1, 1]},
								"west": {"uv": [120, 83], "uv_size": [1, 1]},
								"up": {"uv": [84, 120], "uv_size": [1, 1]},
								"down": {"uv": [120, 85], "uv_size": [1, -1]}
							}
						}
					]
				},
				{
					"name": "_cb_launcher",
					"parent": "main",
					"pivot": [0, 27.8, -12.5],
					"cubes": [
						{
							"origin": [-0.5, 19.85, -44.75],
							"size": [1, 1, 1],
							"uv": {
								"north": {"uv": [82, 120], "uv_size": [1, 1]},
								"east": {"uv": [120, 82], "uv_size": [1, 1]},
								"south": {"uv": [83, 120], "uv_size": [1, 1]},
								"west": {"uv": [120, 83], "uv_size": [1, 1]},
								"up": {"uv": [84, 120], "uv_size": [1, 1]},
								"down": {"uv": [120, 85], "uv_size": [1, -1]}
							}
						}
					]
				},
				{
					"name": "_cb_scope",
					"parent": "main",
					"pivot": [0, 27.8, -6.5],
					"cubes": [
						{
							"origin": [-0.5, 27.3, -13.3],
							"size": [1, 1, 1],
							"uv": {
								"north": {"uv": [119, 100], "uv_size": [1, 1]},
								"east": {"uv": [101, 119], "uv_size": [1, 1]},
								"south": {"uv": [119, 101], "uv_size": [1, 1]},
								"west": {"uv": [102, 119], "uv_size": [1, 1]},
								"up": {"uv": [119, 102], "uv_size": [1, 1]},
								"down": {"uv": [103, 120], "uv_size": [1, -1]}
							}
						}
					]
				},
				{
					"name": "_cb_canted",
					"parent": "main",
					"pivot": [0, 27.8, 3.5],
					"cubes": [
						{
							"origin": [-0.5, 27.3, -4],
							"size": [1, 1, 1],
							"uv": {
								"north": {"uv": [117, 120], "uv_size": [1, 1]},
								"east": {"uv": [120, 117], "uv_size": [1, 1]},
								"south": {"uv": [118, 120], "uv_size": [1, 1]},
								"west": {"uv": [120, 118], "uv_size": [1, 1]},
								"up": {"uv": [119, 120], "uv_size": [1, 1]},
								"down": {"uv": [120, 120], "uv_size": [1, -1]}
							}
						}
					]
				},
				{
					"name": "_cb_suppressor",
					"parent": "main",
					"pivot": [0, 0, 1],
					"cubes": [
						{
							"origin": [-0.5, 23.825, -75.725],
							"size": [1, 1, 1],
							"uv": {
								"north": {"uv": [85, 120], "uv_size": [1, 1]},
								"east": {"uv": [120, 85], "uv_size": [1, 1]},
								"south": {"uv": [86, 120], "uv_size": [1, 1]},
								"west": {"uv": [120, 86], "uv_size": [1, 1]},
								"up": {"uv": [87, 120], "uv_size": [1, 1]},
								"down": {"uv": [120, 88], "uv_size": [1, -1]}
							}
						}
					]
				},
				{
					"name": "frontsiggghtflipped",
					"parent": "main",
					"pivot": [0, 28.56878, -56.525],
					"rotation": [-90, 0, 0],
					"cubes": [
						{"origin": [-0.75, 25.775, -57.4], "size": [1.5, 3, 1.75], "inflate": -0.2, "uv": [1, 54]},
						{"origin": [-1.44401, 28.28537, -57.5], "size": [1, 1.5, 2], "inflate": -0.302, "pivot": [0, 28.26421, -56.5625], "rotation": [0, 0, 15], "uv": [24, 53]},
						{"origin": [-0.5, 27.675, -57.25], "size": [1, 2, 1.25], "inflate": -0.35, "uv": [60, 37]},
						{"origin": [0.44401, 28.28537, -57.5], "size": [1, 1.5, 2], "inflate": -0.302, "pivot": [0, 28.26421, -56.5625], "rotation": [0, 0, -15], "uv": [66, 37]},
						{"origin": [-0.9186, 27.87883, -57.5], "size": [1, 1.7, 2], "inflate": -0.301, "pivot": [0, 28.26421, -56.5625], "rotation": [0, 0, -28], "uv": [57, 52]},
						{"origin": [-0.0814, 27.87883, -57.5], "size": [1, 1.7, 2], "inflate": -0.301, "pivot": [0, 28.26421, -56.5625], "rotation": [0, 0, 28], "uv": [58, 37]}
					]
				},
				{
					"name": "rearsightflipped",
					"parent": "main",
					"pivot": [0, 0, -1.8],
					"cubes": [
						{
							"origin": [0.12958, 28.25935, 4.498],
							"size": [0.3, 0.6, 1.2],
							"pivot": [0, 28.17808, 5.098],
							"rotation": [-90, 52.5, 0],
							"uv": {
								"north": {"uv": [79, 120], "uv_size": [1, 1]},
								"east": {"uv": [120, 79], "uv_size": [1, 1]},
								"south": {"uv": [80, 120], "uv_size": [1, 1]},
								"west": {"uv": [120, 80], "uv_size": [1, 1]},
								"up": {"uv": [81, 120], "uv_size": [1, 1]},
								"down": {"uv": [120, 82], "uv_size": [1, -1]}
							}
						},
						{
							"origin": [-0.298, 25.652, 4.448],
							"size": [0.6, 2.5, 1.3],
							"pivot": [0, 28.17808, 5.098],
							"rotation": [-90, 0, 0],
							"uv": {
								"north": {"uv": [25, 118], "uv_size": [1, 2]},
								"east": {"uv": [118, 30], "uv_size": [1, 2]},
								"south": {"uv": [32, 118], "uv_size": [1, 2]},
								"west": {"uv": [33, 118], "uv_size": [1, 2]},
								"up": {"uv": [78, 120], "uv_size": [1, 1]},
								"down": {"uv": [120, 79], "uv_size": [1, -1]}
							}
						},
						{
							"origin": [-0.42958, 28.25935, 4.498],
							"size": [0.3, 0.6, 1.2],
							"pivot": [0, 28.17808, 5.098],
							"rotation": [-90, -52.5, 0],
							"uv": {
								"north": {"uv": [75, 120], "uv_size": [1, 1]},
								"east": {"uv": [120, 75], "uv_size": [1, 1]},
								"south": {"uv": [76, 120], "uv_size": [1, 1]},
								"west": {"uv": [120, 76], "uv_size": [1, 1]},
								"up": {"uv": [77, 120], "uv_size": [1, 1]},
								"down": {"uv": [120, 78], "uv_size": [1, -1]}
							}
						},
						{
							"origin": [-0.802, 28.252, 4.498],
							"size": [0.3, 0.6, 1.2],
							"pivot": [0, 28.17808, 5.098],
							"rotation": [-90, 0, 0],
							"uv": {
								"north": {"uv": [71, 120], "uv_size": [1, 1]},
								"east": {"uv": [120, 71], "uv_size": [1, 1]},
								"south": {"uv": [120, 72], "uv_size": [1, 1]},
								"west": {"uv": [120, 73], "uv_size": [1, 1]},
								"up": {"uv": [74, 120], "uv_size": [1, 1]},
								"down": {"uv": [120, 75], "uv_size": [1, -1]}
							}
						},
						{
							"origin": [-0.598, 28.052, 4.548],
							"size": [1.2, 0.5, 1.1],
							"pivot": [0, 28.17808, 5.098],
							"rotation": [-90, 0, 0],
							"uv": {
								"north": {"uv": [68, 120], "uv_size": [1, 1]},
								"east": {"uv": [120, 68], "uv_size": [1, 1]},
								"south": {"uv": [69, 120], "uv_size": [1, 1]},
								"west": {"uv": [120, 69], "uv_size": [1, 1]},
								"up": {"uv": [70, 120], "uv_size": [1, 1]},
								"down": {"uv": [120, 71], "uv_size": [1, -1]}
							}
						},
						{
							"origin": [0.502, 28.252, 4.498],
							"size": [0.3, 0.6, 1.2],
							"pivot": [0, 28.17808, 5.098],
							"rotation": [-90, 0, 0],
							"uv": {
								"north": {"uv": [65, 120], "uv_size": [1, 1]},
								"east": {"uv": [120, 65], "uv_size": [1, 1]},
								"south": {"uv": [66, 120], "uv_size": [1, 1]},
								"west": {"uv": [120, 66], "uv_size": [1, 1]},
								"up": {"uv": [67, 120], "uv_size": [1, 1]},
								"down": {"uv": [120, 68], "uv_size": [1, -1]}
							}
						},
						{
							"origin": [0.502, 28.47232, 5.51305],
							"size": [0.3, 0.95, 0.4],
							"pivot": [0, 28.17808, 5.098],
							"rotation": [-64.5, 0, 0],
							"uv": {
								"north": {"uv": [62, 120], "uv_size": [1, 1]},
								"east": {"uv": [120, 62], "uv_size": [1, 1]},
								"south": {"uv": [63, 120], "uv_size": [1, 1]},
								"west": {"uv": [120, 63], "uv_size": [1, 1]},
								"up": {"uv": [64, 120], "uv_size": [1, 1]},
								"down": {"uv": [120, 65], "uv_size": [1, -1]}
							}
						},
						{
							"origin": [-0.802, 28.47232, 5.51305],
							"size": [0.3, 0.95, 0.4],
							"pivot": [0, 28.17808, 5.098],
							"rotation": [-64.5, 0, 0],
							"uv": {
								"north": {"uv": [59, 120], "uv_size": [1, 1]},
								"east": {"uv": [120, 59], "uv_size": [1, 1]},
								"south": {"uv": [60, 120], "uv_size": [1, 1]},
								"west": {"uv": [120, 60], "uv_size": [1, 1]},
								"up": {"uv": [61, 120], "uv_size": [1, 1]},
								"down": {"uv": [120, 62], "uv_size": [1, -1]}
							}
						},
						{
							"origin": [-0.802, 28.47232, 5.51305],
							"size": [0.3, 0.95, 0.4],
							"pivot": [0, 28.17808, 5.098],
							"rotation": [-64.5, 0, -180],
							"uv": {
								"north": {"uv": [56, 120], "uv_size": [1, 1]},
								"east": {"uv": [120, 56], "uv_size": [1, 1]},
								"south": {"uv": [57, 120], "uv_size": [1, 1]},
								"west": {"uv": [120, 57], "uv_size": [1, 1]},
								"up": {"uv": [58, 120], "uv_size": [1, 1]},
								"down": {"uv": [120, 59], "uv_size": [1, -1]}
							}
						},
						{
							"origin": [0.502, 28.452, 4.898],
							"size": [0.3, 1.2, 0.4],
							"pivot": [0, 28.17808, 5.098],
							"rotation": [-90, 0, 0],
							"uv": {
								"north": {"uv": [53, 120], "uv_size": [1, 1]},
								"east": {"uv": [120, 53], "uv_size": [1, 1]},
								"south": {"uv": [54, 120], "uv_size": [1, 1]},
								"west": {"uv": [120, 54], "uv_size": [1, 1]},
								"up": {"uv": [55, 120], "uv_size": [1, 1]},
								"down": {"uv": [120, 56], "uv_size": [1, -1]}
							}
						},
						{
							"origin": [-0.802, 28.452, 4.898],
							"size": [0.3, 1.2, 0.4],
							"pivot": [0, 28.17808, 5.098],
							"rotation": [-90, 0, 0],
							"uv": {
								"north": {"uv": [50, 120], "uv_size": [1, 1]},
								"east": {"uv": [120, 50], "uv_size": [1, 1]},
								"south": {"uv": [51, 120], "uv_size": [1, 1]},
								"west": {"uv": [120, 51], "uv_size": [1, 1]},
								"up": {"uv": [52, 120], "uv_size": [1, 1]},
								"down": {"uv": [120, 53], "uv_size": [1, -1]}
							}
						},
						{
							"origin": [0.502, 28.47232, 5.51305],
							"size": [0.3, 0.95, 0.4],
							"pivot": [0, 28.17808, 5.098],
							"rotation": [-64.5, 0, 180],
							"uv": {
								"north": {"uv": [47, 120], "uv_size": [1, 1]},
								"east": {"uv": [120, 47], "uv_size": [1, 1]},
								"south": {"uv": [48, 120], "uv_size": [1, 1]},
								"west": {"uv": [120, 48], "uv_size": [1, 1]},
								"up": {"uv": [49, 120], "uv_size": [1, 1]},
								"down": {"uv": [120, 50], "uv_size": [1, -1]}
							}
						},
						{
							"origin": [-0.277, 29.39663, 5.19857],
							"size": [0.55, 0.1, 0.2],
							"pivot": [0, 28.17808, 5.098],
							"rotation": [-87.5, 0, 0],
							"uv": {
								"north": {"uv": [44, 120], "uv_size": [1, 1]},
								"east": {"uv": [120, 44], "uv_size": [1, 1]},
								"south": {"uv": [45, 120], "uv_size": [1, 1]},
								"west": {"uv": [120, 45], "uv_size": [1, 1]},
								"up": {"uv": [46, 120], "uv_size": [1, 1]},
								"down": {"uv": [120, 47], "uv_size": [1, -1]}
							}
						},
						{
							"origin": [0.88049, 28.34004, 5.1568],
							"size": [0.35, 0.1, 0.2],
							"pivot": [0, 28.17808, 5.098],
							"rotation": [0, -90, -87.5],
							"uv": {
								"north": {"uv": [120, 40], "uv_size": [1, 1]},
								"east": {"uv": [120, 41], "uv_size": [1, 1]},
								"south": {"uv": [42, 120], "uv_size": [1, 1]},
								"west": {"uv": [120, 42], "uv_size": [1, 1]},
								"up": {"uv": [43, 120], "uv_size": [1, 1]},
								"down": {"uv": [120, 44], "uv_size": [1, -1]}
							}
						},
						{
							"origin": [-1.23049, 28.34004, 5.1568],
							"size": [0.35, 0.1, 0.2],
							"pivot": [0, 28.17808, 5.098],
							"rotation": [0, 90, 87.5],
							"uv": {
								"north": {"uv": [35, 120], "uv_size": [1, 1]},
								"east": {"uv": [120, 35], "uv_size": [1, 1]},
								"south": {"uv": [120, 36], "uv_size": [1, 1]},
								"west": {"uv": [120, 37], "uv_size": [1, 1]},
								"up": {"uv": [120, 38], "uv_size": [1, 1]},
								"down": {"uv": [120, 40], "uv_size": [1, -1]}
							}
						},
						{
							"origin": [-0.277, 28.94705, 5.17894],
							"size": [0.55, 0.1, 0.2],
							"pivot": [0, 28.17808, 5.098],
							"rotation": [-87.5, 0, 0],
							"uv": {
								"north": {"uv": [32, 120], "uv_size": [1, 1]},
								"east": {"uv": [120, 32], "uv_size": [1, 1]},
								"south": {"uv": [33, 120], "uv_size": [1, 1]},
								"west": {"uv": [120, 33], "uv_size": [1, 1]},
								"up": {"uv": [34, 120], "uv_size": [1, 1]},
								"down": {"uv": [120, 35], "uv_size": [1, -1]}
							}
						},
						{
							"origin": [-0.277, 28.41836, 4.73976],
							"size": [0.55, 0.575, 0.65],
							"pivot": [0, 28.17808, 5.098],
							"rotation": [-110, 0, 0],
							"uv": {
								"north": {"uv": [120, 28], "uv_size": [1, 1]},
								"east": {"uv": [120, 29], "uv_size": [1, 1]},
								"south": {"uv": [30, 120], "uv_size": [1, 1]},
								"west": {"uv": [120, 30], "uv_size": [1, 1]},
								"up": {"uv": [31, 120], "uv_size": [1, 1]},
								"down": {"uv": [120, 32], "uv_size": [1, -1]}
							}
						},
						{
							"origin": [-0.877, 28.31327, 4.77214],
							"size": [1.75, 0.55, 0.55],
							"pivot": [0, 28.17808, 5.098],
							"rotation": [-112.5, 0, 0],
							"uv": {
								"north": {"uv": [118, 21], "uv_size": [2, 1]},
								"east": {"uv": [120, 26], "uv_size": [1, 1]},
								"south": {"uv": [118, 28], "uv_size": [2, 1]},
								"west": {"uv": [120, 27], "uv_size": [1, 1]},
								"up": {"uv": [118, 29], "uv_size": [2, 1]},
								"down": {"uv": [30, 119], "uv_size": [2, -1]}
							}
						}
					]
				}
			]
		}
	]
}