{
    "cheytacm200_a1_draw": {
        "sounds": [
            {
                "name": "pointblank:cheytacm200_a1_draw",
                "stream": false
            }
        ]
    },
    "cheytacm200_b1_shot": {
        "sounds": [
            {
                "name": "pointblank:cheytacm200_b1_shot",
                "stream": false
            }
        ]
    },
    "cheytacm200_b2_rechamber_open": {
        "sounds": [
            {
                "name": "pointblank:cheytacm200_b2_rechamber_open",
                "stream": false
            }
        ]
    },
    "cheytacm200_b3_rechamber_close": {
        "sounds": [
            {
                "name": "pointblank:cheytacm200_b3_rechamber_close",
                "stream": false
            }
        ]
    },
    "cheytacm200_c1_bolt_open": {
        "sounds": [
            {
                "name": "pointblank:cheytacm200_c1_bolt_open",
                "stream": false
            }
        ]
    },
    "cheytacm200_c2_reload_magazine_out": {
        "sounds": [
            {
                "name": "pointblank:cheytacm200_c2_reload_magazine_out",
                "stream": false
            }
        ]
    },
    "cheytacm200_c3_reload_magazine_in": {
        "sounds": [
            {
                "name": "pointblank:cheytacm200_c3_reload_magazine_in",
                "stream": false
            }
        ]
    },
    "cheytacm200_c4_bolt_close": {
        "sounds": [
            {
                "name": "pointblank:cheytacm200_c4_bolt_close",
                "stream": false
            }
        ]
    },
    "cheytacm200_d1_magready": {
        "sounds": [
            {
                "name": "pointblank:cheytacm200_d1_magready",
                "stream": false
            }
        ]
    },
    "cheytacm200_d2_inspect": {
        "sounds": [
            {
                "name": "pointblank:cheytacm200_d2_inspect",
                "stream": false
            }
        ]
    },
    "cheytacm200_d3_inspect2": {
        "sounds": [
            {
                "name": "pointblank:cheytacm200_d3_inspect2",
                "stream": false
            }
        ]
    },
    "cheytacm200_d4_inspect3": {
        "sounds": [
            {
                "name": "pointblank:cheytacm200_d4_inspect3",
                "stream": false
            }
        ]
    }
}