{
  "credit": "Made by Makteno",
  "parent": "builtin/entity",
  "texture_size": [
    32,
    32
  ],
  "display": {
    "thirdperson_righthand": {
      "rotation": [
        5,
        0,
        0
      ],
      "translation": [
        -0.75,
        -5.25,
        1
      ],
      "scale": [
        0.3,
        0.3,
        0.3
      ]
    },
    "firstperson_righthand": {
      "rotation": [
        71,
        -4,
        0
      ],
      "translation": [
        1,
        -2.25,
        0.25
      ]
    },
    "firstperson_lefthand": {
      "rotation": [
        -30.29,
        14.58,
        10.03
      ],
      "translation": [
        0.25,
        0,
        0.25
      ]
    },
    "ground": {
      "translation": [
        0,
        -1.75,
        0
      ]
    },
    "gui": {
      "rotation": [
        98,
        50,
        -132
      ],
      "translation": [
        2.75,
        -3.25,
        0
      ],
      "scale": [
        0.84,
        0.84,
        0.85
      ]
    },
    "head": {
      "translation": [
        0,
        1,
        0
      ]
    },
    "fixed": {
      "rotation": [
        77.7,
        -71.82,
        82.56
      ],
      "translation": [
        -1,
        -1.5,
        0
      ],
      "scale": [
        2.01,
        2.01,
        2.01
      ]
    }
  }
}