{
"loader": "forge:separate_transforms",
  "gui_light": "front",
  "base": 
{
  "credit": "Made by Makteno",
  "parent": "builtin/entity",
  "texture_size": [
    128,
    128
  ],
  "display": {
    "thirdperson_righthand": {
      "rotation": [
        5,
        0,
        0
      ],
      "translation": [
        -0.75,
        -5.25,
        1
      ],
      "scale": [
        0.3,
        0.3,
        0.3
      ]
    },
    "firstperson_righthand": {
      "rotation": [
        3,
        4,
        7
      ],
      "translation": [
        3,
        -20,
        0.25
      ]
    },
    "ground": {
      "translation": [
        0,
        -8,
        0
      ],
      "scale": [
        0.39,
        0.37,
        0.36
      ]
    }
  }
},
  "perspectives": {
    "gui": {
      "parent": "item/generated",
      "textures": {
        "layer0": "pointblank:item/s_rpg.icon"
      }
    }
  }
}