{
	"format_version": "1.8.0",
	"animations": {
		"animation.model.draw": {
			"loop": true,
			"animation_length": 1.2,
			"bones": {
				"main": {
					"rotation": {
						"0.0": {
							"vector": [32.09413, -54.38778, -8.29667]
						},
						"0.35": {
							"vector": [0.50518, -5.08075, 6.8716],
							"easing": "easeOutSine"
						},
						"0.5": {
							"vector": [0.32389, -0.60235, -2.1558],
							"easing": "linear"
						},
						"0.6": {
							"vector": [0, 0, 0],
							"easing": "linear"
						}
					},
					"position": {
						"0.0": {
							"vector": [0, -17.3, 0]
						},
						"0.25": {
							"vector": [-0.4, -2.525, -1.625],
							"easing": "linear"
						},
						"0.4": {
							"vector": [-0.05, 0, -2.49],
							"easing": "linear"
						},
						"0.55": {
							"vector": [0, 0, 0],
							"easing": "linear"
						}
					}
				},
				"leftarm": {
					"rotation": {
						"0.0": {
							"vector": [0, 0, 0]
						},
						"0.2": {
							"vector": [1, 0, -22]
						},
						"0.4": {
							"vector": [0, 0, 0]
						}
					},
					"position": {
						"0.0": {
							"vector": [0, 0, 0]
						},
						"0.2": {
							"vector": [3.53901, 3.6754, 5.59783]
						},
						"0.4": {
							"vector": [0, 0, 0]
						}
					}
				}
			}
		},
		"animation.model.inspect": {
			"loop": true,
			"animation_length": 4.26667,
			"bones": {
				"main": {
					"rotation": {
						"0.0": {
							"vector": [0, 0, 0]
						},
						"0.1667": {
							"vector": [-8.41746, -13.59608, -21.21259],
							"easing": "linear"
						},
						"0.3": {
							"vector": [-8.39812, -20.10111, -31.77688]
						},
						"0.4333": {
							"vector": [-9.55676, -20.88889, -28.55629]
						},
						"0.5333": {
							"vector": [-8.77652, -21.21647, -30.72851]
						},
						"0.7667": {
							"vector": [-9.4227, -20.94881, -28.93303]
						},
						"1.0": {
							"vector": [-3.1216, -20.98207, -46.44405]
						},
						"1.1333": {
							"vector": [-4.564, -20.73064, -42.44007]
						},
						"1.2333": {
							"vector": [-4.86325, -20.9153, -41.60203]
						},
						"1.3667": {
							"vector": [-17.08425, -13.24942, 6.45627]
						},
						"1.6333": {
							"vector": [-70.48819, -13.97869, 82.17584]
						},
						"1.7333": {
							"vector": [-82.90418, 0.15331, 85.88751]
						},
						"2.2333": {
							"vector": [-82.89412, -2.33082, 85.58084]
						},
						"2.5": {
							"vector": [-82.90418, 0.15331, 85.88751]
						},
						"2.6": {
							"vector": [7.77287, 17.42863, 41.24827]
						},
						"3.0667": {
							"vector": [0, 0, 0]
						},
						"3.4": {
							"vector": [-15.61778, 7.73186, 65.16659]
						},
						"3.6667": {
							"vector": [-15.9801, 6.93689, 62.33342]
						},
						"3.8": {
							"vector": [-8.86998, 2.42135, 33.56191]
						},
						"3.9": {
							"vector": [0, -1.75, -2.75]
						},
						"4.0667": {
							"vector": [0, 0, 0]
						}
					},
					"position": {
						"0.0": {
							"vector": [0, 0, 0]
						},
						"0.3": {
							"vector": [-0.475, 1.475, -8.7]
						},
						"0.4": {
							"vector": [-0.195, 1, -7.7]
						},
						"0.5333": {
							"vector": [-0.03, 0.725, -7.7]
						},
						"0.7": {
							"vector": [0, 1.125, -7.7]
						},
						"0.9": {
							"vector": [0.125, 1.4, -8.275]
						},
						"1.2": {
							"vector": [-0.02, 1.475, -8]
						},
						"1.3667": {
							"vector": [0.09, 3.43, -8.15]
						},
						"1.6": {
							"vector": [8.02, 1.64, -3.87]
						},
						"1.6333": {
							"vector": [9.15, 1.38, -2.12]
						},
						"1.7333": {
							"vector": [5.51, -1.35, -10.91]
						},
						"1.9": {
							"vector": [4.51, -1.35, -10.91]
						},
						"2.1": {
							"vector": [5.79, -0.35, -10.91]
						},
						"2.3333": {
							"vector": [6.68, -1.35, -10.91]
						},
						"2.5": {
							"vector": [5.51, -1.35, -10.91]
						},
						"2.6": {
							"vector": [4.6, -1.47, -9.55]
						},
						"2.9": {
							"vector": [-0.53, -1.5, -9.27]
						},
						"3.4": {
							"vector": [-0.49, -1.41, -9.3]
						},
						"3.6": {
							"vector": [-0.545, -1.325, -9.325]
						},
						"3.7333": {
							"vector": [-1.005, -0.61, -7.41]
						},
						"3.9667": {
							"vector": [0, 0, 0]
						}
					}
				},
				"leftarm": {
					"rotation": {
						"0.0": {
							"vector": [0, 0, 0]
						},
						"0.1667": {
							"vector": [0, 0, -2.5]
						},
						"1.7333": {
							"vector": [0, 0, -2.5]
						},
						"3.2667": {
							"vector": [0, 0, -2.5]
						},
						"3.4": {
							"vector": [-20, 0, -45]
						},
						"3.5667": {
							"vector": [0, 0, 0]
						},
						"3.8": {
							"vector": [0, 0, 0]
						}
					},
					"position": {
						"0.0": {
							"vector": [0, 0, 0]
						},
						"0.1667": {
							"vector": [11.23986, -30.20851, 24.64864]
						},
						"1.7333": {
							"vector": [67.23986, -30.20851, 24.64864]
						},
						"2.4333": {
							"vector": [58.67, -30.21, 24.65]
						},
						"3.2667": {
							"vector": [11.23986, -30.20851, 24.64864]
						},
						"3.4": {
							"vector": [46.35, 6.25, 2.33]
						},
						"3.5667": {
							"vector": [31, 0, 0]
						},
						"3.8": {
							"vector": [0, 0, 0]
						}
					}
				},
				"gun": {
					"rotation": {
						"2.6": {
							"vector": [0, 0, 0]
						},
						"2.7333": {
							"vector": [130, 0, 0]
						},
						"2.8667": {
							"vector": [350, 0, 0]
						},
						"2.9": {
							"vector": [0, 0, 0]
						}
					},
					"position": {
						"2.6": {
							"vector": [0, 0, 0]
						},
						"2.7333": {
							"vector": [0, 0, 8]
						},
						"2.9": {
							"vector": [0, 0, 0]
						}
					}
				},
				"magazine": {
					"rotation": {
						"0.0": {
							"vector": [0, 0, 0]
						},
						"2.6": {
							"vector": [0, 0, 0]
						},
						"2.7333": {
							"vector": [130, 0, 0]
						},
						"2.8667": {
							"vector": [350, 0, 0]
						},
						"2.9": {
							"vector": [0, 0, 0]
						}
					},
					"position": {
						"0.0": {
							"vector": [0, 0, 0]
						},
						"2.6": {
							"vector": [0, 0, 0]
						},
						"2.6333": {
							"vector": [0, -3, -3.75]
						},
						"2.6667": {
							"vector": [0, -7.67, -6.17]
						},
						"2.7": {
							"vector": [0, -13.84, -4.58]
						},
						"2.7333": {
							"vector": [0, -20, 1]
						},
						"2.8667": {
							"vector": [0, 0, 3]
						},
						"2.9": {
							"vector": [0, 0, 0]
						}
					}
				},
				"rightarm": {
					"rotation": {
						"0.0": {
							"vector": [0, 0, 0]
						},
						"1.3": {
							"vector": [0, 0, 0]
						},
						"1.3667": {
							"vector": [3.87324, 32.21572, -4.3571]
						},
						"1.5": {
							"vector": [-18.67073, 24.19817, -25.41374]
						},
						"1.6": {
							"vector": [-34.47128, 50.77584, -60.97244]
						},
						"1.6333": {
							"vector": [-29.58413, 76.3726, -69.6067]
						},
						"2.4": {
							"vector": [-29.58413, 76.3726, -69.6067]
						},
						"2.5": {
							"vector": [-28.58887, 64.05283, -39.26997]
						},
						"2.6": {
							"vector": [-12.03259, 18.28828, -8.14444]
						},
						"2.8": {
							"vector": [0, 0, 0]
						}
					},
					"position": {
						"0.0": {
							"vector": [0, 0, 0]
						},
						"1.3": {
							"vector": [0, 0, 0]
						},
						"1.3667": {
							"vector": [11, 0, 0]
						},
						"1.5": {
							"vector": [13.33, 1, 2]
						},
						"1.6": {
							"vector": [21.17, 2, -5]
						},
						"1.6333": {
							"vector": [26, 13, -8]
						},
						"2.4": {
							"vector": [26, 13, -8]
						},
						"2.5": {
							"vector": [26, 1, -9]
						},
						"2.6": {
							"vector": [11, -7, 7]
						},
						"2.8": {
							"vector": [0, 0, 0]
						}
					}
				}
			}
		},
		"animation.model.reloadempty": {
			"loop": true,
			"animation_length": 1.7,
			"bones": {
				"main": {
					"rotation": {
						"0.0": {
							"vector": [0, 0, 0]
						},
						"0.1333": {
							"vector": [-5.21485, -2.95862, -15.29475]
						},
						"0.2": {
							"vector": [-5.32661, -2.7519, -13.05148]
						},
						"0.3": {
							"vector": [-6.02889, 0.16976, 5.24751]
						},
						"0.4": {
							"vector": [-6.24711, -1.203, -0.38662]
						},
						"0.5333": {
							"vector": [-6.11401, -0.24184, -2.94553]
						},
						"0.6667": {
							"vector": [-5.5641, -3.67217, -16.73407]
						},
						"0.8": {
							"vector": [-10.54068, -5.40889, -15.85344]
						},
						"0.9333": {
							"vector": [-10.32319, -5.81634, -18.0769]
						},
						"1.0667": {
							"vector": [-10.49374, -5.50015, -16.34727]
						},
						"1.1667": {
							"vector": [-10.09618, -4.49399, -11.83699]
						},
						"1.2667": {
							"vector": [-9.81694, -4.4529, -6.08262]
						},
						"1.4": {
							"vector": [-5.35749, -3.38984, -21.36846]
						},
						"1.5": {
							"vector": [-3.68785, -3.32623, -20.36901]
						},
						"1.6": {
							"vector": [0.65978, 0.18913, -3.84963]
						},
						"1.7": {
							"vector": [0, 0, 0]
						}
					},
					"position": {
						"0.0": {
							"vector": [0, 0, 0]
						},
						"0.0667": {
							"vector": [-0.575, 0, 0]
						},
						"0.1667": {
							"vector": [-0.38, 0.875, 0.35]
						},
						"0.3": {
							"vector": [-0.705, -3.5, -0.675]
						},
						"0.4333": {
							"vector": [-1.2, -2.62, -1.475]
						},
						"0.6": {
							"vector": [-0.705, -1.9, -1.575]
						},
						"0.7333": {
							"vector": [-0.55, -1.27, -3.6]
						},
						"0.8667": {
							"vector": [-0.7, -0.55, -1.85]
						},
						"0.9667": {
							"vector": [-0.85, -0.45, -1.3]
						},
						"1.0333": {
							"vector": [-1.025, -0.475, -1.3]
						},
						"1.1333": {
							"vector": [-1.075, -0.2, -1.3]
						},
						"1.2": {
							"vector": [-1.575, 0.5, -0.775]
						},
						"1.3": {
							"vector": [-1.075, -0.225, -1.025]
						},
						"1.4333": {
							"vector": [-0.43, -0.51, -0.98]
						},
						"1.5667": {
							"vector": [0.34, -0.865, -2.46]
						},
						"1.6667": {
							"vector": [0, 0, 0]
						}
					}
				},
				"bullet": {
					"position": {
						"0.0": {
							"vector": [0, -1, 0]
						},
						"0.6667": {
							"vector": [0, -1, 0]
						},
						"0.7": {
							"vector": [0, 0, 0]
						}
					}
				},
				"leftarm": {
					"rotation": {
						"0.0": {
							"vector": [0, 0, 0]
						},
						"0.0667": {
							"vector": [-19.45644, -5.86858, 7.49224]
						},
						"0.1333": {
							"vector": [-19.1063, -9.63723, 4.18713]
						},
						"0.2333": {
							"vector": [-19.1063, -9.63723, 4.18713]
						},
						"0.3333": {
							"vector": [-19.1063, -9.63723, 4.18713]
						},
						"0.8": {
							"vector": [9.84584, 4.15599, 15.03241]
						},
						"0.9": {
							"vector": [9.77665, 5.80251, 14.43551]
						},
						"0.9667": {
							"vector": [6.77665, 5.80251, 14.43551]
						},
						"1.0333": {
							"vector": [6.85598, 4.18921, 15.11822]
						},
						"1.1": {
							"vector": [1.97607, -0.42396, 17.05086]
						},
						"1.2": {
							"vector": [-6.58808, 3.09309, 15.72168]
						},
						"1.3333": {
							"vector": [-6.58808, 3.09309, 15.72168]
						},
						"1.4": {
							"vector": [0.91192, 3.09309, 15.72168]
						},
						"1.5333": {
							"vector": [0, 0, 0]
						}
					},
					"position": {
						"0.0": {
							"vector": [0, 0, 0]
						},
						"0.0667": {
							"vector": [0, -8.975, 1.45]
						},
						"0.1333": {
							"vector": [2, 7.025, -9.55]
						},
						"0.2333": {
							"vector": [2, 7.025, -9.55]
						},
						"0.3333": {
							"vector": [16, 7.025, -9.55]
						},
						"0.6667": {
							"vector": [16.945, -33.32, -4.02]
						},
						"0.8": {
							"vector": [9.565, 10.23, -2.02]
						},
						"0.9": {
							"vector": [7.565, 13.23, -2.02]
						},
						"0.9667": {
							"vector": [5.565, 12.23, -2.02]
						},
						"1.0333": {
							"vector": [1.565, 11.23, -2.02]
						},
						"1.1": {
							"vector": [0.565, 10.23, -2.02]
						},
						"1.2": {
							"vector": [2.57, 8.23, -4.02]
						},
						"1.3333": {
							"vector": [2.57, 8.23, -4.02]
						},
						"1.4": {
							"vector": [9.565, 10.23, -2.02]
						},
						"1.5333": {
							"vector": [0, 0, 0]
						}
					}
				},
				"magazine": {
					"rotation": {
						"0.0": {
							"vector": [0, 0, 0]
						},
						"0.2333": {
							"vector": [0, 0, 0]
						},
						"0.6667": {
							"vector": [0, 0, 0]
						},
						"0.8": {
							"vector": [-8.5, -2, 1.25]
						},
						"0.9": {
							"vector": [-8.44764, 1.25068, -0.24794]
						},
						"1.0333": {
							"vector": [0, 0, 0]
						},
						"1.1": {
							"vector": [0, 0, 0]
						},
						"1.2": {
							"vector": [0, 0, 0]
						}
					},
					"position": {
						"0.0": {
							"vector": [0, 0, 0]
						},
						"0.2333": {
							"vector": [0, 0, 0]
						},
						"0.3333": {
							"vector": [14, 0, 0]
						},
						"0.6667": {
							"vector": [19, -44, 0]
						},
						"0.8": {
							"vector": [10.725, -3.55, -1.9]
						},
						"0.9": {
							"vector": [6.125, 1.395, -2.075]
						},
						"1.0333": {
							"vector": [1.5, 0, 0]
						},
						"1.1": {
							"vector": [1.5, 0, 0]
						},
						"1.2": {
							"vector": [0, 0, 0]
						}
					}
				}
			},
			"sound_effects": {
				"0.1": {
					"effect": "dbshotgun_open"
				},
				"0.5": {
					"effect": "foley_start"
				},
				"0.8333": {
					"effect": "dbshotgun_close"
				},
				"1.5": {
					"effect": "foley_end"
				}
			}
		},
		"animation.model.reload": {
			"loop": true,
			"animation_length": 1.7,
			"bones": {
				"main": {
					"rotation": {
						"0.0": {
							"vector": [0, 0, 0]
						},
						"0.1333": {
							"vector": [-5.21485, -2.95862, -15.29475]
						},
						"0.2": {
							"vector": [-5.32661, -2.7519, -13.05148]
						},
						"0.3": {
							"vector": [-6.02889, 0.16976, 5.24751]
						},
						"0.4": {
							"vector": [-6.24711, -1.203, -0.38662]
						},
						"0.5333": {
							"vector": [-6.11401, -0.24184, -2.94553]
						},
						"0.6667": {
							"vector": [-5.5641, -3.67217, -16.73407]
						},
						"0.8": {
							"vector": [-10.54068, -5.40889, -15.85344]
						},
						"0.9333": {
							"vector": [-10.32319, -5.81634, -18.0769]
						},
						"1.0667": {
							"vector": [-10.49374, -5.50015, -16.34727]
						},
						"1.1667": {
							"vector": [-10.09618, -4.49399, -11.83699]
						},
						"1.2667": {
							"vector": [-9.81694, -4.4529, -6.08262]
						},
						"1.4": {
							"vector": [-5.35749, -3.38984, -21.36846]
						},
						"1.5": {
							"vector": [-3.68785, -3.32623, -20.36901]
						},
						"1.6": {
							"vector": [0.65978, 0.18913, -3.84963]
						},
						"1.7": {
							"vector": [0, 0, 0]
						}
					},
					"position": {
						"0.0": {
							"vector": [0, 0, 0]
						},
						"0.0667": {
							"vector": [-0.575, 0, 0]
						},
						"0.1667": {
							"vector": [-0.38, 0.875, 0.35]
						},
						"0.3": {
							"vector": [-0.705, -3.5, -0.675]
						},
						"0.4333": {
							"vector": [-1.2, -2.62, -1.475]
						},
						"0.6": {
							"vector": [-0.705, -1.9, -1.575]
						},
						"0.7333": {
							"vector": [-0.55, -1.27, -3.6]
						},
						"0.8667": {
							"vector": [-0.7, -0.55, -1.85]
						},
						"0.9667": {
							"vector": [-0.85, -0.45, -1.3]
						},
						"1.0333": {
							"vector": [-1.025, -0.475, -1.3]
						},
						"1.1333": {
							"vector": [-1.075, -0.2, -1.3]
						},
						"1.2": {
							"vector": [-1.575, 0.5, -0.775]
						},
						"1.3": {
							"vector": [-1.075, -0.225, -1.025]
						},
						"1.4333": {
							"vector": [-0.43, -0.51, -0.98]
						},
						"1.5667": {
							"vector": [0.34, -0.865, -2.46]
						},
						"1.6667": {
							"vector": [0, 0, 0]
						}
					}
				},
				"bullet": {
					"position": {
						"0.0": {
							"vector": [0, -1, 0]
						},
						"0.6667": {
							"vector": [0, -1, 0]
						},
						"0.7": {
							"vector": [0, 0, 0]
						}
					}
				},
				"leftarm": {
					"rotation": {
						"0.0": {
							"vector": [0, 0, 0]
						},
						"0.0667": {
							"vector": [-19.45644, -5.86858, 7.49224]
						},
						"0.1333": {
							"vector": [-19.1063, -9.63723, 4.18713]
						},
						"0.2333": {
							"vector": [-19.1063, -9.63723, 4.18713]
						},
						"0.3333": {
							"vector": [-19.1063, -9.63723, 4.18713]
						},
						"0.8": {
							"vector": [9.84584, 4.15599, 15.03241]
						},
						"0.9": {
							"vector": [9.77665, 5.80251, 14.43551]
						},
						"0.9667": {
							"vector": [6.77665, 5.80251, 14.43551]
						},
						"1.0333": {
							"vector": [6.85598, 4.18921, 15.11822]
						},
						"1.2": {
							"vector": [0.91192, 3.09309, 15.72168]
						},
						"1.3": {
							"vector": [-6.58808, 3.09309, 15.72168]
						},
						"1.3667": {
							"vector": [0.91192, 3.09309, 15.72168]
						},
						"1.5": {
							"vector": [0, 0, 0]
						}
					},
					"position": {
						"0.0": {
							"vector": [0, 0, 0]
						},
						"0.0667": {
							"vector": [0, -8.975, 1.45]
						},
						"0.1333": {
							"vector": [2, 7.025, -9.55]
						},
						"0.2333": {
							"vector": [2, 7.025, -9.55]
						},
						"0.3333": {
							"vector": [16, 7.025, -9.55]
						},
						"0.6667": {
							"vector": [16.945, -33.32, -4.02]
						},
						"0.8": {
							"vector": [9.565, 10.23, -2.02]
						},
						"0.9": {
							"vector": [7.565, 13.23, -2.02]
						},
						"0.9667": {
							"vector": [5.565, 12.23, -2.02]
						},
						"1.0333": {
							"vector": [1.565, 11.23, -2.02]
						},
						"1.2": {
							"vector": [6.565, 10.23, -2.02]
						},
						"1.3": {
							"vector": [2.57, 8.23, -4.02]
						},
						"1.3667": {
							"vector": [9.565, 10.23, -2.02]
						},
						"1.5": {
							"vector": [0, 0, 0]
						}
					}
				},
				"magazine": {
					"rotation": {
						"0.0": {
							"vector": [0, 0, 0]
						},
						"0.2333": {
							"vector": [0, 0, 0]
						},
						"0.6667": {
							"vector": [0, 0, 0]
						},
						"0.8": {
							"vector": [-8.5, -2, 1.25]
						},
						"0.9": {
							"vector": [-8.44764, 1.25068, -0.24794]
						},
						"1.0333": {
							"vector": [0, 0, 0]
						},
						"1.2333": {
							"vector": [0, 0, 0]
						},
						"1.3": {
							"vector": [0, 0, 0]
						}
					},
					"position": {
						"0.0": {
							"vector": [0, 0, 0]
						},
						"0.2333": {
							"vector": [0, 0, 0]
						},
						"0.3333": {
							"vector": [14, 0, 0]
						},
						"0.6667": {
							"vector": [19, -44, 0]
						},
						"0.8": {
							"vector": [10.725, -3.55, -1.9]
						},
						"0.9": {
							"vector": [6.125, 1.395, -2.075]
						},
						"1.0333": {
							"vector": [1.5, 0, 0]
						},
						"1.2333": {
							"vector": [1.5, 0, 0]
						},
						"1.3": {
							"vector": [0, 0, 0]
						}
					}
				}
			},
			"sound_effects": {
				"0.1": {
					"effect": "dbshotgun_open"
				},
				"0.5": {
					"effect": "foley_start"
				},
				"0.8333": {
					"effect": "dbshotgun_close"
				},
				"1.2667": {
					"effect": "m4_press"
				},
				"1.5": {
					"effect": "foley_end"
				}
			}
		},
		"animation.model.fire": {
			"animation_length": 0.6,
			"bones": {
				"main": {
					"rotation": {
						"0.0": {
							"vector": [0, 0, 0]
						},
						"0.05": {
							"vector": [-8.70704, -2.00287, -6.82365]
						},
						"0.175": {
							"vector": [-4.73303, -1.97055, -6.0739]
						},
						"0.225": {
							"vector": [-4.60652, -1.80399, -2.32556]
						},
						"0.325": {
							"vector": [-0.61934, 0.1901, 0.17584]
						},
						"0.425": {
							"vector": [0, 0, 0]
						}
					},
					"position": {
						"0.0": {
							"vector": [0, 0, 0]
						},
						"0.05": {
							"vector": [-0.375, -0.9, 6.575]
						},
						"0.125": {
							"vector": [-0.63, -0.4, 3.375]
						},
						"0.225": {
							"vector": [-0.39, -0.44, 4.06]
						},
						"0.375": {
							"vector": [0, 0, 0]
						}
					}
				},
				"pump": {
					"rotation": {
						"0.0": {
							"vector": [0, 0, 0]
						},
						"0.2": {
							"vector": [0, 0, 0]
						},
						"0.525": {
							"vector": [0, 0, 0]
						}
					},
					"position": {
						"0.0": {
							"vector": [0, 0, 0]
						},
						"0.2": {
							"vector": [0, 0, 0]
						},
						"0.275": {
							"vector": [0, 0, 12.5]
						},
						"0.45": {
							"vector": [0, 0, 12.5]
						},
						"0.525": {
							"vector": [0, 0, 0]
						}
					}
				},
				"action": {
					"rotation": {
						"0.0": {
							"vector": [0, 0, 0]
						},
						"0.2": {
							"vector": [0, 0, 0]
						},
						"0.525": {
							"vector": [0, 0, 0]
						}
					},
					"position": {
						"0.0": {
							"vector": [0, 0, 0]
						},
						"0.2": {
							"vector": [0, 0, 0]
						},
						"0.275": {
							"vector": [0, 0, 8.6]
						},
						"0.45": {
							"vector": [0, 0, 8.6]
						},
						"0.525": {
							"vector": [0, 0, 0]
						}
					}
				},
				"shell": {
					"rotation": {
						"0.0": {
							"vector": [0, 0, 0]
						},
						"0.2": {
							"vector": [0, 0, 0]
						},
						"0.25": {
							"vector": [11.25, 0, 0]
						},
						"0.3": {
							"vector": [1.04852, 17.49725, 0.31528]
						},
						"0.35": {
							"vector": [40.13672, -11.72631, -51.54685]
						},
						"0.4": {
							"vector": [77.01537, 30.7905, -125.02275]
						},
						"0.5": {
							"vector": [0, 0, 0]
						},
						"0.6": {
							"vector": [0, 0, 0]
						}
					},
					"position": {
						"0.0": {
							"vector": [0, 0, 0]
						},
						"0.2": {
							"vector": [0, 0, 0]
						},
						"0.25": {
							"vector": [-0.075, 3.45, 7.05]
						},
						"0.3": {
							"vector": [-1.87, 3.55, 9]
						},
						"0.35": {
							"vector": [-22.37, 4.175, 7.05]
						},
						"0.4": {
							"vector": [-58.615, -14.15, 7.05]
						},
						"0.45": {
							"vector": [-58.62, -42.175, 7.05]
						},
						"0.5": {
							"vector": [3.105, -42.18, 35.15]
						},
						"0.55": {
							"vector": [0.125, -0.79, 25.455]
						},
						"0.6": {
							"vector": [0, 0, 0]
						}
					},
					"scale": {
						"0.0": {
							"vector": [1, 1, 1]
						},
						"0.2": {
							"vector": [1, 1, 1]
						},
						"0.45": {
							"vector": [1, 1, 1]
						},
						"0.5": {
							"vector": [0.2625, 0.19, 0.0575]
						},
						"0.55": {
							"vector": [0.2625, 0.19, 0.0575]
						},
						"0.6": {
							"vector": [1, 1, 1]
						}
					}
				}
			}
		},
		"animation.model.completefire": {
			"animation_length": 1,
			"sound_effects": {
				"0.0": {
					"effect": "cog4"
				}
			}
		}
	},
	"geckolib_format_version": 2
}