{
	"format_version": "1.8.0",
	"animations": {
		"animation.model.draw": {
			"loop": true,
			"animation_length": 1.2,
			"bones": {
				"main": {
					"rotation": {
						"0.0": {
							"vector": [32.09413, -54.38778, -8.29667]
						},
						"0.2": {
							"vector": [0.50518, -5.08075, 6.8716],
							"easing": "easeOutSine"
						},
						"0.35": {
							"vector": [-17.04014, -3.96115, 4.61475]
						},
						"0.45": {
							"vector": [-17.04014, -3.96115, 4.61475]
						},
						"0.55": {
							"vector": [5.32389, -0.60235, -2.1558],
							"easing": "linear"
						},
						"0.65": {
							"vector": [0, 0, 0],
							"easing": "linear"
						}
					},
					"position": {
						"0.0": {
							"vector": [0, -17.3, 0]
						},
						"0.25": {
							"vector": [-0.4, -2.525, -1.625],
							"easing": "linear"
						},
						"0.4": {
							"vector": [-1.05, 0, -2.49],
							"easing": "linear"
						},
						"0.5": {
							"vector": [0.48, 0, -1.24]
						},
						"0.6": {
							"vector": [0, 0, 0],
							"easing": "linear"
						}
					}
				},
				"leftarm": {
					"rotation": {
						"0.0": {
							"vector": [0, 0, 0]
						},
						"0.2": {
							"vector": [1, 0, -22]
						},
						"0.5": {
							"vector": [21, 0, -22]
						},
						"0.75": {
							"vector": [0, 0, 0]
						}
					},
					"position": {
						"0.0": {
							"vector": [0, -15, -19]
						},
						"0.2": {
							"vector": [30.53901, -23.3246, 5.59783]
						},
						"0.5": {
							"vector": [30.53901, -4.3246, 5.59783]
						},
						"0.75": {
							"vector": [0, 0, 0]
						}
					}
				},
				"rightarm": {
					"rotation": {
						"0.0": {
							"vector": [-37.5, 0, 0]
						},
						"0.2": {
							"vector": [0, 0, 0]
						},
						"0.35": {
							"vector": [-7.5, 0, 0]
						},
						"0.5": {
							"vector": [0, 0, 0]
						}
					},
					"position": {
						"0.0": {
							"vector": [2, -9, 7]
						},
						"0.2": {
							"vector": [0, 0, 13]
						},
						"0.35": {
							"vector": [-9, 0, 10]
						},
						"0.5": {
							"vector": [0, 0, 0]
						}
					}
				}
			},
			"sound_effects": {
				"0.0": {
					"effect": "draw"
				}
			}
		},
		"animation.model.inspect": {
			"loop": true,
			"animation_length": 3.2,
			"bones": {
				"main": {
					"rotation": {
						"0.0": {
							"vector": [0, 0, 0]
						},
						"0.1667": {
							"vector": [-8.41746, -13.59608, -21.21259],
							"easing": "linear"
						},
						"0.3": {
							"vector": [-8.39812, -20.10111, -31.77688]
						},
						"0.4333": {
							"vector": [-9.55676, -20.88889, -28.55629]
						},
						"0.5333": {
							"vector": [-8.77652, -21.21647, -30.72851]
						},
						"0.7667": {
							"vector": [-9.4227, -20.94881, -28.93303]
						},
						"1.0": {
							"vector": [-3.1216, -20.98207, -46.44405]
						},
						"1.1333": {
							"vector": [-4.564, -20.73064, -42.44007]
						},
						"1.2333": {
							"vector": [-4.86325, -20.9153, -41.60203]
						},
						"1.3333": {
							"vector": [-4.58308, -20.97575, -42.38574]
						},
						"1.4667": {
							"vector": [-4.01131, -21.08802, -43.97908]
						},
						"1.6": {
							"vector": [-4.38767, -21.01662, -42.9316]
						},
						"1.7": {
							"vector": [-4.18847, -21.05622, -43.48691],
							"easing": "linear"
						},
						"2.0333": {
							"vector": [-4.19, -21.06, -43.49]
						},
						"2.4": {
							"vector": [0, 0, 0]
						},
						"2.5": {
							"vector": [0, 0, 10]
						},
						"2.9": {
							"vector": [0, 0, -17.5]
						},
						"3.1333": {
							"vector": [0, 0, 0]
						}
					},
					"position": {
						"0.0": {
							"vector": [0, 0, 0]
						},
						"0.3": {
							"vector": [-0.475, 1.475, -8.7]
						},
						"0.4": {
							"vector": [-0.195, 1, -7.7]
						},
						"0.5333": {
							"vector": [-0.03, 0.725, -7.7]
						},
						"0.7": {
							"vector": [0, 1.125, -7.7]
						},
						"0.9": {
							"vector": [0.125, 1.4, -8.275]
						},
						"1.2": {
							"vector": [-0.02, 1.475, -8]
						},
						"1.4": {
							"vector": [0.11, 1.425, -8.175]
						},
						"1.6667": {
							"vector": [0.275, 1.25, -7.975]
						},
						"1.8": {
							"vector": [-0.13, -1.19, -8.65]
						},
						"1.9667": {
							"vector": [-0.545, -1.325, -11.15]
						},
						"2.1333": {
							"vector": [-0.415, -1.395, -10.545]
						},
						"2.2667": {
							"vector": [-0.525, -1.455, -9.17]
						},
						"2.4": {
							"vector": [-0.49, -1.43, -9.85]
						},
						"2.5667": {
							"vector": [-0.455, -1.5, -9.24]
						},
						"2.7667": {
							"vector": [-0.53, -1.5, -9.27]
						},
						"3.0": {
							"vector": [-0.49, -1.41, -9.3]
						},
						"3.1333": {
							"vector": [0, 0, 0]
						}
					}
				},
				"leftarm": {
					"rotation": {
						"0.0": {
							"vector": [0, 0, 0]
						},
						"0.1667": {
							"vector": [0, 0, -2.5]
						},
						"1.7333": {
							"vector": [0, 0, -2.5]
						},
						"2.8333": {
							"vector": [-12.94, 0, -30]
						},
						"3.0333": {
							"vector": [0, 0, 0]
						}
					},
					"position": {
						"0.0": {
							"vector": [0, 0, 0]
						},
						"0.1667": {
							"vector": [11.23986, -30.20851, 24.64864]
						},
						"1.7333": {
							"vector": [11.23986, -30.20851, 24.64864]
						},
						"2.8333": {
							"vector": [8.72, -22.15, 10.21]
						},
						"3.0333": {
							"vector": [0, 0, 0]
						}
					}
				},
				"gun": {
					"rotation": {
						"2.0333": {
							"vector": [0, 0, 0]
						},
						"2.1": {
							"vector": [0, 0, 0]
						},
						"2.2667": {
							"vector": [95, 0, 0]
						},
						"2.4333": {
							"vector": [335, 0, 0]
						},
						"2.5333": {
							"vector": [335, 0, 0]
						},
						"2.8": {
							"vector": [0, 0, 0]
						}
					},
					"position": {
						"0.0": {
							"vector": [0, 0, 0]
						},
						"2.0333": {
							"vector": [0, 0, 0]
						},
						"2.1": {
							"vector": [0, 1.21, -0.13]
						},
						"2.3667": {
							"vector": [0, 7, 10]
						},
						"2.4333": {
							"vector": [0, 4, 3]
						},
						"2.5333": {
							"vector": [0, 4, 3]
						},
						"2.8": {
							"vector": [0, 0, 0]
						}
					}
				},
				"rightarm": {
					"rotation": {
						"2.2": {
							"vector": [0, 0, 0]
						},
						"2.2667": {
							"vector": [0, -12.5, 0]
						}
					},
					"position": {
						"0.0": {
							"vector": [0, 0, 0]
						},
						"2.2": {
							"vector": [0, 0, 0]
						},
						"2.2667": {
							"vector": [-3, 0, 0]
						}
					}
				}
			},
			"sound_effects": {
				"0.0": {
					"effect": "inspect_up"
				},
				"0.8": {
					"effect": "inspect_foley"
				},
				"1.3667": {
					"effect": "inspect_turn"
				},
				"3.2667": {
					"effect": "inspect_down"
				}
			}
		},
		"animation.model.reloadempty": {
			"loop": true,
			"animation_length": 2.13333,
			"bones": {
				"main": {
					"rotation": {
						"0.0": {
							"vector": [0, 0, 0]
						},
						"0.1": {
							"vector": [0.68296, 0.07251, 6.14934]
						},
						"0.2333": {
							"vector": [0.67405, 0.13176, 1.14968]
						},
						"0.3333": {
							"vector": [-36.72196, 3.18496, 0.15595]
						},
						"0.6": {
							"vector": [-36.81339, 0.27801, -3.73141]
						},
						"0.8": {
							"vector": [-36.79729, 1.71755, -1.80879]
						},
						"0.9": {
							"vector": [-36.84, 0.19, -3.85]
						},
						"1.0": {
							"vector": [-26.84, 0.19, -3.85]
						},
						"1.2": {
							"vector": [-26.61997, 3.56725, 2.85116]
						},
						"1.3667": {
							"vector": [-26.61997, 3.56725, 2.85116]
						},
						"1.5": {
							"vector": [-26.00354, 6.89553, 9.60133]
						},
						"1.6667": {
							"vector": [0, 0, 0]
						},
						"1.8333": {
							"vector": [0, 0, 0]
						}
					},
					"position": {
						"0.0": {
							"vector": [0, 0, 0]
						},
						"0.0667": {
							"vector": [-0.575, 0, 0]
						},
						"0.1667": {
							"vector": [-0.38, 0.875, 0.35]
						},
						"0.4333": {
							"vector": [0.5, 0.33, -0.49]
						},
						"0.7": {
							"vector": [-1.24, -0.21, -1.33]
						},
						"0.8667": {
							"vector": [-0.7, -0.55, -1.85]
						},
						"0.9667": {
							"vector": [-0.85, -0.45, -1.3]
						},
						"1.0333": {
							"vector": [-1.025, -0.475, -1.3]
						},
						"1.1333": {
							"vector": [-1.075, -0.2, -1.3]
						},
						"1.2": {
							"vector": [-1.575, 0.5, -0.775]
						},
						"1.3": {
							"vector": [-1.075, -0.225, -1.025]
						},
						"1.4333": {
							"vector": [-0.43, -0.51, -0.98]
						},
						"1.5333": {
							"vector": [-0.505, -0.985, -1.855]
						},
						"1.6333": {
							"vector": [-0.965, -0.92, -1.73]
						},
						"1.8": {
							"vector": [-0.23, -0.81, -2.13]
						},
						"1.9333": {
							"vector": [0.34, -0.865, -2.46]
						},
						"2.0333": {
							"vector": [0, 0, 0]
						}
					}
				},
				"leftarm": {
					"rotation": {
						"0.0": {
							"vector": [0, 0, 0]
						},
						"0.0667": {
							"vector": [-19.45644, -5.86858, 7.49224]
						},
						"0.1333": {
							"vector": [-19.1063, -9.63723, 4.18713]
						},
						"0.5": {
							"vector": [-15.03103, -13.37925, 0.82083]
						},
						"0.7333": {
							"vector": [-12.53103, -13.37925, 0.82083]
						},
						"1.4667": {
							"vector": [-43.91454, 0.46533, 8.88795]
						},
						"1.5667": {
							"vector": [-61.41454, 0.46533, 8.88795]
						},
						"1.6667": {
							"vector": [-61.59736, 0.36747, 3.88557]
						},
						"1.7667": {
							"vector": [-61.59736, 0.36747, 3.88557]
						},
						"2.0333": {
							"vector": [0, 0, 0]
						}
					},
					"position": {
						"0.0": {
							"vector": [0, 0, 0]
						},
						"0.1333": {
							"vector": [9, 0, 13]
						},
						"0.4333": {
							"vector": [-5.42, 11, 16.95]
						},
						"0.6": {
							"vector": [-5.42, 11, 25.95]
						},
						"0.8": {
							"vector": [23.58, 11, 59.95]
						},
						"1.2333": {
							"vector": [1.58, 6, 25.95]
						},
						"1.3": {
							"vector": [-3.42, 6, 22.95]
						},
						"1.4667": {
							"vector": [-1.42, 4, 8.95]
						},
						"1.5333": {
							"vector": [-1.42, 3, 8.95]
						},
						"1.6": {
							"vector": [-1.42, 2, 0.95]
						},
						"1.7333": {
							"vector": [1.58, 3, -0.05]
						},
						"1.8333": {
							"vector": [-1.42, 8, 15.95]
						},
						"1.9": {
							"vector": [13.58, -4, 19.95]
						},
						"2.0333": {
							"vector": [0, 0, 0]
						}
					}
				},
				"bone": {
					"position": {
						"0.2667": {
							"vector": [0, 0, 0]
						},
						"0.4333": {
							"vector": [0, 0, 3]
						},
						"1.5667": {
							"vector": [0, 0, 3]
						},
						"1.6667": {
							"vector": [0, 0, 0]
						}
					}
				},
				"bone2": {
					"position": {
						"0.4333": {
							"vector": [0, 0, 0]
						},
						"0.6": {
							"vector": [0, 0, 9]
						},
						"0.8": {
							"vector": [28, 1, 44]
						},
						"1.3": {
							"vector": [0, 0, 13]
						},
						"1.4667": {
							"vector": [0, 0, 0]
						}
					}
				},
				"spinny": {
					"rotation": {
						"0.3": {
							"vector": [0, 0, 0]
						},
						"0.4333": {
							"vector": [0, 0, 90]
						},
						"1.5667": {
							"vector": [0, 0, 90]
						},
						"1.7": {
							"vector": [0, 0, 0]
						}
					}
				}
			},
			"sound_effects": {
				"0.0667": {
					"effect": "foley_start"
				},
				"0.3": {
					"effect": "pistol_magout"
				},
				"0.7667": {
					"effect": "foley_end"
				},
				"1.3333": {
					"effect": "pistol_magin"
				}
			}
		},
		"animation.model.reload": {
			"loop": true,
			"animation_length": 2.13333,
			"bones": {
				"main": {
					"rotation": {
						"0.0": {
							"vector": [0, 0, 0]
						},
						"0.1": {
							"vector": [0.68296, 0.07251, 6.14934]
						},
						"0.2333": {
							"vector": [0.67405, 0.13176, 1.14968]
						},
						"0.3333": {
							"vector": [-36.72196, 3.18496, 0.15595]
						},
						"0.6": {
							"vector": [-36.81339, 0.27801, -3.73141]
						},
						"0.8": {
							"vector": [-36.79729, 1.71755, -1.80879]
						},
						"0.9": {
							"vector": [-36.84, 0.19, -3.85]
						},
						"1.0": {
							"vector": [-26.84, 0.19, -3.85]
						},
						"1.2": {
							"vector": [-26.61997, 3.56725, 2.85116]
						},
						"1.3667": {
							"vector": [-26.61997, 3.56725, 2.85116]
						},
						"1.5": {
							"vector": [-26.00354, 6.89553, 9.60133]
						},
						"1.6667": {
							"vector": [0, 0, 0]
						},
						"1.8333": {
							"vector": [0, 0, 0]
						}
					},
					"position": {
						"0.0": {
							"vector": [0, 0, 0]
						},
						"0.0667": {
							"vector": [-0.575, 0, 0]
						},
						"0.1667": {
							"vector": [-0.38, 0.875, 0.35]
						},
						"0.4333": {
							"vector": [0.5, 0.33, -0.49]
						},
						"0.7": {
							"vector": [-1.24, -0.21, -1.33]
						},
						"0.8667": {
							"vector": [-0.7, -0.55, -1.85]
						},
						"0.9667": {
							"vector": [-0.85, -0.45, -1.3]
						},
						"1.0333": {
							"vector": [-1.025, -0.475, -1.3]
						},
						"1.1333": {
							"vector": [-1.075, -0.2, -1.3]
						},
						"1.2": {
							"vector": [-1.575, 0.5, -0.775]
						},
						"1.3": {
							"vector": [-1.075, -0.225, -1.025]
						},
						"1.4333": {
							"vector": [-0.43, -0.51, -0.98]
						},
						"1.5333": {
							"vector": [-0.505, -0.985, -1.855]
						},
						"1.6333": {
							"vector": [-0.965, -0.92, -1.73]
						},
						"1.8": {
							"vector": [-0.23, -0.81, -2.13]
						},
						"1.9333": {
							"vector": [0.34, -0.865, -2.46]
						},
						"2.0333": {
							"vector": [0, 0, 0]
						}
					}
				},
				"leftarm": {
					"rotation": {
						"0.0": {
							"vector": [0, 0, 0]
						},
						"0.0667": {
							"vector": [-19.45644, -5.86858, 7.49224]
						},
						"0.1333": {
							"vector": [-19.1063, -9.63723, 4.18713]
						},
						"0.5": {
							"vector": [-15.03103, -13.37925, 0.82083]
						},
						"0.7333": {
							"vector": [-12.53103, -13.37925, 0.82083]
						},
						"1.4667": {
							"vector": [-43.91454, 0.46533, 8.88795]
						},
						"1.5667": {
							"vector": [-61.41454, 0.46533, 8.88795]
						},
						"1.6667": {
							"vector": [-61.59736, 0.36747, 3.88557]
						},
						"1.7667": {
							"vector": [-61.59736, 0.36747, 3.88557]
						},
						"2.0333": {
							"vector": [0, 0, 0]
						}
					},
					"position": {
						"0.0": {
							"vector": [0, 0, 0]
						},
						"0.1333": {
							"vector": [9, 0, 13]
						},
						"0.4333": {
							"vector": [-5.42, 11, 16.95]
						},
						"0.6": {
							"vector": [-5.42, 11, 25.95]
						},
						"0.8": {
							"vector": [23.58, 11, 59.95]
						},
						"1.2333": {
							"vector": [1.58, 6, 25.95]
						},
						"1.3": {
							"vector": [-3.42, 6, 22.95]
						},
						"1.4667": {
							"vector": [-1.42, 4, 8.95]
						},
						"1.5333": {
							"vector": [-1.42, 3, 8.95]
						},
						"1.6": {
							"vector": [-1.42, 2, 0.95]
						},
						"1.7333": {
							"vector": [1.58, 3, -0.05]
						},
						"1.8333": {
							"vector": [-1.42, 8, 15.95]
						},
						"1.9": {
							"vector": [13.58, -4, 19.95]
						},
						"2.0333": {
							"vector": [0, 0, 0]
						}
					}
				},
				"bone": {
					"position": {
						"0.2667": {
							"vector": [0, 0, 0]
						},
						"0.4333": {
							"vector": [0, 0, 3]
						},
						"1.5667": {
							"vector": [0, 0, 3]
						},
						"1.6667": {
							"vector": [0, 0, 0]
						}
					}
				},
				"bone2": {
					"position": {
						"0.4333": {
							"vector": [0, 0, 0]
						},
						"0.6": {
							"vector": [0, 0, 9]
						},
						"0.8": {
							"vector": [28, 1, 44]
						},
						"1.3": {
							"vector": [0, 0, 13]
						},
						"1.4667": {
							"vector": [0, 0, 0]
						}
					}
				},
				"spinny": {
					"rotation": {
						"0.3": {
							"vector": [0, 0, 0]
						},
						"0.4333": {
							"vector": [0, 0, 90]
						},
						"1.5667": {
							"vector": [0, 0, 90]
						},
						"1.7": {
							"vector": [0, 0, 0]
						}
					}
				}
			},
			"sound_effects": {
				"0.0667": {
					"effect": "foley_start"
				},
				"0.3": {
					"effect": "pistol_magout"
				},
				"0.7667": {
					"effect": "foley_end"
				},
				"1.3333": {
					"effect": "pistol_magin"
				}
			}
		},
		"animation.model.fire": {
			"loop": true,
			"animation_length": 0.20833,
			"bones": {
				"main": {
					"position": {
						"0.0": {
							"vector": [0, 0, 0]
						},
						"0.0417": {
							"vector": [0, 0, 1]
						},
						"0.125": {
							"vector": [0, 0, 0]
						}
					}
				}
			}
		},
		"animation.model.completefire": {
			"animation_length": 1,
			"sound_effects": {
				"0.0": {
					"effect": "cog4"
				}
			}
		}
	},
	"geckolib_format_version": 2
}