{
	"format_version": "1.8.0",
	"animations": {
		"animation.model.draw": {
			"loop": true,
			"animation_length": 1.2,
			"bones": {
				"main": {
					"rotation": {
						"0.0": {
							"vector": [32.09413, -54.38778, -8.29667]
						},
						"0.35": {
							"vector": [0.50518, -5.08075, 6.8716],
							"easing": "easeOutSine"
						},
						"0.5": {
							"vector": [0.32389, -0.60235, -2.1558],
							"easing": "linear"
						},
						"0.6": {
							"vector": [0, 0, 0],
							"easing": "linear"
						}
					},
					"position": {
						"0.0": {
							"vector": [0, -17.3, 0]
						},
						"0.25": {
							"vector": [-0.4, -2.525, -1.625],
							"easing": "linear"
						},
						"0.4": {
							"vector": [-0.05, 0, -2.49],
							"easing": "linear"
						},
						"0.55": {
							"vector": [0, 0, 0],
							"easing": "linear"
						}
					}
				},
				"leftarm": {
					"rotation": {
						"0.0": {
							"vector": [0, 0, 0]
						},
						"0.2": {
							"vector": [1, 0, -22]
						},
						"0.4": {
							"vector": [0, 0, 0]
						}
					},
					"position": {
						"0.0": {
							"vector": [0, 0, 0]
						},
						"0.2": {
							"vector": [3.53901, 3.6754, 5.59783]
						},
						"0.4": {
							"vector": [0, 0, 0]
						}
					}
				}
			},
			"sound_effects": {
				"0.0": {
					"effect": "draw"
				}
			}
		},
		"animation.model.inspect": {
			"loop": true,
			"animation_length": 4.26667,
			"bones": {
				"main": {
					"rotation": {
						"0.0": {
							"vector": [0, 0, 0]
						},
						"0.4333": {
							"vector": [-8.41746, -13.59608, -21.21259],
							"easing": "linear"
						},
						"0.7": {
							"vector": [-8.39812, -20.10111, -31.77688]
						},
						"0.9": {
							"vector": [-9.55676, -20.88889, -28.55629]
						},
						"1.1333": {
							"vector": [-8.77652, -21.21647, -30.72851]
						},
						"1.5": {
							"vector": [-9.4227, -20.94881, -28.93303]
						},
						"1.7333": {
							"vector": [-3.1216, -20.98207, -46.44405]
						},
						"1.9": {
							"vector": [-4.564, -20.73064, -42.44007]
						},
						"2.1667": {
							"vector": [-4.86325, -20.9153, -41.60203]
						},
						"2.3333": {
							"vector": [-4.58308, -20.97575, -42.38574]
						},
						"2.6": {
							"vector": [-4.01131, -21.08802, -43.97908]
						},
						"2.7667": {
							"vector": [-4.38767, -21.01662, -42.9316]
						},
						"2.9": {
							"vector": [-4.18847, -21.05622, -43.48691],
							"easing": "linear"
						},
						"3.4333": {
							"vector": [0, 0, 0]
						}
					},
					"position": {
						"0.0": {
							"vector": [0, 0, 0]
						},
						"0.4333": {
							"vector": [-0.29, -4.09, -5.39]
						},
						"0.7": {
							"vector": [-0.475, -5.525, -8.7]
						},
						"0.8667": {
							"vector": [-0.195, -6, -7.7]
						},
						"1.1333": {
							"vector": [-0.03, -6.275, -7.7]
						},
						"1.3667": {
							"vector": [0, -5.875, -7.7]
						},
						"1.6333": {
							"vector": [0.125, -6.6, -8.275]
						},
						"1.7333": {
							"vector": [0.09, -8.83, -8.21]
						},
						"2.0333": {
							"vector": [-0.02, -7.525, -8]
						},
						"2.4333": {
							"vector": [0.11, -8.575, -8.175]
						},
						"2.9": {
							"vector": [0.275, -7.75, -7.975]
						},
						"3.0667": {
							"vector": [-0.13, -6.19, -8.65]
						},
						"3.4333": {
							"vector": [0, 0, 0]
						}
					}
				}
			},
			"sound_effects": {
				"0.0": {
					"effect": "inspect_up"
				},
				"0.8": {
					"effect": "inspect_foley"
				},
				"1.3667": {
					"effect": "inspect_turn"
				},
				"3.2667": {
					"effect": "inspect_down"
				}
			}
		},
		"animation.model.reloadempty": {
			"loop": true,
			"animation_length": 5.06667,
			"bones": {
				"main": {
					"rotation": {
						"0.7667": {
							"vector": [0, 0, 0]
						},
						"1.4667": {
							"vector": [0, 0, -5]
						},
						"1.9": {
							"vector": [0, 0, -2.5]
						},
						"2.5333": {
							"vector": [0, 0, 0]
						},
						"3.6333": {
							"vector": [0, 0, 0]
						},
						"4.0": {
							"vector": [0, 0, -2.5]
						},
						"4.4": {
							"vector": [0, 0, 0]
						}
					},
					"position": {
						"0.0": {
							"vector": [0, 0, 0]
						},
						"0.4667": {
							"vector": [1, -15, 3]
						},
						"1.0667": {
							"vector": [-0.11, -15, 3]
						},
						"1.8": {
							"vector": [0.91, -16, 3]
						},
						"2.6333": {
							"vector": [-0.41, -15.65, 3]
						},
						"4.1667": {
							"vector": [0, -15, 3]
						},
						"4.5": {
							"vector": [0, 0, 0]
						}
					}
				},
				"leftarm": {
					"rotation": {
						"0.0": {
							"vector": [0, 0, 0]
						},
						"2.6667": {
							"vector": [0, 0, -10]
						},
						"2.8": {
							"vector": [0, 0, -10]
						},
						"3.1667": {
							"vector": [-25, 0, 2.5]
						},
						"3.2667": {
							"vector": [-25, 0, 2.5]
						},
						"3.7": {
							"vector": [-24.98376, -2.89715, 6.57558]
						},
						"3.9333": {
							"vector": [-4.98376, -2.89715, 6.57558]
						},
						"4.0333": {
							"vector": [-4.98376, -2.89715, 6.57558]
						},
						"4.2": {
							"vector": [-4.98, -2.9, 6.58]
						},
						"4.5667": {
							"vector": [0, 0, 0]
						}
					},
					"position": {
						"0.0": {
							"vector": [0, 0, 0]
						},
						"0.3667": {
							"vector": [0, -9, 0]
						},
						"0.5667": {
							"vector": [0, -13.43, 6]
						},
						"0.8": {
							"vector": [0, -13.43, 6]
						},
						"1.4": {
							"vector": [21, -8, 16]
						},
						"2.1667": {
							"vector": [10, 25, 1]
						},
						"2.4333": {
							"vector": [6, 25, 1]
						},
						"2.6667": {
							"vector": [5, 24, 1]
						},
						"2.8": {
							"vector": [4, 23, 1]
						},
						"3.1667": {
							"vector": [14, 19, -12]
						},
						"3.2667": {
							"vector": [14, 19, -12]
						},
						"3.7": {
							"vector": [6, 19, -4]
						},
						"3.9333": {
							"vector": [2, -9, 3]
						},
						"4.0333": {
							"vector": [2, -9, 3]
						},
						"4.2": {
							"vector": [2, -9, 3]
						},
						"4.5667": {
							"vector": [0, 0, 0]
						}
					}
				},
				"gun": {
					"rotation": {
						"0.0": {
							"vector": [0, 0, 0]
						},
						"0.5333": {
							"vector": [87.5, 0, 0]
						},
						"4.2": {
							"vector": [87.5, 0, 0]
						},
						"4.5": {
							"vector": [0, 0, 0]
						}
					},
					"position": {
						"0.0": {
							"vector": [0, 0, 0]
						},
						"0.3333": {
							"vector": [0, -2, 0]
						},
						"0.9": {
							"vector": [0, -1, 0]
						},
						"1.6": {
							"vector": [0, -2, 0]
						},
						"4.2": {
							"vector": [0, -2, 0]
						},
						"4.5": {
							"vector": [0, 0, 0]
						}
					}
				},
				"bone2": {
					"rotation": {
						"0.8": {
							"vector": [0, 0, 0]
						},
						"1.1": {
							"vector": [0, 0, 337.5]
						},
						"1.3333": {
							"vector": [0, 0, 417.5]
						},
						"1.7": {
							"vector": [0, 0, 485]
						},
						"3.8667": {
							"vector": [0, 0, 485]
						},
						"4.1333": {
							"vector": [0, 0, 387.92]
						},
						"4.8667": {
							"vector": [0, 0, 0]
						}
					}
				},
				"rightarm": {
					"rotation": {
						"4.2": {
							"vector": [0, 0, 0]
						},
						"4.5667": {
							"vector": [0, 0, 0]
						}
					},
					"position": {
						"0.0": {
							"vector": [0, 0, 0]
						},
						"0.3333": {
							"vector": [0, -1, 0]
						},
						"0.4667": {
							"vector": [0, 4, -3]
						},
						"0.7": {
							"vector": [0, 5, -3]
						},
						"4.2": {
							"vector": [0, 5, -3]
						},
						"4.5667": {
							"vector": [0, 0, 0]
						}
					}
				},
				"bone": {
					"position": {
						"0.8333": {
							"vector": [0, 0, 0]
						},
						"1.0": {
							"vector": [0, 0, 2]
						},
						"3.8667": {
							"vector": [0, 0, 2]
						},
						"4.0333": {
							"vector": [0, 0, 0]
						}
					}
				},
				"rocket": {
					"rotation": {
						"0.0": {
							"vector": [0, 0, 0]
						},
						"1.4": {
							"vector": [90, 0, 0]
						},
						"2.1333": {
							"vector": [90, 0, 10]
						},
						"2.3667": {
							"vector": [90, 0, 20]
						},
						"2.7667": {
							"vector": [87.5, 0, 0]
						},
						"4.2": {
							"vector": [87.5, 0, 0]
						},
						"4.5": {
							"vector": [0, 0, 0]
						}
					},
					"position": {
						"0.0": {
							"vector": [0, 0, 0]
						},
						"0.0333": {
							"vector": [8.5, -30.25, -0.5]
						},
						"0.2667": {
							"vector": [34, -22, -2]
						},
						"1.4": {
							"vector": [23, -20, -19]
						},
						"2.1333": {
							"vector": [12, 14, -34]
						},
						"2.3667": {
							"vector": [8, 14, -35]
						},
						"2.4667": {
							"vector": [4, 14, -35]
						},
						"2.5667": {
							"vector": [2, 11, -35]
						},
						"2.6667": {
							"vector": [1, 10, -35]
						},
						"2.7667": {
							"vector": [0, 10, -35]
						},
						"4.2": {
							"vector": [0, 10, -35]
						},
						"4.3": {
							"vector": [0, 10.67, -23.33]
						},
						"4.4": {
							"vector": [0, 8.33, -11.66]
						},
						"4.5": {
							"vector": [0, 0, 0]
						}
					},
					"scale": {
						"0.0": {
							"vector": [1, 0.1, 0.1]
						},
						"1.4": {
							"vector": [1, 1, 1]
						}
					}
				},
				"bone3": {
					"rotation": {
						"1.0667": {
							"vector": [0, 0, 0]
						},
						"1.3333": {
							"vector": [0, 0, -90]
						},
						"3.3333": {
							"vector": [0, 0, -90]
						},
						"3.7": {
							"vector": [0, 0, 0]
						}
					}
				}
			},
			"sound_effects": {
				"0.2": {
					"effect": "foley_start"
				},
				"0.7": {
					"effect": "cog3"
				},
				"1.1667": {
					"effect": "cog1"
				},
				"2.5667": {
					"effect": "at4_lever"
				},
				"3.6": {
					"effect": "close"
				},
				"3.8667": {
					"effect": "cog3"
				},
				"4.2333": {
					"effect": "foley_end"
				}
			}
		}
	},
	"geckolib_format_version": 2
}