{
	"format_version": "1.8.0",
	"animations": {
		"animation.model.draw": {
			"loop": true,
			"animation_length": 1.2,
			"bones": {
				"main": {
					"rotation": {
						"0.0": {
							"vector": [32.09413, -54.38778, -8.29667]
						},
						"0.35": {
							"vector": [0.50518, -5.08075, 6.8716],
							"easing": "easeOutSine"
						},
						"0.5": {
							"vector": [0.32389, -0.60235, -2.1558],
							"easing": "linear"
						},
						"0.6": {
							"vector": [0, 0, 0],
							"easing": "linear"
						}
					},
					"position": {
						"0.0": {
							"vector": [0, -17.3, 0]
						},
						"0.25": {
							"vector": [-0.4, -2.525, -1.625],
							"easing": "linear"
						},
						"0.4": {
							"vector": [-0.05, 0, -2.49],
							"easing": "linear"
						},
						"0.55": {
							"vector": [0, 0, 0],
							"easing": "linear"
						}
					}
				},
				"leftarm": {
					"rotation": {
						"0.0": {
							"vector": [0, 0, 0]
						},
						"0.2": {
							"vector": [1, 0, -22]
						},
						"0.4": {
							"vector": [0, 0, 0]
						}
					},
					"position": {
						"0.0": {
							"vector": [0, 0, 0]
						},
						"0.2": {
							"vector": [3.53901, 3.6754, 5.59783]
						},
						"0.4": {
							"vector": [0, 0, 0]
						}
					}
				}
			},
			"sound_effects": {
				"0.0": {
					"effect": "draw"
				}
			}
		},
		"animation.model.inspect": {
			"loop": true,
			"animation_length": 4.26667,
			"bones": {
				"main": {
					"rotation": {
						"0.0": {
							"vector": [0, 0, 0]
						},
						"0.1667": {
							"vector": [-8.41746, -13.59608, -21.21259],
							"easing": "linear"
						},
						"0.3": {
							"vector": [-8.39812, -20.10111, -31.77688]
						},
						"0.4333": {
							"vector": [-9.55676, -20.88889, -28.55629]
						},
						"0.5333": {
							"vector": [-8.77652, -21.21647, -30.72851]
						},
						"0.7667": {
							"vector": [-9.4227, -20.94881, -28.93303]
						},
						"1.0": {
							"vector": [-3.1216, -20.98207, -46.44405]
						},
						"1.1333": {
							"vector": [-4.564, -20.73064, -42.44007]
						},
						"1.2333": {
							"vector": [-4.86325, -20.9153, -41.60203]
						},
						"1.3333": {
							"vector": [-4.58308, -20.97575, -42.38574]
						},
						"1.4667": {
							"vector": [-4.01131, -21.08802, -43.97908]
						},
						"1.6": {
							"vector": [-4.38767, -21.01662, -42.9316]
						},
						"1.7": {
							"vector": [-4.18847, -21.05622, -43.48691],
							"easing": "linear"
						},
						"1.9333": {
							"vector": [0, 0, 0]
						},
						"2.0": {
							"vector": [0, 0, 0]
						},
						"2.1": {
							"vector": [5, 0, 0]
						},
						"2.3667": {
							"vector": [-82.5, -0.15217, -0.23913]
						},
						"2.4667": {
							"vector": [-81.72469, -24.92353, -3.72645]
						},
						"2.7333": {
							"vector": [-81.54602, -27.39695, -4.1316]
						},
						"3.1": {
							"vector": [-81.81505, -23.49094, -3.50128]
						},
						"3.3667": {
							"vector": [-81.72469, -24.92353, -3.72645]
						},
						"3.4333": {
							"vector": [-82.5, -0.15217, -0.23913]
						},
						"3.8": {
							"vector": [0, -1.75, -2.75]
						},
						"4.1333": {
							"vector": [0, 0, 0]
						}
					},
					"position": {
						"0.0": {
							"vector": [0, 0, 0]
						},
						"0.3": {
							"vector": [-0.475, 1.475, -8.7]
						},
						"0.4": {
							"vector": [-0.195, 1, -7.7]
						},
						"0.5333": {
							"vector": [-0.03, 0.725, -7.7]
						},
						"0.7": {
							"vector": [0, 1.125, -7.7]
						},
						"0.9": {
							"vector": [0.125, 1.4, -8.275]
						},
						"1.2": {
							"vector": [-0.02, 1.475, -8]
						},
						"1.4": {
							"vector": [0.11, 1.425, -8.175]
						},
						"1.6667": {
							"vector": [0.275, 1.25, -7.975]
						},
						"1.8": {
							"vector": [-0.13, -1.19, -8.65]
						},
						"1.9667": {
							"vector": [-0.545, -1.325, -11.15]
						},
						"2.3667": {
							"vector": [-0.415, -6.395, -10.545]
						},
						"2.5": {
							"vector": [-0.525, -7.455, -9.17]
						},
						"2.6333": {
							"vector": [-0.49, -5.43, -9.85]
						},
						"2.8": {
							"vector": [-0.47, -5.87, -9.51]
						},
						"3.1333": {
							"vector": [-0.49, -5.1, -9.25]
						},
						"3.3": {
							"vector": [-0.53, -6.5, -9.27]
						},
						"3.4333": {
							"vector": [-0.49, -1.41, -9.3]
						},
						"3.6667": {
							"vector": [-0.545, -1.325, -9.325]
						},
						"3.8": {
							"vector": [-1.005, -0.61, -7.41]
						},
						"4.0667": {
							"vector": [0, 0, 0]
						}
					}
				},
				"leftarm": {
					"rotation": {
						"0.0": {
							"vector": [0, 0, 0]
						},
						"0.1667": {
							"vector": [0, 0, -2.5]
						},
						"1.7333": {
							"vector": [0, 0, -2.5]
						},
						"1.9667": {
							"vector": [-10, 0, -45]
						},
						"2.4333": {
							"vector": [-23.82784, 11.85706, -61.58]
						},
						"2.5667": {
							"vector": [5, 0, -45]
						},
						"2.7": {
							"vector": [4.98896, -2.27287, -43.96014]
						},
						"2.8333": {
							"vector": [4.85577, 4.54352, -47.09272]
						},
						"2.9667": {
							"vector": [5, 0, -45]
						},
						"3.1": {
							"vector": [4.98896, -2.27287, -43.96014]
						},
						"3.2333": {
							"vector": [4.85577, 4.54352, -47.09272]
						},
						"3.5333": {
							"vector": [-20, 0, -45]
						},
						"3.8333": {
							"vector": [-20, 0, -45]
						},
						"3.9667": {
							"vector": [-20, 0, -45]
						},
						"4.1333": {
							"vector": [0, 0, 0]
						}
					},
					"position": {
						"0.0": {
							"vector": [0, 0, 0]
						},
						"0.1667": {
							"vector": [11.23986, -30.20851, 24.64864]
						},
						"1.7333": {
							"vector": [11.23986, -30.20851, 24.64864]
						},
						"1.9667": {
							"vector": [1.35, 6.25, 20.33]
						},
						"2.4333": {
							"vector": [1.35, 6.25, 17.33]
						},
						"2.5": {
							"vector": [9.85, 5.25, 8.83]
						},
						"2.5667": {
							"vector": [1.35, 13.25, 4.33]
						},
						"2.7": {
							"vector": [4.55, 13.39, 3.83]
						},
						"2.8333": {
							"vector": [3.75, 13.52, 5.33]
						},
						"2.9667": {
							"vector": [3.95, 13.65, 5.33]
						},
						"3.1": {
							"vector": [3.15, 12.95, 5.33]
						},
						"3.2333": {
							"vector": [3.35, 12.25, 5.33]
						},
						"3.4": {
							"vector": [11.4, 11.51, 18.96]
						},
						"3.5333": {
							"vector": [7.35, 1.25, 18.33]
						},
						"3.8333": {
							"vector": [-2.65, 6.25, 7.33]
						},
						"3.9667": {
							"vector": [15.35, -5.75, 6.33]
						},
						"4.1333": {
							"vector": [0, 0, 0]
						}
					}
				},
				"spinny": {
					"rotation": {
						"2.6333": {
							"vector": [0, 0, 0]
						},
						"3.3": {
							"vector": [0, 0, 467.5]
						},
						"4.1333": {
							"vector": [0, 0, 532.5]
						}
					}
				}
			},
			"sound_effects": {
				"0.0": {
					"effect": "inspect_up"
				},
				"0.8": {
					"effect": "inspect_foley"
				},
				"1.3667": {
					"effect": "inspect_turn"
				},
				"2.5333": {
					"effect": "cog2"
				},
				"3.4667": {
					"effect": "inspect_down"
				}
			}
		},
		"animation.model.reloadempty": {
			"loop": true,
			"animation_length": 2.9,
			"bones": {
				"main": {
					"rotation": {
						"0.0": {
							"vector": [0, 0, 0]
						},
						"0.1333": {
							"vector": [-5.21485, -2.95862, -15.29475]
						},
						"0.2": {
							"vector": [-5.32661, -2.7519, -13.05148]
						},
						"0.3": {
							"vector": [-6.02889, 0.16976, 5.24751]
						},
						"0.4": {
							"vector": [-6.24711, -1.203, -0.38662]
						},
						"0.5333": {
							"vector": [-6.11401, -0.24184, -2.94553]
						},
						"0.6667": {
							"vector": [-5.5641, -3.67217, -16.73407]
						},
						"0.8": {
							"vector": [-9.13595, -7.55317, -28.24841]
						},
						"0.9333": {
							"vector": [-8.4828, -8.28104, -32.98754]
						},
						"1.0667": {
							"vector": [-9.07014, -7.63227, -28.74648]
						},
						"1.1667": {
							"vector": [-6.70888, -8.74921, -39.37529]
						},
						"1.2667": {
							"vector": [-6.67274, -8.47385, -33.47033]
						},
						"1.4": {
							"vector": [-5.35749, -3.38984, -21.36846]
						},
						"1.6333": {
							"vector": [-3.68785, -3.32623, -20.36901]
						},
						"1.8": {
							"vector": [-4.01371, -3.91418, -15.81009]
						},
						"1.9667": {
							"vector": [-3.48871, -4.99149, -22.77553]
						},
						"2.0667": {
							"vector": [-3.82888, -3.95992, -18.57018]
						},
						"2.3667": {
							"vector": [-1.32888, -3.95992, -18.57018]
						},
						"2.6": {
							"vector": [-3.82888, -3.95992, -18.57018]
						},
						"2.7333": {
							"vector": [0.65978, 0.18913, -3.84963]
						},
						"2.9": {
							"vector": [0, 0, 0]
						}
					},
					"position": {
						"0.0": {
							"vector": [0, 0, 0]
						},
						"0.0667": {
							"vector": [-0.575, 0, 0]
						},
						"0.1667": {
							"vector": [-0.38, 0.875, 0.35]
						},
						"0.6": {
							"vector": [-0.705, -1.9, -1.575]
						},
						"0.7333": {
							"vector": [-0.55, -1.27, -3.6]
						},
						"0.8667": {
							"vector": [-0.7, -0.55, -1.85]
						},
						"0.9667": {
							"vector": [-0.85, -0.45, -1.3]
						},
						"1.0333": {
							"vector": [-1.025, -0.475, -1.3]
						},
						"1.1333": {
							"vector": [-1.075, -0.2, -1.3]
						},
						"1.2": {
							"vector": [-1.575, 0.5, -0.775]
						},
						"1.3": {
							"vector": [-1.075, -0.225, -1.025]
						},
						"1.4333": {
							"vector": [-0.43, -0.51, -0.98]
						},
						"1.6667": {
							"vector": [-0.505, -0.985, -1.855]
						},
						"1.9667": {
							"vector": [-0.965, -0.92, -1.73]
						},
						"2.2": {
							"vector": [-0.23, -0.81, -2.13]
						},
						"2.5": {
							"vector": [1.11, -0.84, -2.33]
						},
						"2.7": {
							"vector": [0.34, -0.865, -2.46]
						},
						"2.8333": {
							"vector": [0, 0, 0]
						}
					}
				},
				"bullet": {
					"position": {
						"0.0": {
							"vector": [0, -1, 0]
						},
						"0.6667": {
							"vector": [0, -1, 0]
						},
						"0.7": {
							"vector": [0, 0, 0]
						}
					}
				},
				"leftarm": {
					"rotation": {
						"0.0": {
							"vector": [0, 0, 0]
						},
						"0.0667": {
							"vector": [-34.87279, -8.03963, 12.01576]
						},
						"0.1333": {
							"vector": [-34.87279, -8.03963, 12.01576]
						},
						"0.2": {
							"vector": [-34.87279, -8.03963, 12.01576]
						},
						"0.2333": {
							"vector": [-23.16849, -6.62486, 16.88653]
						},
						"0.3": {
							"vector": [-23.16849, -6.62486, 16.88653]
						},
						"0.3667": {
							"vector": [-23.27285, -4.63248, 18.40032]
						},
						"0.4333": {
							"vector": [-23.27285, -4.63248, 18.40032]
						},
						"0.6": {
							"vector": [-23.27285, -4.63248, 18.40032]
						},
						"1.4": {
							"vector": [-23.27285, -4.63248, 18.40032]
						},
						"1.4667": {
							"vector": [-23.27285, -4.63248, 18.40032]
						},
						"1.5": {
							"vector": [-23.27285, -4.63248, 18.40032]
						},
						"1.5667": {
							"vector": [-17.45, -3.47, 13.8]
						},
						"1.6333": {
							"vector": [-28.04956, -8.37197, 20.26909]
						},
						"1.7": {
							"vector": [-35.54956, -8.37197, 20.26909]
						},
						"2.1667": {
							"vector": [-34.73039, -0.86036, 4.4308]
						},
						"2.4": {
							"vector": [-34.73039, -0.86036, 4.4308]
						},
						"2.6333": {
							"vector": [-24.73039, -0.86036, 4.4308]
						},
						"2.7667": {
							"vector": [0, 0, 0]
						}
					},
					"position": {
						"0.0": {
							"vector": [0, 0, 0]
						},
						"0.0667": {
							"vector": [5, 2.025, 15.45]
						},
						"0.1333": {
							"vector": [0, 2.025, 15.45]
						},
						"0.2": {
							"vector": [2, 2.025, 15.45]
						},
						"0.2333": {
							"vector": [2.86, 3.03, 14.93]
						},
						"0.3": {
							"vector": [2.86, 1.03, 12.93]
						},
						"0.3667": {
							"vector": [3.86, 0.03, 12.93]
						},
						"0.4333": {
							"vector": [3.86, 1.03, 12.93]
						},
						"0.6": {
							"vector": [5.86, 1.03, 12.93]
						},
						"0.7": {
							"vector": [14.945, -21.32, 5.98]
						},
						"1.1667": {
							"vector": [8.55, -39.75, 29.95]
						},
						"1.3": {
							"vector": [7.01, -8.3, 12.8]
						},
						"1.4": {
							"vector": [3.86, 1.03, 13.93]
						},
						"1.4667": {
							"vector": [2.86, 0.03, 12.93]
						},
						"1.5": {
							"vector": [2.86, 0.03, 12.93]
						},
						"1.5667": {
							"vector": [4.39, 1.77, 12.95]
						},
						"1.6333": {
							"vector": [2.19, -0.77, 10.96]
						},
						"1.7": {
							"vector": [2.19, -2.77, 13.96]
						},
						"1.8333": {
							"vector": [2.71, -1.06, 19.58]
						},
						"1.9": {
							"vector": [0.81, 8.29, 27.05]
						},
						"2.0": {
							"vector": [2.27, 2.76, 17.02]
						},
						"2.1": {
							"vector": [2.47, 4.36, 11.62]
						},
						"2.1667": {
							"vector": [3.27, 4.76, 12.02]
						},
						"2.2333": {
							"vector": [3.27, 4.76, 17.02]
						},
						"2.4": {
							"vector": [3.27, 5.76, 19.02]
						},
						"2.5": {
							"vector": [10.27, 3.76, 22.02]
						},
						"2.6333": {
							"vector": [10.27, -2.24, 18.02]
						},
						"2.7667": {
							"vector": [0, 0, 0]
						}
					}
				},
				"magazine": {
					"rotation": {
						"0.0": {
							"vector": [0, 0, 0]
						},
						"0.1": {
							"vector": [0, 0, 0]
						},
						"0.2333": {
							"vector": [0, 90, 0]
						},
						"0.4333": {
							"vector": [0, 90, 0]
						},
						"0.6": {
							"vector": [0, 90, 0]
						},
						"1.1667": {
							"vector": [0, 0, 0]
						},
						"1.3": {
							"vector": [-27.03081, 71.03219, -24.80614]
						},
						"1.4": {
							"vector": [0, 90, 0]
						},
						"1.4667": {
							"vector": [0, 90, 0]
						},
						"1.6333": {
							"vector": [0, 90, 0]
						},
						"1.9": {
							"vector": [0, 0, 0]
						}
					},
					"position": {
						"0.0": {
							"vector": [0, 0, 0]
						},
						"0.1": {
							"vector": [0, 0, 0]
						},
						"0.1333": {
							"vector": [-5.25, 0, 1.56]
						},
						"0.1667": {
							"vector": [-9.5, 0, 4.13]
						},
						"0.2": {
							"vector": [-12, 0, 8.44]
						},
						"0.2333": {
							"vector": [-13, 0, 13.25]
						},
						"0.4333": {
							"vector": [-13, 0, 13.25]
						},
						"0.6": {
							"vector": [-11, 0, 13.25]
						},
						"0.7": {
							"vector": [0, -23, 0]
						},
						"1.1667": {
							"vector": [17, -41, 0]
						},
						"1.3": {
							"vector": [-6.275, -7.55, 5.1]
						},
						"1.4": {
							"vector": [-11, 0, 13.25]
						},
						"1.4667": {
							"vector": [-13, 0, 13.25]
						},
						"1.6333": {
							"vector": [-13, 0, 13.25]
						},
						"1.7": {
							"vector": [-11.75, 0, 8.19]
						},
						"1.7667": {
							"vector": [-9.5, 0, 4.13]
						},
						"1.8333": {
							"vector": [-5.25, 0, 1.57]
						},
						"1.9": {
							"vector": [0, 0, 0]
						}
					}
				},
				"bone": {
					"rotation": {
						"0.1": {
							"vector": [0, 0, 0]
						},
						"0.2333": {
							"vector": [0, 90, 0]
						},
						"1.6333": {
							"vector": [0, 90, 0]
						},
						"1.9": {
							"vector": [0, 0, 0]
						}
					},
					"position": {
						"0.1": {
							"vector": [0, 0, 0]
						},
						"0.2333": {
							"vector": [2, 0, -2]
						},
						"1.6333": {
							"vector": [2, 0, -2]
						},
						"1.9": {
							"vector": [0, 0, 0]
						}
					}
				},
				"bone2": {
					"position": {
						"2.1667": {
							"vector": [0, 0, 0]
						},
						"2.2333": {
							"vector": [0, 0, 5]
						},
						"2.4": {
							"vector": [0, 0, 5]
						},
						"2.4333": {
							"vector": [0, 0, 0]
						}
					}
				}
			},
			"sound_effects": {
				"0.4333": {
					"effect": "magout1"
				},
				"0.6": {
					"effect": "foley_start"
				},
				"1.4": {
					"effect": "magout2"
				},
				"1.5333": {
					"effect": "foley_end"
				},
				"2.0": {
					"effect": "pump1"
				},
				"2.3333": {
					"effect": "magon"
				}
			}
		},
		"animation.model.reload": {
			"loop": true,
			"animation_length": 2.33333,
			"bones": {
				"main": {
					"rotation": {
						"0.0": {
							"vector": [0, 0, 0]
						},
						"0.1333": {
							"vector": [-5.21485, -2.95862, -15.29475]
						},
						"0.2": {
							"vector": [-5.32661, -2.7519, -13.05148]
						},
						"0.3": {
							"vector": [-6.02889, 0.16976, 5.24751]
						},
						"0.4": {
							"vector": [-6.24711, -1.203, -0.38662]
						},
						"0.5333": {
							"vector": [-6.11401, -0.24184, -2.94553]
						},
						"0.6667": {
							"vector": [-5.5641, -3.67217, -16.73407]
						},
						"0.8": {
							"vector": [-9.13595, -7.55317, -28.24841]
						},
						"0.9333": {
							"vector": [-8.4828, -8.28104, -32.98754]
						},
						"1.0667": {
							"vector": [-9.07014, -7.63227, -28.74648]
						},
						"1.1667": {
							"vector": [-6.70888, -8.74921, -39.37529]
						},
						"1.2667": {
							"vector": [-6.67274, -8.47385, -33.47033]
						},
						"1.4": {
							"vector": [-5.35749, -3.38984, -21.36846]
						},
						"1.5333": {
							"vector": [-3.68785, -3.32623, -20.36901]
						},
						"1.6667": {
							"vector": [-4.01371, -3.91418, -15.81009]
						},
						"1.7667": {
							"vector": [-3.48871, -4.99149, -22.77553]
						},
						"1.9333": {
							"vector": [0.65978, 0.18913, -3.84963]
						},
						"2.1": {
							"vector": [0, 0, 0]
						}
					},
					"position": {
						"0.0": {
							"vector": [0, 0, 0]
						},
						"0.0667": {
							"vector": [-0.575, 0, 0]
						},
						"0.1667": {
							"vector": [-0.38, 0.875, 0.35]
						},
						"0.6": {
							"vector": [-0.705, -1.9, -1.575]
						},
						"0.7333": {
							"vector": [-0.55, -1.27, -3.6]
						},
						"0.8667": {
							"vector": [-0.7, -0.55, -1.85]
						},
						"0.9667": {
							"vector": [-0.85, -0.45, -1.3]
						},
						"1.0333": {
							"vector": [-1.025, -0.475, -1.3]
						},
						"1.1333": {
							"vector": [-1.075, -0.2, -1.3]
						},
						"1.2": {
							"vector": [-1.575, 0.5, -0.775]
						},
						"1.3": {
							"vector": [-1.075, -0.225, -1.025]
						},
						"1.4333": {
							"vector": [-0.43, -0.51, -0.98]
						},
						"1.6": {
							"vector": [-0.505, -0.985, -1.855]
						},
						"1.8": {
							"vector": [-0.965, -0.92, -1.73]
						},
						"1.9": {
							"vector": [0.34, -0.865, -2.46]
						},
						"2.0333": {
							"vector": [0, 0, 0]
						}
					}
				},
				"bullet": {
					"position": {
						"0.0": {
							"vector": [0, -1, 0]
						},
						"0.6667": {
							"vector": [0, -1, 0]
						},
						"0.7": {
							"vector": [0, 0, 0]
						}
					}
				},
				"leftarm": {
					"rotation": {
						"0.0": {
							"vector": [0, 0, 0]
						},
						"0.0667": {
							"vector": [-34.87279, -8.03963, 12.01576]
						},
						"0.1333": {
							"vector": [-34.87279, -8.03963, 12.01576]
						},
						"0.2": {
							"vector": [-34.87279, -8.03963, 12.01576]
						},
						"0.2333": {
							"vector": [-23.16849, -6.62486, 16.88653]
						},
						"0.3": {
							"vector": [-23.16849, -6.62486, 16.88653]
						},
						"0.3667": {
							"vector": [-23.27285, -4.63248, 18.40032]
						},
						"0.4333": {
							"vector": [-23.27285, -4.63248, 18.40032]
						},
						"0.6": {
							"vector": [-23.27285, -4.63248, 18.40032]
						},
						"1.4": {
							"vector": [-23.27285, -4.63248, 18.40032]
						},
						"1.4667": {
							"vector": [-23.27285, -4.63248, 18.40032]
						},
						"1.5": {
							"vector": [-23.27285, -4.63248, 18.40032]
						},
						"1.5667": {
							"vector": [-17.45, -3.47, 13.8]
						},
						"1.6333": {
							"vector": [-28.04956, -8.37197, 20.26909]
						},
						"1.7": {
							"vector": [-35.54956, -8.37197, 20.26909]
						},
						"2.1333": {
							"vector": [0, 0, 0]
						}
					},
					"position": {
						"0.0": {
							"vector": [0, 0, 0]
						},
						"0.0667": {
							"vector": [5, 2.025, 15.45]
						},
						"0.1333": {
							"vector": [0, 2.025, 15.45]
						},
						"0.2": {
							"vector": [2, 2.025, 15.45]
						},
						"0.2333": {
							"vector": [2.86, 3.03, 14.93]
						},
						"0.3": {
							"vector": [2.86, 3.03, 17.93]
						},
						"0.3667": {
							"vector": [8.86, 5.03, 15.93]
						},
						"0.4333": {
							"vector": [3.86, 1.03, 14.93]
						},
						"0.6": {
							"vector": [6.86, 1.03, 15.93]
						},
						"0.7": {
							"vector": [13.945, -22.32, 7.98]
						},
						"1.1667": {
							"vector": [10.55, -38.75, 25.95]
						},
						"1.3": {
							"vector": [9.01, -9.3, 15.8]
						},
						"1.4": {
							"vector": [4.86, 0.03, 13.93]
						},
						"1.4667": {
							"vector": [1.86, -0.97, 13.93]
						},
						"1.5": {
							"vector": [1.86, 1.03, 14.93]
						},
						"1.5667": {
							"vector": [2.39, 1.77, 14.95]
						},
						"1.6333": {
							"vector": [1.19, -0.77, 12.96]
						},
						"1.7": {
							"vector": [1.19, -1.77, 13.96]
						},
						"1.8333": {
							"vector": [2.71, 1.94, 23.58]
						},
						"1.9": {
							"vector": [0.81, 3.29, 27.05]
						},
						"1.9333": {
							"vector": [0.81, 8.29, 35.05]
						},
						"2.0": {
							"vector": [6.27, 2.76, 24.02]
						},
						"2.1333": {
							"vector": [0, 0, 0]
						}
					}
				},
				"magazine": {
					"rotation": {
						"0.0": {
							"vector": [0, 0, 0]
						},
						"0.1": {
							"vector": [0, 0, 0]
						},
						"0.2333": {
							"vector": [0, 90, 0]
						},
						"0.4333": {
							"vector": [0, 90, 0]
						},
						"0.6": {
							"vector": [0, 90, 0]
						},
						"1.1667": {
							"vector": [0, 0, 0]
						},
						"1.3": {
							"vector": [-27.03081, 71.03219, -24.80614]
						},
						"1.4": {
							"vector": [0, 90, 0]
						},
						"1.4667": {
							"vector": [0, 90, 0]
						},
						"1.6333": {
							"vector": [0, 90, 0]
						},
						"1.9": {
							"vector": [0, 0, 0]
						}
					},
					"position": {
						"0.0": {
							"vector": [0, 0, 0]
						},
						"0.1": {
							"vector": [0, 0, 0]
						},
						"0.1333": {
							"vector": [-5.25, 0, 1.56]
						},
						"0.1667": {
							"vector": [-9.5, 0, 4.13]
						},
						"0.2": {
							"vector": [-12, 0, 8.44]
						},
						"0.2333": {
							"vector": [-13, 0, 13.25]
						},
						"0.4333": {
							"vector": [-13, 0, 13.25]
						},
						"0.6": {
							"vector": [-11, 0, 13.25]
						},
						"0.7": {
							"vector": [0, -23, 0]
						},
						"1.1667": {
							"vector": [17, -41, 0]
						},
						"1.3": {
							"vector": [-6.275, -7.55, 5.1]
						},
						"1.4": {
							"vector": [-11, 0, 13.25]
						},
						"1.4667": {
							"vector": [-13, 0, 13.25]
						},
						"1.6333": {
							"vector": [-13, 0, 13.25]
						},
						"1.7": {
							"vector": [-11.75, 0, 8.19]
						},
						"1.7667": {
							"vector": [-9.5, 0, 4.13]
						},
						"1.8333": {
							"vector": [-5.25, 0, 1.57]
						},
						"1.9": {
							"vector": [0, 0, 0]
						}
					}
				},
				"bone": {
					"rotation": {
						"0.1": {
							"vector": [0, 0, 0]
						},
						"0.2333": {
							"vector": [0, 90, 0]
						},
						"1.6333": {
							"vector": [0, 90, 0]
						},
						"1.9": {
							"vector": [0, 0, 0]
						}
					},
					"position": {
						"0.1": {
							"vector": [0, 0, 0]
						},
						"0.2333": {
							"vector": [2, 0, -2]
						},
						"1.6333": {
							"vector": [2, 0, -2]
						},
						"1.9": {
							"vector": [0, 0, 0]
						}
					}
				}
			},
			"sound_effects": {
				"0.4333": {
					"effect": "magout1"
				},
				"0.6": {
					"effect": "foley_start"
				},
				"1.4": {
					"effect": "magout2"
				},
				"1.5333": {
					"effect": "foley_end"
				}
			}
		},
		"animation.model.fire": {
			"loop": true,
			"animation_length": 0.04167
		},
		"animation.model.completefire": {
			"animation_length": 1,
			"sound_effects": {
				"0.0": {
					"effect": "cog4"
				}
			}
		}
	},
	"geckolib_format_version": 2
}