{
	"format_version": "1.8.0",
	"animations": {
		"animation.model.draw": {
			"loop": true,
			"animation_length": 1.2,
			"bones": {
				"main": {
					"rotation": {
						"0.0": {
							"vector": [32.09413, -54.38778, -8.29667]
						},
						"0.35": {
							"vector": [0.50518, -5.08075, 6.8716],
							"easing": "easeOutSine"
						},
						"0.5": {
							"vector": [0.32389, -0.60235, -2.1558],
							"easing": "linear"
						},
						"0.6": {
							"vector": [0, 0, 0],
							"easing": "linear"
						}
					},
					"position": {
						"0.0": {
							"vector": [0, -17.3, 0]
						},
						"0.25": {
							"vector": [-0.4, -2.525, -1.625],
							"easing": "linear"
						},
						"0.4": {
							"vector": [-0.05, 0, -2.49],
							"easing": "linear"
						},
						"0.55": {
							"vector": [0, 0, 0],
							"easing": "linear"
						}
					}
				},
				"leftarm": {
					"rotation": {
						"0.0": {
							"vector": [0, 0, 0]
						},
						"0.2": {
							"vector": [1, 0, -22]
						},
						"0.4": {
							"vector": [0, 0, 0]
						}
					},
					"position": {
						"0.0": {
							"vector": [0, 0, 0]
						},
						"0.2": {
							"vector": [3.53901, 3.6754, 5.59783]
						},
						"0.4": {
							"vector": [0, 0, 0]
						}
					}
				}
			},
			"sound_effects": {
				"0.0": {
					"effect": "draw"
				}
			}
		},
		"animation.model.prepare": {
			"animation_length": 0.45,
			"bones": {
				"main": {
					"rotation": {
						"0.0": {
							"vector": [0, 0, 0]
						},
						"0.25": {
							"vector": [-6.52539, -6.79837, -35.22041]
						}
					},
					"position": {
						"0.0": {
							"vector": [0, 0, 0]
						},
						"0.2": {
							"vector": [-1.15, -1.52, -2.63]
						}
					}
				},
				"leftarm": {
					"rotation": {
						"0.0": {
							"vector": [0, 0, 0]
						},
						"0.2": {
							"vector": [-8.13399, 8.38314, 58.24975]
						}
					},
					"position": {
						"0.0": {
							"vector": [0, 0, 0]
						},
						"0.2": {
							"vector": [-16.80227, -3.96336, 1.291]
						}
					}
				},
				"gun": {
					"rotation": {
						"0.0": {
							"vector": [0, 0, 0]
						},
						"0.25": {
							"vector": [0, 0, 90.25]
						}
					},
					"position": {
						"0.0": {
							"vector": [0, 0, 0]
						},
						"0.25": {
							"vector": [-11.53244, 6.97602, 0.53526]
						}
					}
				},
				"rightarm": {
					"rotation": {
						"0.0": {
							"vector": [0, 0, 0]
						},
						"0.2": {
							"vector": [-9.06261, 13.64425, 102.93336]
						},
						"0.4": {
							"vector": [-5.31735, 6.06054, 81.40984]
						}
					},
					"position": {
						"0.0": {
							"vector": [0, 0, 0]
						},
						"0.2": {
							"vector": [-3, 13.5, -1]
						},
						"0.3": {
							"vector": [-4, 19.5, 3]
						},
						"0.4": {
							"vector": [-5, 19.5, 3]
						}
					}
				},
				"bullet": {
					"position": {
						"0.0": {
							"vector": [0, 0, 0]
						},
						"0.4": {
							"vector": [-8, -6, 9]
						}
					}
				}
			},
			"sound_effects": {
				"0.0": {
					"effect": "foley_start"
				}
			}
		},
		"animation.model.chamberload": {
			"loop": true,
			"animation_length": 1.1,
			"bones": {
				"main": {
					"rotation": {
						"0.0": {
							"vector": [-6.52539, -6.79837, -35.22041]
						},
						"0.1": {
							"vector": [-6.46191, -7.22616, -35.73567]
						},
						"0.3": {
							"vector": [-6.95113, -7.14606, -31.74557]
						},
						"0.4": {
							"vector": [-7.11565, -6.55612, -30.18132]
						},
						"0.5": {
							"vector": [-6.98152, -6.49108, -31.27258]
						},
						"0.65": {
							"vector": [-6.52661, -6.24782, -33.47921]
						},
						"0.75": {
							"vector": [-7.20856, -5.64802, -27.43793]
						},
						"0.9": {
							"vector": [-6.77191, -5.8151, -31.93756]
						},
						"1.05": {
							"vector": [-6.65445, -6.14498, -33.35433]
						}
					},
					"position": {
						"0.0": {
							"vector": [-1.15, -1.52, -2.63]
						},
						"0.125": {
							"vector": [-0.825, -2.395, -2.63]
						},
						"0.225": {
							"vector": [-1.15, -1.52, 0.145]
						},
						"0.4": {
							"vector": [-1.15, -1.52, -1.395]
						},
						"0.55": {
							"vector": [-1.15, -1.52, -3.305]
						},
						"0.7": {
							"vector": [-1.15, -1.67, -2.66]
						},
						"0.8": {
							"vector": [-1.15, -1.855, -3.95]
						},
						"1.05": {
							"vector": [-1.15, -1.775, -3.21]
						}
					}
				},
				"leftarm": {
					"rotation": {
						"vector": [-8.13399, 8.38314, 58.24975]
					},
					"position": {
						"vector": [-16.80227, -3.96336, 1.291]
					}
				},
				"gun": {
					"rotation": {
						"0.0": {
							"vector": [0, 0, 90.25]
						},
						"0.15": {
							"vector": [0, 0, 90.25]
						},
						"0.375": {
							"vector": [-0.25, 0.5, 90.25]
						}
					},
					"position": {
						"0.0": {
							"vector": [-11.53244, 6.97602, 0.53526]
						},
						"0.125": {
							"vector": [-11.53244, 6.97602, 0.53526]
						}
					}
				},
				"pump": {
					"rotation": {
						"0.0": {
							"vector": [0, 0, 0]
						},
						"1.075": {
							"vector": [0, 0, 0]
						}
					},
					"position": {
						"0.0": {
							"vector": [0, 0, 0]
						},
						"0.1": {
							"vector": [0, 0, 0]
						},
						"0.175": {
							"vector": [0, 0, 10.4]
						},
						"1.0": {
							"vector": [0, 0, 10.4]
						},
						"1.075": {
							"vector": [0, 0, 0]
						}
					}
				},
				"action": {
					"rotation": {
						"0.0": {
							"vector": [0, 0, 0]
						},
						"1.075": {
							"vector": [0, 0, 0]
						}
					},
					"position": {
						"0.0": {
							"vector": [0, 0, 0]
						},
						"0.1": {
							"vector": [0, 0, 0]
						},
						"0.175": {
							"vector": [0, 0, 8.3]
						},
						"1.0": {
							"vector": [0, 0, 8.3]
						},
						"1.075": {
							"vector": [0, 0, 0]
						}
					}
				},
				"rightarm": {
					"rotation": {
						"0.0": {
							"vector": [-5.31735, 6.06054, 81.40984]
						},
						"0.425": {
							"vector": [-24.29389, 10.95929, 73.74897]
						},
						"0.525": {
							"vector": [-24.54371, -1.59657, 66.94459]
						},
						"0.575": {
							"vector": [-15.86107, -22.47475, 44.32722]
						},
						"0.675": {
							"vector": [-9.36107, -22.47475, 44.32722]
						},
						"0.775": {
							"vector": [-9.06087, -21.31128, 47.3435]
						},
						"0.85": {
							"vector": [-11.98698, -14.37067, 52.83321]
						},
						"0.95": {
							"vector": [-11.98698, -14.37067, 52.83321]
						},
						"1.075": {
							"vector": [-5.31735, 6.06054, 81.40984]
						}
					},
					"position": {
						"0.0": {
							"vector": [-5, 19.5, 3]
						},
						"0.2": {
							"vector": [-15.1218, 17.89357, 14.31425]
						},
						"0.3": {
							"vector": [-15.1218, 17.89357, 14.31425]
						},
						"0.425": {
							"vector": [-7.07381, 11.97459, -4.67109]
						},
						"0.525": {
							"vector": [-8.40752, 12.02489, -6.53388]
						},
						"0.575": {
							"vector": [-11.78157, 10.10304, -10.67985]
						},
						"0.675": {
							"vector": [-11.72348, 13.45499, -13.15093]
						},
						"0.775": {
							"vector": [-9.34761, 14.38896, -14.66573]
						},
						"0.85": {
							"vector": [-12.26965, 18.16803, -7.59285]
						},
						"0.95": {
							"vector": [-10.26965, 21.16803, 3.40715]
						},
						"1.075": {
							"vector": [-5, 19.5, 3]
						}
					}
				},
				"shell": {
					"rotation": {
						"0.0": {
							"vector": [0, 0, 0]
						},
						"0.2": {
							"vector": [-13.5, 0, 0]
						},
						"0.5": {
							"vector": [-5.30408, -17.65438, -0.52979]
						},
						"0.6": {
							"vector": [1.54954, -11.87057, -2.24114]
						},
						"0.7": {
							"vector": [0.24443, -11.54581, 5.41128]
						},
						"0.8": {
							"vector": [12.28068, -5.03058, 2.35329]
						},
						"1.0": {
							"vector": [12.28068, -5.03058, 2.35329]
						},
						"1.1": {
							"vector": [0, 0, 0]
						}
					},
					"position": {
						"0.0": {
							"vector": [0, 0, 28]
						},
						"0.05": {
							"vector": [0, -7.9, 36.1]
						},
						"0.2": {
							"vector": [3.44294, -12.58368, 36.80056]
						},
						"0.35": {
							"vector": [-9.49251, -3.69301, 20.40323]
						},
						"0.5": {
							"vector": [-3.56542, 2.29791, 8.5668]
						},
						"0.6": {
							"vector": [-2.27699, 3.30244, 8.18202]
						},
						"0.7": {
							"vector": [-2.02699, 3.30244, 7.90702]
						},
						"0.8": {
							"vector": [-0.4668, 3.38709, 6.20071]
						},
						"1.0": {
							"vector": [-0.4668, 3.38709, 6.20071]
						},
						"1.1": {
							"vector": [0, 0, 28]
						}
					}
				},
				"bullet": {
					"rotation": {
						"0.0": {
							"vector": [0, 0, 0]
						},
						"0.7": {
							"vector": [0, -15, 0]
						}
					},
					"position": {
						"0.0": {
							"vector": [-7, -6, 10]
						},
						"0.05": {
							"vector": [-6, -5.67, 11.33]
						},
						"0.175": {
							"vector": [-9, -11, 19]
						},
						"0.2": {
							"vector": [-4, -11, 17]
						},
						"0.3": {
							"vector": [-4, -11, 17]
						},
						"0.425": {
							"vector": [-2, 1, 0]
						},
						"0.7": {
							"vector": [1, 1, -4]
						}
					}
				}
			},
			"sound_effects": {
				"0.25": {
					"effect": "shell_chamber"
				},
				"0.7": {
					"effect": "foley_start"
				}
			}
		},
		"animation.model.inspect": {
			"animation_length": 4.26667,
			"bones": {
				"main": {
					"rotation": {
						"0.0": {
							"vector": [0, 0, 0]
						},
						"0.1667": {
							"vector": [-8.41746, -13.59608, -21.21259],
							"easing": "linear"
						},
						"0.3": {
							"vector": [-8.39812, -20.10111, -31.77688]
						},
						"0.4333": {
							"vector": [-9.55676, -20.88889, -28.55629]
						},
						"0.5333": {
							"vector": [-8.77652, -21.21647, -30.72851]
						},
						"0.7667": {
							"vector": [-9.4227, -20.94881, -28.93303]
						},
						"1.0": {
							"vector": [-3.1216, -20.98207, -46.44405]
						},
						"1.1333": {
							"vector": [-4.564, -20.73064, -42.44007]
						},
						"1.2333": {
							"vector": [-4.86325, -20.9153, -41.60203]
						},
						"1.3333": {
							"vector": [-4.58308, -20.97575, -42.38574]
						},
						"1.4667": {
							"vector": [-4.01131, -21.08802, -43.97908]
						},
						"1.6": {
							"vector": [-4.38767, -21.01662, -42.9316]
						},
						"1.7": {
							"vector": [-4.18847, -21.05622, -43.48691],
							"easing": "linear"
						},
						"2.0333": {
							"vector": [-16.91438, 5.38499, 54.40399],
							"easing": "linear"
						},
						"2.1667": {
							"vector": [-15.22513, 5.80082, 60.04554]
						},
						"2.3": {
							"vector": [-15.70981, 5.86025, 59.48558]
						},
						"2.4333": {
							"vector": [-15.93602, 7.03904, 62.69373]
						},
						"2.5667": {
							"vector": [-15.60896, 7.75082, 65.23442]
						},
						"2.7333": {
							"vector": [-15.71675, 7.52491, 64.42194]
						},
						"2.9": {
							"vector": [-15.56389, 7.84019, 65.55973]
						},
						"3.1": {
							"vector": [-15.61778, 7.73186, 65.16659]
						},
						"3.2667": {
							"vector": [-15.9801, 6.93689, 62.33342]
						},
						"3.4": {
							"vector": [-8.86998, 2.42135, 33.56191]
						},
						"3.5333": {
							"vector": [0, -1.75, -2.75]
						},
						"3.7": {
							"vector": [0, 0, 0]
						}
					},
					"position": {
						"0.0": {
							"vector": [0, 0, 0]
						},
						"0.3": {
							"vector": [-0.475, 1.475, -8.7]
						},
						"0.4": {
							"vector": [-0.195, 1, -7.7]
						},
						"0.5333": {
							"vector": [-0.03, 0.725, -7.7]
						},
						"0.7": {
							"vector": [0, 1.125, -7.7]
						},
						"0.9": {
							"vector": [0.125, 1.4, -8.275]
						},
						"1.2": {
							"vector": [-0.02, 1.475, -8]
						},
						"1.4": {
							"vector": [0.11, 1.425, -8.175]
						},
						"1.6667": {
							"vector": [0.275, 1.25, -7.975]
						},
						"1.8": {
							"vector": [-0.13, -1.19, -8.65]
						},
						"1.9667": {
							"vector": [-0.545, -1.325, -11.15]
						},
						"2.1333": {
							"vector": [-0.415, -1.395, -10.545]
						},
						"2.2667": {
							"vector": [-0.525, -1.455, -9.17]
						},
						"2.4": {
							"vector": [-0.49, -1.43, -9.85]
						},
						"2.5667": {
							"vector": [-0.455, -1.5, -9.24]
						},
						"2.7667": {
							"vector": [-0.53, -1.5, -9.27]
						},
						"3.0": {
							"vector": [-0.49, -1.41, -9.3]
						},
						"3.2333": {
							"vector": [-0.545, -1.325, -9.325]
						},
						"3.3667": {
							"vector": [-1.005, -0.61, -7.41]
						},
						"3.6333": {
							"vector": [0, 0, 0]
						}
					}
				},
				"leftarm": {
					"rotation": {
						"0.0": {
							"vector": [0, 0, 0]
						},
						"0.1667": {
							"vector": [0, 0, -2.5]
						},
						"1.7333": {
							"vector": [0, 0, -2.5]
						},
						"2.0333": {
							"vector": [-20, 0, -45]
						},
						"3.3": {
							"vector": [-20, 0, -45]
						},
						"3.5667": {
							"vector": [0, 0, 0]
						}
					},
					"position": {
						"0.0": {
							"vector": [0, 0, 0]
						},
						"0.1667": {
							"vector": [11.23986, -30.20851, 24.64864]
						},
						"1.7333": {
							"vector": [11.23986, -30.20851, 24.64864]
						},
						"2.0333": {
							"vector": [7.35, 6.25, 2.33]
						},
						"3.3": {
							"vector": [7.35, 6.25, 2.33]
						},
						"3.5667": {
							"vector": [0, 0, 0]
						}
					}
				},
				"bone": {
					"position": {
						"0.0": {
							"vector": [0, 0, 0]
						},
						"2.2": {
							"vector": [0, 0, 0]
						},
						"2.2667": {
							"vector": [0, 0, 6]
						},
						"2.8667": {
							"vector": [0, 0, 6]
						},
						"2.9333": {
							"vector": [0, 0, 0]
						}
					}
				},
				"spinny": {
					"rotation": {
						"2.1667": {
							"vector": [0, 0, 0]
						},
						"2.5667": {
							"vector": [0, 0, 350]
						},
						"2.7667": {
							"vector": [0, 0, 530]
						},
						"3.6667": {
							"vector": [0, 0, 0]
						}
					}
				}
			},
			"sound_effects": {
				"0.0": {
					"effect": "inspect_up"
				},
				"0.8": {
					"effect": "inspect_foley"
				},
				"1.3667": {
					"effect": "inspect_turn"
				},
				"2.0667": {
					"effect": "cog2"
				},
				"3.2667": {
					"effect": "inspect_down"
				}
			}
		},
		"animation.model.fire": {
			"animation_length": 0.6,
			"bones": {
				"main": {
					"rotation": {
						"0.0": {
							"vector": [0, 0, 0]
						},
						"0.05": {
							"vector": [-4.13699, -0.79654, 10.6403]
						},
						"0.175": {
							"vector": [-5.00249, -1.11984, 3.89357]
						},
						"0.225": {
							"vector": [-4.74581, -1.39611, 2.65973]
						},
						"0.3": {
							"vector": [-4.38312, -0.94992, 5.14611]
						},
						"0.375": {
							"vector": [-3.70511, -0.81923, 0.79288]
						},
						"0.475": {
							"vector": [-1.24175, -0.61979, 2.35169]
						},
						"0.6": {
							"vector": [0, 0, 0]
						}
					},
					"position": {
						"0.0": {
							"vector": [0, 0, 0]
						},
						"0.05": {
							"vector": [-0.375, -0.9, 6.575]
						},
						"0.125": {
							"vector": [-0.63, -0.4, 3.375]
						},
						"0.225": {
							"vector": [-0.39, -0.44, 4.06]
						},
						"0.3": {
							"vector": [-0.155, -0.475, 3.95]
						},
						"0.45": {
							"vector": [-0.06, -0.19, 1.48]
						},
						"0.55": {
							"vector": [0, 0, 0]
						}
					}
				},
				"pump": {
					"rotation": {
						"0.0": {
							"vector": [0, 0, 0]
						},
						"0.2": {
							"vector": [0, 0, 0]
						},
						"0.525": {
							"vector": [0, 0, 0]
						}
					},
					"position": {
						"0.0": {
							"vector": [0, 0, 0]
						},
						"0.2": {
							"vector": [0, 0, 0]
						},
						"0.275": {
							"vector": [0, 0, 12.5]
						},
						"0.45": {
							"vector": [0, 0, 12.5]
						},
						"0.525": {
							"vector": [0, 0, 0]
						}
					}
				},
				"action": {
					"rotation": {
						"0.0": {
							"vector": [0, 0, 0]
						},
						"0.2": {
							"vector": [0, 0, 0]
						},
						"0.525": {
							"vector": [0, 0, 0]
						}
					},
					"position": {
						"0.0": {
							"vector": [0, 0, 0]
						},
						"0.2": {
							"vector": [0, 0, 0]
						},
						"0.275": {
							"vector": [0, 0, 8.6]
						},
						"0.45": {
							"vector": [0, 0, 8.6]
						},
						"0.525": {
							"vector": [0, 0, 0]
						}
					}
				},
				"shell": {
					"rotation": {
						"0.0": {
							"vector": [0, 0, 0]
						},
						"0.2": {
							"vector": [0, 0, 0]
						},
						"0.25": {
							"vector": [11.25, 0, 0]
						},
						"0.3": {
							"vector": [1.04852, 17.49725, 0.31528]
						},
						"0.35": {
							"vector": [40.13672, -11.72631, -51.54685]
						},
						"0.4": {
							"vector": [77.01537, 30.7905, -125.02275]
						},
						"0.5": {
							"vector": [0, 0, 0]
						},
						"0.6": {
							"vector": [0, 0, 0]
						}
					},
					"position": {
						"0.0": {
							"vector": [0, 0, 0]
						},
						"0.2": {
							"vector": [0, 0, 0]
						},
						"0.25": {
							"vector": [-0.075, 3.45, 7.05]
						},
						"0.3": {
							"vector": [-1.87, 3.55, 9]
						},
						"0.35": {
							"vector": [-22.37, 4.175, 7.05]
						},
						"0.4": {
							"vector": [-58.615, -14.15, 7.05]
						},
						"0.45": {
							"vector": [-58.62, -42.175, 7.05]
						},
						"0.5": {
							"vector": [3.105, -42.18, 35.15]
						},
						"0.55": {
							"vector": [0.125, -0.79, 25.455]
						},
						"0.6": {
							"vector": [0, 0, 0]
						}
					},
					"scale": {
						"0.0": {
							"vector": [1, 1, 1]
						},
						"0.2": {
							"vector": [1, 1, 1]
						},
						"0.45": {
							"vector": [1, 1, 1]
						},
						"0.5": {
							"vector": [0.2625, 0.19, 0.0575]
						},
						"0.55": {
							"vector": [0.2625, 0.19, 0.0575]
						},
						"0.6": {
							"vector": [1, 1, 1]
						}
					}
				},
				"triger": {
					"rotation": {
						"0.15": {
							"vector": [0, 0, 0]
						},
						"0.3": {
							"vector": [-22.5, 0, 0]
						},
						"0.45": {
							"vector": [0, 0, 0]
						}
					},
					"position": {
						"0.15": {
							"vector": [0, 0, 0]
						},
						"0.3": {
							"vector": [0, 1, 0]
						},
						"0.45": {
							"vector": [0, 0, 0]
						}
					}
				},
				"bone": {
					"position": {
						"0.0": {
							"vector": [0, 0, 0]
						},
						"0.075": {
							"vector": [0, 0, 5]
						},
						"0.125": {
							"vector": [0, 0, 5]
						},
						"0.25": {
							"vector": [0, 0, 0]
						}
					}
				},
				"rightarm": {
					"rotation": {
						"0.15": {
							"vector": [0, 0, 0]
						},
						"0.3": {
							"vector": [10, 0, 0]
						},
						"0.45": {
							"vector": [0, 0, 0]
						}
					},
					"position": {
						"0.15": {
							"vector": [0, 0, 0]
						},
						"0.3": {
							"vector": [0, 0, 1]
						},
						"0.45": {
							"vector": [0, 0, 0]
						}
					}
				},
				"muzzleflash": {
					"position": {
						"0.0": {
							"vector": [0, 0, 0]
						},
						"0.1": {
							"vector": [0, 0, 5]
						},
						"0.25": {
							"vector": [0, 0, 0]
						}
					}
				}
			},
			"sound_effects": {
				"0.0": {
					"effect": "cog4"
				},
				"0.075": {
					"effect": "pump2"
				}
			}
		},
		"animation.model.finish": {
			"animation_length": 0.41667,
			"bones": {
				"main": {
					"rotation": {
						"0.0": {
							"vector": [-6.52539, -6.79837, -35.22041]
						},
						"0.3333": {
							"vector": [0, 0, 0]
						}
					},
					"position": {
						"0.0": {
							"vector": [-1.15, -1.52, -2.63]
						},
						"0.25": {
							"vector": [0, 0, 0]
						}
					}
				},
				"gun": {
					"rotation": {
						"0.0": {
							"vector": [0, 0, 90.25]
						},
						"0.2917": {
							"vector": [0, 0, 0]
						}
					},
					"position": {
						"0.0": {
							"vector": [-11.53244, 6.97602, 0.53526]
						},
						"0.2917": {
							"vector": [0, 0, 0]
						}
					}
				},
				"rightarm": {
					"rotation": {
						"0.0": {
							"vector": [-5.31735, 6.06054, 81.40984]
						},
						"0.1667": {
							"vector": [0, 0, 0]
						}
					},
					"position": {
						"0.0": {
							"vector": [-5, 19.5, 3]
						},
						"0.0833": {
							"vector": [-4.5, 8, 1]
						},
						"0.1667": {
							"vector": [0, 0, 0]
						}
					}
				},
				"leftarm": {
					"rotation": {
						"0.0": {
							"vector": [0, -25, 0]
						},
						"0.1667": {
							"vector": [0, 0, 0]
						}
					},
					"position": {
						"0.0": {
							"vector": [-14, -7, 0]
						},
						"0.1667": {
							"vector": [0, 0, 0]
						}
					}
				},
				"bullet": {
					"rotation": {
						"0.0": {
							"vector": [0, 0, 0]
						},
						"0.1667": {
							"vector": [0, 0, 0]
						}
					},
					"position": {
						"0.0": {
							"vector": [-7, -6, 10]
						},
						"0.1667": {
							"vector": [0, 0, 0]
						}
					}
				}
			}
		}
	},
	"geckolib_format_version": 2
}