{
  "name" : "jatimatic",
  "type": "Gun",
  "maxAmmoCapacity" : 40,
  "compatibleAmmo" : ["ammocreative", "ammo9mm"],
  "damage" : 5.5,
  "rpm" : 600,
  "muzzleFlashScale" : 1,
  "fireModes" : ["SINGLE", "AUTOMATIC"],
  "fireSound" : "jatimatic",
  "aimingZoom" : 0.25,
  "gunRecoilInitialAmplitude" : 1.6,
  "shakeRecoilAmplitude" : 0.8,
  "shakeRecoilSpeed" : 1.5,
  "viewRecoilAmplitude" : 1.25,
  "phasedReloads": [
    {
      "phase": "RELOADING",
      "condition": "reloadIterationIndex == 0",
      "duration": 2000,
      "animation": "animation.model.reloadempty"
    },
    {
      "phase": "RELOADING",
      "condition": "reloadIterationIndex > 0",
      "duration": 1670,
      "animation": "animation.model.reload"				
    }
  ],
 "compatibleAttachmentGroups": [
 "skin", 
 "jatimatic_only",
 "jatimatic_barrelthreaded",
 "jatimatic_mount"
 ],
  "idleAnimations": [ 
  {
 "name": "animation.model.idle",
 "condition": "random",
 "duration": 10000
  },
  {
 "name": "animation.model.idle2",
 "condition": "random", 
 "duration": 10000
  } 
], 
 "fireAnimations": [
 {
 "name": "animation.model.fire",
 "duration": 250,
 "condition": "random"
 },
 {
 "name": "animation.model.fire2",
 "duration": 250, 
 "condition": "random"
 },
 {
 "name": "animation.model.fire3",
 "duration": 250, 
 "condition": "random"
 }
 ],
  "inspectAnimations": [
  {
  "name": "animation.model.inspectlaser",
 "duration": 2870, 
 "condition": "random"
  },
  {
 "name": "animation.model.inspect",
 "duration": 3700,
 "condition": "random"
  }  
  ],
  "drawAnimations": [
  {
 "name": "animation.model.draw",
 "duration": 700
  }
 ],
  "features": [
    {
        "type": "Recoil",
        "recoilModifier": 0.2,
 "condition": {
   "allOf": [
   {
     "doesNotHaveAttachmentGroup": "jatimatic_only"
   },
   {
     "doesNotHaveAttachmentGroup": "jatimatic_only2"
   }   
   ]
  }
  },
  {
 "type": "Sound",
 "fireSound": "jatimatic_silencer",
 "fireSoundVolume": 0.5,
 "condition": {
 "allOf": [
 {
 "hasAttachmentGroup": "ar_suppressors"
 },
 {
 "hasAttachmentGroup": "jatimatic_barrelthreaded"
 } 
 ]
 }
  },
 {
  "type": "MuzzleFlash",
  "effects": [
        {
                   "phase": "hit_scan_acquired",
                   "name": "tracerminigun"
        },
        {
                   "phase": "firing",
                   "name": "muzzle_flash"
        }
  ],
"condition": {
 "allOf": [
 {
 "isUsingDefaultMuzzle": true
 },
 {
 "doesNotHaveAttachmentGroup": "jatimatic_barrelthreaded"
 }
 ]
 }
 }  
]
}