{
 "name": "jatimatic_barrelthreaded",
 "type": "Attachment",
 "category": "barrel",
 "groups": [
 "jatimatic_barrelthreaded" 
 ],
 "features": [
 {
  "type": "MuzzleFlash",
  "effects": [
        {
                   "phase": "hit_scan_acquired",
                   "name": "tracerminigun"
        }
  ]
 }, 
{
 "type": "Sound",
 "fireSound": "jatimatic_silencer",
 "fireSoundVolume": 1.1
 },
 {
 "type": "Recoil",
 "recoilModifier": 1.1
 },
 {
 "type": "Accuracy",
 "accuracyModifier": 1.02
 }
 ]
}