{
	"format_version": "1.12.0",
	"minecraft:geometry": [
		{
			"description": {
				"identifier": "geometry.unknown",
				"texture_width": 64,
				"texture_height": 64,
				"visible_bounds_width": 8,
				"visible_bounds_height": 4,
				"visible_bounds_offset": [0, 1, 0]
			},
			"bones": [
				{
					"name": "main",
					"pivot": [0, 20, 28]
				},
				{
					"name": "gun",
					"parent": "main",
					"pivot": [1, 11, 27],
					"cubes": [
						{"origin": [9, 24.5, -1], "size": [3, 8, 3], "pivot": [20.5, 13, 3.5], "rotation": [0, 0, -45], "uv": [12, 13]},
						{"origin": [9, 21.5, -1], "size": [3, 1, 3], "pivot": [20.5, 13, 3.5], "rotation": [0, 0, -45], "uv": [22, 4]},
						{"origin": [4.00431, 12.35355, 0], "size": [4, 2, 1], "pivot": [6.00431, 13.35355, 0.5], "rotation": [0, 0, -45], "uv": [9, 25]},
						{"origin": [4.00431, 12.35355, 0], "size": [4, 2, 1], "pivot": [6.00431, 13.35355, 0.5], "rotation": [0, -45, -45], "uv": [0, 23]},
						{"origin": [4.00431, 12.35355, 0], "size": [4, 2, 1], "pivot": [6.00431, 13.35355, 0.5], "rotation": [0, -90, -45], "uv": [21, 13]},
						{"origin": [4.00431, 12.35355, 0], "size": [4, 2, 1], "pivot": [6.00431, 13.35355, 0.5], "rotation": [180, -45, 135], "uv": [11, 0]},
						{"origin": [9, 19.5, -0.5], "size": [7, 2, 2], "pivot": [20.5, 13, 3.5], "rotation": [0, 0, -45], "uv": [22, 0]},
						{"origin": [12, 29.5, -0.5], "size": [4, 2, 2], "pivot": [20.5, 13, 3.5], "rotation": [0, 0, -45], "uv": [22, 8]},
						{"origin": [14, 21.5, -1], "size": [3, 8, 3], "pivot": [20.5, 13, 3.5], "rotation": [0, 0, -45], "uv": [0, 12]}
					]
				},
				{
					"name": "_ca_grip",
					"parent": "main",
					"pivot": [-2.5, 21.825, 10.3],
					"cubes": [
						{"origin": [-3, 19, 2], "size": [1, 1, 1], "uv": [0, 5]}
					]
				}
			]
		}
	]
}