{
	"format_version": "1.12.0",
	"minecraft:geometry": [
		{
			"description": {
				"identifier": "geometry.unknown",
				"texture_width": 32,
				"texture_height": 32,
				"visible_bounds_width": 8,
				"visible_bounds_height": 4,
				"visible_bounds_offset": [0, 1, 0]
			},
			"bones": [
				{
					"name": "main",
					"pivot": [0, 20, 28]
				},
				{
					"name": "gun",
					"parent": "main",
					"pivot": [1, 11, 27],
					"cubes": [
						{"origin": [8, 24.5, -2], "size": [4, 8, 4], "pivot": [20.5, 13, 3.5], "rotation": [0, 0, -45], "uv": [0, 13]},
						{"origin": [8.5, 23.5, -1.5], "size": [3, 1, 3], "pivot": [20.5, 13, 3.5], "rotation": [0, 0, -45], "uv": [18, 19]},
						{"origin": [8, 21.5, -2], "size": [4, 2, 4], "pivot": [20.5, 13, 3.5], "rotation": [0, 0, -45], "uv": [16, 13]}
					]
				},
				{
					"name": "_ca_grip",
					"parent": "main",
					"pivot": [-3, 21.325, 10.3],
					"cubes": [
						{"origin": [-3.5, 18.5, 2], "size": [1, 1, 1], "uv": [0, 5]}
					]
				}
			]
		}
	]
}