{
	"format_version": "1.12.0",
	"minecraft:geometry": [
		{
			"description": {
				"identifier": "geometry.unknown",
				"texture_width": 32,
				"texture_height": 32,
				"visible_bounds_width": 11,
				"visible_bounds_height": 6,
				"visible_bounds_offset": [0, 1, 0]
			},
			"bones": [
				{
					"name": "main",
					"pivot": [0, 19.25, 0]
				},
				{
					"name": "bone",
					"parent": "main",
					"pivot": [0, 0, 0],
					"cubes": [
						{"origin": [-2, 27, -7], "size": [4, 1, 3], "uv": [13, 5]},
						{"origin": [-2, 27, 0], "size": [4, 1, 4], "uv": [13, 0]},
						{"origin": [2, 28, -7], "size": [1, 1, 2], "uv": [18, 13]},
						{"origin": [-3, 28, -7], "size": [1, 1, 2], "uv": [5, 13]},
						{"origin": [-0.5, 28, -7], "size": [1, 1, 2], "uv": [5, 4]},
						{"origin": [2, 28, 1], "size": [1, 1, 3], "uv": [13, 17]},
						{"origin": [-3, 28, 1], "size": [1, 1, 3], "uv": [13, 13]},
						{"origin": [1, 28, 0], "size": [1, 3, 3], "uv": [0, 13]},
						{"origin": [-1, 30, 0], "size": [2, 1, 3], "uv": [0, 0]},
						{"origin": [-2, 28, 0], "size": [1, 3, 3], "uv": [0, 4]},
						{"origin": [2, 26, -7], "size": [1, 2, 11], "uv": [0, 13]},
						{"origin": [-3, 26, -7], "size": [1, 2, 11], "uv": [0, 0]}
					]
				},
				{
					"name": "scope",
					"parent": "main",
					"pivot": [0, 28.7, 24.3],
					"cubes": [
						{"origin": [-0.5, 28.2, 24], "size": [1, 1, 1], "inflate": -0.4, "uv": [7, 9]}
					]
				},
				{
					"name": "_ca_scope",
					"parent": "main",
					"pivot": [0, 27.275, -1.65],
					"cubes": [
						{"origin": [-0.5, 26.5, -2.15], "size": [1, 1, 1], "uv": [7, 0]}
					]
				}
			]
		}
	]
}