{
	"format_version": "1.12.0",
	"minecraft:geometry": [
		{
			"description": {
				"identifier": "geometry.unknown",
				"texture_width": 32,
				"texture_height": 32,
				"visible_bounds_width": 2,
				"visible_bounds_height": 2.5,
				"visible_bounds_offset": [0, 0.75, 0]
			},
			"bones": [
				{
					"name": "bb_main",
					"pivot": [0, 0, 0],
					"cubes": [
						{"origin": [-4, 1.5, -1], "size": [5, 2, 5], "uv": [0, 13]},
						{"origin": [-3.5, 3, -0.5], "size": [4, 1, 4], "uv": [15, 13]},
						{"origin": [-3.5, 0.5, -0.5], "size": [4, 1, 4], "uv": [15, 0]},
						{"origin": [-4, 4, -1], "size": [5, 8, 5], "uv": [0, 0]},
						{"origin": [0, 12, -1], "size": [1, 1, 5], "uv": [0, 20]},
						{"origin": [-4, 12, -1], "size": [1, 1, 5], "uv": [15, 18]},
						{"origin": [-3, 12, -1], "size": [3, 1, 1], "uv": [7, 20]},
						{"origin": [-3, 12, 3], "size": [3, 1, 1], "uv": [20, 5]},
						{"origin": [-2, 12, 1], "size": [1, 1, 1], "uv": [0, 0]}
					]
				}
			]
		}
	]
}