{
	"format_version": "1.12.0",
	"minecraft:geometry": [
		{
			"description": {
				"identifier": "geometry.unknown",
				"texture_width": 128,
				"texture_height": 128,
				"visible_bounds_width": 8,
				"visible_bounds_height": 4,
				"visible_bounds_offset": [0, 1, 0]
			},
			"bones": [
				{
					"name": "main",
					"pivot": [0, 20, 0]
				},
				{
					"name": "_cb_grip",
					"parent": "main",
					"pivot": [0, 15.45, -26.225],
					"cubes": [
						{"origin": [-0.5, 15, -24], "size": [1, 1, 1], "uv": [35, 105]}
					]
				},
				{
					"name": "_cb_scope",
					"parent": "main",
					"pivot": [0, 28.1, -9.65],
					"cubes": [
						{"origin": [-0.5, 26.5, -15.15], "size": [1, 1, 1], "uv": [35, 105]}
					]
				},
				{
					"name": "_cb_barrel",
					"parent": "main",
					"pivot": [0, 22.375, -35.75],
					"cubes": [
						{"origin": [-0.5, 21.5, -30.5], "size": [1, 1, 1], "uv": [27, 69]}
					]
				},
				{
					"name": "gun",
					"parent": "main",
					"pivot": [1, 11, -1],
					"cubes": [
						{"origin": [-1.75, 14.5, -1], "size": [3.5, 4, 4], "uv": [107, 64]},
						{"origin": [-2, 9.25, -0.5], "size": [4, 5, 4], "pivot": [1, 13.5, -1], "rotation": [35, 0, 0], "uv": [33, 1]},
						{"origin": [-2, 6.5, -1], "size": [4, 3, 11], "inflate": 0.1, "pivot": [1, 13.5, -1], "rotation": [35, 0, 0], "uv": [95, 3]},
						{"origin": [-2, 9.5, 7], "size": [4, 4, 3], "pivot": [1, 13.5, -1], "rotation": [35, 0, 0], "uv": [0, 24]},
						{"origin": [-1.5, 15, -2], "size": [3, 3, 2], "inflate": -0.1, "uv": [60, 39]},
						{"origin": [-1, 16, -5.5], "size": [2, 3, 1], "inflate": -0.1, "pivot": [1.15, 15.05, -4.55], "rotation": [-21, 0, 0], "uv": [18, 41]},
						{"origin": [-1.5, 15, -7], "size": [3, 3, 1], "inflate": -0.1, "uv": [44, 43]},
						{"origin": [-1.5, 15, -6.5], "size": [3, 1, 5], "inflate": -0.11, "uv": [33, 46]},
						{"origin": [-2, 16, -28], "size": [4, 4, 7], "uv": [11, 11]},
						{"origin": [-2.5, 15.5, -25], "size": [5, 5, 2], "uv": [60, 32]},
						{"origin": [-2.5, 15.5, -21], "size": [5, 5, 11], "uv": [0, 93]},
						{"origin": [-3, 22, -25], "size": [6, 4, 14], "uv": [17, 73]},
						{"origin": [-2, 20, -30], "size": [4, 4, 20], "uv": [32, 32]},
						{"origin": [-2, 20, -7], "size": [4, 5, 9], "uv": [43, 70]},
						{"origin": [-3, 23, -11], "size": [6, 3, 10], "uv": [32, 97]},
						{"origin": [-3, 18, -7], "size": [6, 4, 11], "uv": [63, 91]},
						{"origin": [-2.5, 18, 5.5], "size": [5, 4, 4], "uv": [54, 93]},
						{"origin": [-2.5, 12, 15.5], "size": [5, 10, 3], "uv": [0, 0]},
						{"origin": [-1.5, 19, 4], "size": [3, 2, 2], "uv": [18, 74]},
						{"origin": [-1.99, 13, 10], "size": [3.98, 4, 6], "uv": [98, 26]},
						{"origin": [-2, 26, -24], "size": [4, 1, 16], "uv": [0, 24]}
					]
				},
				{
					"name": "bone5",
					"parent": "gun",
					"pivot": [-2.75, 25, -42]
				},
				{
					"name": "bone2",
					"parent": "gun",
					"pivot": [-2.75, 25, -29],
					"cubes": [
						{"origin": [-3.25, 23, -23], "size": [1, 2, 10], "uv": [29, 24]}
					]
				},
				{
					"name": "bone",
					"parent": "gun",
					"pivot": [2.75, 25, -29],
					"cubes": [
						{"origin": [2.25, 23, -23], "size": [1, 2, 10], "uv": [102, 51]}
					]
				},
				{
					"name": "spinny",
					"parent": "gun",
					"pivot": [0, 19.5, -8.5],
					"cubes": [
						{"origin": [-1, 16, -10], "size": [2, 7, 3], "uv": [0, 56]},
						{"origin": [-1, 16, -10], "size": [2, 7, 3], "pivot": [0, 19.5, -9], "rotation": [0, 0, 45], "uv": [41, 24]},
						{"origin": [-1, 16, -10], "size": [2, 7, 3], "pivot": [0, 19.5, -9], "rotation": [0, 0, 90], "uv": [0, 41]},
						{"origin": [-1, 16, -10], "size": [2, 7, 3], "pivot": [0, 19.5, -9], "rotation": [0, 0, -45], "uv": [29, 24]}
					]
				},
				{
					"name": "bone4",
					"parent": "gun",
					"pivot": [1, 11, 1],
					"cubes": [
						{"origin": [-7.5, 19.5, -5.5], "size": [3, 2, 2], "uv": [42, 39]},
						{"origin": [-4.5, 20, -5], "size": [2, 1, 1], "uv": [12, 16]}
					]
				},
				{
					"name": "magazine",
					"parent": "main",
					"pivot": [0.5, 8.75, -10.25],
					"cubes": [
						{"origin": [-1.5, 15, -20], "size": [3, 6, 9], "uv": [0, 71]},
						{"origin": [-2, 14, -20], "size": [4, 1, 10], "uv": [0, 41]}
					]
				},
				{
					"name": "bullet",
					"parent": "magazine",
					"pivot": [-0.15, 23.4, -15.7],
					"cubes": [
						{"origin": [-0.65, 20.4, -18.95], "size": [1, 1, 7], "pivot": [-0.15, 20.9, -15.45], "rotation": [0, 0, 45], "uv": [106, 78]}
					]
				},
				{
					"name": "rightarm",
					"parent": "main",
					"pivot": [-4.3, 8.8, 21.8],
					"rotation": [-101.81106, -12.40003, -2.46982],
					"cubes": [
						{"origin": [-8.3, -15.2, 17.8], "size": [8, 24, 8], "uv": [74, 56]}
					]
				},
				{
					"name": "leftarm",
					"parent": "main",
					"pivot": [10.7, 6.3, -3.6],
					"rotation": [-119.61483, 1.67666, -38.31282],
					"cubes": [
						{"origin": [6.7, -17.7, -7.6], "size": [8, 24, 8], "uv": [60, 0]}
					]
				},
				{
					"name": "muzzleflash",
					"parent": "main",
					"pivot": [0, 22.35, -30.25],
					"cubes": [
						{"origin": [-0.5, 21.85, -30.55], "size": [1, 1, 1], "inflate": -0.4, "uv": [11, 24]}
					]
				},
				{
					"name": "scope",
					"parent": "main",
					"pivot": [0, 28.55, -1.25],
					"cubes": [
						{"origin": [-0.5, 28.05, -1.55], "size": [1, 1, 1], "inflate": -0.4, "uv": [13, 0]}
					]
				}
			]
		}
	]
}