{
	"format_version": "1.12.0",
	"minecraft:geometry": [
		{
			"description": {
				"identifier": "geometry.unknown",
				"texture_width": 128,
				"texture_height": 128,
				"visible_bounds_width": 8,
				"visible_bounds_height": 4,
				"visible_bounds_offset": [0, 1, 0]
			},
			"bones": [
				{
					"name": "main",
					"pivot": [0, 20, 0]
				},
				{
					"name": "gun",
					"parent": "main",
					"pivot": [1, 11, -1],
					"cubes": [
						{"origin": [-1.75, 14.5, -1], "size": [3.5, 4, 5], "uv": [73, 17]},
						{"origin": [-2, 6.25, -0.5], "size": [4, 8, 5], "pivot": [1, 13.5, -1], "rotation": [35, 0, 0], "uv": [38, 11]},
						{"origin": [-1.5, 15, -2], "size": [3, 4, 2], "inflate": -0.1, "uv": [52, 34]},
						{"origin": [-1, 16, -5.5], "size": [2, 3, 1], "inflate": -0.1, "pivot": [1.15, 15.05, -4.55], "rotation": [-21, 0, 0], "uv": [0, 51]},
						{"origin": [-1.5, 15, -7], "size": [3, 4, 1], "inflate": -0.1, "uv": [56, 15]},
						{"origin": [-1.5, 15, -6.5], "size": [3, 1, 5], "inflate": -0.11, "uv": [2, 53]},
						{"origin": [-3, 17, -32], "size": [6, 5, 13], "uv": [14, 48]},
						{"origin": [-2.5, 18, -7], "size": [5, 4, 12], "uv": [73, 31]},
						{"origin": [1, 16, -16], "size": [2, 6, 9], "uv": [2, 36]},
						{"origin": [-3, 16, -16], "size": [4, 2, 9], "uv": [2, 15]},
						{"origin": [-3, 18, -16], "size": [4, 2, 2], "uv": [43, 72]},
						{"origin": [-2, 18, -9], "size": [3, 2, 2], "uv": [73, 8]},
						{"origin": [-3, 20, -16], "size": [4, 2, 9], "uv": [2, 2]},
						{"origin": [-3, 13, -16], "size": [6, 3, 9], "uv": [34, 83]},
						{"origin": [1, 12, -16], "size": [2, 1, 7], "uv": [41, 46]},
						{"origin": [-3, 12, -16], "size": [2, 1, 7], "uv": [41, 36]},
						{"origin": [-2, 13, -31], "size": [4, 4, 15], "uv": [15, 15]},
						{"origin": [-2, 18, -33], "size": [4, 4, 1], "uv": [73, 3]},
						{"origin": [-1.5, 13.5, -32], "size": [3, 3, 1], "uv": [32, 78]},
						{"origin": [-2, 22, -31], "size": [4, 1, 12], "uv": [53, 15]},
						{"origin": [-2, 22, -16], "size": [4, 1, 19], "uv": [44, 39]},
						{"origin": [-1.5, 19, 5], "size": [3, 3, 7], "uv": [15, 34]},
						{"origin": [-1.5, 14, 12], "size": [3, 9, 3], "uv": [51, 0]},
						{"origin": [-1.5, 11.06066, 12.43934], "size": [3, 4, 3], "inflate": 0.1, "pivot": [0, 15.06066, 13.93934], "rotation": [-45, 0, 0], "uv": [0, 26]}
					]
				},
				{
					"name": "pump",
					"parent": "gun",
					"pivot": [-2.25, 18.65, -42.8],
					"cubes": [
						{"origin": [-3, 12, -30], "size": [6, 4, 4], "uv": [82, 9]},
						{"origin": [-3.5, 13, -29], "size": [7, 2, 2], "uv": [39, 54]}
					]
				},
				{
					"name": "action",
					"parent": "gun",
					"pivot": [-2.5, 19, -7.5],
					"cubes": [
						{"origin": [-3, 18, -14], "size": [1, 2, 7], "uv": [34, 69]}
					]
				},
				{
					"name": "shell",
					"parent": "gun",
					"pivot": [0, 20.025, -20.35],
					"cubes": [
						{"origin": [-2, 18, -16], "size": [2, 2, 7], "uv": [71, 49]}
					]
				},
				{
					"name": "bone",
					"parent": "gun",
					"pivot": [0, 20, -17.5],
					"cubes": [
						{"origin": [-0.5, 16.5, -19], "size": [1, 7, 3], "pivot": [0, 20, -17.5], "rotation": [0, 0, 90], "uv": [0, 13]},
						{"origin": [-0.5, 16.5, -19], "size": [1, 7, 3], "uv": [0, 13]},
						{"origin": [-2, 18, -19], "size": [4, 4, 3], "uv": [19, 0]},
						{"origin": [-0.5, 16.5, -19], "size": [1, 7, 3], "pivot": [0, 20, -17.5], "rotation": [0, 0, 45], "uv": [0, 13]},
						{"origin": [-0.5, 16.5, -19], "size": [1, 7, 3], "pivot": [0, 20, -17.5], "rotation": [0, 0, -45], "uv": [0, 13]}
					]
				},
				{
					"name": "_cb_grip",
					"parent": "gun",
					"pivot": [0.5, 11.95, -30.225],
					"cubes": [
						{"origin": [0, 11.5, -28], "size": [1, 1, 1], "uv": [35, 105]}
					]
				},
				{
					"name": "_cb_scope",
					"parent": "gun",
					"pivot": [0, 24.1, -4.65],
					"cubes": [
						{"origin": [-0.5, 22.5, -10], "size": [1, 1, 1], "uv": [35, 105]}
					]
				},
				{
					"name": "_cb_exmag",
					"parent": "gun",
					"pivot": [3, 15.375, -20.25],
					"cubes": [
						{"origin": [2.5, 14.5, -15], "size": [1, 1, 1], "uv": [27, 69]}
					]
				},
				{
					"name": "_cb_barrel",
					"parent": "gun",
					"pivot": [0, 20.375, -38.75],
					"cubes": [
						{"origin": [-0.5, 19.5, -33.5], "size": [1, 1, 1], "uv": [27, 69]}
					]
				},
				{
					"name": "rightarm",
					"parent": "main",
					"pivot": [-4.3, 8.8, 21.8],
					"rotation": [-101.81106, -12.40003, -2.46982],
					"cubes": [
						{"origin": [-8.3, -15.2, 17.8], "size": [8, 24, 8], "uv": [0, 67]}
					]
				},
				{
					"name": "leftarm",
					"parent": "main",
					"pivot": [11.7, 2.3, -9.6],
					"rotation": [-119.61483, 1.67666, -38.31282],
					"cubes": [
						{"origin": [7.7, -21.7, -13.6], "size": [8, 24, 8], "uv": [58, 60]}
					]
				},
				{
					"name": "muzzleflash",
					"parent": "main",
					"pivot": [0, 19.85, -33.75],
					"cubes": [
						{"origin": [-0.5, 19.35, -34.05], "size": [1, 1, 1], "inflate": -0.4, "uv": [7, 13]}
					]
				},
				{
					"name": "scope",
					"parent": "main",
					"pivot": [0, 25.05, -1.25],
					"cubes": [
						{"origin": [-0.5, 24.55, -1.55], "size": [1, 1, 1], "inflate": -0.4, "uv": [7, 0]}
					]
				}
			]
		}
	]
}