{
	"format_version": "1.12.0",
	"minecraft:geometry": [
		{
			"description": {
				"identifier": "geometry.unknown",
				"texture_width": 128,
				"texture_height": 128,
				"visible_bounds_width": 8,
				"visible_bounds_height": 4,
				"visible_bounds_offset": [0, 1, 0]
			},
			"bones": [
				{
					"name": "main",
					"pivot": [0, 20, 0]
				},
				{
					"name": "gun",
					"parent": "main",
					"pivot": [1, 11, -1],
					"cubes": [
						{"origin": [-1.75, 15.5, -1], "size": [3.5, 4, 6], "uv": [0, 0]},
						{"origin": [-2, 9.08818, 1.41576], "size": [4, 8, 6], "pivot": [0, 10.83818, 3.91576], "rotation": [25, 0, 0], "uv": [55, 73]},
						{"origin": [-1.5, 15, -2], "size": [3, 4, 2], "inflate": -0.1, "uv": [59, 60]},
						{"origin": [-1, 16, -5.5], "size": [2, 3, 1], "inflate": -0.1, "pivot": [1.15, 15.05, -4.55], "rotation": [-21, 0, 0], "uv": [0, 0]},
						{"origin": [-1.5, 15, -7], "size": [3, 4, 1], "inflate": -0.1, "uv": [69, 73]},
						{"origin": [-2, 18, -16], "size": [4, 1, 7], "uv": [31, 65]},
						{"origin": [-2, 18, -9], "size": [4, 1, 2], "uv": [46, 68]},
						{"origin": [-1.99, 19.25565, 1.77859], "size": [3.98, 2, 5], "pivot": [0.01, 20.25565, 4.77859], "rotation": [20, 0, 0], "uv": [0, 11]},
						{"origin": [-3, 19, -12], "size": [6, 5, 3], "uv": [76, 44]},
						{"origin": [-3, 24, -16], "size": [6, 1, 4], "uv": [81, 60]},
						{"origin": [-3, 18, -16], "size": [1, 6, 4], "uv": [49, 0]},
						{"origin": [2, 18, -16], "size": [1, 6, 4], "uv": [0, 54]},
						{"origin": [-2, 20, -23], "size": [4, 4, 11], "uv": [7, 7]},
						{"origin": [-3, 19, 2], "size": [5, 5, 1], "uv": [26, 9]},
						{"origin": [-2, 24, -7], "size": [4, 1, 10], "uv": [0, 72]},
						{"origin": [-3, 18, -7], "size": [5, 1, 5], "uv": [30, 74]},
						{"origin": [-3, 18, -2], "size": [5, 1, 5], "uv": [64, 34]},
						{"origin": [-2, 20, 3], "size": [4, 5, 4], "uv": [26, 0]},
						{"origin": [-3, 19, -6], "size": [1, 5, 8], "uv": [20, 75]},
						{"origin": [-3, 19, -7], "size": [6, 5, 1], "uv": [24, 22]},
						{"origin": [-1.5, 15, -6.5], "size": [3, 1, 5], "inflate": -0.11, "uv": [48, 62]},
						{"origin": [-2, 25, -15], "size": [4, 1, 16], "uv": [48, 40]}
					]
				},
				{
					"name": "spinny",
					"parent": "gun",
					"pivot": [0, 21.9, -8],
					"cubes": [
						{"origin": [-0.5, 19, -9], "size": [1, 6, 2], "pivot": [0, 22, -8], "rotation": [0, 0, 90], "uv": [0, 18]},
						{"origin": [-0.5, 19, -9], "size": [1, 6, 2], "pivot": [0, 22, -8], "rotation": [0, 0, 45], "uv": [0, 18]},
						{"origin": [-0.5, 19, -9], "size": [1, 6, 2], "uv": [0, 18]},
						{"origin": [-1.5, 19.5, -9], "size": [3, 4, 2], "uv": [12, 0]},
						{"origin": [-0.5, 19, -9], "size": [1, 6, 2], "pivot": [0, 22, -8], "rotation": [0, 0, -45], "uv": [0, 18]}
					]
				},
				{
					"name": "_cb_grip",
					"parent": "gun",
					"pivot": [0, 21.95, -44.225],
					"cubes": [
						{"origin": [-0.5, 17.5, -14], "size": [1, 1, 1], "uv": [35, 105]}
					]
				},
				{
					"name": "_cb_scope",
					"parent": "gun",
					"pivot": [0, 27.1, -9.65],
					"cubes": [
						{"origin": [-0.5, 25.5, -9.15], "size": [1, 1, 1], "uv": [35, 105]}
					]
				},
				{
					"name": "_cb_barrel",
					"parent": "gun",
					"pivot": [0, 22.375, -28.75],
					"cubes": [
						{"origin": [-0.5, 21.5, -23.5], "size": [1, 1, 1], "uv": [27, 69]}
					]
				},
				{
					"name": "magazine",
					"parent": "main",
					"pivot": [6.5, 22.5, -2],
					"cubes": [
						{"origin": [-2, 19, -6], "size": [5, 5, 8], "uv": [61, 60]}
					]
				},
				{
					"name": "bullet",
					"parent": "magazine",
					"pivot": [5.35, 21.4, -15.7]
				},
				{
					"name": "rightarm",
					"parent": "main",
					"pivot": [-4.3, 9.8, 18.8],
					"rotation": [-101.81106, -12.40003, -2.46982],
					"cubes": [
						{"origin": [-8.3, -14.2, 14.8], "size": [8, 24, 8], "uv": [32, 22]}
					]
				},
				{
					"name": "leftarm",
					"parent": "main",
					"pivot": [10.7, 1.3, 19.4],
					"rotation": [-119.61483, 1.67666, -38.31282],
					"cubes": [
						{"origin": [6.7, -22.7, 15.4], "size": [8, 24, 8], "uv": [0, 22]}
					]
				},
				{
					"name": "muzzleflash",
					"parent": "main",
					"pivot": [0, 21.85, -23.25],
					"cubes": [
						{"origin": [-1, 20.85, -24.25], "size": [2, 2, 2], "uv": [0, 0]}
					]
				},
				{
					"name": "scope",
					"parent": "main",
					"pivot": [0, 27.55, 0.75],
					"cubes": [
						{"origin": [-0.5, 27.05, 0.45], "size": [1, 1, 1], "inflate": -0.4, "uv": [0, 11]}
					]
				}
			]
		}
	]
}