{
	"format_version": "1.12.0",
	"minecraft:geometry": [
		{
			"description": {
				"identifier": "geometry.unknown",
				"texture_width": 256,
				"texture_height": 256,
				"visible_bounds_width": 8,
				"visible_bounds_height": 4,
				"visible_bounds_offset": [0, 1, 0]
			},
			"bones": [
				{
					"name": "main",
					"pivot": [0, 20, 0]
				},
				{
					"name": "scope",
					"parent": "main",
					"pivot": [0, 20.05, -28.25],
					"cubes": [
						{"origin": [-0.5, 19.55, -28.55], "size": [1, 1, 1], "inflate": -0.4, "uv": [0, 6]}
					]
				},
				{
					"name": "gun",
					"parent": "main",
					"pivot": [1, 11, -1],
					"cubes": [
						{"origin": [-1.75, 13.5, -1], "size": [3.5, 5, 5], "uv": [72, 0]},
						{"origin": [-2, 5.5, -1], "size": [4, 8, 5], "pivot": [1, 13.5, -1], "rotation": [25, 0, 0], "uv": [36, 38]},
						{"origin": [-1, 14, -3], "size": [2, 4, 2], "inflate": -0.1, "uv": [32, 66]},
						{"origin": [-5.5, -2, 2], "size": [9, 3, 12], "uv": [76, 38]},
						{"origin": [-5.5, 6, 2], "size": [9, 3, 12], "uv": [76, 0]},
						{"origin": [3.5, -2, 2], "size": [2, 2, 12], "uv": [92, 74]},
						{"origin": [3.5, 7, 2], "size": [2, 2, 12], "uv": [84, 90]},
						{"origin": [-5.5, -2, 1], "size": [11, 11, 1], "uv": [102, 53]},
						{"origin": [-5.5, -2, 14], "size": [11, 11, 1], "uv": [100, 88]},
						{"origin": [-4.5, -1, -3], "size": [9, 9, 4], "uv": [28, 99]},
						{"origin": [-4.5, -1, -30], "size": [9, 9, 18], "uv": [40, 11]},
						{"origin": [-3.5, 0, -32], "size": [7, 7, 2], "uv": [86, 104]},
						{"origin": [-3, 12, -24], "size": [6, 4, 10], "uv": [76, 15]},
						{"origin": [-2.25, 6, -20], "size": [8, 3, 7], "uv": [98, 15]},
						{"origin": [3.75, 3, -19], "size": [2, 3, 5], "uv": [88, 74]},
						{"origin": [6.75, 3, -18.5], "size": [13, 4, 4], "uv": [38, 0]},
						{"origin": [5.75, 3.5, -18], "size": [1, 3, 3], "uv": [0, 58]},
						{"origin": [-3, 10, -24], "size": [6, 2, 7], "uv": [94, 29]},
						{"origin": [-3, 10, -13], "size": [6, 6, 4], "uv": [38, 8]},
						{"origin": [-2, 11, -9], "size": [4, 4, 1], "uv": [76, 15]},
						{"origin": [-2, 9, -23], "size": [4, 6, 10], "uv": [0, 90]},
						{"origin": [-3.5, 0, -9], "size": [7, 7, 2], "uv": [68, 102]},
						{"origin": [-3.5, 0, -4], "size": [7, 7, 1], "uv": [24, 58]},
						{"origin": [-2, 17, -11], "size": [4, 3, 16], "uv": [64, 67]},
						{"origin": [0.5, 16, -12.5], "size": [1, 3, 1], "uv": [16, 4]},
						{"origin": [-1.5, 16, -12.5], "size": [1, 3, 1], "uv": [0, 0]},
						{"origin": [0.5, 18, -11.5], "size": [1, 1, 1], "uv": [16, 12]},
						{"origin": [-1.5, 18, -11.5], "size": [1, 1, 1], "uv": [16, 10]}
					]
				},
				{
					"name": "bone",
					"parent": "gun",
					"pivot": [-6, 0.5, 8],
					"cubes": [
						{"origin": [-6.5, 0, 2], "size": [1, 7, 12], "uv": [88, 55]}
					]
				},
				{
					"name": "bone2",
					"parent": "gun",
					"pivot": [0, 3.5, 16.5],
					"cubes": [
						{"origin": [-1.5, -2, 15], "size": [3, 11, 3], "pivot": [0, 3.5, 16.5], "rotation": [0, 0, 22.5], "uv": [68, 111]},
						{"origin": [-1.5, -2, 15], "size": [3, 11, 3], "pivot": [0, 3.5, 16.5], "rotation": [0, 0, 67.5], "uv": [12, 106]},
						{"origin": [-1.5, -2, 15], "size": [3, 11, 3], "pivot": [0, 3.5, 16.5], "rotation": [0, 0, 112.5], "uv": [0, 106]},
						{"origin": [-1.5, -2, 15], "size": [3, 11, 3], "pivot": [0, 3.5, 16.5], "rotation": [0, 0, -22.5], "uv": [104, 104]}
					]
				},
				{
					"name": "g1",
					"parent": "gun",
					"pivot": [0, 3.5, -5.5],
					"cubes": [
						{"origin": [-1.5, -2, -7], "size": [3, 11, 3], "pivot": [0, 3.5, -5.5], "rotation": [0, 0, 22.5], "uv": [80, 113]},
						{"origin": [-1.5, -2, -7], "size": [3, 11, 3], "pivot": [0, 3.5, -5.5], "rotation": [0, 0, 67.5], "uv": [36, 112]},
						{"origin": [-1.5, -2, -7], "size": [3, 11, 3], "pivot": [0, 3.5, -5.5], "rotation": [0, 0, 112.5], "uv": [24, 112]},
						{"origin": [-1.5, -2, -7], "size": [3, 11, 3], "pivot": [0, 3.5, -5.5], "rotation": [0, 0, -22.5], "uv": [111, 71]}
					]
				},
				{
					"name": "g2",
					"parent": "gun",
					"pivot": [0, 3.5, -10.5],
					"cubes": [
						{"origin": [-1.5, -2, -12], "size": [3, 11, 3], "uv": [116, 100]},
						{"origin": [-1.5, -2, -12], "size": [3, 11, 3], "pivot": [0, 3.5, -10.5], "rotation": [0, 0, 45], "uv": [113, 115]},
						{"origin": [-1.5, -2, -12], "size": [3, 11, 3], "pivot": [0, 3.5, -10.5], "rotation": [0, 0, 90], "uv": [48, 115]},
						{"origin": [-1.5, -2, -12], "size": [3, 11, 3], "pivot": [0, 3.5, -10.5], "rotation": [0, 0, -45], "uv": [92, 113]}
					]
				},
				{
					"name": "bone4",
					"parent": "gun",
					"pivot": [0, 0, 0],
					"cubes": [
						{"origin": [-3.5, 0, 14], "size": [7, 7, 9], "uv": [64, 86]}
					]
				},
				{
					"name": "magazine",
					"parent": "main",
					"pivot": [-17, 6.25, -4.25],
					"cubes": [
						{"origin": [2.5, -1.5, 4], "size": [6, 12, 1], "pivot": [0, 4.25, 8.225], "rotation": [90, 0, 0], "uv": [54, 102]},
						{"origin": [5.5, -1.5, 5], "size": [3, 12, 5], "pivot": [0, 4.25, 8.225], "rotation": [90, 0, 0], "uv": [0, 0]},
						{"origin": [2.5, -1.5, 10], "size": [6, 12, 1], "pivot": [0, 4.25, 8.225], "rotation": [90, 0, 0], "uv": [64, 67]}
					]
				},
				{
					"name": "bone3",
					"parent": "magazine",
					"pivot": [3, 3.5075, 0.2225],
					"cubes": [
						{"origin": [0.5, -1, 5], "size": [5, 2, 5], "pivot": [3, 4.25, 8.225], "rotation": [90, 0, 0], "uv": [0, 42]},
						{"origin": [0.5, 1.5, 5], "size": [5, 8, 5], "pivot": [3, 4.25, 8.225], "rotation": [90, 0, 0], "uv": [0, 29]},
						{"origin": [4.5, 9.5, 5], "size": [1, 1, 5], "pivot": [3, 4.25, 8.225], "rotation": [90, 0, 0], "uv": [18, 90]},
						{"origin": [0.5, 9.5, 5], "size": [1, 1, 5], "pivot": [3, 4.25, 8.225], "rotation": [90, 0, 0], "uv": [72, 39]},
						{"origin": [1.5, 9.5, 5], "size": [3, 1, 1], "pivot": [3, 4.25, 8.225], "rotation": [90, 0, 0], "uv": [11, 2]},
						{"origin": [1.5, 9.5, 9], "size": [3, 1, 1], "pivot": [3, 4.25, 8.225], "rotation": [90, 0, 0], "uv": [11, 0]},
						{"origin": [2.5, 9.5, 7], "size": [1, 1, 1], "pivot": [3, 4.25, 8.225], "rotation": [90, 0, 0], "uv": [16, 8]},
						{"origin": [1, 0.5, 5.5], "size": [4, 1, 4], "pivot": [3, 4.25, 8.225], "rotation": [90, 0, 0], "uv": [61, 39]},
						{"origin": [1, -2, 5.5], "size": [4, 1, 4], "pivot": [3, 4.25, 8.225], "rotation": [90, 0, 0], "uv": [49, 38]}
					]
				},
				{
					"name": "rightarm",
					"parent": "main",
					"pivot": [-4.3, 8.8, 21.8],
					"rotation": [-101.81106, -12.40003, -2.46982],
					"cubes": [
						{"origin": [-7.3, -16.2, 16.8], "size": [8, 24, 8], "pivot": [-1.3, -3.2, 18.8], "rotation": [9.91615, -1.29876, 7.38733], "uv": [32, 67]}
					]
				},
				{
					"name": "leftarm",
					"parent": "main",
					"pivot": [23.7, -3.7, 1.4],
					"rotation": [-119.61483, 1.67666, -38.31282],
					"cubes": [
						{"origin": [17.7, -27.7, -4.6], "size": [8, 24, 8], "uv": [0, 58]}
					]
				},
				{
					"name": "muzzleflash",
					"parent": "main",
					"pivot": [0, 2.35, -33.25],
					"cubes": [
						{"origin": [-1, 2.35, -34.25], "size": [2, 2, 2], "uv": [0, 0]}
					]
				}
			]
		}
	]
}