{
	"format_version": "1.12.0",
	"minecraft:geometry": [
		{
			"description": {
				"identifier": "geometry.unknown",
				"texture_width": 256,
				"texture_height": 256,
				"visible_bounds_width": 9,
				"visible_bounds_height": 4,
				"visible_bounds_offset": [0, 1, 0]
			},
			"bones": [
				{
					"name": "main",
					"pivot": [0, 20, 0]
				},
				{
					"name": "_cb_grip",
					"parent": "main",
					"pivot": [0, 20, -28.5],
					"cubes": [
						{"origin": [-0.5, 19.5, -29], "size": [1, 1, 1], "uv": [35, 105]}
					]
				},
				{
					"name": "_cb_barrel",
					"parent": "main",
					"pivot": [0, 22.375, -35.75],
					"cubes": [
						{"origin": [-0.5, 22.5, -36.5], "size": [1, 1, 1], "uv": [27, 69]}
					]
				},
				{
					"name": "_cb_scope",
					"parent": "main",
					"pivot": [0, 27.1, -9.65],
					"cubes": [
						{"origin": [-0.5, 27.5, -10.15], "size": [1, 1, 1], "uv": [35, 105]}
					]
				},
				{
					"name": "gun",
					"parent": "main",
					"pivot": [1, 11, -1],
					"cubes": [
						{"origin": [-1.75, 15.5, -1], "size": [3.5, 3, 4], "uv": [1, 72]},
						{"origin": [-1.75, 18.5, 1], "size": [3.5, 3, 13], "uv": [7, 78]},
						{"origin": [-1.5, 17.5, 9.75], "size": [3, 6, 3], "pivot": [0, 17, 14.5], "rotation": [35, 0, 0], "uv": [81, 0]},
						{"origin": [-2.5, 11.5, 14], "size": [5, 11, 2], "uv": [37, 44]},
						{"origin": [-1.5, 15, -2], "size": [3, 4, 2], "inflate": -0.1, "uv": [87, 56]},
						{"origin": [-1, 16, -5.5], "size": [2, 3, 1], "inflate": -0.1, "pivot": [1.15, 15.05, -4.55], "rotation": [-21, 0, 0], "uv": [48, 15]},
						{"origin": [-1.5, 15, -7], "size": [3, 3, 1], "inflate": -0.1, "uv": [0, 0]},
						{"origin": [-1.5, 15, -6.5], "size": [3, 1, 5], "inflate": -0.11, "uv": [2, 57]},
						{"origin": [-3, 20, -17], "size": [6, 7, 15], "uv": [19, 19]},
						{"origin": [-3, 20, -27], "size": [6, 7, 4], "uv": [38, 113]},
						{"origin": [-2, 20, -32], "size": [4, 6, 5], "uv": [51, 45]},
						{"origin": [-2, 21.5, 1], "size": [4, 4, 5], "uv": [105, 41]},
						{"origin": [-1, 22.5, 6], "size": [2, 2, 1], "uv": [65, 28]},
						{"origin": [-2, 21, -36], "size": [4, 4, 4], "uv": [9, 121]},
						{"origin": [3.5, 16.5, -16], "size": [5, 4, 10], "pivot": [8, 24, -19.5], "rotation": [0, 0, 35], "uv": [50, 61]},
						{"origin": [-8.5, 16.5, -16], "size": [5, 4, 10], "pivot": [-8, 24, -19.5], "rotation": [0, 0, -35], "uv": [15, 57]},
						{"origin": [3.5, 17, -29], "size": [4, 3, 13], "pivot": [8, 24, -19.5], "rotation": [0, 0, 35], "uv": [82, 40]},
						{"origin": [3.5, 17, -6], "size": [4, 3, 2], "pivot": [8, 24, -19.5], "rotation": [0, 0, 35], "uv": [61, 0]},
						{"origin": [-7.5, 17, -6], "size": [4, 3, 2], "pivot": [-8, 24, -19.5], "rotation": [0, 0, -35], "uv": [13, 55]},
						{"origin": [-7.5, 17, -29], "size": [4, 3, 13], "pivot": [-8, 24, -19.5], "rotation": [0, 0, -35], "uv": [60, 12]},
						{"origin": [-2.5, 18, -19], "size": [5, 4, 11], "uv": [120, 45]},
						{"origin": [-2.5, 18, -8], "size": [5, 2, 12], "uv": [98, 59]},
						{"origin": [-2, 8.75, -3.25], "size": [4, 6, 4], "pivot": [1, 18.75, -3.25], "rotation": [35, 0, 0], "uv": [49, 1]},
						{"origin": [-1.99, 10.55848, 2.48576], "size": [3.98, 3, 6], "uv": [70, 42]},
						{"origin": [-2, 12.19175, 10.98831], "size": [4, 3, 6], "pivot": [-0.02, 8.69175, 11.48831], "rotation": [50, 0, 0], "uv": [49, 16]},
						{"origin": [-1.75, 13.5, 10], "size": [3.5, 3, 4], "uv": [77, 63]},
						{"origin": [2, 24, -35], "size": [1, 1, 4], "uv": [82, 18]},
						{"origin": [2, 23, -31], "size": [2, 3, 3], "uv": [27, 84]},
						{"origin": [-4, 23, -31], "size": [2, 3, 3], "uv": [36, 60]},
						{"origin": [2, 25, -35], "size": [1, 2, 1], "uv": [12, 72]},
						{"origin": [-3, 27, -35], "size": [6, 1, 1], "uv": [50, 43]},
						{"origin": [-3, 24, -35], "size": [1, 1, 4], "uv": [1, 82]},
						{"origin": [-3, 25, -35], "size": [1, 2, 1], "uv": [1, 43]},
						{"origin": [-1, 18.75, -20], "size": [2, 2, 2], "uv": [0, 47]},
						{"origin": [-2, 27, -14], "size": [4, 1, 10], "uv": [51, 31]}
					]
				},
				{
					"name": "bone",
					"parent": "gun",
					"pivot": [0, 0, 0],
					"cubes": [
						{"origin": [-2, 21, -27], "size": [4, 5, 10], "uv": [116, 109]}
					]
				},
				{
					"name": "spinny",
					"parent": "gun",
					"pivot": [0, 23.5, -0.5],
					"cubes": [
						{"origin": [-1, 20, -2], "size": [2, 7, 3], "uv": [82, 38]},
						{"origin": [-1, 20, -2], "size": [2, 7, 3], "pivot": [0, 23.5, -0.5], "rotation": [0, 0, 45], "uv": [82, 28]},
						{"origin": [-1, 20, -2], "size": [2, 7, 3], "pivot": [0, 23.5, -0.5], "rotation": [0, 0, 90], "uv": [70, 56]},
						{"origin": [-1, 20, -2], "size": [2, 7, 3], "pivot": [0, 23.5, -0.5], "rotation": [0, 0, -45], "uv": [63, 12]}
					]
				},
				{
					"name": "magazine",
					"parent": "main",
					"pivot": [0.5, 6.75, -10.25],
					"cubes": [
						{"origin": [-1.5, 17.75, -18], "size": [3, 4, 9], "uv": [0, 42]},
						{"origin": [-4.5, 8.75, -18], "size": [9, 8, 9], "uv": [103, 19]},
						{"origin": [-3.5, 9.75, -20], "size": [7, 8, 12], "uv": [78, 75]},
						{"origin": [-1, 10.75, -22], "size": [2, 6, 1], "uv": [26, 71]},
						{"origin": [-1, 10.75, -21], "size": [2, 1, 1], "uv": [17, 65]},
						{"origin": [-1, 15.75, -21], "size": [2, 1, 1], "uv": [11, 64]}
					]
				},
				{
					"name": "bullet",
					"parent": "magazine",
					"pivot": [-0.15, 21.4, -13.7],
					"cubes": [
						{"origin": [-0.65, 21.15, -16.95], "size": [1, 1, 7], "pivot": [0.1, 21.9, -13.45], "rotation": [0, 0, -45], "uv": [24, 0]}
					]
				},
				{
					"name": "rightarm",
					"parent": "main",
					"pivot": [-4.3, 8.8, 18.8],
					"rotation": [-101.81106, -12.40003, -2.46982],
					"cubes": [
						{"origin": [-8.3, -15.2, 14.8], "size": [8, 24, 8], "uv": [46, 75]}
					]
				},
				{
					"name": "leftarm",
					"parent": "main",
					"pivot": [13.7, 7.3, -4.6],
					"rotation": [-120.14105, 10.3531, -43.31717],
					"cubes": [
						{"origin": [9.7, -16.7, -8.6], "size": [8, 24, 8], "uv": [0, 0]}
					]
				},
				{
					"name": "muzzleflash",
					"parent": "main",
					"pivot": [0.5, 22.85, -36.25],
					"cubes": [
						{"origin": [-0.5, 22.35, -36.55], "size": [1, 1, 1], "inflate": -0.4, "uv": [4, 6]}
					]
				},
				{
					"name": "scope",
					"parent": "main",
					"pivot": [0, 29.55, 1.75],
					"cubes": [
						{"origin": [-0.5, 29.05, 1.45], "size": [1, 1, 1], "inflate": -0.4, "uv": [0, 6]}
					]
				}
			]
		}
	]
}