{
	"format_version": "1.12.0",
	"minecraft:geometry": [
		{
			"description": {
				"identifier": "geometry.unknown",
				"texture_width": 32,
				"texture_height": 32,
				"visible_bounds_width": 11,
				"visible_bounds_height": 6,
				"visible_bounds_offset": [0, 1, 0]
			},
			"bones": [
				{
					"name": "main",
					"pivot": [0, 19.25, 0]
				},
				{
					"name": "bone",
					"parent": "main",
					"pivot": [0, 26.55, -9.75],
					"cubes": [
						{"origin": [1, 23.5, -3], "size": [1, 1, 7], "uv": [9, 10]},
						{"origin": [-2, 23.5, -3], "size": [1, 1, 7], "uv": [0, 9]},
						{"origin": [-2, 24.5, -4], "size": [4, 1, 8], "uv": [0, 0]},
						{"origin": [2, 24.5, -4], "size": [1, 5, 4], "uv": [10, 18]},
						{"origin": [2, 24.5, 0], "size": [1, 3, 3], "uv": [18, 9]},
						{"origin": [-3, 24.5, 0], "size": [1, 3, 3], "uv": [0, 0]},
						{"origin": [-3, 24.5, -4], "size": [1, 5, 4], "uv": [0, 17]},
						{"origin": [-2, 28.5, -4], "size": [4, 1, 4], "uv": [16, 0]},
						{"origin": [-1, 25, 2], "size": [2, 1, 1], "uv": [0, 6]}
					]
				},
				{
					"name": "glowy",
					"parent": "bone",
					"pivot": [0, 26.55, -9.75],
					"cubes": [
						{"origin": [-0.5, 26.55, -1.75], "size": [1, 1, 1], "inflate": -0.4, "uv": [0, 9]}
					]
				},
				{
					"name": "scope",
					"parent": "main",
					"pivot": [0, 27, 3.3],
					"cubes": [
						{"origin": [-0.5, 26.5, 3], "size": [1, 1, 1], "inflate": -0.4, "uv": [0, 11]}
					]
				},
				{
					"name": "_ca_scope",
					"parent": "main",
					"pivot": [0, 24.275, -0.65],
					"cubes": [
						{"origin": [-0.5, 24, -2], "size": [1, 1, 1], "uv": [9, 9]}
					]
				}
			]
		}
	]
}