{
	"format_version": "1.12.0",
	"minecraft:geometry": [
		{
			"description": {
				"identifier": "geometry.unknown",
				"texture_width": 32,
				"texture_height": 32,
				"visible_bounds_width": 8,
				"visible_bounds_height": 4,
				"visible_bounds_offset": [0, 1, 0]
			},
			"bones": [
				{
					"name": "main",
					"pivot": [0, 20, 28]
				},
				{
					"name": "_cb_grip",
					"parent": "main",
					"pivot": [-6, 22.825, 11.3],
					"cubes": [
						{"origin": [-3, 19, 2], "size": [1, 1, 1], "uv": [0, 5]}
					]
				},
				{
					"name": "gun",
					"parent": "main",
					"pivot": [1, 11, 27],
					"cubes": [
						{"origin": [0, 18, -3], "size": [1, 3, 7], "uv": [2, 2]},
						{"origin": [-1, 18, -3], "size": [1, 1, 7], "uv": [13, 5]},
						{"origin": [-4, 18, 1], "size": [3, 1, 3], "uv": [11, 0]},
						{"origin": [0, 21, 1], "size": [1, 2, 3], "uv": [0, 0]}
					]
				},
				{
					"name": "_cb_laser",
					"parent": "main",
					"pivot": [-2.5, 20.325, 10.3],
					"cubes": [
						{"origin": [-3, 17.5, 2], "size": [1, 1, 1], "uv": [0, 5]}
					]
				},
				{
					"name": "_ca_grip",
					"parent": "main",
					"pivot": [-2.5, 21.325, 10.3],
					"cubes": [
						{"origin": [-3, 18.5, 2], "size": [1, 1, 1], "uv": [0, 5]}
					]
				}
			]
		}
	]
}