{
	"format_version": "1.12.0",
	"minecraft:geometry": [
		{
			"description": {
				"identifier": "geometry.unknown",
				"texture_width": 32,
				"texture_height": 32,
				"visible_bounds_width": 11,
				"visible_bounds_height": 6,
				"visible_bounds_offset": [0, 1, 0]
			},
			"bones": [
				{
					"name": "main",
					"pivot": [0, 19.25, 0]
				},
				{
					"name": "bone",
					"parent": "main",
					"pivot": [0, 0, 0],
					"cubes": [
						{"origin": [2, 27, -10], "size": [1, 2, 9], "uv": [11, 12]},
						{"origin": [-3, 27, -10], "size": [1, 2, 9], "uv": [0, 10]},
						{"origin": [-2, 28, -10], "size": [4, 1, 9], "uv": [0, 0]},
						{"origin": [3, 27, -3], "size": [1, 2, 1], "uv": [11, 14]},
						{"origin": [3, 23, -8], "size": [1, 7, 2], "uv": [0, 0]},
						{"origin": [4, 23, -7.5], "size": [4, 7, 1], "uv": [17, 0]},
						{"origin": [5, 28, -7.5], "size": [2, 1, 1], "inflate": -0.4, "uv": [11, 12]},
						{"origin": [5, 27, -7.5], "size": [2, 1, 1], "inflate": -0.4, "uv": [0, 12]},
						{"origin": [5, 26, -7.5], "size": [2, 1, 1], "inflate": -0.4, "uv": [11, 10]},
						{"origin": [5, 25, -7.5], "size": [2, 1, 1], "inflate": -0.4, "uv": [0, 10]},
						{"origin": [6, 27, -7.5], "size": [1, 2, 1], "inflate": -0.4, "uv": [0, 14]},
						{"origin": [5, 27, -7.5], "size": [1, 2, 1], "inflate": -0.4, "uv": [5, 13]}
					]
				},
				{
					"name": "scope",
					"parent": "main",
					"pivot": [6, 28.2, 13.3],
					"cubes": [
						{"origin": [5.5, 27.5, 13], "size": [1, 1, 1], "inflate": -0.4, "uv": [5, 11]}
					]
				},
				{
					"name": "_ca_scope",
					"parent": "main",
					"pivot": [0, 28.275, -5.65],
					"cubes": [
						{"origin": [-0.5, 27.5, -6], "size": [1, 1, 1], "uv": [4, 0]}
					]
				}
			]
		}
	]
}