{
	"format_version": "1.12.0",
	"minecraft:geometry": [
		{
			"description": {
				"identifier": "geometry.unknown",
				"texture_width": 64,
				"texture_height": 64,
				"visible_bounds_width": 11,
				"visible_bounds_height": 6,
				"visible_bounds_offset": [0, 1, 0]
			},
			"bones": [
				{
					"name": "main",
					"pivot": [0, 19.25, 0]
				},
				{
					"name": "bone",
					"parent": "main",
					"pivot": [0, 0, 0],
					"cubes": [
						{"origin": [-2, 28, -11], "size": [4, 4, 8], "uv": [20, 23]},
						{"origin": [-3, 27, -22], "size": [6, 6, 11], "uv": [0, 0]},
						{"origin": [-3, 27, -3], "size": [6, 6, 8], "uv": [0, 17]},
						{"origin": [2, 26, -9], "size": [1, 2, 4], "uv": [36, 25]},
						{"origin": [-3, 28, -9], "size": [6, 5, 4], "uv": [23, 0]},
						{"origin": [-2, 27, -9], "size": [4, 1, 4], "uv": [10, 37]},
						{"origin": [-3, 33, -7.5], "size": [6, 1, 1], "uv": [29, 35]},
						{"origin": [-3, 33, -7.5], "size": [6, 1, 1], "pivot": [0, 33.5, -7], "rotation": [0, 45, 0], "uv": [35, 21]},
						{"origin": [-3, 33, -7.5], "size": [6, 1, 1], "pivot": [0, 33.5, -7], "rotation": [0, 90, 0], "uv": [15, 35]},
						{"origin": [-2, 34, -9], "size": [4, 1, 4], "pivot": [0, 33.5, -7], "rotation": [0, 90, 0], "uv": [0, 31]},
						{"origin": [-2, 33, -9], "size": [4, 1, 4], "pivot": [0, 33.5, -7], "rotation": [0, 90, 0], "uv": [20, 17]},
						{"origin": [-3, 33, -7.5], "size": [6, 1, 1], "pivot": [0, 33.5, -7], "rotation": [0, 135, 0], "uv": [34, 14]},
						{"origin": [-3, 27, -11], "size": [6, 4, 1], "uv": [34, 9]},
						{"origin": [-3, 27, -4], "size": [6, 4, 1], "uv": [33, 16]},
						{"origin": [-3, 26, -9], "size": [1, 2, 4], "uv": [0, 0]},
						{"origin": [-3, 27, 5], "size": [6, 1, 1], "uv": [36, 23]},
						{"origin": [-3, 32, 5], "size": [6, 1, 1], "uv": [0, 36]},
						{"origin": [2, 28, 5], "size": [1, 4, 1], "uv": [4, 6]},
						{"origin": [-3, 28, 5], "size": [1, 4, 1], "uv": [0, 6]}
					]
				},
				{
					"name": "scopepip",
					"parent": "bone",
					"pivot": [1, 29, 5.6],
					"cubes": [
						{"origin": [-2.5, 27.5, 5.1], "size": [5, 5, 1], "uv": [0, 8]}
					]
				},
				{
					"name": "scope",
					"parent": "main",
					"pivot": [0, 30.2, 3.3],
					"cubes": [
						{"origin": [-0.5, 29.5, 3], "size": [1, 1, 1], "inflate": -0.4, "uv": [0, 0]}
					]
				},
				{
					"name": "_ca_scope",
					"parent": "main",
					"pivot": [0, 27.275, -7.65],
					"cubes": [
						{"origin": [-0.5, 26.5, -8], "size": [1, 1, 1], "uv": [19, 0]}
					]
				}
			]
		}
	]
}