{
	"format_version": "1.12.0",
	"minecraft:geometry": [
		{
			"description": {
				"identifier": "geometry.unknown",
				"texture_width": 64,
				"texture_height": 64,
				"visible_bounds_width": 11,
				"visible_bounds_height": 6,
				"visible_bounds_offset": [0, 1, 0]
			},
			"bones": [
				{
					"name": "main",
					"pivot": [0, 19.25, 0]
				},
				{
					"name": "bone",
					"parent": "main",
					"pivot": [0, 0, 0],
					"cubes": [
						{"origin": [-2, 28, -6], "size": [4, 4, 11], "uv": [0, 0]},
						{"origin": [-1, 32, -2], "size": [2, 1, 5], "uv": [18, 17]},
						{"origin": [-2, 28, -17], "size": [4, 4, 8], "uv": [0, 15]},
						{"origin": [-3, 32, -13], "size": [6, 1, 3], "uv": [26, 23]},
						{"origin": [-3, 32, -4], "size": [6, 1, 2], "uv": [27, 0]},
						{"origin": [2, 27, -13], "size": [1, 5, 3], "uv": [20, 31]},
						{"origin": [2, 27, -4], "size": [1, 5, 2], "uv": [32, 6]},
						{"origin": [-3, 27, -4], "size": [1, 5, 2], "uv": [16, 15]},
						{"origin": [2, 27, -10], "size": [1, 2, 6], "uv": [18, 23]},
						{"origin": [-3, 27, -10], "size": [1, 2, 6], "uv": [19, 0]},
						{"origin": [-3, 27, -13], "size": [1, 5, 3], "uv": [29, 28]},
						{"origin": [-1.5, 28.5, -9], "size": [3, 3, 3], "uv": [0, 27]},
						{"origin": [-0.5, 27.5, -9], "size": [1, 5, 3], "uv": [12, 28]},
						{"origin": [-0.5, 27.5, -9], "size": [1, 5, 3], "pivot": [0, 30, -7.5], "rotation": [0, 0, -45], "uv": [27, 12]},
						{"origin": [-0.5, 27.5, -9], "size": [1, 5, 3], "pivot": [0, 30, -7.5], "rotation": [0, 0, 45], "uv": [0, 15]},
						{"origin": [-0.5, 27.5, -9], "size": [1, 5, 3], "pivot": [0, 30, -7.5], "rotation": [0, 0, 90], "uv": [0, 0]},
						{"origin": [-1, 28, 5], "size": [2, 1, 1], "uv": [19, 4]},
						{"origin": [-1, 31, 5], "size": [2, 1, 1], "uv": [19, 4]},
						{"origin": [1, 28, 5], "size": [1, 4, 1], "uv": [0, 33]},
						{"origin": [-2, 28, 5], "size": [1, 4, 1], "uv": [0, 33]}
					]
				},
				{
					"name": "scopepip",
					"parent": "bone",
					"pivot": [0, 30, 5.6],
					"cubes": [
						{"origin": [-1.5, 28.5, 5.1], "size": [3, 3, 1], "uv": [0, 8]}
					]
				},
				{
					"name": "scope",
					"parent": "main",
					"pivot": [0, 30.2, 3.3],
					"cubes": [
						{"origin": [-0.5, 29.5, 3], "size": [1, 1, 1], "inflate": -0.4, "uv": [19, 2]}
					]
				},
				{
					"name": "_ca_scope",
					"parent": "main",
					"pivot": [0, 28.275, -7.65],
					"cubes": [
						{"origin": [-0.5, 27.5, -8], "size": [1, 1, 1], "uv": [19, 0]}
					]
				},
				{
					"name": "_cb_scope",
					"parent": "main",
					"pivot": [0, 33.1, -0.65],
					"cubes": [
						{"origin": [-0.5, 32.5, -1], "size": [1, 1, 1], "uv": [7, 7]}
					]
				}
			]
		}
	]
}