{
	"format_version": "1.12.0",
	"minecraft:geometry": [
		{
			"description": {
				"identifier": "geometry.unknown",
				"texture_width": 64,
				"texture_height": 64,
				"visible_bounds_width": 11,
				"visible_bounds_height": 6,
				"visible_bounds_offset": [0, 1, 0]
			},
			"bones": [
				{
					"name": "main",
					"pivot": [0, 19.25, 0]
				},
				{
					"name": "bone",
					"parent": "main",
					"pivot": [0, 0, 0],
					"cubes": [
						{"origin": [-3, 28, -17], "size": [6, 6, 3], "uv": [1, 28]},
						{"origin": [-4, 28, -14], "size": [8, 7, 6], "uv": [0, 14]},
						{"origin": [4, 29, -11], "size": [1, 5, 1], "uv": [34, 15]},
						{"origin": [3.5, 30, -12], "size": [2, 3, 3], "uv": [20, 0]},
						{"origin": [4, 29, -11], "size": [1, 5, 1], "pivot": [4.5, 31.5, -10.5], "rotation": [-45, 0, 0], "uv": [34, 7]},
						{"origin": [4, 29, -11], "size": [1, 5, 1], "pivot": [4.5, 31.5, -10.5], "rotation": [-90, 0, 0], "uv": [28, 8]},
						{"origin": [4, 29, -11], "size": [1, 5, 1], "pivot": [4.5, 31.5, -10.5], "rotation": [-135, 0, 0], "uv": [0, 14]},
						{"origin": [-4, 28, -6], "size": [8, 7, 2], "uv": [20, 28]},
						{"origin": [-4.25, 32, -8], "size": [2, 4, 2], "pivot": [-4, 34, -7], "rotation": [0, 0, -45], "uv": [0, 0]},
						{"origin": [-3, 28, -8], "size": [6, 6, 2], "uv": [36, 19]},
						{"origin": [-3, 28, -4], "size": [6, 6, 4], "uv": [4, 4]},
						{"origin": [2, 27, -14], "size": [1, 1, 10], "uv": [22, 4]},
						{"origin": [-3, 27, -14], "size": [1, 1, 10], "uv": [18, 17]},
						{"origin": [-2, 33, 0], "size": [4, 1, 1], "uv": [22, 15]},
						{"origin": [-2, 28, 0], "size": [4, 1, 1], "uv": [20, 6]},
						{"origin": [2, 28, 0], "size": [1, 6, 1], "uv": [34, 0]},
						{"origin": [-3, 28, 0], "size": [1, 6, 1], "uv": [30, 17]}
					]
				},
				{
					"name": "scopepip",
					"parent": "bone",
					"pivot": [0, 30, 5.6],
					"cubes": [
						{"origin": [-2.5, 28.5, 0.1], "size": [5, 5, 1], "uv": [0, 8]}
					]
				},
				{
					"name": "scope",
					"parent": "main",
					"pivot": [0, 31, 5.5],
					"cubes": [
						{"origin": [-0.5, 30.5, 5], "size": [1, 1, 1], "inflate": -0.4, "uv": [19, 2]}
					]
				},
				{
					"name": "_ca_scope",
					"parent": "main",
					"pivot": [0, 28.275, -9.65],
					"cubes": [
						{"origin": [-0.5, 27.5, -10], "size": [1, 1, 1], "uv": [0, 6]}
					]
				}
			]
		}
	]
}