{
	"format_version": "1.12.0",
	"minecraft:geometry": [
		{
			"description": {
				"identifier": "geometry.unknown",
				"texture_width": 32,
				"texture_height": 32,
				"visible_bounds_width": 8,
				"visible_bounds_height": 4,
				"visible_bounds_offset": [0, 1, 0]
			},
			"bones": [
				{
					"name": "main",
					"pivot": [0, 20, 28]
				},
				{
					"name": "gun",
					"parent": "main",
					"pivot": [1, 11, 27],
					"cubes": [
						{"origin": [1, 12.5, -7.5], "size": [2, 2, 8], "uv": [0, 10]},
						{"origin": [-3, 12.5, 1], "size": [2, 2, 2], "uv": [0, 0]},
						{"origin": [-2.5, 13, 0], "size": [1, 1, 1], "uv": [0, 10]},
						{"origin": [-3, 12.5, -7.5], "size": [2, 2, 8], "uv": [0, 0]},
						{"origin": [1, 12.5, 1], "size": [2, 2, 2], "uv": [0, 4]},
						{"origin": [1.5, 13, 0], "size": [1, 1, 1], "uv": [4, 10]},
						{"origin": [-1, 12, 0.5], "size": [2, 3, 3], "uv": [17, 17]},
						{"origin": [-2, 14.5, 0], "size": [4, 1, 4], "uv": [12, 0]},
						{"origin": [-1.5, 15, 0.5], "size": [3, 2, 3], "uv": [12, 10]},
						{"origin": [-2.5, 15.5, 1.5], "size": [5, 1, 1], "uv": [20, 7]},
						{"origin": [-2.5, 15.5, 1.5], "size": [5, 1, 1], "pivot": [0, 16, 2], "rotation": [0, 45, 0], "uv": [0, 20]},
						{"origin": [-2.5, 15.5, 1.5], "size": [5, 1, 1], "pivot": [0, 16, 2], "rotation": [0, 90, 0], "uv": [12, 15]},
						{"origin": [-2.5, 15.5, 1.5], "size": [5, 1, 1], "pivot": [0, 16, 2], "rotation": [0, 135, 0], "uv": [12, 5]}
					]
				},
				{
					"name": "_ca_grip",
					"parent": "main",
					"pivot": [0, 19.325, 9.8],
					"cubes": [
						{"origin": [-0.5, 16.5, 1.5], "size": [1, 1, 1], "uv": [0, 0]}
					]
				}
			]
		}
	]
}