{
	"format_version": "1.12.0",
	"minecraft:geometry": [
		{
			"description": {
				"identifier": "geometry.unknown",
				"texture_width": 32,
				"texture_height": 32,
				"visible_bounds_width": 8,
				"visible_bounds_height": 4,
				"visible_bounds_offset": [0, 1, 0]
			},
			"bones": [
				{
					"name": "main",
					"pivot": [0, 20, 28]
				},
				{
					"name": "gun",
					"parent": "main",
					"pivot": [1, 11, 27],
					"cubes": [
						{"origin": [-2, 11, 0], "size": [4, 1, 4], "uv": [0, 10]},
						{"origin": [-1.5, 10.5, 0.5], "size": [3, 5, 3], "uv": [13, 12]},
						{"origin": [-2, 12.5, 0], "size": [4, 1, 4], "uv": [0, 5]},
						{"origin": [-2, 13.5, 2], "size": [4, 2, 2], "uv": [12, 0]},
						{"origin": [-2, 15.5, 0], "size": [4, 1, 4], "uv": [0, 0]}
					]
				},
				{
					"name": "_ca_grip",
					"parent": "main",
					"pivot": [0, 18.825, 9.8],
					"cubes": [
						{"origin": [-0.5, 16, 1.5], "size": [1, 1, 1], "uv": [0, 0]}
					]
				}
			]
		}
	]
}