{
	"format_version": "1.12.0",
	"minecraft:geometry": [
		{
			"description": {
				"identifier": "geometry.unknown",
				"texture_width": 128,
				"texture_height": 128,
				"visible_bounds_width": 8,
				"visible_bounds_height": 4,
				"visible_bounds_offset": [0, 1, 0]
			},
			"bones": [
				{
					"name": "main",
					"pivot": [0, 20, 0]
				},
				{
					"name": "gun",
					"parent": "main",
					"pivot": [1, 11, -1],
					"cubes": [
						{"origin": [-1.75, 14.5, -1], "size": [3.5, 4, 5], "uv": [18, 90]},
						{"origin": [-2, 11.33818, 2.91576], "size": [4, 6, 4], "pivot": [0, 11.83818, 3.91576], "rotation": [50, 0, 0], "uv": [51, 1]},
						{"origin": [-2, 8.33818, 2.91576], "size": [4, 3, 9], "pivot": [0, 11.83818, 3.91576], "rotation": [50, 0, 0], "uv": [69, 62]},
						{"origin": [-1.5, 15, -2], "size": [3, 4, 2], "inflate": -0.1, "uv": [50, 45]},
						{"origin": [-1, 16, -5.5], "size": [2, 3, 1], "inflate": -0.1, "pivot": [1.15, 15.05, -4.55], "rotation": [-21, 0, 0], "uv": [32, 27]},
						{"origin": [-1.5, 15, -7], "size": [3, 4, 1], "inflate": -0.1, "uv": [0, 0]},
						{"origin": [-1.5, 15, -6.5], "size": [3, 1, 5], "inflate": -0.11, "uv": [77, 76]},
						{"origin": [0.25, 20, -1.5], "size": [5, 5, 4], "uv": [0, 90]},
						{"origin": [1.25, 21, 1.5], "size": [3, 3, 3], "uv": [24, 45]},
						{"origin": [-4.25, 21, 1.5], "size": [3, 3, 3], "uv": [15, 32]},
						{"origin": [-5.25, 20, -1.5], "size": [5, 5, 4], "uv": [86, 58]},
						{"origin": [-2, 18.5, 14], "size": [4, 4, 1], "uv": [78, 31]},
						{"origin": [-2, 18.5, 11], "size": [4, 4, 1], "uv": [50, 52]},
						{"origin": [-2, 18, -6.25], "size": [4, 2, 10], "uv": [53, 27]},
						{"origin": [-1, 16, -11], "size": [2, 4, 5], "uv": [85, 40]},
						{"origin": [-1.5, 14.5, 9], "size": [3, 3, 6], "uv": [57, 69]},
						{"origin": [-1.5, 14.5, 15], "size": [3, 8, 1], "uv": [32, 51]},
						{"origin": [-1.5, 17.5, 9], "size": [3, 4, 2], "uv": [24, 0]},
						{"origin": [-2, 13.5, 16], "size": [4, 9, 2], "uv": [50, 24]},
						{"origin": [-2, 25, -15], "size": [4, 1, 10], "uv": [78, 26]}
					]
				},
				{
					"name": "cog",
					"parent": "gun",
					"pivot": [0, 19.5, 16],
					"cubes": [
						{"origin": [-0.5, 18, 12], "size": [1, 5, 2], "uv": [32, 20]},
						{"origin": [-0.5, 18, 12], "size": [1, 5, 2], "pivot": [0, 20.5, 13], "rotation": [0, 0, 45], "uv": [32, 13]},
						{"origin": [-0.5, 18, 12], "size": [1, 5, 2], "pivot": [0, 20.5, 13], "rotation": [0, 0, 90], "uv": [32, 6]},
						{"origin": [-0.5, 18, 12], "size": [1, 5, 2], "pivot": [0, 20.5, 13], "rotation": [0, 0, -45], "uv": [0, 32]}
					]
				},
				{
					"name": "barrels",
					"parent": "gun",
					"pivot": [1, 11, -1],
					"cubes": [
						{"origin": [-2, 15.5, -18], "size": [4, 4, 11], "uv": [59, 9]},
						{"origin": [-2.5, 15, -17], "size": [5, 4, 9], "uv": [54, 49]},
						{"origin": [-1, 16.5, -16], "size": [2, 5, 5], "uv": [75, 47]},
						{"origin": [2, 18, -13], "size": [1, 1, 1], "uv": [33, 45]},
						{"origin": [3, 18, -13], "size": [1, 1, 8], "uv": [83, 49]},
						{"origin": [3, 19, -6], "size": [1, 1, 1], "uv": [4, 45]},
						{"origin": [-3, 18, -13], "size": [1, 1, 1], "uv": [36, 35]},
						{"origin": [-4, 18, -13], "size": [1, 1, 8], "uv": [82, 82]},
						{"origin": [-4, 19, -6], "size": [1, 1, 1], "uv": [36, 20]}
					]
				},
				{
					"name": "barrel1",
					"parent": "barrels",
					"pivot": [1, 11, -1],
					"cubes": [
						{"origin": [0.25, 20, -29], "size": [5, 5, 27], "uv": [13, 58]},
						{"origin": [0.75, 20.5, -2.5], "size": [4, 4, 1], "uv": [50, 67]}
					]
				},
				{
					"name": "shell",
					"parent": "barrel1",
					"pivot": [2.75, 22.5, -4.75],
					"cubes": [
						{"origin": [1.75, 21.5, -8.25], "size": [2, 2, 7], "uv": [78, 9]}
					]
				},
				{
					"name": "barrel2",
					"parent": "barrels",
					"pivot": [1, 11, -1],
					"cubes": [
						{"origin": [-5.25, 20, -29], "size": [5, 5, 27], "uv": [13, 13]},
						{"origin": [-4.75, 20.5, -2.5], "size": [4, 4, 1], "uv": [50, 62]}
					]
				},
				{
					"name": "shell2",
					"parent": "barrel2",
					"pivot": [-2.75, 22.5, -4.75],
					"cubes": [
						{"origin": [-3.75, 21.5, -8.25], "size": [2, 2, 7], "uv": [78, 0]}
					]
				},
				{
					"name": "_cb_scope",
					"parent": "barrels",
					"pivot": [0, 27.1, -9.65],
					"cubes": [
						{"origin": [-0.5, 25.5, -11.15], "size": [1, 1, 1], "uv": [35, 105]}
					]
				},
				{
					"name": "_cb_grip",
					"parent": "barrels",
					"pivot": [0, 20, -28.5],
					"cubes": [
						{"origin": [-0.5, 14.5, -13], "size": [1, 1, 1], "uv": [35, 105]}
					]
				},
				{
					"name": "rightarm",
					"parent": "main",
					"pivot": [-5.3, 9.8, 19.8],
					"rotation": [-101.81106, -12.40003, -2.46982],
					"cubes": [
						{"origin": [-9.3, -14.2, 15.8], "size": [8, 24, 8], "uv": [0, 45]}
					]
				},
				{
					"name": "leftarm",
					"parent": "main",
					"pivot": [10.7, 5.3, 6.4],
					"rotation": [-119.61483, 1.67666, -38.31282],
					"cubes": [
						{"origin": [6.7, -18.7, 2.4], "size": [8, 24, 8], "uv": [0, 0]}
					]
				},
				{
					"name": "muzzleflash",
					"parent": "main",
					"pivot": [0, 22.35, -30.25],
					"cubes": [
						{"origin": [-0.5, 21.85, -30.55], "size": [1, 1, 1], "inflate": -0.4, "uv": [3, 47]}
					]
				},
				{
					"name": "scope",
					"parent": "main",
					"pivot": [0, 28.55, 6.75],
					"cubes": [
						{"origin": [-0.5, 28.05, 6.45], "size": [1, 1, 1], "inflate": -0.4, "uv": [36, 46]}
					]
				}
			]
		}
	]
}