{
	"format_version": "1.12.0",
	"minecraft:geometry": [
		{
			"description": {
				"identifier": "geometry.unknown",
				"texture_width": 128,
				"texture_height": 128,
				"visible_bounds_width": 8,
				"visible_bounds_height": 4,
				"visible_bounds_offset": [0, 1, 0]
			},
			"bones": [
				{
					"name": "main",
					"pivot": [0, 20, 0]
				},
				{
					"name": "gun",
					"parent": "main",
					"pivot": [1, 11, -1],
					"cubes": [
						{"origin": [-1.75, 13.5, -1], "size": [3.5, 5, 4], "uv": [1, 53]},
						{"origin": [-2, 5.5, -1], "size": [4, 8, 4], "pivot": [1, 13.5, -1], "rotation": [35, 0, 0], "uv": [1, 1]},
						{"origin": [-1.5, 9.15959, 6.21775], "size": [3, 3, 3], "inflate": -0.1, "pivot": [0, 10.15959, 6.56775], "rotation": [35, 0, 0], "uv": [89, 78]},
						{"origin": [-1.5, 10.32565, 7.56424], "size": [3, 3, 7], "uv": [35, 10]},
						{"origin": [-1.99, 15.07565, 2.91424], "size": [3.98, 3, 12], "uv": [38, 40]},
						{"origin": [-1.01, 18.07565, 3.91424], "size": [2, 1, 11], "uv": [45, 10]},
						{"origin": [-2, 10.32565, 14.41424], "size": [4, 8, 1], "uv": [28, 55]},
						{"origin": [-2.5, 9.32565, 15.41424], "size": [5, 9, 2], "uv": [0, 29]},
						{"origin": [-1.5, 15, -2], "size": [3, 4, 2], "inflate": -0.1, "uv": [13, 15]},
						{"origin": [-1, 16, -5.5], "size": [2, 3, 1], "inflate": -0.1, "pivot": [1.15, 15.05, -4.55], "rotation": [-21, 0, 0], "uv": [0, 15]},
						{"origin": [-1.5, 15, -7], "size": [3, 4, 1], "inflate": -0.1, "uv": [41, 41]},
						{"origin": [-1.5, 15, -6.5], "size": [3, 1, 5], "inflate": -0.11, "uv": [2, 17]},
						{"origin": [-3, 13, -31], "size": [6, 6, 15], "uv": [8, 8]},
						{"origin": [-1.5, 21.5, -27], "size": [3, 3, 13], "uv": [50, 94]},
						{"origin": [-2, 14, -16], "size": [4, 4, 1], "uv": [72, 46]},
						{"origin": [-2, 14, -32], "size": [4, 4, 1], "uv": [46, 69]},
						{"origin": [-2.5, 13.5, -15], "size": [5, 5, 2], "uv": [56, 36]},
						{"origin": [-2.5, 13.5, -11], "size": [5, 5, 4], "uv": [36, 1]},
						{"origin": [-3, 20, -10], "size": [6, 4, 15], "uv": [4, 33]},
						{"origin": [-3, 24, -10], "size": [6, 2, 12], "uv": [77, 50]},
						{"origin": [-3, 20, -17], "size": [6, 2, 6], "uv": [34, 93]},
						{"origin": [-3, 24, -17], "size": [6, 2, 6], "uv": [97, 10]},
						{"origin": [-2.5, 20.5, -18], "size": [5, 5, 8], "uv": [60, 0]},
						{"origin": [-2.5, 20, 5], "size": [5, 1, 1], "uv": [77, 64]},
						{"origin": [-2.5, 22, 5], "size": [5, 1, 1], "uv": [68, 18]},
						{"origin": [-2, 18, -14], "size": [4, 2, 19], "uv": [46, 55]},
						{"origin": [-2, 26, -15], "size": [4, 1, 12], "uv": [26, 56]}
					]
				},
				{
					"name": "spinny",
					"parent": "gun",
					"pivot": [0, 15.5, -12],
					"cubes": [
						{"origin": [-0.5, 12.5, -13], "size": [1, 6, 2], "pivot": [0, 15.5, -12], "rotation": [0, 0, 90], "uv": [0, 62]},
						{"origin": [-0.5, 12.5, -13], "size": [1, 6, 2], "pivot": [0, 15.5, -12], "rotation": [0, 0, 45], "uv": [0, 62]},
						{"origin": [-0.5, 12.5, -13], "size": [1, 6, 2], "pivot": [0, 15.5, -12], "rotation": [0, 0, 135], "uv": [0, 62]},
						{"origin": [-0.5, 12.5, -13], "size": [1, 6, 2], "pivot": [0, 15.5, -12], "rotation": [0, 0, -180], "uv": [0, 62]},
						{"origin": [-2, 13.5, -13], "size": [4, 4, 2], "pivot": [0, 15.5, -12], "rotation": [0, 0, -180], "uv": [21, 0]}
					]
				},
				{
					"name": "bone2",
					"parent": "gun",
					"pivot": [1, 12, -1],
					"cubes": [
						{"origin": [-1, 24.5, -3], "size": [2, 1, 6], "uv": [31, 41]},
						{"origin": [-2.5, 24.5, 3], "size": [5, 1, 1], "uv": [43, 29]},
						{"origin": [1.5, 24.5, 4], "size": [1, 1, 1], "uv": [13, 0]},
						{"origin": [-2.5, 24.5, 5], "size": [5, 1, 1], "uv": [49, 66]},
						{"origin": [-2.5, 24.5, 4], "size": [1, 1, 1], "uv": [0, 2]}
					]
				},
				{
					"name": "bone",
					"parent": "gun",
					"pivot": [0, 20.5, 5.5],
					"cubes": [
						{"origin": [-1.5, 21, 5], "size": [3, 1, 3], "uv": [49, 62]}
					]
				},
				{
					"name": "_cb_grip",
					"parent": "gun",
					"pivot": [0, 13, -14.5],
					"cubes": [
						{"origin": [-0.5, 12.5, -15], "size": [1, 1, 1], "uv": [35, 105]}
					]
				},
				{
					"name": "scope",
					"parent": "gun",
					"pivot": [0, 28.05, 8.75],
					"cubes": [
						{"origin": [-0.5, 28.55, 8.45], "size": [1, 1, 1], "inflate": -0.4, "uv": [18, 7]}
					]
				},
				{
					"name": "_cb_suppressor",
					"parent": "gun",
					"pivot": [0, 23.375, -26.65],
					"cubes": [
						{"origin": [-0.5, 22.5, -27.5], "size": [1, 1, 1], "uv": [0, 5]}
					]
				},
				{
					"name": "_cb_scope",
					"parent": "gun",
					"pivot": [0, 28.6, -15.65],
					"cubes": [
						{"origin": [-0.5, 26.5, -10.15], "size": [1, 1, 1], "uv": [35, 105]}
					]
				},
				{
					"name": "magazine",
					"parent": "main",
					"pivot": [0.5, 6.75, -10.25],
					"cubes": [
						{"origin": [-2.5, 20, 6], "size": [5, 3, 10], "uv": [36, 80]},
						{"origin": [-2.5, 20, 16], "size": [5, 1, 1], "uv": [78, 2]},
						{"origin": [-2.5, 22, 16], "size": [5, 1, 1], "uv": [78, 0]},
						{"origin": [1.5, 21, 16], "size": [1, 1, 1], "uv": [18, 5]},
						{"origin": [-2.5, 21, 16], "size": [1, 1, 1], "uv": [13, 2]}
					]
				},
				{
					"name": "bullet",
					"parent": "magazine",
					"pivot": [-0.15, 21.4, -15.7]
				},
				{
					"name": "rightarm",
					"parent": "main",
					"pivot": [-4.3, 8.8, 21.8],
					"rotation": [-101.81106, -12.40003, -2.46982],
					"cubes": [
						{"origin": [-8.3, -15.2, 17.8], "size": [8, 24, 8], "uv": [0, 76]}
					]
				},
				{
					"name": "leftarm",
					"parent": "main",
					"pivot": [12.7, 4.3, 2.4],
					"rotation": [-122.02866, 7.25767, -38.60781],
					"cubes": [
						{"origin": [8.7, -19.7, -1.6], "size": [8, 24, 8], "uv": [73, 14]}
					]
				},
				{
					"name": "muzzleflash",
					"parent": "main",
					"pivot": [0, 22.35, -27.25],
					"cubes": [
						{"origin": [-0.5, 22.85, -27.55], "size": [1, 1, 1], "inflate": -0.4, "uv": [18, 9]}
					]
				}
			]
		}
	]
}