{
	"format_version": "1.12.0",
	"minecraft:geometry": [
		{
			"description": {
				"identifier": "geometry.unknown",
				"texture_width": 256,
				"texture_height": 256,
				"visible_bounds_width": 10,
				"visible_bounds_height": 4,
				"visible_bounds_offset": [0, 1, 0]
			},
			"bones": [
				{
					"name": "main",
					"pivot": [0, 20, 0]
				},
				{
					"name": "_cb_suppressor",
					"parent": "main",
					"pivot": [0, 24.875, -41.75],
					"cubes": [
						{"origin": [-0.5, 24, -36.5], "size": [1, 1, 1], "uv": [27, 69]}
					]
				},
				{
					"name": "_cb_scope",
					"parent": "main",
					"pivot": [0, 28.1, -9.65],
					"cubes": [
						{"origin": [-0.5, 26.5, -9.15], "size": [1, 1, 1], "uv": [35, 105]}
					]
				},
				{
					"name": "gun",
					"parent": "main",
					"pivot": [1, 11, -1],
					"cubes": [
						{"origin": [-1.75, 14.5, -1], "size": [3.5, 4, 5], "uv": [86, 52]},
						{"origin": [-2, 10.08818, 2.41576], "size": [4, 7, 5], "pivot": [0, 11.83818, 3.91576], "rotation": [45, 0, 0], "uv": [48, 0]},
						{"origin": [-1.5, 15, -2], "size": [3, 4, 2], "inflate": -0.1, "uv": [48, 27]},
						{"origin": [-1, 16, -5.5], "size": [2, 3, 1], "inflate": -0.1, "pivot": [1.15, 15.05, -4.55], "rotation": [-21, 0, 0], "uv": [32, 52]},
						{"origin": [-1.5, 15, -7], "size": [3, 4, 1], "inflate": -0.1, "uv": [0, 0]},
						{"origin": [-1.5, 15, -6.5], "size": [3, 1, 5], "inflate": -0.11, "uv": [2, 78]},
						{"origin": [1.99, 13.78531, 3.39119], "size": [-3.98, 3, 9], "pivot": [0, 12.78531, 10.39119], "rotation": [35, 0, 0], "uv": [50, 58]},
						{"origin": [-0.99, 16.78531, 6.39119], "size": [2, 1, 6], "pivot": [0, 12.78531, 10.39119], "rotation": [35, 0, 0], "uv": [51, 114]},
						{"origin": [-2.01, 13.33271, 14.14211], "size": [4, 9, 2], "uv": [73, 0]},
						{"origin": [-2.01, 14.33271, 13.14211], "size": [4, 7, 1], "uv": [15, 33]},
						{"origin": [-2, 14.33271, 9.14211], "size": [4, 3, 4], "uv": [112, 12]},
						{"origin": [-1, 17.08271, 9.14211], "size": [2, 1, 4], "uv": [112, 12]},
						{"origin": [-2, 18, -9], "size": [4, 3, 12], "uv": [48, 27]},
						{"origin": [-2, 15, -34], "size": [4, 4, 1], "uv": [48, 34]},
						{"origin": [-2, 15, -16], "size": [4, 4, 1], "uv": [61, 44]},
						{"origin": [-2.5, 15, -11], "size": [5, 6, 4], "uv": [86, 40]},
						{"origin": [-1.5, 14, -11], "size": [3, 1, 4], "uv": [28, 28]},
						{"origin": [-2.5, 14.5, -15], "size": [5, 5, 2], "uv": [86, 62]},
						{"origin": [-2, 26, -28], "size": [4, 1, 28], "uv": [14, 14]},
						{"origin": [-1.5, 23, -36], "size": [3, 3, 10], "uv": [84, 17]},
						{"origin": [-1, 21, -26], "size": [4, 5, 30], "uv": [10, 54]},
						{"origin": [-3, 21, -26], "size": [2, 5, 11], "uv": [58, 10]},
						{"origin": [-3, 21, -1], "size": [2, 5, 5], "uv": [0, 90]},
						{"origin": [-3, 21, -15], "size": [2, 2, 14], "uv": [108, 106]},
						{"origin": [-3, 25, -15], "size": [2, 1, 14], "uv": [90, 104]},
						{"origin": [-3, 14, -33], "size": [6, 6, 17], "uv": [57, 55]},
						{"origin": [-10.5, 14.25, -21], "size": [3, 4, 5], "pivot": [0, 12, -21.5], "rotation": [0, 0, 45], "uv": [27, 90]},
						{"origin": [7.5, 14.25, -21], "size": [3, 4, 5], "pivot": [0, 12, -21.5], "rotation": [0, 0, -45], "uv": [27, 90], "mirror": true},
						{"origin": [-10.5, 14.25, -21], "size": [3, 4, 5], "pivot": [0, 12, -21.5], "rotation": [0, 0, 45], "uv": [27, 90]},
						{"origin": [-10.5, 16.25, -30], "size": [3, 2, 9], "pivot": [0, 12, -21.5], "rotation": [0, 0, 45], "uv": [94, 60]},
						{"origin": [7.5, 16.25, -30], "size": [3, 2, 9], "pivot": [0, 12, -21.5], "rotation": [0, 0, -45], "uv": [94, 60], "mirror": true},
						{"origin": [0, 22, 4], "size": [1, 4, 1], "uv": [0, 44]},
						{"origin": [-2, 22, 4], "size": [2, 1, 1], "uv": [24, 6]},
						{"origin": [-2, 25, 4], "size": [2, 1, 1], "uv": [0, 6]}
					]
				},
				{
					"name": "spinny",
					"parent": "gun",
					"pivot": [0, 17, -14],
					"cubes": [
						{"origin": [-1, 13.5, -13], "size": [2, 7, 2], "pivot": [0, 17, -12], "rotation": [0, 0, -45], "uv": [32, 6]},
						{"origin": [-1, 13.5, -13], "size": [2, 7, 2], "pivot": [0, 17, -12], "rotation": [0, 0, 90], "uv": [32, 15]},
						{"origin": [-1, 13.5, -13], "size": [2, 7, 2], "pivot": [0, 17, -12], "rotation": [0, 0, 45], "uv": [33, 33]},
						{"origin": [-1, 13.5, -13], "size": [2, 7, 2], "uv": [46, 44]}
					]
				},
				{
					"name": "bone",
					"parent": "gun",
					"pivot": [6, 18, -10.5],
					"rotation": [22.5, 0, 0],
					"cubes": [
						{"origin": [3.5, 14.23463, -9.15224], "size": [7, 6, 3], "uv": [68, 30]},
						{"origin": [3.5, 15.23463, -10.15224], "size": [7, 4, 1], "uv": [48, 15]},
						{"origin": [1.5, 16.23463, -10.15224], "size": [2, 2, 2], "uv": [47, 14]},
						{"origin": [10, 16.23463, -9.15224], "size": [1, 2, 2], "uv": [54, 44]},
						{"origin": [6, 14.73463, -6.65224], "size": [2, 2, 1], "uv": [0, 49]}
					]
				},
				{
					"name": "bone2",
					"parent": "bone",
					"pivot": [7, 15.5, -8.25],
					"rotation": [0, 0, 100],
					"cubes": [
						{"origin": [5.44662, 14.74185, -6.90224], "size": [1, 4, 1], "pivot": [6, 16.5, -8.25], "rotation": [0, 0, -55], "uv": [48, 0]}
					]
				},
				{
					"name": "bone3",
					"parent": "gun",
					"pivot": [0, 0, 0],
					"cubes": [
						{"origin": [-3.5, 23, 4], "size": [1, 2, 1], "uv": [28, 33]},
						{"origin": [-4.5, 23, -13], "size": [2, 2, 2], "uv": [32, 24]},
						{"origin": [-8.5, 22.5, -13.5], "size": [5, 3, 3], "uv": [24, 0]},
						{"origin": [-2.5, 23, -15], "size": [2, 2, 20], "uv": [86, 30]}
					]
				},
				{
					"name": "rightarm",
					"parent": "main",
					"pivot": [-4.3, 8.8, 21.8],
					"rotation": [-101.81106, -12.40003, -2.46982],
					"cubes": [
						{"origin": [-8.3, -15.2, 17.8], "size": [8, 24, 8], "uv": [0, 44]}
					]
				},
				{
					"name": "leftarm",
					"parent": "main",
					"pivot": [10.7, 4.3, -5.6],
					"rotation": [-119.61483, 1.67666, -38.31282],
					"cubes": [
						{"origin": [6.7, -19.7, -9.6], "size": [8, 24, 8], "uv": [0, 0]}
					]
				},
				{
					"name": "muzzleflash",
					"parent": "main",
					"pivot": [0, 24.35, -36.25],
					"cubes": [
						{"origin": [-0.5, 23.85, -36.55], "size": [1, 1, 1], "inflate": -0.4, "uv": [10, 35]}
					]
				},
				{
					"name": "scope",
					"parent": "main",
					"pivot": [0, 29.55, -0.25],
					"cubes": [
						{"origin": [-1, 29.05, -0.55], "size": [1, 1, 1], "inflate": -0.4, "uv": [30, 6]}
					]
				},
				{
					"name": "_cb_grip",
					"parent": "main",
					"pivot": [0, 14.5, -14.5],
					"cubes": [
						{"origin": [-0.5, 14, -15], "size": [1, 1, 1], "uv": [35, 105]}
					]
				}
			]
		}
	]
}