{
	"format_version": "1.12.0",
	"minecraft:geometry": [
		{
			"description": {
				"identifier": "geometry.unknown",
				"texture_width": 128,
				"texture_height": 128,
				"visible_bounds_width": 8,
				"visible_bounds_height": 4,
				"visible_bounds_offset": [0, 1, 0]
			},
			"bones": [
				{
					"name": "main",
					"pivot": [0, 20, 0]
				},
				{
					"name": "_cb_grip",
					"parent": "main",
					"pivot": [0, 17, -14.5],
					"cubes": [
						{"origin": [-0.5, 16.5, -15], "size": [1, 1, 1], "uv": [35, 105]}
					]
				},
				{
					"name": "gun",
					"parent": "main",
					"pivot": [1, 11, -1],
					"cubes": [
						{"origin": [-2, 28, -15], "size": [4, 1, 9], "uv": [68, 35]}
					]
				},
				{
					"name": "bdy",
					"parent": "gun",
					"pivot": [1.65, 13.9, -1.6],
					"cubes": [
						{"origin": [-3, 18, -23], "size": [6, 10, 13], "uv": [55, 7]},
						{"origin": [-3, 23, -10], "size": [6, 5, 16], "uv": [0, 82]},
						{"origin": [-3, 18, -9], "size": [6, 3, 17], "uv": [78, 30]},
						{"origin": [-2, 18.05, -11], "size": [4, 5, 17], "uv": [27, 86]},
						{"origin": [-1.5, 14.9, -6.6], "size": [3, 1, 5], "inflate": -0.11, "uv": [16, 27]},
						{"origin": [-1.75, 15, -1], "size": [3.5, 3, 5], "uv": [48, 0]},
						{"origin": [-2, 6.75, 0], "size": [4, 8, 5], "pivot": [1, 13.5, -1], "rotation": [35, 0, 0], "uv": [0, 41]},
						{"origin": [-1.5, 14.9, -2.1], "size": [3, 4, 2], "inflate": -0.1, "uv": [80, 10]},
						{"origin": [-1, 16.05, -5.55], "size": [2, 3, 1], "inflate": -0.1, "pivot": [1.15, 15.05, -4.55], "rotation": [-21, 0, 0], "uv": [17, 0]},
						{"origin": [-1.5, 14.9, -7.1], "size": [3, 4, 1], "inflate": -0.1, "uv": [0, 25]},
						{"origin": [-3, 18, 8], "size": [6, 8, 16], "uv": [68, 66]},
						{"origin": [-1, 26, 8], "size": [2, 1, 18], "uv": [80, 0]},
						{"origin": [-3, 17, 24], "size": [6, 9, 3], "uv": [18, 41]},
						{"origin": [-2, 21.5, -25], "size": [4, 5, 2], "uv": [64, 68]},
						{"origin": [-2.5, 17, -22], "size": [5, 1, 11], "uv": [57, 50]},
						{"origin": [-5, 25.5, -23.02], "size": [6, 5, 29.04], "pivot": [0, 26.5, -12], "rotation": [0, 0, -65], "uv": [7, 7]},
						{"origin": [-1, 25.5, -23.01], "size": [6, 5, 29.02], "pivot": [0, 26.5, -12], "rotation": [0, 0, 65], "uv": [7, 48]}
					]
				},
				{
					"name": "bone4",
					"parent": "gun",
					"pivot": [0, 26.5, -5],
					"cubes": [
						{"origin": [0.5, 28.5, -13.5], "size": [3, 2, 3], "pivot": [0, 26.5, 2], "rotation": [0, 0, 65], "uv": [78, 55]},
						{"origin": [0, 30.5, -14], "size": [4, 1, 4], "pivot": [0, 26.5, 2], "rotation": [0, 0, 65], "uv": [60, 63]}
					]
				},
				{
					"name": "bone5",
					"parent": "gun",
					"pivot": [0, 26.5, -5],
					"cubes": [
						{"origin": [0.5, 28.5, -6.5], "size": [3, 2, 3], "pivot": [0, 26.5, 9], "rotation": [0, 0, 65], "uv": [78, 50]},
						{"origin": [0, 30.5, -7], "size": [4, 1, 4], "pivot": [0, 26.5, 9], "rotation": [0, 0, 65], "uv": [12, 63]}
					]
				},
				{
					"name": "bone3",
					"parent": "gun",
					"pivot": [0, 26.5, -5],
					"cubes": [
						{"origin": [0.5, 28.5, -20.5], "size": [3, 2, 3], "pivot": [0, 26.5, -5], "rotation": [0, 0, 65], "uv": [80, 0]},
						{"origin": [0, 30.5, -21], "size": [4, 1, 4], "pivot": [0, 26.5, -5], "rotation": [0, 0, 65], "uv": [0, 64]}
					]
				},
				{
					"name": "bone6",
					"parent": "gun",
					"pivot": [0, 26.5, -12]
				},
				{
					"name": "bone9",
					"parent": "gun",
					"pivot": [0, 26.5, 2],
					"cubes": [
						{"origin": [-3.5, 28.5, -6.5], "size": [3, 2, 3], "pivot": [0, 26.5, 9], "rotation": [0, 0, -65], "uv": [48, 72]},
						{"origin": [-4, 30.5, -7], "size": [4, 1, 4], "pivot": [0, 26.5, 9], "rotation": [0, 0, -65], "uv": [48, 15]}
					]
				},
				{
					"name": "bone8",
					"parent": "gun",
					"pivot": [0, 26.5, 2],
					"cubes": [
						{"origin": [-3.5, 28.5, -13.5], "size": [3, 2, 3], "pivot": [0, 26.5, 2], "rotation": [0, 0, -65], "uv": [72, 62]},
						{"origin": [-4, 30.5, -14], "size": [4, 1, 4], "pivot": [0, 26.5, 2], "rotation": [0, 0, -65], "uv": [0, 59]}
					]
				},
				{
					"name": "bone7",
					"parent": "gun",
					"pivot": [0, 26.5, -5],
					"cubes": [
						{"origin": [-3.5, 28.5, -20.5], "size": [3, 2, 3], "pivot": [0, 26.5, -5], "rotation": [0, 0, -65], "uv": [75, 30]},
						{"origin": [-4, 30.5, -21], "size": [4, 1, 4], "pivot": [0, 26.5, -5], "rotation": [0, 0, -65], "uv": [59, 30]}
					]
				},
				{
					"name": "bone2",
					"parent": "gun",
					"pivot": [0, 26.5, -12]
				},
				{
					"name": "spinny",
					"parent": "gun",
					"pivot": [0, 24.5, 7],
					"cubes": [
						{"origin": [-1, 21, 6], "size": [2, 7, 2], "uv": [26, 66]},
						{"origin": [-1, 21, 6], "size": [2, 7, 2], "pivot": [0, 24.5, 7], "rotation": [0, 0, 90], "uv": [27, 18]},
						{"origin": [-1, 21, 6], "size": [2, 7, 2], "pivot": [0, 24.5, 7], "rotation": [0, 0, 45], "uv": [26, 9]},
						{"origin": [-1, 21, 6], "size": [2, 7, 2], "pivot": [0, 24.5, 7], "rotation": [0, 0, -45], "uv": [0, 0]}
					]
				},
				{
					"name": "magazine",
					"parent": "main",
					"pivot": [0.5, 6.75, -10.25],
					"cubes": [
						{"origin": [-2, 10, 13], "size": [4, 13, 9], "uv": [0, 0]}
					]
				},
				{
					"name": "bullet",
					"parent": "magazine",
					"pivot": [-0.15, 21.4, -15.7],
					"cubes": [
						{"origin": [-1.15, 21.4, 14.05], "size": [2, 2, 7], "uv": [17, 0]}
					]
				},
				{
					"name": "rightarm",
					"parent": "main",
					"pivot": [-4.3, 8.8, 21.8],
					"rotation": [-101.81106, -12.40003, -2.46982],
					"cubes": [
						{"origin": [-8.3, -15.2, 17.8], "size": [8, 24, 8], "uv": [0, 41]}
					]
				},
				{
					"name": "leftarm",
					"parent": "main",
					"pivot": [10.7, 6.3, 3.4],
					"rotation": [-119.61483, 1.67666, -38.31282],
					"cubes": [
						{"origin": [6.7, -17.7, -0.6], "size": [8, 24, 8], "uv": [0, 0]}
					]
				},
				{
					"name": "muzzleflash",
					"parent": "main",
					"pivot": [0, 24.35, -25.25],
					"cubes": [
						{"origin": [-0.5, 23.85, -25.55], "size": [1, 1, 1], "inflate": -0.4, "uv": [17, 26]}
					]
				},
				{
					"name": "scope",
					"parent": "main",
					"pivot": [0, 31.55, 9.75],
					"cubes": [
						{"origin": [-0.5, 31.05, 9.45], "size": [1, 1, 1], "inflate": -0.4, "uv": [14, 25]}
					]
				},
				{
					"name": "_cb_barrel",
					"parent": "main",
					"pivot": [0, 24.875, -30.75],
					"cubes": [
						{"origin": [-0.5, 24, -25.5], "size": [1, 1, 1], "uv": [27, 69]}
					]
				},
				{
					"name": "_cb_scope",
					"parent": "main",
					"pivot": [0, 30.1, -12.65],
					"cubes": [
						{"origin": [-0.5, 28.5, -12], "size": [1, 1, 1], "uv": [35, 105]}
					]
				}
			]
		}
	]
}