{
	"format_version": "1.12.0",
	"minecraft:geometry": [
		{
			"description": {
				"identifier": "geometry.unknown",
				"texture_width": 128,
				"texture_height": 128,
				"visible_bounds_width": 8,
				"visible_bounds_height": 4,
				"visible_bounds_offset": [0, 1, 0]
			},
			"bones": [
				{
					"name": "main",
					"pivot": [0, 20, 0]
				},
				{
					"name": "scope",
					"parent": "main",
					"pivot": [0, 29.05, -5.25],
					"cubes": [
						{"origin": [-0.5, 27.55, -0.55], "size": [1, 1, 1], "inflate": -0.4, "uv": [0, 0]}
					]
				},
				{
					"name": "gun",
					"parent": "main",
					"pivot": [1, 11, -1],
					"cubes": [
						{"origin": [-1.75, 13.5, -1], "size": [3.5, 5, 5], "uv": [76, 93]},
						{"origin": [-2, 6.5, -1], "size": [4, 7, 5], "pivot": [1, 13.5, -1], "rotation": [40, 0, 0], "uv": [33, 46]},
						{"origin": [-1.5, 15, -2], "size": [3, 4, 2], "inflate": -0.1, "uv": [59, 12]},
						{"origin": [-1, 16, -5.5], "size": [2, 3, 1], "inflate": -0.1, "pivot": [1.15, 15.05, -4.55], "rotation": [-21, 0, 0], "uv": [45, 4]},
						{"origin": [-1.5, 15, -7], "size": [3, 4, 1], "inflate": -0.1, "uv": [0, 0]},
						{"origin": [-1.5, 15, -6.5], "size": [3, 1, 5], "inflate": -0.11, "uv": [26, 76]},
						{"origin": [-2, 21, -19], "size": [4, 3, 21], "uv": [16, 16]},
						{"origin": [-2.5, 14, -25], "size": [5, 6, 18], "uv": [33, 46]},
						{"origin": [-2.5, 21, -22], "size": [5, 4, 9], "uv": [61, 16]},
						{"origin": [-2.5, 21, 0], "size": [5, 4, 3], "uv": [67, 22]},
						{"origin": [-2.5, 23, 3], "size": [5, 2, 1], "uv": [0, 32]},
						{"origin": [-2, 19, 3], "size": [4, 1, 1], "uv": [0, 35]},
						{"origin": [-1.5, 20, 3], "size": [3, 3, 1], "uv": [45, 0]},
						{"origin": [-2, 18, -22], "size": [4, 3, 25], "uv": [0, 46]},
						{"origin": [-3, 14, -32], "size": [6, 11, 7], "uv": [68, 75]},
						{"origin": [-4, 15, -24], "size": [8, 4, 4], "uv": [45, 29]},
						{"origin": [-2, 15, -33], "size": [4, 9, 1], "uv": [92, 97]},
						{"origin": [-2.5, 14.5, -35], "size": [5, 10, 2], "uv": [54, 75]},
						{"origin": [-1.5, 25, -21], "size": [3, 1, 7], "uv": [32, 2]}
					]
				},
				{
					"name": "bone",
					"parent": "gun",
					"pivot": [0, 22.5, -23.5],
					"cubes": [
						{"origin": [-0.5, 19.5, -25], "size": [1, 6, 3], "pivot": [0, 22.5, -23.5], "rotation": [0, 0, 90], "uv": [32, 99]},
						{"origin": [-0.5, 19.5, -25], "size": [1, 6, 3], "pivot": [0, 22.5, -23.5], "rotation": [0, 0, 45], "uv": [32, 99]},
						{"origin": [-0.5, 19.5, -25], "size": [1, 6, 3], "uv": [32, 99]},
						{"origin": [-2, 20.5, -25], "size": [4, 4, 3], "uv": [32, 99]},
						{"origin": [-0.5, 19.5, -25], "size": [1, 6, 3], "pivot": [0, 22.5, -23.5], "rotation": [0, 0, -45], "uv": [32, 99]}
					]
				},
				{
					"name": "bone13",
					"parent": "gun",
					"pivot": [1.5, 21, 3.9],
					"cubes": [
						{"origin": [-1.5, 20, 4], "size": [3, 3, 6], "uv": [61, 50]},
						{"origin": [-2, 19.5, 6], "size": [4, 4, 6], "uv": [76, 40]},
						{"origin": [-2.5, 14.5, 12], "size": [5, 10, 3], "uv": [90, 29]}
					]
				},
				{
					"name": "bone3",
					"parent": "gun",
					"pivot": [0, 0, 0]
				},
				{
					"name": "bone6",
					"parent": "bone3",
					"pivot": [0, 0, 0],
					"cubes": [
						{"origin": [-3, 21, -12], "size": [6, 4, 3], "uv": [2, 48]}
					]
				},
				{
					"name": "bone7",
					"parent": "bone3",
					"pivot": [0, 0, 0],
					"cubes": [
						{"origin": [-3, 21, -8], "size": [6, 4, 3], "uv": [2, 48]}
					]
				},
				{
					"name": "bone8",
					"parent": "bone3",
					"pivot": [0, 0, 0],
					"cubes": [
						{"origin": [-3, 21, -4], "size": [6, 4, 3], "uv": [2, 48]}
					]
				},
				{
					"name": "bone2",
					"parent": "gun",
					"pivot": [-5, 20.5, -11.5],
					"cubes": [
						{"origin": [-4, 20, -12], "size": [2, 1, 1], "uv": [0, 6]},
						{"origin": [-6.75, 19, -12.5], "size": [3, 2, 2], "pivot": [-5, 20.5, -11.5], "rotation": [0, 0, -45], "uv": [61, 59]}
					]
				},
				{
					"name": "magazine",
					"parent": "main",
					"pivot": [0.5, 6.75, -10.25],
					"cubes": [
						{"origin": [-1.5, 13.75, -17.25], "size": [3, 4, 8], "uv": [45, 12]},
						{"origin": [-2, 12.75, -17.75], "size": [4, 1, 9], "uv": [80, 0]}
					]
				},
				{
					"name": "bullet",
					"parent": "magazine",
					"pivot": [-0.15, 21.4, -15.7]
				},
				{
					"name": "rightarm",
					"parent": "main",
					"pivot": [-4.3, 8.8, 21.8],
					"rotation": [-101.81106, -12.40003, -2.46982],
					"cubes": [
						{"origin": [-8.3, -15.2, 17.8], "size": [8, 24, 8], "uv": [0, 74]}
					]
				},
				{
					"name": "leftarm",
					"parent": "main",
					"pivot": [10.7, 2.3, -8.6],
					"rotation": [-119.61483, 1.67666, -38.31282],
					"cubes": [
						{"origin": [6.7, -21.7, -12.6], "size": [8, 24, 8], "uv": [0, 0]}
					]
				},
				{
					"name": "muzzleflash",
					"parent": "main",
					"pivot": [0, 20.35, -66.25],
					"cubes": [
						{"origin": [-0.5, 19.85, -35.55], "size": [1, 1, 1], "inflate": -0.4, "uv": [32, 7]}
					]
				},
				{
					"name": "_cb_scope",
					"parent": "main",
					"pivot": [0, 27.1, -20.4],
					"cubes": [
						{"origin": [-0.5, 25.5, -19], "size": [1, 1, 1], "uv": [35, 105]}
					]
				},
				{
					"name": "_cb_grip",
					"parent": "main",
					"pivot": [0, 14, -27.5],
					"cubes": [
						{"origin": [-0.5, 13.5, -28], "size": [1, 1, 1], "uv": [35, 105]}
					]
				}
			]
		}
	]
}