{
	"format_version": "1.12.0",
	"minecraft:geometry": [
		{
			"description": {
				"identifier": "geometry.unknown",
				"texture_width": 128,
				"texture_height": 128,
				"visible_bounds_width": 8,
				"visible_bounds_height": 6,
				"visible_bounds_offset": [0, 2, 0]
			},
			"bones": [
				{
					"name": "main",
					"pivot": [0, 20, 0]
				},
				{
					"name": "_cb_scope",
					"parent": "main",
					"pivot": [0, 24.1, -4.65],
					"cubes": [
						{"origin": [-0.5, 26.5, -16], "size": [1, 1, 1], "uv": [35, 105]}
					]
				},
				{
					"name": "gun",
					"parent": "main",
					"pivot": [1, 11, -1]
				},
				{
					"name": "k",
					"parent": "gun",
					"pivot": [24, 14, -35],
					"cubes": [
						{"origin": [-2, 19, -36], "size": [4, 7, 17], "uv": [3, 3]}
					]
				},
				{
					"name": "b1",
					"parent": "gun",
					"pivot": [2.59966, 26.02002, -13.5],
					"cubes": [
						{"origin": [-2.5, 19.25, -18.25], "size": [8, 3, 3], "pivot": [-3, 21.35, -13], "rotation": [0, 0, -22.5], "uv": [55, 61]},
						{"origin": [-2.5, 19.25, -13.25], "size": [8, 3, 3], "pivot": [-3, 21.35, -12], "rotation": [0, 0, -22.5], "uv": [32, 14], "mirror": true}
					]
				},
				{
					"name": "b2",
					"parent": "gun",
					"pivot": [-2.59966, 26.02002, -13.5],
					"cubes": [
						{"origin": [-5.5, 19.25, -18.25], "size": [8, 3, 3], "pivot": [3, 21.35, -13], "rotation": [0, 0, 22.5], "uv": [55, 61], "mirror": true},
						{"origin": [-5.5, 19.25, -13.25], "size": [8, 3, 3], "pivot": [3, 21.35, -12], "rotation": [0, 0, 22.5], "uv": [32, 14]}
					]
				},
				{
					"name": "back",
					"parent": "gun",
					"pivot": [0, 22.66667, 25.83333],
					"cubes": [
						{"origin": [-2, 16, 12], "size": [4, 6, 3], "uv": [69, 9]},
						{"origin": [-2, 22, 4], "size": [4, 4, 11], "uv": [26, 43]},
						{"origin": [-1.5, 18.5, 7], "size": [3, 3, 5], "uv": [17, 28]}
					]
				},
				{
					"name": "spinny",
					"parent": "gun",
					"pivot": [0.10254, 22.99552, -5.75],
					"rotation": [0, 0, -22.5],
					"cubes": [
						{"origin": [-3.39746, 21.99552, -8.27], "size": [7, 2, 5.04], "pivot": [0.10254, 22.99552, -5.75], "rotation": [0, 0, 22.5], "uv": [52, 25]},
						{"origin": [-3.39746, 21.99552, -8.27], "size": [7, 2, 5.04], "pivot": [0.10254, 22.99552, -5.75], "rotation": [0, 0, -22.5], "uv": [52, 25]},
						{"origin": [-3.39746, 21.99552, -8.27], "size": [7, 2, 5.04], "pivot": [0.10254, 22.99552, -5.75], "rotation": [0, 0, -67.5], "uv": [52, 25]},
						{"origin": [-3.39746, 21.99552, -8.27], "size": [7, 2, 5.04], "pivot": [0.10254, 22.99552, -5.75], "rotation": [0, 0, -112.5], "uv": [52, 25]},
						{"origin": [-1.89746, 20.99552, -8.27], "size": [4, 4, 5.04], "pivot": [0.10254, 22.99552, -5.75], "rotation": [0, 0, -67.5], "uv": [21, 59]}
					]
				},
				{
					"name": "bone",
					"parent": "gun",
					"pivot": [1.65, 13.9, -9.1],
					"cubes": [
						{"origin": [-1.5, 15, -8.5], "size": [3, 1, 6], "inflate": -0.11, "uv": [44, 42]},
						{"origin": [-1.75, 14.5, -2], "size": [3.5, 4, 4], "uv": [18, 70]},
						{"origin": [-2, 7.3, -1.6], "size": [4, 7, 5], "inflate": -0.1, "pivot": [1, 13.5, -2], "rotation": [35, 0, 0], "uv": [0, 63]},
						{"origin": [-1.5, 15, -3], "size": [3, 4, 2], "inflate": -0.1, "uv": [32, 0]},
						{"origin": [-1, 16, -5.5], "size": [2, 3, 1], "inflate": -0.1, "pivot": [1.15, 15.05, -4.55], "rotation": [-21, 0, 0], "uv": [0, 0]},
						{"origin": [-2, 8.68354, -8.16744], "size": [4, 2, 10], "uv": [46, 49]},
						{"origin": [-1.5, 9, -9], "size": [3, 10, 1], "uv": [26, 43]},
						{"origin": [-3, 18.5, -27], "size": [2, 6, 6], "uv": [43, 61]},
						{"origin": [1, 18.5, -27], "size": [2, 6, 6], "uv": [0, 0]},
						{"origin": [-3, 18, -19.25], "size": [6, 5, 11], "uv": [25, 27]},
						{"origin": [-1, 22.5, 2], "size": [2, 2, 5], "uv": [61, 67]},
						{"origin": [-3, 23, -19.25], "size": [6, 3, 11], "uv": [31, -1]},
						{"origin": [-1, 19, 1], "size": [2, 2, 6], "uv": [64, 47]},
						{"origin": [-1, 25, -3], "size": [2, 1, 5], "uv": [0, 14]},
						{"origin": [-2, 26, -19.25], "size": [4, 1, 10], "uv": [51, 13]},
						{"origin": [-2, 18, -3.25], "size": [4, 3, 5], "uv": [58, 0]},
						{"origin": [-2.03, 18.35, -10.25], "size": [4, 1, 7], "uv": [0, 55]},
						{"origin": [-2, 21, -3.25], "size": [4, 4, 6], "uv": [56, 37]}
					]
				},
				{
					"name": "magazine2",
					"parent": "main",
					"pivot": [0.5, 6.75, -10.25],
					"cubes": [
						{"origin": [-2, 4.75, -18.25], "size": [4, 18, 9], "uv": [0, 28]}
					]
				},
				{
					"name": "bullet2",
					"parent": "magazine2",
					"pivot": [-0.15, 21.4, -15.7]
				},
				{
					"name": "magazine",
					"parent": "main",
					"pivot": [0.5, 9.75, -7.25],
					"cubes": [
						{"origin": [-2, 4.75, -17.25], "size": [4, 18, 9], "uv": [0, 28]}
					]
				},
				{
					"name": "bullet",
					"parent": "magazine",
					"pivot": [-0.15, 24.4, -12.7]
				},
				{
					"name": "rightarm",
					"parent": "main",
					"pivot": [-4.3, 8.8, 21.8],
					"rotation": [-101.81106, -12.40003, -2.46982],
					"cubes": [
						{"origin": [-8.3, -15.2, 17.8], "size": [8, 24, 8], "uv": [95, 7]}
					]
				},
				{
					"name": "leftarm",
					"parent": "main",
					"pivot": [10.7, 5.3, -5.6],
					"rotation": [-119.61483, 1.67666, -38.31282],
					"cubes": [
						{"origin": [6.7, -18.7, -9.6], "size": [8, 24, 8], "uv": [13, 93]}
					]
				},
				{
					"name": "muzzleflash",
					"parent": "main",
					"pivot": [0, 25.35, -57.25],
					"cubes": [
						{"origin": [-0.5, 24.85, -57.55], "size": [1, 1, 1], "inflate": -0.4, "uv": [12, 0]}
					]
				},
				{
					"name": "scope",
					"parent": "main",
					"pivot": [0, 30.05, 4.75],
					"cubes": [
						{"origin": [-0.5, 29.55, 3.45], "size": [1, 1, 1], "inflate": -0.4, "uv": [12, 0]}
					]
				},
				{
					"name": "_cb_grip",
					"parent": "main",
					"pivot": [0, 18.95, -26.225],
					"cubes": [
						{"origin": [-0.5, 18.5, -24], "size": [1, 1, 1], "uv": [35, 105]}
					]
				}
			]
		}
	]
}