{
	"format_version": "1.12.0",
	"minecraft:geometry": [
		{
			"description": {
				"identifier": "geometry.unknown",
				"texture_width": 256,
				"texture_height": 256,
				"visible_bounds_width": 8,
				"visible_bounds_height": 4,
				"visible_bounds_offset": [0, 1, 0]
			},
			"bones": [
				{
					"name": "main",
					"pivot": [0, 20, 0]
				},
				{
					"name": "gun",
					"parent": "main",
					"pivot": [1, 11, -1],
					"cubes": [
						{"origin": [-1.75, 18.75, 0], "size": [3.5, 5, 5], "uv": [86, 0]},
						{"origin": [-2, 7.08818, 5.41576], "size": [4, 13, 5], "pivot": [0, 16.83818, 4.91576], "rotation": [60, 0, 0], "uv": [36, 46]},
						{"origin": [-2, 9.34716, 11.35951], "size": [4, 3, 8], "inflate": -0.1, "pivot": [0, 11.09716, 12.85951], "rotation": [75, 0, 0], "uv": [17, 40]},
						{"origin": [-3, 18, -25], "size": [6, 6, 25], "uv": [78, 9]},
						{"origin": [-3.25, 16, -25.01], "size": [3, 4, 17], "pivot": [-1, 20, -24], "rotation": [0, 0, 30], "uv": [13, 59]},
						{"origin": [0.25, 16, -25.01], "size": [3, 4, 17], "pivot": [1, 20, -24], "rotation": [0, 0, -30], "uv": [13, 59], "mirror": true},
						{"origin": [-2, 19.5, -38], "size": [4, 4, 11], "uv": [47, 8]},
						{"origin": [3, 21, -21], "size": [1, 2, 8], "uv": [38, 80]},
						{"origin": [2, 19, -21], "size": [1, 2, 2], "uv": [49, 46]},
						{"origin": [-4, 22, -15], "size": [1, 1, 5], "uv": [27, 27]},
						{"origin": [-4, 22, -17], "size": [1, 2, 2], "uv": [33, 33]},
						{"origin": [-4, 22, -10], "size": [1, 2, 2], "uv": [34, 26]},
						{"origin": [3, 21, -13], "size": [1, 3, 2], "uv": [0, 32]},
						{"origin": [2, 24, -13], "size": [2, 1, 2], "uv": [0, 32]},
						{"origin": [-4, 24, -10], "size": [2, 1, 2], "uv": [0, 32]},
						{"origin": [-4, 24, -17], "size": [2, 1, 2], "uv": [0, 32]},
						{"origin": [-4, 18.5, -7], "size": [8, 2, 2], "uv": [36, 0]},
						{"origin": [-2, 24, -24], "size": [4, 1, 16], "uv": [24, 23]}
					]
				},
				{
					"name": "triger",
					"parent": "gun",
					"pivot": [1.65, 13.9, -8.1],
					"cubes": [
						{"origin": [-1.35, 13.9, -8.1], "size": [3, 5, 1], "inflate": -0.1, "uv": [50, 13]},
						{"origin": [-0.85, 15.05, -4.55], "size": [2, 3, 1], "inflate": -0.1, "pivot": [1.15, 15.05, -3.55], "rotation": [-21, 0, 0], "uv": [66, 46]},
						{"origin": [-1.35, 13.9, -7.6], "size": [3, 1, 7], "inflate": -0.11, "uv": [0, 32]},
						{"origin": [-1.35, 17.20821, -7.48712], "size": [3, 1, 11], "inflate": -0.11, "uv": [0, 46]},
						{"origin": [-1.35, 17.95821, -7.48712], "size": [3, 1, 8], "inflate": -0.11, "uv": [82, 64]},
						{"origin": [-1.35, 13.9, -1.1], "size": [3, 5, 2], "inflate": -0.1, "uv": [0, 46]},
						{"origin": [-1.35, 12.4, 0.4], "size": [3, 1, 9], "inflate": -0.11, "pivot": [0.15, 14.4, 3.9], "rotation": [-30, 0, 0], "uv": [0, 80]},
						{"origin": [-1.35, 16.4, 1.4], "size": [3, 1, 10], "inflate": -0.11, "pivot": [0.15, 14.4, 3.9], "rotation": [-30, 0, 0], "uv": [0, 58]},
						{"origin": [-1.35, 9.95821, 7.51288], "size": [3, 1, 4], "inflate": -0.11, "uv": [16, 58]},
						{"origin": [-1.35, 10.9, 10.9], "size": [3, 3, 1], "inflate": -0.1, "pivot": [0.15, 12.4, 9.4], "rotation": [-15, 0, 0], "uv": [32, 22]}
					]
				},
				{
					"name": "bone",
					"parent": "gun",
					"pivot": [0, 21, -59]
				},
				{
					"name": "spinny",
					"parent": "gun",
					"pivot": [0, 21.5, -40],
					"cubes": [
						{"origin": [-0.5, 18.5, -27], "size": [1, 6, 2], "pivot": [0, 21.5, -26], "rotation": [0, 0, 90], "uv": [32, 14]},
						{"origin": [-0.5, 18.5, -27], "size": [1, 6, 2], "uv": [32, 14]},
						{"origin": [-2, 19.5, -27], "size": [4, 4, 2], "uv": [32, 7]},
						{"origin": [-0.5, 18.5, -27], "size": [1, 6, 2], "pivot": [0, 21.5, -26], "rotation": [0, 0, 45], "uv": [32, 14]},
						{"origin": [-0.5, 18.5, -27], "size": [1, 6, 2], "pivot": [0, 21.5, -26], "rotation": [0, 0, -45], "uv": [32, 14]}
					]
				},
				{
					"name": "bullet",
					"parent": "gun",
					"pivot": [-1.5, 20.5, -4.5],
					"cubes": [
						{"origin": [-2, 20, -7], "size": [1, 1, 5], "uv": [26, 33]}
					]
				},
				{
					"name": "_cb_scope",
					"parent": "gun",
					"pivot": [0, 26.1, -18.65],
					"cubes": [
						{"origin": [-0.5, 24.5, -18], "size": [1, 1, 1], "uv": [35, 105]}
					]
				},
				{
					"name": "_cb_barrel",
					"parent": "gun",
					"pivot": [0, 21.875, -43.75],
					"cubes": [
						{"origin": [-0.5, 21, -38.5], "size": [1, 1, 1], "uv": [27, 69]}
					]
				},
				{
					"name": "_cb_grip",
					"parent": "gun",
					"pivot": [0, 13, -10.5],
					"cubes": [
						{"origin": [2.5, 16, -18], "size": [1, 1, 1], "pivot": [3, 16, -17.5], "rotation": [0, 0, -30], "uv": [35, 105]}
					]
				},
				{
					"name": "rightarm",
					"parent": "main",
					"pivot": [-9.05, 12.05, 18.8],
					"rotation": [-102.26219, -19.73565, -0.84332],
					"cubes": [
						{"origin": [-13.05, -11.95, 14.8], "size": [8, 24, 8], "uv": [58, 72]}
					]
				},
				{
					"name": "leftarm",
					"parent": "main",
					"pivot": [10.7, 6.3, -0.6],
					"rotation": [-119.61483, 1.67666, -38.31282],
					"cubes": [
						{"origin": [6.7, -17.7, -4.6], "size": [8, 24, 8], "uv": [0, 0]}
					]
				},
				{
					"name": "muzzleflash",
					"parent": "main",
					"pivot": [0, 21.35, -38.25],
					"cubes": [
						{"origin": [-1, 20.35, -39.25], "size": [2, 2, 2], "inflate": -0.9, "uv": [0, 53]}
					]
				},
				{
					"name": "scope",
					"parent": "main",
					"pivot": [0, 27.45, -0.25],
					"cubes": [
						{"origin": [-0.5, 26.95, -0.55], "size": [1, 1, 1], "inflate": -0.4, "uv": [24, 2]}
					]
				}
			]
		}
	]
}