{
	"format_version": "1.12.0",
	"minecraft:geometry": [
		{
			"description": {
				"identifier": "geometry.unknown",
				"texture_width": 128,
				"texture_height": 128,
				"visible_bounds_width": 8,
				"visible_bounds_height": 5,
				"visible_bounds_offset": [0, 1.5, 0]
			},
			"bones": [
				{
					"name": "main",
					"pivot": [0, 30, 0]
				},
				{
					"name": "gun",
					"parent": "main",
					"pivot": [1.5, 16.5, -1.5]
				},
				{
					"name": "spinny",
					"parent": "gun",
					"pivot": [0, 26.9775, 7.4745],
					"cubes": [
						{"origin": [-4, 26, 4], "size": [8, 2, 4], "uv": [56, 48]},
						{"origin": [-4, 26, 4], "size": [8, 2, 4], "pivot": [0, 27, 6], "rotation": [0, 0, -90], "uv": [52, 34]},
						{"origin": [-4, 26, 4], "size": [8, 2, 4], "pivot": [0, 27, 6], "rotation": [0, 0, -45], "uv": [27, 0]},
						{"origin": [-4, 26, 4], "size": [8, 2, 4], "pivot": [0, 27, 6], "rotation": [0, 0, -135], "uv": [26, 25]}
					]
				},
				{
					"name": "bone3",
					"parent": "gun",
					"pivot": [7.5, 36, -21.75],
					"cubes": [
						{"origin": [-2, 24, -20], "size": [4, 3, 14], "uv": [28, 8]},
						{"origin": [-1.5, 14, -7], "size": [3, 7, 1], "uv": [20, 42]},
						{"origin": [-1.5, 14, -6], "size": [3, 1, 8], "uv": [52, 25]},
						{"origin": [-3, 20, -21], "size": [6, 6, 14], "uv": [0, 22]},
						{"origin": [-2, 19, -13], "size": [4, 1, 4], "uv": [45, 60]},
						{"origin": [-2, 12.5, -13], "size": [4, 1, 4], "uv": [56, 54]},
						{"origin": [-3, 13.5, -14], "size": [6, 6, 6], "uv": [50, 0]},
						{"origin": [-3, 27, -21], "size": [6, 8, 15], "uv": [57, 54]},
						{"origin": [-2, 35, -19], "size": [4, 1, 10], "uv": [22, 48]},
						{"origin": [-1.75, 20.5, -1], "size": [3.5, 4, 5], "uv": [18, 59]},
						{"origin": [-2, 15.08818, 1.41576], "size": [4, 7, 5], "pivot": [0, 15.83818, 3.91576], "rotation": [25, 0, 0], "uv": [0, 57]},
						{"origin": [-1.5, 15.33818, 5.91576], "size": [3, 1, 10], "pivot": [0, 15.83818, 3.91576], "rotation": [25, 0, 0], "uv": [40, 49]},
						{"origin": [-1.5, 21, -2], "size": [3, 3, 2], "uv": [0, 31]},
						{"origin": [-1.5, 21, -6.5], "size": [3, 1, 5], "inflate": -0.11, "uv": [34, 60]},
						{"origin": [-1.5, 21, -7], "size": [3, 3, 1], "uv": [47, 0]},
						{"origin": [-1, 22, -5.5], "size": [2, 3, 1], "inflate": -0.1, "pivot": [1.15, 20.05, -4.55], "rotation": [-21, 0, 0], "uv": [50, 12]},
						{"origin": [-3, 24, -6], "size": [6, 6, 10], "uv": [30, 32]},
						{"origin": [-3, 30, -6], "size": [6, 1, 7], "uv": [50, 12]},
						{"origin": [2, 31, -6], "size": [1, 2, 3], "uv": [40, 53]},
						{"origin": [-3, 31, -6], "size": [1, 2, 3], "uv": [50, 25]},
						{"origin": [-2.5, 24.5, 8], "size": [5, 5, 1], "uv": [27, 6]},
						{"origin": [-1.5, 23.5, 8], "size": [3, 7, 2], "uv": [0, 22]},
						{"origin": [-1.5, 22.5, 13], "size": [3, 8, 1], "uv": [0, 42]},
						{"origin": [-2, 19.5, 14], "size": [4, 11, 2], "uv": [0, 0]},
						{"origin": [-1, 27.5, 10], "size": [2, 2, 3], "uv": [40, 48]},
						{"origin": [-1, 23.5, 10], "size": [2, 2, 3], "uv": [26, 31]}
					]
				},
				{
					"name": "magazine",
					"parent": "main",
					"pivot": [0, 35.4, 0],
					"cubes": [
						{"origin": [-2, 31, -7], "size": [4, 3, 13], "uv": [2, 2]},
						{"origin": [-2, 31, 6], "size": [4, 1, 1], "uv": [27, 12]},
						{"origin": [1, 32, 6], "size": [1, 1, 1], "uv": [11, 12]},
						{"origin": [-2, 32, 6], "size": [1, 1, 1], "uv": [10, 0]},
						{"origin": [-2, 33, 6], "size": [4, 1, 1], "uv": [0, 13]}
					]
				},
				{
					"name": "bullet",
					"parent": "magazine",
					"pivot": [-0.225, 32.1, -23.55]
				},
				{
					"name": "rightarm",
					"parent": "main",
					"pivot": [-4.3, 14.8, 18.8],
					"rotation": [-101.81106, -12.40003, -2.46982],
					"cubes": [
						{"origin": [-8.3, -9.2, 14.8], "size": [8, 24, 8], "uv": [95, 7]}
					]
				},
				{
					"name": "leftarm",
					"parent": "main",
					"pivot": [11.7, 12.3, 0.4],
					"rotation": [-119.61483, 1.67666, -38.31282],
					"cubes": [
						{"origin": [7.7, -11.7, -3.6], "size": [8, 24, 8], "uv": [13, 93]}
					]
				},
				{
					"name": "muzzleflash",
					"parent": "main",
					"pivot": [0, 29.525, -21.375],
					"cubes": [
						{"origin": [-1, 29.525, -22.375], "size": [2, 2, 2], "uv": [59, 21]}
					]
				},
				{
					"name": "scope",
					"parent": "main",
					"pivot": [8.35, 36.0194, -6.1194],
					"cubes": [
						{"origin": [7.8312, 35.5006, -6.6382], "size": [1.0376, 1.0376, 1.0376], "inflate": -0.4, "uv": [8, 22]}
					]
				},
				{
					"name": "_cb_scope",
					"parent": "main",
					"pivot": [0, 37.1, -15.65],
					"cubes": [
						{"origin": [-0.5, 35.5, -15], "size": [1, 1, 1], "uv": [35, 105]}
					]
				},
				{
					"name": "_cb_grip",
					"parent": "main",
					"pivot": [3, 20, -17.5],
					"cubes": [
						{"origin": [-0.5, 19.5, -18], "size": [1, 1, 1], "uv": [35, 105]}
					]
				}
			]
		}
	]
}