{
	"format_version": "1.12.0",
	"minecraft:geometry": [
		{
			"description": {
				"identifier": "geometry.unknown",
				"texture_width": 32,
				"texture_height": 32,
				"visible_bounds_width": 8,
				"visible_bounds_height": 4,
				"visible_bounds_offset": [0, 1, 0]
			},
			"bones": [
				{
					"name": "ammo",
					"pivot": [0, 0, 0],
					"cubes": [
						{
							"origin": [-3.6, 2.944, -5.12],
							"size": [4.24, 0.256, 5.12],
							"uv": {
								"north": {"uv": [11, 9], "uv_size": [4, 0.5]},
								"east": {"uv": [15, 12], "uv_size": [5, 0.5]},
								"south": {"uv": [18, 14], "uv_size": [4, 0.5]},
								"west": {"uv": [16, 8], "uv_size": [5, 0.5]},
								"up": {"uv": [0, 0], "uv_size": [4, 5]},
								"down": {"uv": [4, 5], "uv_size": [4, -5]}
							}
						},
						{
							"origin": [-3.584, 0.256, -5.12],
							"size": [3.968, 2.688, 0.256],
							"uv": {
								"north": {"uv": [15, 9], "uv_size": [4, 2.5]},
								"east": {"uv": [5, 20], "uv_size": [0.5, 2.5]},
								"south": {"uv": [0, 16], "uv_size": [4, 2.5]},
								"west": {"uv": [6, 20], "uv_size": [0.5, 2.5]},
								"up": {"uv": [18, 18], "uv_size": [4, 0.5]},
								"down": {"uv": [0, 19.5], "uv_size": [4, -0.5]}
							}
						},
						{
							"origin": [-3.6, 0, -5.12],
							"size": [4.24, 0.256, 5.12],
							"uv": {
								"north": {"uv": [18, 15], "uv_size": [4, 0.5]},
								"east": {"uv": [11, 16], "uv_size": [5, 0.5]},
								"south": {"uv": [18, 17], "uv_size": [4, 0.5]},
								"west": {"uv": [16, 16], "uv_size": [5, 0.5]},
								"up": {"uv": [0, 5], "uv_size": [4, 5]},
								"down": {"uv": [4, 10], "uv_size": [4, -5]}
							}
						},
						{
							"origin": [-3.216, 0, 3.008],
							"size": [3.472, 0.064, 1.728],
							"pivot": [-1.536, 0, 3.008],
							"rotation": [72.5, 0, 0],
							"uv": {
								"north": {"uv": [19, 0], "uv_size": [3.5, 0.5]},
								"east": {"uv": [20, 12], "uv_size": [1.5, 0.5]},
								"south": {"uv": [19, 1], "uv_size": [3.5, 0.5]},
								"west": {"uv": [21, 6], "uv_size": [1.5, 0.5]},
								"up": {"uv": [16, 6], "uv_size": [3.5, 1.5]},
								"down": {"uv": [7, 17.5], "uv_size": [3.5, -1.5]}
							}
						},
						{
							"origin": [-3.216, 0, 0],
							"size": [3.472, 0.064, 3.008],
							"uv": {
								"north": {"uv": [19, 2], "uv_size": [3.5, 0.5]},
								"east": {"uv": [19, 11], "uv_size": [3, 0.5]},
								"south": {"uv": [19, 3], "uv_size": [3.5, 0.5]},
								"west": {"uv": [18, 19], "uv_size": [3, 0.5]},
								"up": {"uv": [10, 13], "uv_size": [3.5, 3]},
								"down": {"uv": [14, 16], "uv_size": [3.5, -3]}
							}
						},
						{
							"origin": [0.384, 0.256, -5.12],
							"size": [0.256, 2.688, 5.12],
							"uv": {
								"north": {"uv": [0, 20], "uv_size": [0.5, 2.5]},
								"east": {"uv": [0, 10], "uv_size": [5, 2.5]},
								"south": {"uv": [1, 20], "uv_size": [0.5, 2.5]},
								"west": {"uv": [5, 10], "uv_size": [5, 2.5]},
								"up": {"uv": [11, 17], "uv_size": [0.5, 5]},
								"down": {"uv": [12, 22], "uv_size": [0.5, -5]}
							}
						},
						{
							"origin": [-3.6, 0.256, -5.12],
							"size": [0.256, 2.688, 5.12],
							"uv": {
								"north": {"uv": [2, 20], "uv_size": [0.5, 2.5]},
								"east": {"uv": [10, 10], "uv_size": [5, 2.5]},
								"south": {"uv": [3, 20], "uv_size": [0.5, 2.5]},
								"west": {"uv": [11, 0], "uv_size": [5, 2.5]},
								"up": {"uv": [13, 17], "uv_size": [0.5, 5]},
								"down": {"uv": [14, 22], "uv_size": [0.5, -5]}
							}
						},
						{
							"origin": [-3.088, 0.384, -2.048],
							"size": [3.216, 2.24, 0.128],
							"uv": {
								"north": {"uv": [16, 0], "uv_size": [3, 2]},
								"east": {"uv": [20, 6], "uv_size": [0.5, 2]},
								"south": {"uv": [16, 2], "uv_size": [3, 2]},
								"west": {"uv": [18, 20], "uv_size": [0.5, 2]},
								"up": {"uv": [19, 4], "uv_size": [3, 0.5]},
								"down": {"uv": [5, 19.5], "uv_size": [3, -0.5]}
							}
						},
						{
							"origin": [-3.088, 0.384, 2.432],
							"size": [3.216, 2.24, 0.128],
							"uv": {
								"north": {"uv": [4, 16], "uv_size": [3, 2]},
								"east": {"uv": [19, 20], "uv_size": [0.5, 2]},
								"south": {"uv": [16, 4], "uv_size": [3, 2]},
								"west": {"uv": [20, 20], "uv_size": [0.5, 2]},
								"up": {"uv": [19, 9], "uv_size": [3, 0.5]},
								"down": {"uv": [19, 10.5], "uv_size": [3, -0.5]}
							}
						},
						{
							"origin": [-3.088, 0.256, -2.56],
							"size": [3.216, 0.128, 5.12],
							"uv": {
								"north": {"uv": [19, 5], "uv_size": [3, 0.5]},
								"east": {"uv": [5, 18], "uv_size": [5, 0.5]},
								"south": {"uv": [8, 19], "uv_size": [3, 0.5]},
								"west": {"uv": [18, 13], "uv_size": [5, 0.5]},
								"up": {"uv": [8, 0], "uv_size": [3, 5]},
								"down": {"uv": [8, 10], "uv_size": [3, -5]}
							}
						},
						{
							"origin": [-3.216, 0.256, -2.56],
							"size": [0.128, 2.368, 5.12],
							"uv": {
								"north": {"uv": [9, 20], "uv_size": [0.5, 2.5]},
								"east": {"uv": [0, 13], "uv_size": [5, 2.5]},
								"south": {"uv": [10, 20], "uv_size": [0.5, 2.5]},
								"west": {"uv": [5, 13], "uv_size": [5, 2.5]},
								"up": {"uv": [17, 17], "uv_size": [0.5, 5]},
								"down": {"uv": [4, 23], "uv_size": [0.5, -5]}
							}
						},
						{
							"origin": [0.128, 0.256, -2.56],
							"size": [0.128, 2.368, 5.12],
							"uv": {
								"north": {"uv": [7, 20], "uv_size": [0.5, 2.5]},
								"east": {"uv": [11, 3], "uv_size": [5, 2.5]},
								"south": {"uv": [8, 20], "uv_size": [0.5, 2.5]},
								"west": {"uv": [11, 6], "uv_size": [5, 2.5]},
								"up": {"uv": [15, 17], "uv_size": [0.5, 5]},
								"down": {"uv": [16, 22], "uv_size": [0.5, -5]}
							}
						}
					]
				},
				{
					"name": "bone7",
					"parent": "ammo",
					"pivot": [0, 0, 0]
				},
				{
					"name": "bone4",
					"parent": "bone7",
					"pivot": [-1.5, 2.5, 1.4],
					"rotation": [32.5, 0, 0]
				},
				{
					"name": "bone5",
					"parent": "bone4",
					"pivot": [-2.10625, 2.35, 1.25],
					"rotation": [70, 0, 0],
					"cubes": [
						{
							"origin": [-2.6, 2.1, 1],
							"size": [0.8, 0.5, 0.5],
							"uv": {
								"north": {"uv": [10, 18], "uv_size": [1, 0.5]},
								"east": {"uv": [17, 22], "uv_size": [0.5, 0.5]},
								"south": {"uv": [21, 7], "uv_size": [1, 0.5]},
								"west": {"uv": [22, 17], "uv_size": [0.5, 0.5]},
								"up": {"uv": [21, 8], "uv_size": [1, 0.5]},
								"down": {"uv": [21, 16.5], "uv_size": [1, -0.5]}
							}
						},
						{
							"origin": [-1.7, 2.1, 1],
							"size": [0.1, 0.5, 0.5],
							"uv": {
								"north": {"uv": [18, 22], "uv_size": [0.5, 0.5]},
								"east": {"uv": [22, 18], "uv_size": [0.5, 0.5]},
								"south": {"uv": [19, 22], "uv_size": [0.5, 0.5]},
								"west": {"uv": [22, 19], "uv_size": [0.5, 0.5]},
								"up": {"uv": [20, 22], "uv_size": [0.5, 0.5]},
								"down": {"uv": [22, 20.5], "uv_size": [0.5, -0.5]}
							}
						},
						{
							"origin": [-1.8, 2.125, 1.025],
							"size": [0.1, 0.45, 0.45],
							"uv": {
								"north": {"uv": [21, 22], "uv_size": [0.5, 0.5]},
								"east": {"uv": [22, 21], "uv_size": [0.5, 0.5]},
								"south": {"uv": [22, 22], "uv_size": [0.5, 0.5]},
								"west": {"uv": [0, 23], "uv_size": [0.5, 0.5]},
								"up": {"uv": [23, 0], "uv_size": [0.5, 0.5]},
								"down": {"uv": [1, 23.5], "uv_size": [0.5, -0.5]}
							}
						},
						{
							"origin": [-3.05, 2.125, 1.025],
							"size": [0.45, 0.45, 0.45],
							"uv": {
								"north": {"uv": [23, 1], "uv_size": [0.5, 0.5]},
								"east": {"uv": [2, 23], "uv_size": [0.5, 0.5]},
								"south": {"uv": [23, 2], "uv_size": [0.5, 0.5]},
								"west": {"uv": [3, 23], "uv_size": [0.5, 0.5]},
								"up": {"uv": [23, 3], "uv_size": [0.5, 0.5]},
								"down": {"uv": [4, 23.5], "uv_size": [0.5, -0.5]}
							}
						}
					]
				},
				{
					"name": "bone2",
					"parent": "bone4",
					"pivot": [-2.10625, 1.975, 1.8],
					"rotation": [110, 0, 0],
					"cubes": [
						{
							"origin": [-2.6, 1.725, 1.55],
							"size": [0.8, 0.5, 0.5],
							"uv": {
								"north": {"uv": [21, 19], "uv_size": [1, 0.5]},
								"east": {"uv": [23, 4], "uv_size": [0.5, 0.5]},
								"south": {"uv": [21, 20], "uv_size": [1, 0.5]},
								"west": {"uv": [5, 23], "uv_size": [0.5, 0.5]},
								"up": {"uv": [21, 21], "uv_size": [1, 0.5]},
								"down": {"uv": [22, 4.5], "uv_size": [1, -0.5]}
							}
						},
						{
							"origin": [-1.7, 1.725, 1.55],
							"size": [0.1, 0.5, 0.5],
							"uv": {
								"north": {"uv": [23, 5], "uv_size": [0.5, 0.5]},
								"east": {"uv": [6, 23], "uv_size": [0.5, 0.5]},
								"south": {"uv": [23, 6], "uv_size": [0.5, 0.5]},
								"west": {"uv": [7, 23], "uv_size": [0.5, 0.5]},
								"up": {"uv": [23, 7], "uv_size": [0.5, 0.5]},
								"down": {"uv": [8, 23.5], "uv_size": [0.5, -0.5]}
							}
						},
						{
							"origin": [-1.8, 1.75, 1.575],
							"size": [0.1, 0.45, 0.45],
							"uv": {
								"north": {"uv": [23, 8], "uv_size": [0.5, 0.5]},
								"east": {"uv": [9, 23], "uv_size": [0.5, 0.5]},
								"south": {"uv": [23, 9], "uv_size": [0.5, 0.5]},
								"west": {"uv": [10, 23], "uv_size": [0.5, 0.5]},
								"up": {"uv": [23, 10], "uv_size": [0.5, 0.5]},
								"down": {"uv": [11, 23.5], "uv_size": [0.5, -0.5]}
							}
						},
						{
							"origin": [-3.05, 1.75, 1.575],
							"size": [0.45, 0.45, 0.45],
							"uv": {
								"north": {"uv": [23, 11], "uv_size": [0.5, 0.5]},
								"east": {"uv": [12, 23], "uv_size": [0.5, 0.5]},
								"south": {"uv": [23, 12], "uv_size": [0.5, 0.5]},
								"west": {"uv": [13, 23], "uv_size": [0.5, 0.5]},
								"up": {"uv": [23, 13], "uv_size": [0.5, 0.5]},
								"down": {"uv": [14, 23.5], "uv_size": [0.5, -0.5]}
							}
						}
					]
				},
				{
					"name": "bone9",
					"parent": "bone7",
					"pivot": [-1.5, 2.5, -1.2],
					"rotation": [32.5, 0, 0]
				},
				{
					"name": "bone10",
					"parent": "bone9",
					"pivot": [-2.10625, 2.35, -1.35],
					"rotation": [70, 0, 0],
					"cubes": [
						{
							"origin": [-2.6, 2.1, -1.6],
							"size": [0.8, 0.5, 0.5],
							"uv": {
								"north": {"uv": [22, 12], "uv_size": [1, 0.5]},
								"east": {"uv": [11, 24], "uv_size": [0.5, 0.5]},
								"south": {"uv": [13, 22], "uv_size": [1, 0.5]},
								"west": {"uv": [24, 11], "uv_size": [0.5, 0.5]},
								"up": {"uv": [14, 22], "uv_size": [1, 0.5]},
								"down": {"uv": [22, 14.5], "uv_size": [1, -0.5]}
							}
						},
						{
							"origin": [-1.7, 2.1, -1.6],
							"size": [0.1, 0.5, 0.5],
							"uv": {
								"north": {"uv": [12, 24], "uv_size": [0.5, 0.5]},
								"east": {"uv": [24, 12], "uv_size": [0.5, 0.5]},
								"south": {"uv": [13, 24], "uv_size": [0.5, 0.5]},
								"west": {"uv": [24, 13], "uv_size": [0.5, 0.5]},
								"up": {"uv": [14, 24], "uv_size": [0.5, 0.5]},
								"down": {"uv": [24, 14.5], "uv_size": [0.5, -0.5]}
							}
						},
						{
							"origin": [-1.8, 2.125, -1.575],
							"size": [0.1, 0.45, 0.45],
							"uv": {
								"north": {"uv": [15, 24], "uv_size": [0.5, 0.5]},
								"east": {"uv": [24, 15], "uv_size": [0.5, 0.5]},
								"south": {"uv": [16, 24], "uv_size": [0.5, 0.5]},
								"west": {"uv": [24, 16], "uv_size": [0.5, 0.5]},
								"up": {"uv": [17, 24], "uv_size": [0.5, 0.5]},
								"down": {"uv": [24, 17.5], "uv_size": [0.5, -0.5]}
							}
						},
						{
							"origin": [-3.05, 2.125, -1.575],
							"size": [0.45, 0.45, 0.45],
							"uv": {
								"north": {"uv": [18, 24], "uv_size": [0.5, 0.5]},
								"east": {"uv": [24, 18], "uv_size": [0.5, 0.5]},
								"south": {"uv": [19, 24], "uv_size": [0.5, 0.5]},
								"west": {"uv": [24, 19], "uv_size": [0.5, 0.5]},
								"up": {"uv": [20, 24], "uv_size": [0.5, 0.5]},
								"down": {"uv": [24, 20.5], "uv_size": [0.5, -0.5]}
							}
						}
					]
				},
				{
					"name": "bone11",
					"parent": "bone9",
					"pivot": [-2.10625, 1.975, -0.8],
					"rotation": [110, 0, 0],
					"cubes": [
						{
							"origin": [-2.6, 1.725, -1.05],
							"size": [0.8, 0.5, 0.5],
							"uv": {
								"north": {"uv": [15, 22], "uv_size": [1, 0.5]},
								"east": {"uv": [21, 24], "uv_size": [0.5, 0.5]},
								"south": {"uv": [22, 15], "uv_size": [1, 0.5]},
								"west": {"uv": [24, 21], "uv_size": [0.5, 0.5]},
								"up": {"uv": [16, 22], "uv_size": [1, 0.5]},
								"down": {"uv": [22, 16.5], "uv_size": [1, -0.5]}
							}
						},
						{
							"origin": [-1.7, 1.725, -1.05],
							"size": [0.1, 0.5, 0.5],
							"uv": {
								"north": {"uv": [22, 24], "uv_size": [0.5, 0.5]},
								"east": {"uv": [24, 22], "uv_size": [0.5, 0.5]},
								"south": {"uv": [23, 24], "uv_size": [0.5, 0.5]},
								"west": {"uv": [24, 23], "uv_size": [0.5, 0.5]},
								"up": {"uv": [24, 24], "uv_size": [0.5, 0.5]},
								"down": {"uv": [0, 25.5], "uv_size": [0.5, -0.5]}
							}
						},
						{
							"origin": [-1.8, 1.75, -1.025],
							"size": [0.1, 0.45, 0.45],
							"uv": {
								"north": {"uv": [25, 0], "uv_size": [0.5, 0.5]},
								"east": {"uv": [1, 25], "uv_size": [0.5, 0.5]},
								"south": {"uv": [25, 1], "uv_size": [0.5, 0.5]},
								"west": {"uv": [2, 25], "uv_size": [0.5, 0.5]},
								"up": {"uv": [25, 2], "uv_size": [0.5, 0.5]},
								"down": {"uv": [3, 25.5], "uv_size": [0.5, -0.5]}
							}
						},
						{
							"origin": [-3.05, 1.75, -1.025],
							"size": [0.45, 0.45, 0.45],
							"uv": {
								"north": {"uv": [25, 3], "uv_size": [0.5, 0.5]},
								"east": {"uv": [4, 25], "uv_size": [0.5, 0.5]},
								"south": {"uv": [25, 4], "uv_size": [0.5, 0.5]},
								"west": {"uv": [5, 25], "uv_size": [0.5, 0.5]},
								"up": {"uv": [25, 5], "uv_size": [0.5, 0.5]},
								"down": {"uv": [6, 25.5], "uv_size": [0.5, -0.5]}
							}
						}
					]
				},
				{
					"name": "bone3",
					"parent": "bone7",
					"pivot": [-1.5, 2.1, 0.7],
					"rotation": [-145, 0, 0]
				},
				{
					"name": "bone6",
					"parent": "bone3",
					"pivot": [-2.10625, 1.95, 0.55],
					"rotation": [102.5, 0, 0],
					"cubes": [
						{
							"origin": [-2.6, 1.7, 0.3],
							"size": [0.8, 0.5, 0.5],
							"uv": {
								"north": {"uv": [22, 5], "uv_size": [1, 0.5]},
								"east": {"uv": [23, 14], "uv_size": [0.5, 0.5]},
								"south": {"uv": [22, 7], "uv_size": [1, 0.5]},
								"west": {"uv": [15, 23], "uv_size": [0.5, 0.5]},
								"up": {"uv": [22, 8], "uv_size": [1, 0.5]},
								"down": {"uv": [22, 9.5], "uv_size": [1, -0.5]}
							}
						},
						{
							"origin": [-1.7, 1.7, 0.3],
							"size": [0.1, 0.5, 0.5],
							"uv": {
								"north": {"uv": [23, 15], "uv_size": [0.5, 0.5]},
								"east": {"uv": [16, 23], "uv_size": [0.5, 0.5]},
								"south": {"uv": [23, 16], "uv_size": [0.5, 0.5]},
								"west": {"uv": [17, 23], "uv_size": [0.5, 0.5]},
								"up": {"uv": [23, 17], "uv_size": [0.5, 0.5]},
								"down": {"uv": [18, 23.5], "uv_size": [0.5, -0.5]}
							}
						},
						{
							"origin": [-1.8, 1.725, 0.325],
							"size": [0.1, 0.45, 0.45],
							"uv": {
								"north": {"uv": [23, 18], "uv_size": [0.5, 0.5]},
								"east": {"uv": [19, 23], "uv_size": [0.5, 0.5]},
								"south": {"uv": [23, 19], "uv_size": [0.5, 0.5]},
								"west": {"uv": [20, 23], "uv_size": [0.5, 0.5]},
								"up": {"uv": [23, 20], "uv_size": [0.5, 0.5]},
								"down": {"uv": [21, 23.5], "uv_size": [0.5, -0.5]}
							}
						},
						{
							"origin": [-3.05, 1.725, 0.325],
							"size": [0.45, 0.45, 0.45],
							"uv": {
								"north": {"uv": [23, 21], "uv_size": [0.5, 0.5]},
								"east": {"uv": [22, 23], "uv_size": [0.5, 0.5]},
								"south": {"uv": [23, 22], "uv_size": [0.5, 0.5]},
								"west": {"uv": [23, 23], "uv_size": [0.5, 0.5]},
								"up": {"uv": [0, 24], "uv_size": [0.5, 0.5]},
								"down": {"uv": [24, 0.5], "uv_size": [0.5, -0.5]}
							}
						}
					]
				},
				{
					"name": "bone8",
					"parent": "bone3",
					"pivot": [-2.10625, 1.575, 1.1],
					"rotation": [110, 0, 0],
					"cubes": [
						{
							"origin": [-2.6, 1.325, 0.85],
							"size": [0.8, 0.5, 0.5],
							"uv": {
								"north": {"uv": [22, 10], "uv_size": [1, 0.5]},
								"east": {"uv": [1, 24], "uv_size": [0.5, 0.5]},
								"south": {"uv": [11, 22], "uv_size": [1, 0.5]},
								"west": {"uv": [24, 1], "uv_size": [0.5, 0.5]},
								"up": {"uv": [22, 11], "uv_size": [1, 0.5]},
								"down": {"uv": [12, 22.5], "uv_size": [1, -0.5]}
							}
						},
						{
							"origin": [-1.7, 1.325, 0.85],
							"size": [0.1, 0.5, 0.5],
							"uv": {
								"north": {"uv": [2, 24], "uv_size": [0.5, 0.5]},
								"east": {"uv": [24, 2], "uv_size": [0.5, 0.5]},
								"south": {"uv": [3, 24], "uv_size": [0.5, 0.5]},
								"west": {"uv": [24, 3], "uv_size": [0.5, 0.5]},
								"up": {"uv": [4, 24], "uv_size": [0.5, 0.5]},
								"down": {"uv": [24, 4.5], "uv_size": [0.5, -0.5]}
							}
						},
						{
							"origin": [-1.8, 1.35, 0.875],
							"size": [0.1, 0.45, 0.45],
							"uv": {
								"north": {"uv": [5, 24], "uv_size": [0.5, 0.5]},
								"east": {"uv": [24, 5], "uv_size": [0.5, 0.5]},
								"south": {"uv": [6, 24], "uv_size": [0.5, 0.5]},
								"west": {"uv": [24, 6], "uv_size": [0.5, 0.5]},
								"up": {"uv": [7, 24], "uv_size": [0.5, 0.5]},
								"down": {"uv": [24, 7.5], "uv_size": [0.5, -0.5]}
							}
						},
						{
							"origin": [-3.05, 1.35, 0.875],
							"size": [0.45, 0.45, 0.45],
							"uv": {
								"north": {"uv": [8, 24], "uv_size": [0.5, 0.5]},
								"east": {"uv": [24, 8], "uv_size": [0.5, 0.5]},
								"south": {"uv": [9, 24], "uv_size": [0.5, 0.5]},
								"west": {"uv": [24, 9], "uv_size": [0.5, 0.5]},
								"up": {"uv": [10, 24], "uv_size": [0.5, 0.5]},
								"down": {"uv": [24, 10.5], "uv_size": [0.5, -0.5]}
							}
						}
					]
				},
				{
					"name": "bone12",
					"parent": "ammo",
					"pivot": [0, 4.5, 0.9],
					"rotation": [180, 0, 0]
				},
				{
					"name": "bone13",
					"parent": "bone12",
					"pivot": [0, 7, 2.3],
					"rotation": [32.5, 0, 0]
				},
				{
					"name": "bone14",
					"parent": "bone13",
					"pivot": [-0.60625, 6.85, 2.15],
					"rotation": [70, 0, 0],
					"cubes": [
						{
							"origin": [-1.1, 6.6, 1.9],
							"size": [0.8, 0.5, 0.5],
							"uv": {
								"north": {"uv": [10, 18], "uv_size": [1, 0.5]},
								"east": {"uv": [17, 22], "uv_size": [0.5, 0.5]},
								"south": {"uv": [21, 7], "uv_size": [1, 0.5]},
								"west": {"uv": [22, 17], "uv_size": [0.5, 0.5]},
								"up": {"uv": [21, 8], "uv_size": [1, 0.5]},
								"down": {"uv": [21, 16.5], "uv_size": [1, -0.5]}
							}
						},
						{
							"origin": [-0.2, 6.6, 1.9],
							"size": [0.1, 0.5, 0.5],
							"uv": {
								"north": {"uv": [18, 22], "uv_size": [0.5, 0.5]},
								"east": {"uv": [22, 18], "uv_size": [0.5, 0.5]},
								"south": {"uv": [19, 22], "uv_size": [0.5, 0.5]},
								"west": {"uv": [22, 19], "uv_size": [0.5, 0.5]},
								"up": {"uv": [20, 22], "uv_size": [0.5, 0.5]},
								"down": {"uv": [22, 20.5], "uv_size": [0.5, -0.5]}
							}
						},
						{
							"origin": [-0.3, 6.625, 1.925],
							"size": [0.1, 0.45, 0.45],
							"uv": {
								"north": {"uv": [21, 22], "uv_size": [0.5, 0.5]},
								"east": {"uv": [22, 21], "uv_size": [0.5, 0.5]},
								"south": {"uv": [22, 22], "uv_size": [0.5, 0.5]},
								"west": {"uv": [0, 23], "uv_size": [0.5, 0.5]},
								"up": {"uv": [23, 0], "uv_size": [0.5, 0.5]},
								"down": {"uv": [1, 23.5], "uv_size": [0.5, -0.5]}
							}
						},
						{
							"origin": [-1.55, 6.625, 1.925],
							"size": [0.45, 0.45, 0.45],
							"uv": {
								"north": {"uv": [23, 1], "uv_size": [0.5, 0.5]},
								"east": {"uv": [2, 23], "uv_size": [0.5, 0.5]},
								"south": {"uv": [23, 2], "uv_size": [0.5, 0.5]},
								"west": {"uv": [3, 23], "uv_size": [0.5, 0.5]},
								"up": {"uv": [23, 3], "uv_size": [0.5, 0.5]},
								"down": {"uv": [4, 23.5], "uv_size": [0.5, -0.5]}
							}
						}
					]
				},
				{
					"name": "bone15",
					"parent": "bone13",
					"pivot": [-0.60625, 6.475, 2.7],
					"rotation": [110, 0, 0],
					"cubes": [
						{
							"origin": [-1.1, 6.225, 2.45],
							"size": [0.8, 0.5, 0.5],
							"uv": {
								"north": {"uv": [21, 19], "uv_size": [1, 0.5]},
								"east": {"uv": [23, 4], "uv_size": [0.5, 0.5]},
								"south": {"uv": [21, 20], "uv_size": [1, 0.5]},
								"west": {"uv": [5, 23], "uv_size": [0.5, 0.5]},
								"up": {"uv": [21, 21], "uv_size": [1, 0.5]},
								"down": {"uv": [22, 4.5], "uv_size": [1, -0.5]}
							}
						},
						{
							"origin": [-0.2, 6.225, 2.45],
							"size": [0.1, 0.5, 0.5],
							"uv": {
								"north": {"uv": [23, 5], "uv_size": [0.5, 0.5]},
								"east": {"uv": [6, 23], "uv_size": [0.5, 0.5]},
								"south": {"uv": [23, 6], "uv_size": [0.5, 0.5]},
								"west": {"uv": [7, 23], "uv_size": [0.5, 0.5]},
								"up": {"uv": [23, 7], "uv_size": [0.5, 0.5]},
								"down": {"uv": [8, 23.5], "uv_size": [0.5, -0.5]}
							}
						},
						{
							"origin": [-0.3, 6.25, 2.475],
							"size": [0.1, 0.45, 0.45],
							"uv": {
								"north": {"uv": [23, 8], "uv_size": [0.5, 0.5]},
								"east": {"uv": [9, 23], "uv_size": [0.5, 0.5]},
								"south": {"uv": [23, 9], "uv_size": [0.5, 0.5]},
								"west": {"uv": [10, 23], "uv_size": [0.5, 0.5]},
								"up": {"uv": [23, 10], "uv_size": [0.5, 0.5]},
								"down": {"uv": [11, 23.5], "uv_size": [0.5, -0.5]}
							}
						},
						{
							"origin": [-1.55, 6.25, 2.475],
							"size": [0.45, 0.45, 0.45],
							"uv": {
								"north": {"uv": [23, 11], "uv_size": [0.5, 0.5]},
								"east": {"uv": [12, 23], "uv_size": [0.5, 0.5]},
								"south": {"uv": [23, 12], "uv_size": [0.5, 0.5]},
								"west": {"uv": [13, 23], "uv_size": [0.5, 0.5]},
								"up": {"uv": [23, 13], "uv_size": [0.5, 0.5]},
								"down": {"uv": [14, 23.5], "uv_size": [0.5, -0.5]}
							}
						}
					]
				},
				{
					"name": "bone16",
					"parent": "bone12",
					"pivot": [0, 7, -0.3],
					"rotation": [32.5, 0, 0]
				},
				{
					"name": "bone17",
					"parent": "bone16",
					"pivot": [-0.60625, 6.85, -0.45],
					"rotation": [70, 0, 0],
					"cubes": [
						{
							"origin": [-1.1, 6.6, -0.7],
							"size": [0.8, 0.5, 0.5],
							"uv": {
								"north": {"uv": [22, 12], "uv_size": [1, 0.5]},
								"east": {"uv": [11, 24], "uv_size": [0.5, 0.5]},
								"south": {"uv": [13, 22], "uv_size": [1, 0.5]},
								"west": {"uv": [24, 11], "uv_size": [0.5, 0.5]},
								"up": {"uv": [14, 22], "uv_size": [1, 0.5]},
								"down": {"uv": [22, 14.5], "uv_size": [1, -0.5]}
							}
						},
						{
							"origin": [-0.2, 6.6, -0.7],
							"size": [0.1, 0.5, 0.5],
							"uv": {
								"north": {"uv": [12, 24], "uv_size": [0.5, 0.5]},
								"east": {"uv": [24, 12], "uv_size": [0.5, 0.5]},
								"south": {"uv": [13, 24], "uv_size": [0.5, 0.5]},
								"west": {"uv": [24, 13], "uv_size": [0.5, 0.5]},
								"up": {"uv": [14, 24], "uv_size": [0.5, 0.5]},
								"down": {"uv": [24, 14.5], "uv_size": [0.5, -0.5]}
							}
						},
						{
							"origin": [-0.3, 6.625, -0.675],
							"size": [0.1, 0.45, 0.45],
							"uv": {
								"north": {"uv": [15, 24], "uv_size": [0.5, 0.5]},
								"east": {"uv": [24, 15], "uv_size": [0.5, 0.5]},
								"south": {"uv": [16, 24], "uv_size": [0.5, 0.5]},
								"west": {"uv": [24, 16], "uv_size": [0.5, 0.5]},
								"up": {"uv": [17, 24], "uv_size": [0.5, 0.5]},
								"down": {"uv": [24, 17.5], "uv_size": [0.5, -0.5]}
							}
						},
						{
							"origin": [-1.55, 6.625, -0.675],
							"size": [0.45, 0.45, 0.45],
							"uv": {
								"north": {"uv": [18, 24], "uv_size": [0.5, 0.5]},
								"east": {"uv": [24, 18], "uv_size": [0.5, 0.5]},
								"south": {"uv": [19, 24], "uv_size": [0.5, 0.5]},
								"west": {"uv": [24, 19], "uv_size": [0.5, 0.5]},
								"up": {"uv": [20, 24], "uv_size": [0.5, 0.5]},
								"down": {"uv": [24, 20.5], "uv_size": [0.5, -0.5]}
							}
						}
					]
				},
				{
					"name": "bone18",
					"parent": "bone16",
					"pivot": [-0.60625, 6.475, 0.1],
					"rotation": [110, 0, 0],
					"cubes": [
						{
							"origin": [-1.1, 6.225, -0.15],
							"size": [0.8, 0.5, 0.5],
							"uv": {
								"north": {"uv": [15, 22], "uv_size": [1, 0.5]},
								"east": {"uv": [21, 24], "uv_size": [0.5, 0.5]},
								"south": {"uv": [22, 15], "uv_size": [1, 0.5]},
								"west": {"uv": [24, 21], "uv_size": [0.5, 0.5]},
								"up": {"uv": [16, 22], "uv_size": [1, 0.5]},
								"down": {"uv": [22, 16.5], "uv_size": [1, -0.5]}
							}
						},
						{
							"origin": [-0.2, 6.225, -0.15],
							"size": [0.1, 0.5, 0.5],
							"uv": {
								"north": {"uv": [22, 24], "uv_size": [0.5, 0.5]},
								"east": {"uv": [24, 22], "uv_size": [0.5, 0.5]},
								"south": {"uv": [23, 24], "uv_size": [0.5, 0.5]},
								"west": {"uv": [24, 23], "uv_size": [0.5, 0.5]},
								"up": {"uv": [24, 24], "uv_size": [0.5, 0.5]},
								"down": {"uv": [0, 25.5], "uv_size": [0.5, -0.5]}
							}
						},
						{
							"origin": [-0.3, 6.25, -0.125],
							"size": [0.1, 0.45, 0.45],
							"uv": {
								"north": {"uv": [25, 0], "uv_size": [0.5, 0.5]},
								"east": {"uv": [1, 25], "uv_size": [0.5, 0.5]},
								"south": {"uv": [25, 1], "uv_size": [0.5, 0.5]},
								"west": {"uv": [2, 25], "uv_size": [0.5, 0.5]},
								"up": {"uv": [25, 2], "uv_size": [0.5, 0.5]},
								"down": {"uv": [3, 25.5], "uv_size": [0.5, -0.5]}
							}
						},
						{
							"origin": [-1.55, 6.25, -0.125],
							"size": [0.45, 0.45, 0.45],
							"uv": {
								"north": {"uv": [25, 3], "uv_size": [0.5, 0.5]},
								"east": {"uv": [4, 25], "uv_size": [0.5, 0.5]},
								"south": {"uv": [25, 4], "uv_size": [0.5, 0.5]},
								"west": {"uv": [5, 25], "uv_size": [0.5, 0.5]},
								"up": {"uv": [25, 5], "uv_size": [0.5, 0.5]},
								"down": {"uv": [6, 25.5], "uv_size": [0.5, -0.5]}
							}
						}
					]
				},
				{
					"name": "bone19",
					"parent": "bone12",
					"pivot": [0, 6.6, 1.6],
					"rotation": [-145, 0, 0]
				},
				{
					"name": "bone20",
					"parent": "bone19",
					"pivot": [-0.60625, 6.45, 1.45],
					"rotation": [102.5, 0, 0],
					"cubes": [
						{
							"origin": [-1.1, 6.2, 1.2],
							"size": [0.8, 0.5, 0.5],
							"uv": {
								"north": {"uv": [22, 5], "uv_size": [1, 0.5]},
								"east": {"uv": [23, 14], "uv_size": [0.5, 0.5]},
								"south": {"uv": [22, 7], "uv_size": [1, 0.5]},
								"west": {"uv": [15, 23], "uv_size": [0.5, 0.5]},
								"up": {"uv": [22, 8], "uv_size": [1, 0.5]},
								"down": {"uv": [22, 9.5], "uv_size": [1, -0.5]}
							}
						},
						{
							"origin": [-0.2, 6.2, 1.2],
							"size": [0.1, 0.5, 0.5],
							"uv": {
								"north": {"uv": [23, 15], "uv_size": [0.5, 0.5]},
								"east": {"uv": [16, 23], "uv_size": [0.5, 0.5]},
								"south": {"uv": [23, 16], "uv_size": [0.5, 0.5]},
								"west": {"uv": [17, 23], "uv_size": [0.5, 0.5]},
								"up": {"uv": [23, 17], "uv_size": [0.5, 0.5]},
								"down": {"uv": [18, 23.5], "uv_size": [0.5, -0.5]}
							}
						},
						{
							"origin": [-0.3, 6.225, 1.225],
							"size": [0.1, 0.45, 0.45],
							"uv": {
								"north": {"uv": [23, 18], "uv_size": [0.5, 0.5]},
								"east": {"uv": [19, 23], "uv_size": [0.5, 0.5]},
								"south": {"uv": [23, 19], "uv_size": [0.5, 0.5]},
								"west": {"uv": [20, 23], "uv_size": [0.5, 0.5]},
								"up": {"uv": [23, 20], "uv_size": [0.5, 0.5]},
								"down": {"uv": [21, 23.5], "uv_size": [0.5, -0.5]}
							}
						},
						{
							"origin": [-1.55, 6.225, 1.225],
							"size": [0.45, 0.45, 0.45],
							"uv": {
								"north": {"uv": [23, 21], "uv_size": [0.5, 0.5]},
								"east": {"uv": [22, 23], "uv_size": [0.5, 0.5]},
								"south": {"uv": [23, 22], "uv_size": [0.5, 0.5]},
								"west": {"uv": [23, 23], "uv_size": [0.5, 0.5]},
								"up": {"uv": [0, 24], "uv_size": [0.5, 0.5]},
								"down": {"uv": [24, 0.5], "uv_size": [0.5, -0.5]}
							}
						}
					]
				},
				{
					"name": "bone21",
					"parent": "bone19",
					"pivot": [-0.60625, 6.075, 2],
					"rotation": [110, 0, 0],
					"cubes": [
						{
							"origin": [-1.1, 5.825, 1.75],
							"size": [0.8, 0.5, 0.5],
							"uv": {
								"north": {"uv": [22, 10], "uv_size": [1, 0.5]},
								"east": {"uv": [1, 24], "uv_size": [0.5, 0.5]},
								"south": {"uv": [11, 22], "uv_size": [1, 0.5]},
								"west": {"uv": [24, 1], "uv_size": [0.5, 0.5]},
								"up": {"uv": [22, 11], "uv_size": [1, 0.5]},
								"down": {"uv": [12, 22.5], "uv_size": [1, -0.5]}
							}
						},
						{
							"origin": [-0.2, 5.825, 1.75],
							"size": [0.1, 0.5, 0.5],
							"uv": {
								"north": {"uv": [2, 24], "uv_size": [0.5, 0.5]},
								"east": {"uv": [24, 2], "uv_size": [0.5, 0.5]},
								"south": {"uv": [3, 24], "uv_size": [0.5, 0.5]},
								"west": {"uv": [24, 3], "uv_size": [0.5, 0.5]},
								"up": {"uv": [4, 24], "uv_size": [0.5, 0.5]},
								"down": {"uv": [24, 4.5], "uv_size": [0.5, -0.5]}
							}
						},
						{
							"origin": [-0.3, 5.85, 1.775],
							"size": [0.1, 0.45, 0.45],
							"uv": {
								"north": {"uv": [5, 24], "uv_size": [0.5, 0.5]},
								"east": {"uv": [24, 5], "uv_size": [0.5, 0.5]},
								"south": {"uv": [6, 24], "uv_size": [0.5, 0.5]},
								"west": {"uv": [24, 6], "uv_size": [0.5, 0.5]},
								"up": {"uv": [7, 24], "uv_size": [0.5, 0.5]},
								"down": {"uv": [24, 7.5], "uv_size": [0.5, -0.5]}
							}
						},
						{
							"origin": [-1.55, 5.85, 1.775],
							"size": [0.45, 0.45, 0.45],
							"uv": {
								"north": {"uv": [8, 24], "uv_size": [0.5, 0.5]},
								"east": {"uv": [24, 8], "uv_size": [0.5, 0.5]},
								"south": {"uv": [9, 24], "uv_size": [0.5, 0.5]},
								"west": {"uv": [24, 9], "uv_size": [0.5, 0.5]},
								"up": {"uv": [10, 24], "uv_size": [0.5, 0.5]},
								"down": {"uv": [24, 10.5], "uv_size": [0.5, -0.5]}
							}
						}
					]
				},
				{
					"name": "bone22",
					"parent": "ammo",
					"pivot": [-0.7, 3.7, 0.9],
					"rotation": [180, 0, 0]
				},
				{
					"name": "bone23",
					"parent": "bone22",
					"pivot": [-0.7, 6.2, 2.3],
					"rotation": [32.5, 0, 0]
				},
				{
					"name": "bone24",
					"parent": "bone23",
					"pivot": [-1.30625, 6.05, 2.15],
					"rotation": [70, 0, 0],
					"cubes": [
						{
							"origin": [-1.8, 5.8, 1.9],
							"size": [0.8, 0.5, 0.5],
							"uv": {
								"north": {"uv": [10, 18], "uv_size": [1, 0.5]},
								"east": {"uv": [17, 22], "uv_size": [0.5, 0.5]},
								"south": {"uv": [21, 7], "uv_size": [1, 0.5]},
								"west": {"uv": [22, 17], "uv_size": [0.5, 0.5]},
								"up": {"uv": [21, 8], "uv_size": [1, 0.5]},
								"down": {"uv": [21, 16.5], "uv_size": [1, -0.5]}
							}
						},
						{
							"origin": [-0.9, 5.8, 1.9],
							"size": [0.1, 0.5, 0.5],
							"uv": {
								"north": {"uv": [18, 22], "uv_size": [0.5, 0.5]},
								"east": {"uv": [22, 18], "uv_size": [0.5, 0.5]},
								"south": {"uv": [19, 22], "uv_size": [0.5, 0.5]},
								"west": {"uv": [22, 19], "uv_size": [0.5, 0.5]},
								"up": {"uv": [20, 22], "uv_size": [0.5, 0.5]},
								"down": {"uv": [22, 20.5], "uv_size": [0.5, -0.5]}
							}
						},
						{
							"origin": [-1, 5.825, 1.925],
							"size": [0.1, 0.45, 0.45],
							"uv": {
								"north": {"uv": [21, 22], "uv_size": [0.5, 0.5]},
								"east": {"uv": [22, 21], "uv_size": [0.5, 0.5]},
								"south": {"uv": [22, 22], "uv_size": [0.5, 0.5]},
								"west": {"uv": [0, 23], "uv_size": [0.5, 0.5]},
								"up": {"uv": [23, 0], "uv_size": [0.5, 0.5]},
								"down": {"uv": [1, 23.5], "uv_size": [0.5, -0.5]}
							}
						},
						{
							"origin": [-2.25, 5.825, 1.925],
							"size": [0.45, 0.45, 0.45],
							"uv": {
								"north": {"uv": [23, 1], "uv_size": [0.5, 0.5]},
								"east": {"uv": [2, 23], "uv_size": [0.5, 0.5]},
								"south": {"uv": [23, 2], "uv_size": [0.5, 0.5]},
								"west": {"uv": [3, 23], "uv_size": [0.5, 0.5]},
								"up": {"uv": [23, 3], "uv_size": [0.5, 0.5]},
								"down": {"uv": [4, 23.5], "uv_size": [0.5, -0.5]}
							}
						}
					]
				},
				{
					"name": "bone25",
					"parent": "bone23",
					"pivot": [-1.30625, 5.675, 2.7],
					"rotation": [110, 0, 0],
					"cubes": [
						{
							"origin": [-1.8, 5.425, 2.45],
							"size": [0.8, 0.5, 0.5],
							"uv": {
								"north": {"uv": [21, 19], "uv_size": [1, 0.5]},
								"east": {"uv": [23, 4], "uv_size": [0.5, 0.5]},
								"south": {"uv": [21, 20], "uv_size": [1, 0.5]},
								"west": {"uv": [5, 23], "uv_size": [0.5, 0.5]},
								"up": {"uv": [21, 21], "uv_size": [1, 0.5]},
								"down": {"uv": [22, 4.5], "uv_size": [1, -0.5]}
							}
						},
						{
							"origin": [-0.9, 5.425, 2.45],
							"size": [0.1, 0.5, 0.5],
							"uv": {
								"north": {"uv": [23, 5], "uv_size": [0.5, 0.5]},
								"east": {"uv": [6, 23], "uv_size": [0.5, 0.5]},
								"south": {"uv": [23, 6], "uv_size": [0.5, 0.5]},
								"west": {"uv": [7, 23], "uv_size": [0.5, 0.5]},
								"up": {"uv": [23, 7], "uv_size": [0.5, 0.5]},
								"down": {"uv": [8, 23.5], "uv_size": [0.5, -0.5]}
							}
						},
						{
							"origin": [-1, 5.45, 2.475],
							"size": [0.1, 0.45, 0.45],
							"uv": {
								"north": {"uv": [23, 8], "uv_size": [0.5, 0.5]},
								"east": {"uv": [9, 23], "uv_size": [0.5, 0.5]},
								"south": {"uv": [23, 9], "uv_size": [0.5, 0.5]},
								"west": {"uv": [10, 23], "uv_size": [0.5, 0.5]},
								"up": {"uv": [23, 10], "uv_size": [0.5, 0.5]},
								"down": {"uv": [11, 23.5], "uv_size": [0.5, -0.5]}
							}
						},
						{
							"origin": [-2.25, 5.45, 2.475],
							"size": [0.45, 0.45, 0.45],
							"uv": {
								"north": {"uv": [23, 11], "uv_size": [0.5, 0.5]},
								"east": {"uv": [12, 23], "uv_size": [0.5, 0.5]},
								"south": {"uv": [23, 12], "uv_size": [0.5, 0.5]},
								"west": {"uv": [13, 23], "uv_size": [0.5, 0.5]},
								"up": {"uv": [23, 13], "uv_size": [0.5, 0.5]},
								"down": {"uv": [14, 23.5], "uv_size": [0.5, -0.5]}
							}
						}
					]
				},
				{
					"name": "bone26",
					"parent": "bone22",
					"pivot": [-0.7, 6.2, -0.3],
					"rotation": [32.5, 0, 0]
				},
				{
					"name": "bone27",
					"parent": "bone26",
					"pivot": [-1.30625, 6.05, -0.45],
					"rotation": [70, 0, 0],
					"cubes": [
						{
							"origin": [-1.8, 5.8, -0.7],
							"size": [0.8, 0.5, 0.5],
							"uv": {
								"north": {"uv": [22, 12], "uv_size": [1, 0.5]},
								"east": {"uv": [11, 24], "uv_size": [0.5, 0.5]},
								"south": {"uv": [13, 22], "uv_size": [1, 0.5]},
								"west": {"uv": [24, 11], "uv_size": [0.5, 0.5]},
								"up": {"uv": [14, 22], "uv_size": [1, 0.5]},
								"down": {"uv": [22, 14.5], "uv_size": [1, -0.5]}
							}
						},
						{
							"origin": [-0.9, 5.8, -0.7],
							"size": [0.1, 0.5, 0.5],
							"uv": {
								"north": {"uv": [12, 24], "uv_size": [0.5, 0.5]},
								"east": {"uv": [24, 12], "uv_size": [0.5, 0.5]},
								"south": {"uv": [13, 24], "uv_size": [0.5, 0.5]},
								"west": {"uv": [24, 13], "uv_size": [0.5, 0.5]},
								"up": {"uv": [14, 24], "uv_size": [0.5, 0.5]},
								"down": {"uv": [24, 14.5], "uv_size": [0.5, -0.5]}
							}
						},
						{
							"origin": [-1, 5.825, -0.675],
							"size": [0.1, 0.45, 0.45],
							"uv": {
								"north": {"uv": [15, 24], "uv_size": [0.5, 0.5]},
								"east": {"uv": [24, 15], "uv_size": [0.5, 0.5]},
								"south": {"uv": [16, 24], "uv_size": [0.5, 0.5]},
								"west": {"uv": [24, 16], "uv_size": [0.5, 0.5]},
								"up": {"uv": [17, 24], "uv_size": [0.5, 0.5]},
								"down": {"uv": [24, 17.5], "uv_size": [0.5, -0.5]}
							}
						},
						{
							"origin": [-2.25, 5.825, -0.675],
							"size": [0.45, 0.45, 0.45],
							"uv": {
								"north": {"uv": [18, 24], "uv_size": [0.5, 0.5]},
								"east": {"uv": [24, 18], "uv_size": [0.5, 0.5]},
								"south": {"uv": [19, 24], "uv_size": [0.5, 0.5]},
								"west": {"uv": [24, 19], "uv_size": [0.5, 0.5]},
								"up": {"uv": [20, 24], "uv_size": [0.5, 0.5]},
								"down": {"uv": [24, 20.5], "uv_size": [0.5, -0.5]}
							}
						}
					]
				},
				{
					"name": "bone28",
					"parent": "bone26",
					"pivot": [-1.30625, 5.675, 0.1],
					"rotation": [110, 0, 0],
					"cubes": [
						{
							"origin": [-1.8, 5.425, -0.15],
							"size": [0.8, 0.5, 0.5],
							"uv": {
								"north": {"uv": [15, 22], "uv_size": [1, 0.5]},
								"east": {"uv": [21, 24], "uv_size": [0.5, 0.5]},
								"south": {"uv": [22, 15], "uv_size": [1, 0.5]},
								"west": {"uv": [24, 21], "uv_size": [0.5, 0.5]},
								"up": {"uv": [16, 22], "uv_size": [1, 0.5]},
								"down": {"uv": [22, 16.5], "uv_size": [1, -0.5]}
							}
						},
						{
							"origin": [-0.9, 5.425, -0.15],
							"size": [0.1, 0.5, 0.5],
							"uv": {
								"north": {"uv": [22, 24], "uv_size": [0.5, 0.5]},
								"east": {"uv": [24, 22], "uv_size": [0.5, 0.5]},
								"south": {"uv": [23, 24], "uv_size": [0.5, 0.5]},
								"west": {"uv": [24, 23], "uv_size": [0.5, 0.5]},
								"up": {"uv": [24, 24], "uv_size": [0.5, 0.5]},
								"down": {"uv": [0, 25.5], "uv_size": [0.5, -0.5]}
							}
						},
						{
							"origin": [-1, 5.45, -0.125],
							"size": [0.1, 0.45, 0.45],
							"uv": {
								"north": {"uv": [25, 0], "uv_size": [0.5, 0.5]},
								"east": {"uv": [1, 25], "uv_size": [0.5, 0.5]},
								"south": {"uv": [25, 1], "uv_size": [0.5, 0.5]},
								"west": {"uv": [2, 25], "uv_size": [0.5, 0.5]},
								"up": {"uv": [25, 2], "uv_size": [0.5, 0.5]},
								"down": {"uv": [3, 25.5], "uv_size": [0.5, -0.5]}
							}
						},
						{
							"origin": [-2.25, 5.45, -0.125],
							"size": [0.45, 0.45, 0.45],
							"uv": {
								"north": {"uv": [25, 3], "uv_size": [0.5, 0.5]},
								"east": {"uv": [4, 25], "uv_size": [0.5, 0.5]},
								"south": {"uv": [25, 4], "uv_size": [0.5, 0.5]},
								"west": {"uv": [5, 25], "uv_size": [0.5, 0.5]},
								"up": {"uv": [25, 5], "uv_size": [0.5, 0.5]},
								"down": {"uv": [6, 25.5], "uv_size": [0.5, -0.5]}
							}
						}
					]
				},
				{
					"name": "bone29",
					"parent": "bone22",
					"pivot": [-0.7, 5.8, 1.6],
					"rotation": [-145, 0, 0]
				},
				{
					"name": "bone30",
					"parent": "bone29",
					"pivot": [-1.30625, 5.65, 1.45],
					"rotation": [102.5, 0, 0],
					"cubes": [
						{
							"origin": [-1.8, 5.4, 1.2],
							"size": [0.8, 0.5, 0.5],
							"uv": {
								"north": {"uv": [22, 5], "uv_size": [1, 0.5]},
								"east": {"uv": [23, 14], "uv_size": [0.5, 0.5]},
								"south": {"uv": [22, 7], "uv_size": [1, 0.5]},
								"west": {"uv": [15, 23], "uv_size": [0.5, 0.5]},
								"up": {"uv": [22, 8], "uv_size": [1, 0.5]},
								"down": {"uv": [22, 9.5], "uv_size": [1, -0.5]}
							}
						},
						{
							"origin": [-0.9, 5.4, 1.2],
							"size": [0.1, 0.5, 0.5],
							"uv": {
								"north": {"uv": [23, 15], "uv_size": [0.5, 0.5]},
								"east": {"uv": [16, 23], "uv_size": [0.5, 0.5]},
								"south": {"uv": [23, 16], "uv_size": [0.5, 0.5]},
								"west": {"uv": [17, 23], "uv_size": [0.5, 0.5]},
								"up": {"uv": [23, 17], "uv_size": [0.5, 0.5]},
								"down": {"uv": [18, 23.5], "uv_size": [0.5, -0.5]}
							}
						},
						{
							"origin": [-1, 5.425, 1.225],
							"size": [0.1, 0.45, 0.45],
							"uv": {
								"north": {"uv": [23, 18], "uv_size": [0.5, 0.5]},
								"east": {"uv": [19, 23], "uv_size": [0.5, 0.5]},
								"south": {"uv": [23, 19], "uv_size": [0.5, 0.5]},
								"west": {"uv": [20, 23], "uv_size": [0.5, 0.5]},
								"up": {"uv": [23, 20], "uv_size": [0.5, 0.5]},
								"down": {"uv": [21, 23.5], "uv_size": [0.5, -0.5]}
							}
						},
						{
							"origin": [-2.25, 5.425, 1.225],
							"size": [0.45, 0.45, 0.45],
							"uv": {
								"north": {"uv": [23, 21], "uv_size": [0.5, 0.5]},
								"east": {"uv": [22, 23], "uv_size": [0.5, 0.5]},
								"south": {"uv": [23, 22], "uv_size": [0.5, 0.5]},
								"west": {"uv": [23, 23], "uv_size": [0.5, 0.5]},
								"up": {"uv": [0, 24], "uv_size": [0.5, 0.5]},
								"down": {"uv": [24, 0.5], "uv_size": [0.5, -0.5]}
							}
						}
					]
				},
				{
					"name": "bone31",
					"parent": "bone29",
					"pivot": [-1.30625, 5.275, 2],
					"rotation": [110, 0, 0],
					"cubes": [
						{
							"origin": [-1.8, 5.025, 1.75],
							"size": [0.8, 0.5, 0.5],
							"uv": {
								"north": {"uv": [22, 10], "uv_size": [1, 0.5]},
								"east": {"uv": [1, 24], "uv_size": [0.5, 0.5]},
								"south": {"uv": [11, 22], "uv_size": [1, 0.5]},
								"west": {"uv": [24, 1], "uv_size": [0.5, 0.5]},
								"up": {"uv": [22, 11], "uv_size": [1, 0.5]},
								"down": {"uv": [12, 22.5], "uv_size": [1, -0.5]}
							}
						},
						{
							"origin": [-0.9, 5.025, 1.75],
							"size": [0.1, 0.5, 0.5],
							"uv": {
								"north": {"uv": [2, 24], "uv_size": [0.5, 0.5]},
								"east": {"uv": [24, 2], "uv_size": [0.5, 0.5]},
								"south": {"uv": [3, 24], "uv_size": [0.5, 0.5]},
								"west": {"uv": [24, 3], "uv_size": [0.5, 0.5]},
								"up": {"uv": [4, 24], "uv_size": [0.5, 0.5]},
								"down": {"uv": [24, 4.5], "uv_size": [0.5, -0.5]}
							}
						},
						{
							"origin": [-1, 5.05, 1.775],
							"size": [0.1, 0.45, 0.45],
							"uv": {
								"north": {"uv": [5, 24], "uv_size": [0.5, 0.5]},
								"east": {"uv": [24, 5], "uv_size": [0.5, 0.5]},
								"south": {"uv": [6, 24], "uv_size": [0.5, 0.5]},
								"west": {"uv": [24, 6], "uv_size": [0.5, 0.5]},
								"up": {"uv": [7, 24], "uv_size": [0.5, 0.5]},
								"down": {"uv": [24, 7.5], "uv_size": [0.5, -0.5]}
							}
						},
						{
							"origin": [-2.25, 5.05, 1.775],
							"size": [0.45, 0.45, 0.45],
							"uv": {
								"north": {"uv": [8, 24], "uv_size": [0.5, 0.5]},
								"east": {"uv": [24, 8], "uv_size": [0.5, 0.5]},
								"south": {"uv": [9, 24], "uv_size": [0.5, 0.5]},
								"west": {"uv": [24, 9], "uv_size": [0.5, 0.5]},
								"up": {"uv": [10, 24], "uv_size": [0.5, 0.5]},
								"down": {"uv": [24, 10.5], "uv_size": [0.5, -0.5]}
							}
						}
					]
				}
			]
		}
	]
}