{
	"format_version": "1.12.0",
	"minecraft:geometry": [
		{
			"description": {
				"identifier": "geometry.unknown",
				"texture_width": 32,
				"texture_height": 32,
				"visible_bounds_width": 8,
				"visible_bounds_height": 4,
				"visible_bounds_offset": [0, 1, 0]
			},
			"bones": [
				{
					"name": "ammo",
					"pivot": [0, 0, 0],
					"cubes": [
						{
							"origin": [-4.2, 3.68, -6.1],
							"size": [4.7, 0.32, 7.4],
							"uv": {
								"north": {"uv": [22, 21], "uv_size": [5.5, 0.5]},
								"east": {"uv": [16, 22], "uv_size": [7.25, 0.5]},
								"south": {"uv": [16, 23], "uv_size": [5.5, 0.5]},
								"west": {"uv": [22.25, 16], "uv_size": [7.5, 0.5]},
								"up": {"uv": [0, 0], "uv_size": [5.5, 7.2]},
								"down": {"uv": [6, 7.5], "uv_size": [5.5, -7.5]}
							}
						},
						{
							"origin": [-4.48, 0.02, -6.4],
							"size": [5.285, 3.985, 0.32],
							"uv": {
								"north": {"uv": [20, 0], "uv_size": [5, 3.5]},
								"east": {"uv": [24, 24], "uv_size": [0.5, 3.5]},
								"south": {"uv": [20, 4], "uv_size": [5, 3.5]},
								"west": {"uv": [25, 0], "uv_size": [0.5, 3.5]},
								"up": {"uv": [24, 9], "uv_size": [5, 0.5]},
								"down": {"uv": [24, 10.5], "uv_size": [5, -0.5]}
							}
						},
						{
							"origin": [-4.2, 0, -6.1],
							"size": [4.7, 0.32, 7.4],
							"uv": {
								"north": {"uv": [22, 23], "uv_size": [5.5, 0.5]},
								"east": {"uv": [22, 17], "uv_size": [7.15, 0.5]},
								"south": {"uv": [24, 8], "uv_size": [5.5, 0.5]},
								"west": {"uv": [21.75, 18], "uv_size": [7.5, 0.5]},
								"up": {"uv": [0, 8], "uv_size": [5.5, 7.5]},
								"down": {"uv": [6, 15.2], "uv_size": [5.5, -7.2]}
							}
						},
						{
							"origin": [0.48, 0.02, -6.1],
							"size": [0.32, 3.985, 7.4],
							"uv": {
								"north": {"uv": [20, 24], "uv_size": [0.5, 3.5]},
								"east": {"uv": [12, 0], "uv_size": [7.5, 3.5]},
								"south": {"uv": [21, 24], "uv_size": [0.5, 3.5]},
								"west": {"uv": [12, 4], "uv_size": [7.5, 3.5]},
								"up": {"uv": [0, 23], "uv_size": [0.5, 7.5]},
								"down": {"uv": [1, 30.5], "uv_size": [0.5, -7.5]}
							}
						},
						{
							"origin": [-4.5, 0.02, -6.1],
							"size": [0.32, 3.985, 7.4],
							"uv": {
								"north": {"uv": [22, 24], "uv_size": [0.5, 3.5]},
								"east": {"uv": [12, 8], "uv_size": [7.5, 3.5]},
								"south": {"uv": [23, 24], "uv_size": [0.5, 3.5]},
								"west": {"uv": [12, 12], "uv_size": [7.5, 3.5]},
								"up": {"uv": [2, 23], "uv_size": [0.5, 7.5]},
								"down": {"uv": [3, 30.5], "uv_size": [0.5, -7.5]}
							}
						},
						{
							"origin": [-3.86, 0.48, -2.56],
							"size": [4.02, 2.8, 0.16],
							"uv": {
								"north": {"uv": [8, 22], "uv_size": [4, 3]},
								"east": {"uv": [13, 25], "uv_size": [0.5, 3]},
								"south": {"uv": [12, 22], "uv_size": [4, 3]},
								"west": {"uv": [14, 25], "uv_size": [0.5, 3]},
								"up": {"uv": [24, 11], "uv_size": [4, 0.5]},
								"down": {"uv": [24, 12.5], "uv_size": [4, -0.5]}
							}
						},
						{
							"origin": [-3.86, 0.48, 4.04],
							"size": [4.02, 3.7, 0.16],
							"uv": {
								"north": {"uv": [20, 8], "uv_size": [4, 3.5]},
								"east": {"uv": [25, 4], "uv_size": [0.5, 3.5]},
								"south": {"uv": [20, 12], "uv_size": [4, 3.5]},
								"west": {"uv": [8, 25], "uv_size": [0.5, 3.5]},
								"up": {"uv": [24, 15], "uv_size": [4, 0.5]},
								"down": {"uv": [16, 24.5], "uv_size": [4, -0.5]}
							}
						},
						{
							"origin": [-3.86, 0.32, -2.2],
							"size": [4.02, 0.16, 6.4],
							"uv": {
								"north": {"uv": [24, 13], "uv_size": [4, 0.5]},
								"east": {"uv": [22, 19], "uv_size": [6.5, 0.5]},
								"south": {"uv": [24, 14], "uv_size": [4, 0.5]},
								"west": {"uv": [22, 20], "uv_size": [6.5, 0.5]},
								"up": {"uv": [0, 16], "uv_size": [4, 6.5]},
								"down": {"uv": [4, 22.5], "uv_size": [4, -6.5]}
							}
						},
						{
							"origin": [-4.02, 0.32, -2.2],
							"size": [0.16, 2.96, 6.4],
							"uv": {
								"north": {"uv": [11, 25], "uv_size": [0.5, 3]},
								"east": {"uv": [8, 19], "uv_size": [6.5, 3]},
								"south": {"uv": [12, 25], "uv_size": [0.5, 3]},
								"west": {"uv": [15, 19], "uv_size": [6.5, 3]},
								"up": {"uv": [6, 23], "uv_size": [0.5, 6.5]},
								"down": {"uv": [7, 29.5], "uv_size": [0.5, -6.5]}
							}
						},
						{
							"origin": [0.16, 0.32, -2.2],
							"size": [0.16, 2.96, 6.4],
							"uv": {
								"north": {"uv": [9, 25], "uv_size": [0.5, 3]},
								"east": {"uv": [8, 16], "uv_size": [6.5, 3]},
								"south": {"uv": [10, 25], "uv_size": [0.5, 3]},
								"west": {"uv": [15, 16], "uv_size": [6.5, 3]},
								"up": {"uv": [4, 23], "uv_size": [0.5, 6.5]},
								"down": {"uv": [5, 29.5], "uv_size": [0.5, -6.5]}
							}
						}
					]
				},
				{
					"name": "bone4",
					"parent": "ammo",
					"pivot": [1.4, -1.9, 6.8],
					"rotation": [0, -90, 0]
				},
				{
					"name": "bone3",
					"parent": "bone4",
					"pivot": [-2.37527, 2.65793, 11.73183],
					"rotation": [67.5, 0, 0],
					"cubes": [
						{
							"origin": [-5.44561, 1.47409, 9.22545],
							"size": [2.34736, 0.55263, 0.55263],
							"pivot": [-3.50614, -0.48775, 11.71229],
							"rotation": [-45, 0, 0],
							"uv": {
								"north": {"uv": [24, 22], "uv_size": [1, 0.5]},
								"east": {"uv": [18, 25], "uv_size": [0.5, 0.5]},
								"south": {"uv": [15, 25], "uv_size": [1, 0.5]},
								"west": {"uv": [19, 25], "uv_size": [0.5, 0.5]},
								"up": {"uv": [16, 25], "uv_size": [1, 0.5]},
								"down": {"uv": [17, 25.5], "uv_size": [1, -0.5]}
							}
						},
						{
							"origin": [-3.09825, 1.55698, 9.30835],
							"size": [0.4421, 0.38684, 0.38684],
							"pivot": [-3.50614, -0.48775, 11.71229],
							"rotation": [-45, 0, 0],
							"uv": {
								"north": {"uv": [25, 22], "uv_size": [0.5, 0.5]},
								"east": {"uv": [25, 24], "uv_size": [0.5, 0.5]},
								"south": {"uv": [25, 25], "uv_size": [0.5, 0.5]},
								"west": {"uv": [26, 0], "uv_size": [0.5, 0.5]},
								"up": {"uv": [26, 1], "uv_size": [0.5, 0.5]},
								"down": {"uv": [26, 2.5], "uv_size": [0.5, -0.5]}
							}
						},
						{
							"origin": [-2.65615, 1.58461, 9.33598],
							"size": [0.75263, 0.33158, 0.33158],
							"pivot": [-3.50614, -0.48775, 11.71229],
							"rotation": [-45, 0, 0],
							"uv": {
								"north": {"uv": [26, 3], "uv_size": [0.5, 0.5]},
								"east": {"uv": [26, 4], "uv_size": [0.5, 0.5]},
								"south": {"uv": [26, 5], "uv_size": [0.5, 0.5]},
								"west": {"uv": [26, 6], "uv_size": [0.5, 0.5]},
								"up": {"uv": [26, 7], "uv_size": [0.5, 0.5]},
								"down": {"uv": [15, 26.5], "uv_size": [0.5, -0.5]}
							}
						},
						{
							"origin": [-1.90352, 1.63987, 9.39124],
							"size": [0.33158, 0.22105, 0.22105],
							"pivot": [-3.50614, -0.48775, 11.71229],
							"rotation": [-45, 0, 0],
							"uv": {
								"north": {"uv": [16, 26], "uv_size": [0.5, 0.5]},
								"east": {"uv": [17, 26], "uv_size": [0.5, 0.5]},
								"south": {"uv": [18, 26], "uv_size": [0.5, 0.5]},
								"west": {"uv": [19, 26], "uv_size": [0.5, 0.5]},
								"up": {"uv": [26, 22], "uv_size": [0.5, 0.5]},
								"down": {"uv": [26, 24.5], "uv_size": [0.5, -0.5]}
							}
						},
						{
							"origin": [-3.10969, 2.63273, 11.64075],
							"size": [0.35921, 0.08289, 0.38684],
							"pivot": [-2.69546, 2.72594, 11.91706],
							"rotation": [-44.00703, 10.54529, 10.72858],
							"uv": {
								"north": {"uv": [25, 26], "uv_size": [0.5, 0.5]},
								"east": {"uv": [26, 25], "uv_size": [0.5, 0.5]},
								"south": {"uv": [26, 26], "uv_size": [0.5, 0.5]},
								"west": {"uv": [27, 0], "uv_size": [0.5, 0.5]},
								"up": {"uv": [27, 1], "uv_size": [0.5, 0.5]},
								"down": {"uv": [27, 2.5], "uv_size": [0.5, -0.5]}
							}
						},
						{
							"origin": [-3.05644, 3.70641, 11.7267],
							"size": [0.35921, 0.08289, 0.38684],
							"pivot": [2.51107, 2.81189, 12.00301],
							"rotation": [-44.00703, -10.54529, -10.72858],
							"uv": {
								"north": {"uv": [27, 3], "uv_size": [0.5, 0.5]},
								"east": {"uv": [27, 4], "uv_size": [0.5, 0.5]},
								"south": {"uv": [27, 5], "uv_size": [0.5, 0.5]},
								"west": {"uv": [27, 6], "uv_size": [0.5, 0.5]},
								"up": {"uv": [27, 7], "uv_size": [0.5, 0.5]},
								"down": {"uv": [15, 27.5], "uv_size": [0.5, -0.5]}
							}
						},
						{
							"origin": [-3.1574, 2.48492, 11.53841],
							"size": [0.35921, 0.08289, 0.38684],
							"pivot": [-2.73549, 2.65793, 11.73183],
							"rotation": [-135.99297, -10.54529, 10.72858],
							"uv": {
								"north": {"uv": [16, 27], "uv_size": [0.5, 0.5]},
								"east": {"uv": [17, 27], "uv_size": [0.5, 0.5]},
								"south": {"uv": [18, 27], "uv_size": [0.5, 0.5]},
								"west": {"uv": [19, 27], "uv_size": [0.5, 0.5]},
								"up": {"uv": [27, 22], "uv_size": [0.5, 0.5]},
								"down": {"uv": [27, 24.5], "uv_size": [0.5, -0.5]}
							}
						},
						{
							"origin": [-3.1574, 2.74805, 11.53841],
							"size": [0.35921, 0.08289, 0.38684],
							"pivot": [-2.73549, 2.65793, 11.73183],
							"rotation": [-135.99297, 10.54529, -10.72858],
							"uv": {
								"north": {"uv": [25, 27], "uv_size": [0.5, 0.5]},
								"east": {"uv": [27, 25], "uv_size": [0.5, 0.5]},
								"south": {"uv": [26, 27], "uv_size": [0.5, 0.5]},
								"west": {"uv": [27, 26], "uv_size": [0.5, 0.5]},
								"up": {"uv": [27, 27], "uv_size": [0.5, 0.5]},
								"down": {"uv": [28, 0.5], "uv_size": [0.5, -0.5]}
							}
						},
						{
							"origin": [-1.96089, 2.74306, 11.61578],
							"size": [0.21553, 0.04974, 0.2321],
							"pivot": [-1.82365, 2.65793, 11.73183],
							"rotation": [-135.99297, 10.54529, -10.72858],
							"uv": {
								"north": {"uv": [28, 1], "uv_size": [0.5, 0.5]},
								"east": {"uv": [28, 2], "uv_size": [0.5, 0.5]},
								"south": {"uv": [28, 3], "uv_size": [0.5, 0.5]},
								"west": {"uv": [28, 4], "uv_size": [0.5, 0.5]},
								"up": {"uv": [28, 5], "uv_size": [0.5, 0.5]},
								"down": {"uv": [28, 6.5], "uv_size": [0.5, -0.5]}
							}
						},
						{
							"origin": [-1.93226, 2.67387, 11.67718],
							"size": [0.21553, 0.04974, 0.2321],
							"pivot": [-1.79963, 2.69874, 11.84297],
							"rotation": [-44.00703, 10.54529, 10.72858],
							"uv": {
								"north": {"uv": [28, 7], "uv_size": [0.5, 0.5]},
								"east": {"uv": [9, 28], "uv_size": [0.5, 0.5]},
								"south": {"uv": [10, 28], "uv_size": [0.5, 0.5]},
								"west": {"uv": [11, 28], "uv_size": [0.5, 0.5]},
								"up": {"uv": [28, 11], "uv_size": [0.5, 0.5]},
								"down": {"uv": [12, 28.5], "uv_size": [0.5, -0.5]}
							}
						},
						{
							"origin": [-1.90031, 3.25596, 11.72875],
							"size": [0.21553, 0.04974, 0.2321],
							"pivot": [1.32429, 2.75031, 11.89454],
							"rotation": [-44.00703, -10.54529, -10.72858],
							"uv": {
								"north": {"uv": [28, 12], "uv_size": [0.5, 0.5]},
								"east": {"uv": [13, 28], "uv_size": [0.5, 0.5]},
								"south": {"uv": [28, 13], "uv_size": [0.5, 0.5]},
								"west": {"uv": [14, 28], "uv_size": [0.5, 0.5]},
								"up": {"uv": [28, 14], "uv_size": [0.5, 0.5]},
								"down": {"uv": [15, 28.5], "uv_size": [0.5, -0.5]}
							}
						},
						{
							"origin": [-1.96089, 2.52307, 11.61578],
							"size": [0.21553, 0.04974, 0.2321],
							"pivot": [-1.82365, 2.65793, 11.73183],
							"rotation": [-135.99297, -10.54529, 10.72858],
							"uv": {
								"north": {"uv": [28, 15], "uv_size": [0.5, 0.5]},
								"east": {"uv": [16, 28], "uv_size": [0.5, 0.5]},
								"south": {"uv": [17, 28], "uv_size": [0.5, 0.5]},
								"west": {"uv": [18, 28], "uv_size": [0.5, 0.5]},
								"up": {"uv": [19, 28], "uv_size": [0.5, 0.5]},
								"down": {"uv": [20, 28.5], "uv_size": [0.5, -0.5]}
							}
						}
					]
				},
				{
					"name": "bone8",
					"parent": "bone4",
					"pivot": [1.4, -1.9, 5.2649]
				},
				{
					"name": "bone9",
					"parent": "bone8",
					"pivot": [-2.37527, 2.65793, 8.66163],
					"rotation": [67.5, 0, 0],
					"cubes": [
						{
							"origin": [-5.44561, 1.47409, 6.15525],
							"size": [2.34736, 0.55263, 0.55263],
							"pivot": [-3.50614, -0.48775, 8.64209],
							"rotation": [-45, 0, 0],
							"uv": {
								"north": {"uv": [24, 22], "uv_size": [1, 0.5]},
								"east": {"uv": [18, 25], "uv_size": [0.5, 0.5]},
								"south": {"uv": [15, 25], "uv_size": [1, 0.5]},
								"west": {"uv": [19, 25], "uv_size": [0.5, 0.5]},
								"up": {"uv": [16, 25], "uv_size": [1, 0.5]},
								"down": {"uv": [17, 25.5], "uv_size": [1, -0.5]}
							}
						},
						{
							"origin": [-3.09825, 1.55698, 6.23815],
							"size": [0.4421, 0.38684, 0.38684],
							"pivot": [-3.50614, -0.48775, 8.64209],
							"rotation": [-45, 0, 0],
							"uv": {
								"north": {"uv": [25, 22], "uv_size": [0.5, 0.5]},
								"east": {"uv": [25, 24], "uv_size": [0.5, 0.5]},
								"south": {"uv": [25, 25], "uv_size": [0.5, 0.5]},
								"west": {"uv": [26, 0], "uv_size": [0.5, 0.5]},
								"up": {"uv": [26, 1], "uv_size": [0.5, 0.5]},
								"down": {"uv": [26, 2.5], "uv_size": [0.5, -0.5]}
							}
						},
						{
							"origin": [-2.65615, 1.58461, 6.26578],
							"size": [0.75263, 0.33158, 0.33158],
							"pivot": [-3.50614, -0.48775, 8.64209],
							"rotation": [-45, 0, 0],
							"uv": {
								"north": {"uv": [26, 3], "uv_size": [0.5, 0.5]},
								"east": {"uv": [26, 4], "uv_size": [0.5, 0.5]},
								"south": {"uv": [26, 5], "uv_size": [0.5, 0.5]},
								"west": {"uv": [26, 6], "uv_size": [0.5, 0.5]},
								"up": {"uv": [26, 7], "uv_size": [0.5, 0.5]},
								"down": {"uv": [15, 26.5], "uv_size": [0.5, -0.5]}
							}
						},
						{
							"origin": [-1.90352, 1.63987, 6.32104],
							"size": [0.33158, 0.22105, 0.22105],
							"pivot": [-3.50614, -0.48775, 8.64209],
							"rotation": [-45, 0, 0],
							"uv": {
								"north": {"uv": [16, 26], "uv_size": [0.5, 0.5]},
								"east": {"uv": [17, 26], "uv_size": [0.5, 0.5]},
								"south": {"uv": [18, 26], "uv_size": [0.5, 0.5]},
								"west": {"uv": [19, 26], "uv_size": [0.5, 0.5]},
								"up": {"uv": [26, 22], "uv_size": [0.5, 0.5]},
								"down": {"uv": [26, 24.5], "uv_size": [0.5, -0.5]}
							}
						},
						{
							"origin": [-3.10969, 2.63273, 8.57055],
							"size": [0.35921, 0.08289, 0.38684],
							"pivot": [-2.69546, 2.72594, 8.84686],
							"rotation": [-44.00703, 10.54529, 10.72858],
							"uv": {
								"north": {"uv": [25, 26], "uv_size": [0.5, 0.5]},
								"east": {"uv": [26, 25], "uv_size": [0.5, 0.5]},
								"south": {"uv": [26, 26], "uv_size": [0.5, 0.5]},
								"west": {"uv": [27, 0], "uv_size": [0.5, 0.5]},
								"up": {"uv": [27, 1], "uv_size": [0.5, 0.5]},
								"down": {"uv": [27, 2.5], "uv_size": [0.5, -0.5]}
							}
						},
						{
							"origin": [-3.05644, 3.70641, 8.6565],
							"size": [0.35921, 0.08289, 0.38684],
							"pivot": [2.51107, 2.81189, 8.93281],
							"rotation": [-44.00703, -10.54529, -10.72858],
							"uv": {
								"north": {"uv": [27, 3], "uv_size": [0.5, 0.5]},
								"east": {"uv": [27, 4], "uv_size": [0.5, 0.5]},
								"south": {"uv": [27, 5], "uv_size": [0.5, 0.5]},
								"west": {"uv": [27, 6], "uv_size": [0.5, 0.5]},
								"up": {"uv": [27, 7], "uv_size": [0.5, 0.5]},
								"down": {"uv": [15, 27.5], "uv_size": [0.5, -0.5]}
							}
						},
						{
							"origin": [-3.1574, 2.48492, 8.46821],
							"size": [0.35921, 0.08289, 0.38684],
							"pivot": [-2.73549, 2.65793, 8.66163],
							"rotation": [-135.99297, -10.54529, 10.72858],
							"uv": {
								"north": {"uv": [16, 27], "uv_size": [0.5, 0.5]},
								"east": {"uv": [17, 27], "uv_size": [0.5, 0.5]},
								"south": {"uv": [18, 27], "uv_size": [0.5, 0.5]},
								"west": {"uv": [19, 27], "uv_size": [0.5, 0.5]},
								"up": {"uv": [27, 22], "uv_size": [0.5, 0.5]},
								"down": {"uv": [27, 24.5], "uv_size": [0.5, -0.5]}
							}
						},
						{
							"origin": [-3.1574, 2.74805, 8.46821],
							"size": [0.35921, 0.08289, 0.38684],
							"pivot": [-2.73549, 2.65793, 8.66163],
							"rotation": [-135.99297, 10.54529, -10.72858],
							"uv": {
								"north": {"uv": [25, 27], "uv_size": [0.5, 0.5]},
								"east": {"uv": [27, 25], "uv_size": [0.5, 0.5]},
								"south": {"uv": [26, 27], "uv_size": [0.5, 0.5]},
								"west": {"uv": [27, 26], "uv_size": [0.5, 0.5]},
								"up": {"uv": [27, 27], "uv_size": [0.5, 0.5]},
								"down": {"uv": [28, 0.5], "uv_size": [0.5, -0.5]}
							}
						},
						{
							"origin": [-1.96089, 2.74306, 8.54558],
							"size": [0.21553, 0.04974, 0.2321],
							"pivot": [-1.82365, 2.65793, 8.66163],
							"rotation": [-135.99297, 10.54529, -10.72858],
							"uv": {
								"north": {"uv": [28, 1], "uv_size": [0.5, 0.5]},
								"east": {"uv": [28, 2], "uv_size": [0.5, 0.5]},
								"south": {"uv": [28, 3], "uv_size": [0.5, 0.5]},
								"west": {"uv": [28, 4], "uv_size": [0.5, 0.5]},
								"up": {"uv": [28, 5], "uv_size": [0.5, 0.5]},
								"down": {"uv": [28, 6.5], "uv_size": [0.5, -0.5]}
							}
						},
						{
							"origin": [-1.93226, 2.67387, 8.60698],
							"size": [0.21553, 0.04974, 0.2321],
							"pivot": [-1.79963, 2.69874, 8.77277],
							"rotation": [-44.00703, 10.54529, 10.72858],
							"uv": {
								"north": {"uv": [28, 7], "uv_size": [0.5, 0.5]},
								"east": {"uv": [9, 28], "uv_size": [0.5, 0.5]},
								"south": {"uv": [10, 28], "uv_size": [0.5, 0.5]},
								"west": {"uv": [11, 28], "uv_size": [0.5, 0.5]},
								"up": {"uv": [28, 11], "uv_size": [0.5, 0.5]},
								"down": {"uv": [12, 28.5], "uv_size": [0.5, -0.5]}
							}
						},
						{
							"origin": [-1.90031, 3.25596, 8.65855],
							"size": [0.21553, 0.04974, 0.2321],
							"pivot": [1.32429, 2.75031, 8.82434],
							"rotation": [-44.00703, -10.54529, -10.72858],
							"uv": {
								"north": {"uv": [28, 12], "uv_size": [0.5, 0.5]},
								"east": {"uv": [13, 28], "uv_size": [0.5, 0.5]},
								"south": {"uv": [28, 13], "uv_size": [0.5, 0.5]},
								"west": {"uv": [14, 28], "uv_size": [0.5, 0.5]},
								"up": {"uv": [28, 14], "uv_size": [0.5, 0.5]},
								"down": {"uv": [15, 28.5], "uv_size": [0.5, -0.5]}
							}
						},
						{
							"origin": [-1.96089, 2.52307, 8.54558],
							"size": [0.21553, 0.04974, 0.2321],
							"pivot": [-1.82365, 2.65793, 8.66163],
							"rotation": [-135.99297, -10.54529, 10.72858],
							"uv": {
								"north": {"uv": [28, 15], "uv_size": [0.5, 0.5]},
								"east": {"uv": [16, 28], "uv_size": [0.5, 0.5]},
								"south": {"uv": [17, 28], "uv_size": [0.5, 0.5]},
								"west": {"uv": [18, 28], "uv_size": [0.5, 0.5]},
								"up": {"uv": [19, 28], "uv_size": [0.5, 0.5]},
								"down": {"uv": [20, 28.5], "uv_size": [0.5, -0.5]}
							}
						}
					]
				},
				{
					"name": "bone10",
					"parent": "bone8",
					"pivot": [-2.37527, 2.65793, 9.42918],
					"rotation": [20, 0, 0],
					"cubes": [
						{
							"origin": [-5.44561, 1.47409, 6.9228],
							"size": [2.34736, 0.55263, 0.55263],
							"pivot": [-3.50614, -0.48775, 9.40964],
							"rotation": [-45, 0, 0],
							"uv": {
								"north": {"uv": [24, 22], "uv_size": [1, 0.5]},
								"east": {"uv": [18, 25], "uv_size": [0.5, 0.5]},
								"south": {"uv": [15, 25], "uv_size": [1, 0.5]},
								"west": {"uv": [19, 25], "uv_size": [0.5, 0.5]},
								"up": {"uv": [16, 25], "uv_size": [1, 0.5]},
								"down": {"uv": [17, 25.5], "uv_size": [1, -0.5]}
							}
						},
						{
							"origin": [-3.09825, 1.55698, 7.0057],
							"size": [0.4421, 0.38684, 0.38684],
							"pivot": [-3.50614, -0.48775, 9.40964],
							"rotation": [-45, 0, 0],
							"uv": {
								"north": {"uv": [25, 22], "uv_size": [0.5, 0.5]},
								"east": {"uv": [25, 24], "uv_size": [0.5, 0.5]},
								"south": {"uv": [25, 25], "uv_size": [0.5, 0.5]},
								"west": {"uv": [26, 0], "uv_size": [0.5, 0.5]},
								"up": {"uv": [26, 1], "uv_size": [0.5, 0.5]},
								"down": {"uv": [26, 2.5], "uv_size": [0.5, -0.5]}
							}
						},
						{
							"origin": [-2.65615, 1.58461, 7.03333],
							"size": [0.75263, 0.33158, 0.33158],
							"pivot": [-3.50614, -0.48775, 9.40964],
							"rotation": [-45, 0, 0],
							"uv": {
								"north": {"uv": [26, 3], "uv_size": [0.5, 0.5]},
								"east": {"uv": [26, 4], "uv_size": [0.5, 0.5]},
								"south": {"uv": [26, 5], "uv_size": [0.5, 0.5]},
								"west": {"uv": [26, 6], "uv_size": [0.5, 0.5]},
								"up": {"uv": [26, 7], "uv_size": [0.5, 0.5]},
								"down": {"uv": [15, 26.5], "uv_size": [0.5, -0.5]}
							}
						},
						{
							"origin": [-1.90352, 1.63987, 7.08859],
							"size": [0.33158, 0.22105, 0.22105],
							"pivot": [-3.50614, -0.48775, 9.40964],
							"rotation": [-45, 0, 0],
							"uv": {
								"north": {"uv": [16, 26], "uv_size": [0.5, 0.5]},
								"east": {"uv": [17, 26], "uv_size": [0.5, 0.5]},
								"south": {"uv": [18, 26], "uv_size": [0.5, 0.5]},
								"west": {"uv": [19, 26], "uv_size": [0.5, 0.5]},
								"up": {"uv": [26, 22], "uv_size": [0.5, 0.5]},
								"down": {"uv": [26, 24.5], "uv_size": [0.5, -0.5]}
							}
						},
						{
							"origin": [-3.10969, 2.63273, 9.3381],
							"size": [0.35921, 0.08289, 0.38684],
							"pivot": [-2.69546, 2.72594, 9.61441],
							"rotation": [-44.00703, 10.54529, 10.72858],
							"uv": {
								"north": {"uv": [25, 26], "uv_size": [0.5, 0.5]},
								"east": {"uv": [26, 25], "uv_size": [0.5, 0.5]},
								"south": {"uv": [26, 26], "uv_size": [0.5, 0.5]},
								"west": {"uv": [27, 0], "uv_size": [0.5, 0.5]},
								"up": {"uv": [27, 1], "uv_size": [0.5, 0.5]},
								"down": {"uv": [27, 2.5], "uv_size": [0.5, -0.5]}
							}
						},
						{
							"origin": [-3.05644, 3.70641, 9.42405],
							"size": [0.35921, 0.08289, 0.38684],
							"pivot": [2.51107, 2.81189, 9.70036],
							"rotation": [-44.00703, -10.54529, -10.72858],
							"uv": {
								"north": {"uv": [27, 3], "uv_size": [0.5, 0.5]},
								"east": {"uv": [27, 4], "uv_size": [0.5, 0.5]},
								"south": {"uv": [27, 5], "uv_size": [0.5, 0.5]},
								"west": {"uv": [27, 6], "uv_size": [0.5, 0.5]},
								"up": {"uv": [27, 7], "uv_size": [0.5, 0.5]},
								"down": {"uv": [15, 27.5], "uv_size": [0.5, -0.5]}
							}
						},
						{
							"origin": [-3.1574, 2.48492, 9.23576],
							"size": [0.35921, 0.08289, 0.38684],
							"pivot": [-2.73549, 2.65793, 9.42918],
							"rotation": [-135.99297, -10.54529, 10.72858],
							"uv": {
								"north": {"uv": [16, 27], "uv_size": [0.5, 0.5]},
								"east": {"uv": [17, 27], "uv_size": [0.5, 0.5]},
								"south": {"uv": [18, 27], "uv_size": [0.5, 0.5]},
								"west": {"uv": [19, 27], "uv_size": [0.5, 0.5]},
								"up": {"uv": [27, 22], "uv_size": [0.5, 0.5]},
								"down": {"uv": [27, 24.5], "uv_size": [0.5, -0.5]}
							}
						},
						{
							"origin": [-3.1574, 2.74805, 9.23576],
							"size": [0.35921, 0.08289, 0.38684],
							"pivot": [-2.73549, 2.65793, 9.42918],
							"rotation": [-135.99297, 10.54529, -10.72858],
							"uv": {
								"north": {"uv": [25, 27], "uv_size": [0.5, 0.5]},
								"east": {"uv": [27, 25], "uv_size": [0.5, 0.5]},
								"south": {"uv": [26, 27], "uv_size": [0.5, 0.5]},
								"west": {"uv": [27, 26], "uv_size": [0.5, 0.5]},
								"up": {"uv": [27, 27], "uv_size": [0.5, 0.5]},
								"down": {"uv": [28, 0.5], "uv_size": [0.5, -0.5]}
							}
						},
						{
							"origin": [-1.96089, 2.74306, 9.31313],
							"size": [0.21553, 0.04974, 0.2321],
							"pivot": [-1.82365, 2.65793, 9.42918],
							"rotation": [-135.99297, 10.54529, -10.72858],
							"uv": {
								"north": {"uv": [28, 1], "uv_size": [0.5, 0.5]},
								"east": {"uv": [28, 2], "uv_size": [0.5, 0.5]},
								"south": {"uv": [28, 3], "uv_size": [0.5, 0.5]},
								"west": {"uv": [28, 4], "uv_size": [0.5, 0.5]},
								"up": {"uv": [28, 5], "uv_size": [0.5, 0.5]},
								"down": {"uv": [28, 6.5], "uv_size": [0.5, -0.5]}
							}
						},
						{
							"origin": [-1.93226, 2.67387, 9.37453],
							"size": [0.21553, 0.04974, 0.2321],
							"pivot": [-1.79963, 2.69874, 9.54032],
							"rotation": [-44.00703, 10.54529, 10.72858],
							"uv": {
								"north": {"uv": [28, 7], "uv_size": [0.5, 0.5]},
								"east": {"uv": [9, 28], "uv_size": [0.5, 0.5]},
								"south": {"uv": [10, 28], "uv_size": [0.5, 0.5]},
								"west": {"uv": [11, 28], "uv_size": [0.5, 0.5]},
								"up": {"uv": [28, 11], "uv_size": [0.5, 0.5]},
								"down": {"uv": [12, 28.5], "uv_size": [0.5, -0.5]}
							}
						},
						{
							"origin": [-1.90031, 3.25596, 9.4261],
							"size": [0.21553, 0.04974, 0.2321],
							"pivot": [1.32429, 2.75031, 9.59189],
							"rotation": [-44.00703, -10.54529, -10.72858],
							"uv": {
								"north": {"uv": [28, 12], "uv_size": [0.5, 0.5]},
								"east": {"uv": [13, 28], "uv_size": [0.5, 0.5]},
								"south": {"uv": [28, 13], "uv_size": [0.5, 0.5]},
								"west": {"uv": [14, 28], "uv_size": [0.5, 0.5]},
								"up": {"uv": [28, 14], "uv_size": [0.5, 0.5]},
								"down": {"uv": [15, 28.5], "uv_size": [0.5, -0.5]}
							}
						},
						{
							"origin": [-1.96089, 2.52307, 9.31313],
							"size": [0.21553, 0.04974, 0.2321],
							"pivot": [-1.82365, 2.65793, 9.42918],
							"rotation": [-135.99297, -10.54529, 10.72858],
							"uv": {
								"north": {"uv": [28, 15], "uv_size": [0.5, 0.5]},
								"east": {"uv": [16, 28], "uv_size": [0.5, 0.5]},
								"south": {"uv": [17, 28], "uv_size": [0.5, 0.5]},
								"west": {"uv": [18, 28], "uv_size": [0.5, 0.5]},
								"up": {"uv": [19, 28], "uv_size": [0.5, 0.5]},
								"down": {"uv": [20, 28.5], "uv_size": [0.5, -0.5]}
							}
						}
					]
				},
				{
					"name": "bone5",
					"parent": "bone4",
					"pivot": [1.4, -1.9, 6.8]
				},
				{
					"name": "bone6",
					"parent": "bone5",
					"pivot": [-2.37527, 2.65793, 10.19673],
					"rotation": [67.5, 0, 0],
					"cubes": [
						{
							"origin": [-5.44561, 1.47409, 7.69035],
							"size": [2.34736, 0.55263, 0.55263],
							"pivot": [-3.50614, -0.48775, 10.17719],
							"rotation": [-45, 0, 0],
							"uv": {
								"north": {"uv": [24, 22], "uv_size": [1, 0.5]},
								"east": {"uv": [18, 25], "uv_size": [0.5, 0.5]},
								"south": {"uv": [15, 25], "uv_size": [1, 0.5]},
								"west": {"uv": [19, 25], "uv_size": [0.5, 0.5]},
								"up": {"uv": [16, 25], "uv_size": [1, 0.5]},
								"down": {"uv": [17, 25.5], "uv_size": [1, -0.5]}
							}
						},
						{
							"origin": [-3.09825, 1.55698, 7.77325],
							"size": [0.4421, 0.38684, 0.38684],
							"pivot": [-3.50614, -0.48775, 10.17719],
							"rotation": [-45, 0, 0],
							"uv": {
								"north": {"uv": [25, 22], "uv_size": [0.5, 0.5]},
								"east": {"uv": [25, 24], "uv_size": [0.5, 0.5]},
								"south": {"uv": [25, 25], "uv_size": [0.5, 0.5]},
								"west": {"uv": [26, 0], "uv_size": [0.5, 0.5]},
								"up": {"uv": [26, 1], "uv_size": [0.5, 0.5]},
								"down": {"uv": [26, 2.5], "uv_size": [0.5, -0.5]}
							}
						},
						{
							"origin": [-2.65615, 1.58461, 7.80088],
							"size": [0.75263, 0.33158, 0.33158],
							"pivot": [-3.50614, -0.48775, 10.17719],
							"rotation": [-45, 0, 0],
							"uv": {
								"north": {"uv": [26, 3], "uv_size": [0.5, 0.5]},
								"east": {"uv": [26, 4], "uv_size": [0.5, 0.5]},
								"south": {"uv": [26, 5], "uv_size": [0.5, 0.5]},
								"west": {"uv": [26, 6], "uv_size": [0.5, 0.5]},
								"up": {"uv": [26, 7], "uv_size": [0.5, 0.5]},
								"down": {"uv": [15, 26.5], "uv_size": [0.5, -0.5]}
							}
						},
						{
							"origin": [-1.90352, 1.63987, 7.85614],
							"size": [0.33158, 0.22105, 0.22105],
							"pivot": [-3.50614, -0.48775, 10.17719],
							"rotation": [-45, 0, 0],
							"uv": {
								"north": {"uv": [16, 26], "uv_size": [0.5, 0.5]},
								"east": {"uv": [17, 26], "uv_size": [0.5, 0.5]},
								"south": {"uv": [18, 26], "uv_size": [0.5, 0.5]},
								"west": {"uv": [19, 26], "uv_size": [0.5, 0.5]},
								"up": {"uv": [26, 22], "uv_size": [0.5, 0.5]},
								"down": {"uv": [26, 24.5], "uv_size": [0.5, -0.5]}
							}
						},
						{
							"origin": [-3.10969, 2.63273, 10.10565],
							"size": [0.35921, 0.08289, 0.38684],
							"pivot": [-2.69546, 2.72594, 10.38196],
							"rotation": [-44.00703, 10.54529, 10.72858],
							"uv": {
								"north": {"uv": [25, 26], "uv_size": [0.5, 0.5]},
								"east": {"uv": [26, 25], "uv_size": [0.5, 0.5]},
								"south": {"uv": [26, 26], "uv_size": [0.5, 0.5]},
								"west": {"uv": [27, 0], "uv_size": [0.5, 0.5]},
								"up": {"uv": [27, 1], "uv_size": [0.5, 0.5]},
								"down": {"uv": [27, 2.5], "uv_size": [0.5, -0.5]}
							}
						},
						{
							"origin": [-3.05644, 3.70641, 10.1916],
							"size": [0.35921, 0.08289, 0.38684],
							"pivot": [2.51107, 2.81189, 10.46791],
							"rotation": [-44.00703, -10.54529, -10.72858],
							"uv": {
								"north": {"uv": [27, 3], "uv_size": [0.5, 0.5]},
								"east": {"uv": [27, 4], "uv_size": [0.5, 0.5]},
								"south": {"uv": [27, 5], "uv_size": [0.5, 0.5]},
								"west": {"uv": [27, 6], "uv_size": [0.5, 0.5]},
								"up": {"uv": [27, 7], "uv_size": [0.5, 0.5]},
								"down": {"uv": [15, 27.5], "uv_size": [0.5, -0.5]}
							}
						},
						{
							"origin": [-3.1574, 2.48492, 10.00331],
							"size": [0.35921, 0.08289, 0.38684],
							"pivot": [-2.73549, 2.65793, 10.19673],
							"rotation": [-135.99297, -10.54529, 10.72858],
							"uv": {
								"north": {"uv": [16, 27], "uv_size": [0.5, 0.5]},
								"east": {"uv": [17, 27], "uv_size": [0.5, 0.5]},
								"south": {"uv": [18, 27], "uv_size": [0.5, 0.5]},
								"west": {"uv": [19, 27], "uv_size": [0.5, 0.5]},
								"up": {"uv": [27, 22], "uv_size": [0.5, 0.5]},
								"down": {"uv": [27, 24.5], "uv_size": [0.5, -0.5]}
							}
						},
						{
							"origin": [-3.1574, 2.74805, 10.00331],
							"size": [0.35921, 0.08289, 0.38684],
							"pivot": [-2.73549, 2.65793, 10.19673],
							"rotation": [-135.99297, 10.54529, -10.72858],
							"uv": {
								"north": {"uv": [25, 27], "uv_size": [0.5, 0.5]},
								"east": {"uv": [27, 25], "uv_size": [0.5, 0.5]},
								"south": {"uv": [26, 27], "uv_size": [0.5, 0.5]},
								"west": {"uv": [27, 26], "uv_size": [0.5, 0.5]},
								"up": {"uv": [27, 27], "uv_size": [0.5, 0.5]},
								"down": {"uv": [28, 0.5], "uv_size": [0.5, -0.5]}
							}
						},
						{
							"origin": [-1.96089, 2.74306, 10.08068],
							"size": [0.21553, 0.04974, 0.2321],
							"pivot": [-1.82365, 2.65793, 10.19673],
							"rotation": [-135.99297, 10.54529, -10.72858],
							"uv": {
								"north": {"uv": [28, 1], "uv_size": [0.5, 0.5]},
								"east": {"uv": [28, 2], "uv_size": [0.5, 0.5]},
								"south": {"uv": [28, 3], "uv_size": [0.5, 0.5]},
								"west": {"uv": [28, 4], "uv_size": [0.5, 0.5]},
								"up": {"uv": [28, 5], "uv_size": [0.5, 0.5]},
								"down": {"uv": [28, 6.5], "uv_size": [0.5, -0.5]}
							}
						},
						{
							"origin": [-1.93226, 2.67387, 10.14208],
							"size": [0.21553, 0.04974, 0.2321],
							"pivot": [-1.79963, 2.69874, 10.30787],
							"rotation": [-44.00703, 10.54529, 10.72858],
							"uv": {
								"north": {"uv": [28, 7], "uv_size": [0.5, 0.5]},
								"east": {"uv": [9, 28], "uv_size": [0.5, 0.5]},
								"south": {"uv": [10, 28], "uv_size": [0.5, 0.5]},
								"west": {"uv": [11, 28], "uv_size": [0.5, 0.5]},
								"up": {"uv": [28, 11], "uv_size": [0.5, 0.5]},
								"down": {"uv": [12, 28.5], "uv_size": [0.5, -0.5]}
							}
						},
						{
							"origin": [-1.90031, 3.25596, 10.19365],
							"size": [0.21553, 0.04974, 0.2321],
							"pivot": [1.32429, 2.75031, 10.35944],
							"rotation": [-44.00703, -10.54529, -10.72858],
							"uv": {
								"north": {"uv": [28, 12], "uv_size": [0.5, 0.5]},
								"east": {"uv": [13, 28], "uv_size": [0.5, 0.5]},
								"south": {"uv": [28, 13], "uv_size": [0.5, 0.5]},
								"west": {"uv": [14, 28], "uv_size": [0.5, 0.5]},
								"up": {"uv": [28, 14], "uv_size": [0.5, 0.5]},
								"down": {"uv": [15, 28.5], "uv_size": [0.5, -0.5]}
							}
						},
						{
							"origin": [-1.96089, 2.52307, 10.08068],
							"size": [0.21553, 0.04974, 0.2321],
							"pivot": [-1.82365, 2.65793, 10.19673],
							"rotation": [-135.99297, -10.54529, 10.72858],
							"uv": {
								"north": {"uv": [28, 15], "uv_size": [0.5, 0.5]},
								"east": {"uv": [16, 28], "uv_size": [0.5, 0.5]},
								"south": {"uv": [17, 28], "uv_size": [0.5, 0.5]},
								"west": {"uv": [18, 28], "uv_size": [0.5, 0.5]},
								"up": {"uv": [19, 28], "uv_size": [0.5, 0.5]},
								"down": {"uv": [20, 28.5], "uv_size": [0.5, -0.5]}
							}
						}
					]
				},
				{
					"name": "bone7",
					"parent": "bone5",
					"pivot": [-2.37527, 2.65793, 10.96428],
					"rotation": [20, 0, 0],
					"cubes": [
						{
							"origin": [-5.44561, 1.47409, 8.4579],
							"size": [2.34736, 0.55263, 0.55263],
							"pivot": [-3.50614, -0.48775, 10.94474],
							"rotation": [-45, 0, 0],
							"uv": {
								"north": {"uv": [24, 22], "uv_size": [1, 0.5]},
								"east": {"uv": [18, 25], "uv_size": [0.5, 0.5]},
								"south": {"uv": [15, 25], "uv_size": [1, 0.5]},
								"west": {"uv": [19, 25], "uv_size": [0.5, 0.5]},
								"up": {"uv": [16, 25], "uv_size": [1, 0.5]},
								"down": {"uv": [17, 25.5], "uv_size": [1, -0.5]}
							}
						},
						{
							"origin": [-3.09825, 1.55698, 8.5408],
							"size": [0.4421, 0.38684, 0.38684],
							"pivot": [-3.50614, -0.48775, 10.94474],
							"rotation": [-45, 0, 0],
							"uv": {
								"north": {"uv": [25, 22], "uv_size": [0.5, 0.5]},
								"east": {"uv": [25, 24], "uv_size": [0.5, 0.5]},
								"south": {"uv": [25, 25], "uv_size": [0.5, 0.5]},
								"west": {"uv": [26, 0], "uv_size": [0.5, 0.5]},
								"up": {"uv": [26, 1], "uv_size": [0.5, 0.5]},
								"down": {"uv": [26, 2.5], "uv_size": [0.5, -0.5]}
							}
						},
						{
							"origin": [-2.65615, 1.58461, 8.56843],
							"size": [0.75263, 0.33158, 0.33158],
							"pivot": [-3.50614, -0.48775, 10.94474],
							"rotation": [-45, 0, 0],
							"uv": {
								"north": {"uv": [26, 3], "uv_size": [0.5, 0.5]},
								"east": {"uv": [26, 4], "uv_size": [0.5, 0.5]},
								"south": {"uv": [26, 5], "uv_size": [0.5, 0.5]},
								"west": {"uv": [26, 6], "uv_size": [0.5, 0.5]},
								"up": {"uv": [26, 7], "uv_size": [0.5, 0.5]},
								"down": {"uv": [15, 26.5], "uv_size": [0.5, -0.5]}
							}
						},
						{
							"origin": [-1.90352, 1.63987, 8.62369],
							"size": [0.33158, 0.22105, 0.22105],
							"pivot": [-3.50614, -0.48775, 10.94474],
							"rotation": [-45, 0, 0],
							"uv": {
								"north": {"uv": [16, 26], "uv_size": [0.5, 0.5]},
								"east": {"uv": [17, 26], "uv_size": [0.5, 0.5]},
								"south": {"uv": [18, 26], "uv_size": [0.5, 0.5]},
								"west": {"uv": [19, 26], "uv_size": [0.5, 0.5]},
								"up": {"uv": [26, 22], "uv_size": [0.5, 0.5]},
								"down": {"uv": [26, 24.5], "uv_size": [0.5, -0.5]}
							}
						},
						{
							"origin": [-3.10969, 2.63273, 10.8732],
							"size": [0.35921, 0.08289, 0.38684],
							"pivot": [-2.69546, 2.72594, 11.14951],
							"rotation": [-44.00703, 10.54529, 10.72858],
							"uv": {
								"north": {"uv": [25, 26], "uv_size": [0.5, 0.5]},
								"east": {"uv": [26, 25], "uv_size": [0.5, 0.5]},
								"south": {"uv": [26, 26], "uv_size": [0.5, 0.5]},
								"west": {"uv": [27, 0], "uv_size": [0.5, 0.5]},
								"up": {"uv": [27, 1], "uv_size": [0.5, 0.5]},
								"down": {"uv": [27, 2.5], "uv_size": [0.5, -0.5]}
							}
						},
						{
							"origin": [-3.05644, 3.70641, 10.95915],
							"size": [0.35921, 0.08289, 0.38684],
							"pivot": [2.51107, 2.81189, 11.23546],
							"rotation": [-44.00703, -10.54529, -10.72858],
							"uv": {
								"north": {"uv": [27, 3], "uv_size": [0.5, 0.5]},
								"east": {"uv": [27, 4], "uv_size": [0.5, 0.5]},
								"south": {"uv": [27, 5], "uv_size": [0.5, 0.5]},
								"west": {"uv": [27, 6], "uv_size": [0.5, 0.5]},
								"up": {"uv": [27, 7], "uv_size": [0.5, 0.5]},
								"down": {"uv": [15, 27.5], "uv_size": [0.5, -0.5]}
							}
						},
						{
							"origin": [-3.1574, 2.48492, 10.77086],
							"size": [0.35921, 0.08289, 0.38684],
							"pivot": [-2.73549, 2.65793, 10.96428],
							"rotation": [-135.99297, -10.54529, 10.72858],
							"uv": {
								"north": {"uv": [16, 27], "uv_size": [0.5, 0.5]},
								"east": {"uv": [17, 27], "uv_size": [0.5, 0.5]},
								"south": {"uv": [18, 27], "uv_size": [0.5, 0.5]},
								"west": {"uv": [19, 27], "uv_size": [0.5, 0.5]},
								"up": {"uv": [27, 22], "uv_size": [0.5, 0.5]},
								"down": {"uv": [27, 24.5], "uv_size": [0.5, -0.5]}
							}
						},
						{
							"origin": [-3.1574, 2.74805, 10.77086],
							"size": [0.35921, 0.08289, 0.38684],
							"pivot": [-2.73549, 2.65793, 10.96428],
							"rotation": [-135.99297, 10.54529, -10.72858],
							"uv": {
								"north": {"uv": [25, 27], "uv_size": [0.5, 0.5]},
								"east": {"uv": [27, 25], "uv_size": [0.5, 0.5]},
								"south": {"uv": [26, 27], "uv_size": [0.5, 0.5]},
								"west": {"uv": [27, 26], "uv_size": [0.5, 0.5]},
								"up": {"uv": [27, 27], "uv_size": [0.5, 0.5]},
								"down": {"uv": [28, 0.5], "uv_size": [0.5, -0.5]}
							}
						},
						{
							"origin": [-1.96089, 2.74306, 10.84823],
							"size": [0.21553, 0.04974, 0.2321],
							"pivot": [-1.82365, 2.65793, 10.96428],
							"rotation": [-135.99297, 10.54529, -10.72858],
							"uv": {
								"north": {"uv": [28, 1], "uv_size": [0.5, 0.5]},
								"east": {"uv": [28, 2], "uv_size": [0.5, 0.5]},
								"south": {"uv": [28, 3], "uv_size": [0.5, 0.5]},
								"west": {"uv": [28, 4], "uv_size": [0.5, 0.5]},
								"up": {"uv": [28, 5], "uv_size": [0.5, 0.5]},
								"down": {"uv": [28, 6.5], "uv_size": [0.5, -0.5]}
							}
						},
						{
							"origin": [-1.93226, 2.67387, 10.90963],
							"size": [0.21553, 0.04974, 0.2321],
							"pivot": [-1.79963, 2.69874, 11.07542],
							"rotation": [-44.00703, 10.54529, 10.72858],
							"uv": {
								"north": {"uv": [28, 7], "uv_size": [0.5, 0.5]},
								"east": {"uv": [9, 28], "uv_size": [0.5, 0.5]},
								"south": {"uv": [10, 28], "uv_size": [0.5, 0.5]},
								"west": {"uv": [11, 28], "uv_size": [0.5, 0.5]},
								"up": {"uv": [28, 11], "uv_size": [0.5, 0.5]},
								"down": {"uv": [12, 28.5], "uv_size": [0.5, -0.5]}
							}
						},
						{
							"origin": [-1.90031, 3.25596, 10.9612],
							"size": [0.21553, 0.04974, 0.2321],
							"pivot": [1.32429, 2.75031, 11.12699],
							"rotation": [-44.00703, -10.54529, -10.72858],
							"uv": {
								"north": {"uv": [28, 12], "uv_size": [0.5, 0.5]},
								"east": {"uv": [13, 28], "uv_size": [0.5, 0.5]},
								"south": {"uv": [28, 13], "uv_size": [0.5, 0.5]},
								"west": {"uv": [14, 28], "uv_size": [0.5, 0.5]},
								"up": {"uv": [28, 14], "uv_size": [0.5, 0.5]},
								"down": {"uv": [15, 28.5], "uv_size": [0.5, -0.5]}
							}
						},
						{
							"origin": [-1.96089, 2.52307, 10.84823],
							"size": [0.21553, 0.04974, 0.2321],
							"pivot": [-1.82365, 2.65793, 10.96428],
							"rotation": [-135.99297, -10.54529, 10.72858],
							"uv": {
								"north": {"uv": [28, 15], "uv_size": [0.5, 0.5]},
								"east": {"uv": [16, 28], "uv_size": [0.5, 0.5]},
								"south": {"uv": [17, 28], "uv_size": [0.5, 0.5]},
								"west": {"uv": [18, 28], "uv_size": [0.5, 0.5]},
								"up": {"uv": [19, 28], "uv_size": [0.5, 0.5]},
								"down": {"uv": [20, 28.5], "uv_size": [0.5, -0.5]}
							}
						}
					]
				},
				{
					"name": "bone2",
					"parent": "ammo",
					"pivot": [1.7, -2.4, 6.8],
					"rotation": [0, -90, 0]
				},
				{
					"name": "bone11",
					"parent": "bone2",
					"pivot": [-2.07527, 2.15793, 11.73183],
					"rotation": [67.5, 0, 0],
					"cubes": [
						{
							"origin": [-5.14561, 0.97409, 9.22545],
							"size": [2.34736, 0.55263, 0.55263],
							"pivot": [-3.20614, -0.98775, 11.71229],
							"rotation": [-45, 0, 0],
							"uv": {
								"north": {"uv": [24, 22], "uv_size": [1, 0.5]},
								"east": {"uv": [18, 25], "uv_size": [0.5, 0.5]},
								"south": {"uv": [15, 25], "uv_size": [1, 0.5]},
								"west": {"uv": [19, 25], "uv_size": [0.5, 0.5]},
								"up": {"uv": [16, 25], "uv_size": [1, 0.5]},
								"down": {"uv": [17, 25.5], "uv_size": [1, -0.5]}
							}
						},
						{
							"origin": [-2.79825, 1.05698, 9.30835],
							"size": [0.4421, 0.38684, 0.38684],
							"pivot": [-3.20614, -0.98775, 11.71229],
							"rotation": [-45, 0, 0],
							"uv": {
								"north": {"uv": [25, 22], "uv_size": [0.5, 0.5]},
								"east": {"uv": [25, 24], "uv_size": [0.5, 0.5]},
								"south": {"uv": [25, 25], "uv_size": [0.5, 0.5]},
								"west": {"uv": [26, 0], "uv_size": [0.5, 0.5]},
								"up": {"uv": [26, 1], "uv_size": [0.5, 0.5]},
								"down": {"uv": [26, 2.5], "uv_size": [0.5, -0.5]}
							}
						},
						{
							"origin": [-2.35615, 1.08461, 9.33598],
							"size": [0.75263, 0.33158, 0.33158],
							"pivot": [-3.20614, -0.98775, 11.71229],
							"rotation": [-45, 0, 0],
							"uv": {
								"north": {"uv": [26, 3], "uv_size": [0.5, 0.5]},
								"east": {"uv": [26, 4], "uv_size": [0.5, 0.5]},
								"south": {"uv": [26, 5], "uv_size": [0.5, 0.5]},
								"west": {"uv": [26, 6], "uv_size": [0.5, 0.5]},
								"up": {"uv": [26, 7], "uv_size": [0.5, 0.5]},
								"down": {"uv": [15, 26.5], "uv_size": [0.5, -0.5]}
							}
						},
						{
							"origin": [-1.60352, 1.13987, 9.39124],
							"size": [0.33158, 0.22105, 0.22105],
							"pivot": [-3.20614, -0.98775, 11.71229],
							"rotation": [-45, 0, 0],
							"uv": {
								"north": {"uv": [16, 26], "uv_size": [0.5, 0.5]},
								"east": {"uv": [17, 26], "uv_size": [0.5, 0.5]},
								"south": {"uv": [18, 26], "uv_size": [0.5, 0.5]},
								"west": {"uv": [19, 26], "uv_size": [0.5, 0.5]},
								"up": {"uv": [26, 22], "uv_size": [0.5, 0.5]},
								"down": {"uv": [26, 24.5], "uv_size": [0.5, -0.5]}
							}
						},
						{
							"origin": [-2.80969, 2.13273, 11.64075],
							"size": [0.35921, 0.08289, 0.38684],
							"pivot": [-2.39546, 2.22594, 11.91706],
							"rotation": [-44.00703, 10.54529, 10.72858],
							"uv": {
								"north": {"uv": [25, 26], "uv_size": [0.5, 0.5]},
								"east": {"uv": [26, 25], "uv_size": [0.5, 0.5]},
								"south": {"uv": [26, 26], "uv_size": [0.5, 0.5]},
								"west": {"uv": [27, 0], "uv_size": [0.5, 0.5]},
								"up": {"uv": [27, 1], "uv_size": [0.5, 0.5]},
								"down": {"uv": [27, 2.5], "uv_size": [0.5, -0.5]}
							}
						},
						{
							"origin": [-2.75644, 3.20641, 11.7267],
							"size": [0.35921, 0.08289, 0.38684],
							"pivot": [2.81107, 2.31189, 12.00301],
							"rotation": [-44.00703, -10.54529, -10.72858],
							"uv": {
								"north": {"uv": [27, 3], "uv_size": [0.5, 0.5]},
								"east": {"uv": [27, 4], "uv_size": [0.5, 0.5]},
								"south": {"uv": [27, 5], "uv_size": [0.5, 0.5]},
								"west": {"uv": [27, 6], "uv_size": [0.5, 0.5]},
								"up": {"uv": [27, 7], "uv_size": [0.5, 0.5]},
								"down": {"uv": [15, 27.5], "uv_size": [0.5, -0.5]}
							}
						},
						{
							"origin": [-2.8574, 1.98492, 11.53841],
							"size": [0.35921, 0.08289, 0.38684],
							"pivot": [-2.43549, 2.15793, 11.73183],
							"rotation": [-135.99297, -10.54529, 10.72858],
							"uv": {
								"north": {"uv": [16, 27], "uv_size": [0.5, 0.5]},
								"east": {"uv": [17, 27], "uv_size": [0.5, 0.5]},
								"south": {"uv": [18, 27], "uv_size": [0.5, 0.5]},
								"west": {"uv": [19, 27], "uv_size": [0.5, 0.5]},
								"up": {"uv": [27, 22], "uv_size": [0.5, 0.5]},
								"down": {"uv": [27, 24.5], "uv_size": [0.5, -0.5]}
							}
						},
						{
							"origin": [-2.8574, 2.24805, 11.53841],
							"size": [0.35921, 0.08289, 0.38684],
							"pivot": [-2.43549, 2.15793, 11.73183],
							"rotation": [-135.99297, 10.54529, -10.72858],
							"uv": {
								"north": {"uv": [25, 27], "uv_size": [0.5, 0.5]},
								"east": {"uv": [27, 25], "uv_size": [0.5, 0.5]},
								"south": {"uv": [26, 27], "uv_size": [0.5, 0.5]},
								"west": {"uv": [27, 26], "uv_size": [0.5, 0.5]},
								"up": {"uv": [27, 27], "uv_size": [0.5, 0.5]},
								"down": {"uv": [28, 0.5], "uv_size": [0.5, -0.5]}
							}
						},
						{
							"origin": [-1.66089, 2.24306, 11.61578],
							"size": [0.21553, 0.04974, 0.2321],
							"pivot": [-1.52365, 2.15793, 11.73183],
							"rotation": [-135.99297, 10.54529, -10.72858],
							"uv": {
								"north": {"uv": [28, 1], "uv_size": [0.5, 0.5]},
								"east": {"uv": [28, 2], "uv_size": [0.5, 0.5]},
								"south": {"uv": [28, 3], "uv_size": [0.5, 0.5]},
								"west": {"uv": [28, 4], "uv_size": [0.5, 0.5]},
								"up": {"uv": [28, 5], "uv_size": [0.5, 0.5]},
								"down": {"uv": [28, 6.5], "uv_size": [0.5, -0.5]}
							}
						},
						{
							"origin": [-1.63226, 2.17387, 11.67718],
							"size": [0.21553, 0.04974, 0.2321],
							"pivot": [-1.49963, 2.19874, 11.84297],
							"rotation": [-44.00703, 10.54529, 10.72858],
							"uv": {
								"north": {"uv": [28, 7], "uv_size": [0.5, 0.5]},
								"east": {"uv": [9, 28], "uv_size": [0.5, 0.5]},
								"south": {"uv": [10, 28], "uv_size": [0.5, 0.5]},
								"west": {"uv": [11, 28], "uv_size": [0.5, 0.5]},
								"up": {"uv": [28, 11], "uv_size": [0.5, 0.5]},
								"down": {"uv": [12, 28.5], "uv_size": [0.5, -0.5]}
							}
						},
						{
							"origin": [-1.60031, 2.75596, 11.72875],
							"size": [0.21553, 0.04974, 0.2321],
							"pivot": [1.62429, 2.25031, 11.89454],
							"rotation": [-44.00703, -10.54529, -10.72858],
							"uv": {
								"north": {"uv": [28, 12], "uv_size": [0.5, 0.5]},
								"east": {"uv": [13, 28], "uv_size": [0.5, 0.5]},
								"south": {"uv": [28, 13], "uv_size": [0.5, 0.5]},
								"west": {"uv": [14, 28], "uv_size": [0.5, 0.5]},
								"up": {"uv": [28, 14], "uv_size": [0.5, 0.5]},
								"down": {"uv": [15, 28.5], "uv_size": [0.5, -0.5]}
							}
						},
						{
							"origin": [-1.66089, 2.02307, 11.61578],
							"size": [0.21553, 0.04974, 0.2321],
							"pivot": [-1.52365, 2.15793, 11.73183],
							"rotation": [-135.99297, -10.54529, 10.72858],
							"uv": {
								"north": {"uv": [28, 15], "uv_size": [0.5, 0.5]},
								"east": {"uv": [16, 28], "uv_size": [0.5, 0.5]},
								"south": {"uv": [17, 28], "uv_size": [0.5, 0.5]},
								"west": {"uv": [18, 28], "uv_size": [0.5, 0.5]},
								"up": {"uv": [19, 28], "uv_size": [0.5, 0.5]},
								"down": {"uv": [20, 28.5], "uv_size": [0.5, -0.5]}
							}
						}
					]
				},
				{
					"name": "bone12",
					"parent": "bone2",
					"pivot": [1.7, -2.4, 5.2649]
				},
				{
					"name": "bone13",
					"parent": "bone12",
					"pivot": [-2.07527, 2.15793, 8.66163],
					"rotation": [67.5, 0, 0],
					"cubes": [
						{
							"origin": [-5.14561, 0.97409, 6.15525],
							"size": [2.34736, 0.55263, 0.55263],
							"pivot": [-3.20614, -0.98775, 8.64209],
							"rotation": [-45, 0, 0],
							"uv": {
								"north": {"uv": [24, 22], "uv_size": [1, 0.5]},
								"east": {"uv": [18, 25], "uv_size": [0.5, 0.5]},
								"south": {"uv": [15, 25], "uv_size": [1, 0.5]},
								"west": {"uv": [19, 25], "uv_size": [0.5, 0.5]},
								"up": {"uv": [16, 25], "uv_size": [1, 0.5]},
								"down": {"uv": [17, 25.5], "uv_size": [1, -0.5]}
							}
						},
						{
							"origin": [-2.79825, 1.05698, 6.23815],
							"size": [0.4421, 0.38684, 0.38684],
							"pivot": [-3.20614, -0.98775, 8.64209],
							"rotation": [-45, 0, 0],
							"uv": {
								"north": {"uv": [25, 22], "uv_size": [0.5, 0.5]},
								"east": {"uv": [25, 24], "uv_size": [0.5, 0.5]},
								"south": {"uv": [25, 25], "uv_size": [0.5, 0.5]},
								"west": {"uv": [26, 0], "uv_size": [0.5, 0.5]},
								"up": {"uv": [26, 1], "uv_size": [0.5, 0.5]},
								"down": {"uv": [26, 2.5], "uv_size": [0.5, -0.5]}
							}
						},
						{
							"origin": [-2.35615, 1.08461, 6.26578],
							"size": [0.75263, 0.33158, 0.33158],
							"pivot": [-3.20614, -0.98775, 8.64209],
							"rotation": [-45, 0, 0],
							"uv": {
								"north": {"uv": [26, 3], "uv_size": [0.5, 0.5]},
								"east": {"uv": [26, 4], "uv_size": [0.5, 0.5]},
								"south": {"uv": [26, 5], "uv_size": [0.5, 0.5]},
								"west": {"uv": [26, 6], "uv_size": [0.5, 0.5]},
								"up": {"uv": [26, 7], "uv_size": [0.5, 0.5]},
								"down": {"uv": [15, 26.5], "uv_size": [0.5, -0.5]}
							}
						},
						{
							"origin": [-1.60352, 1.13987, 6.32104],
							"size": [0.33158, 0.22105, 0.22105],
							"pivot": [-3.20614, -0.98775, 8.64209],
							"rotation": [-45, 0, 0],
							"uv": {
								"north": {"uv": [16, 26], "uv_size": [0.5, 0.5]},
								"east": {"uv": [17, 26], "uv_size": [0.5, 0.5]},
								"south": {"uv": [18, 26], "uv_size": [0.5, 0.5]},
								"west": {"uv": [19, 26], "uv_size": [0.5, 0.5]},
								"up": {"uv": [26, 22], "uv_size": [0.5, 0.5]},
								"down": {"uv": [26, 24.5], "uv_size": [0.5, -0.5]}
							}
						},
						{
							"origin": [-2.80969, 2.13273, 8.57055],
							"size": [0.35921, 0.08289, 0.38684],
							"pivot": [-2.39546, 2.22594, 8.84686],
							"rotation": [-44.00703, 10.54529, 10.72858],
							"uv": {
								"north": {"uv": [25, 26], "uv_size": [0.5, 0.5]},
								"east": {"uv": [26, 25], "uv_size": [0.5, 0.5]},
								"south": {"uv": [26, 26], "uv_size": [0.5, 0.5]},
								"west": {"uv": [27, 0], "uv_size": [0.5, 0.5]},
								"up": {"uv": [27, 1], "uv_size": [0.5, 0.5]},
								"down": {"uv": [27, 2.5], "uv_size": [0.5, -0.5]}
							}
						},
						{
							"origin": [-2.75644, 3.20641, 8.6565],
							"size": [0.35921, 0.08289, 0.38684],
							"pivot": [2.81107, 2.31189, 8.93281],
							"rotation": [-44.00703, -10.54529, -10.72858],
							"uv": {
								"north": {"uv": [27, 3], "uv_size": [0.5, 0.5]},
								"east": {"uv": [27, 4], "uv_size": [0.5, 0.5]},
								"south": {"uv": [27, 5], "uv_size": [0.5, 0.5]},
								"west": {"uv": [27, 6], "uv_size": [0.5, 0.5]},
								"up": {"uv": [27, 7], "uv_size": [0.5, 0.5]},
								"down": {"uv": [15, 27.5], "uv_size": [0.5, -0.5]}
							}
						},
						{
							"origin": [-2.8574, 1.98492, 8.46821],
							"size": [0.35921, 0.08289, 0.38684],
							"pivot": [-2.43549, 2.15793, 8.66163],
							"rotation": [-135.99297, -10.54529, 10.72858],
							"uv": {
								"north": {"uv": [16, 27], "uv_size": [0.5, 0.5]},
								"east": {"uv": [17, 27], "uv_size": [0.5, 0.5]},
								"south": {"uv": [18, 27], "uv_size": [0.5, 0.5]},
								"west": {"uv": [19, 27], "uv_size": [0.5, 0.5]},
								"up": {"uv": [27, 22], "uv_size": [0.5, 0.5]},
								"down": {"uv": [27, 24.5], "uv_size": [0.5, -0.5]}
							}
						},
						{
							"origin": [-2.8574, 2.24805, 8.46821],
							"size": [0.35921, 0.08289, 0.38684],
							"pivot": [-2.43549, 2.15793, 8.66163],
							"rotation": [-135.99297, 10.54529, -10.72858],
							"uv": {
								"north": {"uv": [25, 27], "uv_size": [0.5, 0.5]},
								"east": {"uv": [27, 25], "uv_size": [0.5, 0.5]},
								"south": {"uv": [26, 27], "uv_size": [0.5, 0.5]},
								"west": {"uv": [27, 26], "uv_size": [0.5, 0.5]},
								"up": {"uv": [27, 27], "uv_size": [0.5, 0.5]},
								"down": {"uv": [28, 0.5], "uv_size": [0.5, -0.5]}
							}
						},
						{
							"origin": [-1.66089, 2.24306, 8.54558],
							"size": [0.21553, 0.04974, 0.2321],
							"pivot": [-1.52365, 2.15793, 8.66163],
							"rotation": [-135.99297, 10.54529, -10.72858],
							"uv": {
								"north": {"uv": [28, 1], "uv_size": [0.5, 0.5]},
								"east": {"uv": [28, 2], "uv_size": [0.5, 0.5]},
								"south": {"uv": [28, 3], "uv_size": [0.5, 0.5]},
								"west": {"uv": [28, 4], "uv_size": [0.5, 0.5]},
								"up": {"uv": [28, 5], "uv_size": [0.5, 0.5]},
								"down": {"uv": [28, 6.5], "uv_size": [0.5, -0.5]}
							}
						},
						{
							"origin": [-1.63226, 2.17387, 8.60698],
							"size": [0.21553, 0.04974, 0.2321],
							"pivot": [-1.49963, 2.19874, 8.77277],
							"rotation": [-44.00703, 10.54529, 10.72858],
							"uv": {
								"north": {"uv": [28, 7], "uv_size": [0.5, 0.5]},
								"east": {"uv": [9, 28], "uv_size": [0.5, 0.5]},
								"south": {"uv": [10, 28], "uv_size": [0.5, 0.5]},
								"west": {"uv": [11, 28], "uv_size": [0.5, 0.5]},
								"up": {"uv": [28, 11], "uv_size": [0.5, 0.5]},
								"down": {"uv": [12, 28.5], "uv_size": [0.5, -0.5]}
							}
						},
						{
							"origin": [-1.60031, 2.75596, 8.65855],
							"size": [0.21553, 0.04974, 0.2321],
							"pivot": [1.62429, 2.25031, 8.82434],
							"rotation": [-44.00703, -10.54529, -10.72858],
							"uv": {
								"north": {"uv": [28, 12], "uv_size": [0.5, 0.5]},
								"east": {"uv": [13, 28], "uv_size": [0.5, 0.5]},
								"south": {"uv": [28, 13], "uv_size": [0.5, 0.5]},
								"west": {"uv": [14, 28], "uv_size": [0.5, 0.5]},
								"up": {"uv": [28, 14], "uv_size": [0.5, 0.5]},
								"down": {"uv": [15, 28.5], "uv_size": [0.5, -0.5]}
							}
						},
						{
							"origin": [-1.66089, 2.02307, 8.54558],
							"size": [0.21553, 0.04974, 0.2321],
							"pivot": [-1.52365, 2.15793, 8.66163],
							"rotation": [-135.99297, -10.54529, 10.72858],
							"uv": {
								"north": {"uv": [28, 15], "uv_size": [0.5, 0.5]},
								"east": {"uv": [16, 28], "uv_size": [0.5, 0.5]},
								"south": {"uv": [17, 28], "uv_size": [0.5, 0.5]},
								"west": {"uv": [18, 28], "uv_size": [0.5, 0.5]},
								"up": {"uv": [19, 28], "uv_size": [0.5, 0.5]},
								"down": {"uv": [20, 28.5], "uv_size": [0.5, -0.5]}
							}
						}
					]
				},
				{
					"name": "bone14",
					"parent": "bone12",
					"pivot": [-2.07527, 2.15793, 9.42918],
					"rotation": [20, 0, 0],
					"cubes": [
						{
							"origin": [-5.14561, 0.97409, 6.9228],
							"size": [2.34736, 0.55263, 0.55263],
							"pivot": [-3.20614, -0.98775, 9.40964],
							"rotation": [-45, 0, 0],
							"uv": {
								"north": {"uv": [24, 22], "uv_size": [1, 0.5]},
								"east": {"uv": [18, 25], "uv_size": [0.5, 0.5]},
								"south": {"uv": [15, 25], "uv_size": [1, 0.5]},
								"west": {"uv": [19, 25], "uv_size": [0.5, 0.5]},
								"up": {"uv": [16, 25], "uv_size": [1, 0.5]},
								"down": {"uv": [17, 25.5], "uv_size": [1, -0.5]}
							}
						},
						{
							"origin": [-2.79825, 1.05698, 7.0057],
							"size": [0.4421, 0.38684, 0.38684],
							"pivot": [-3.20614, -0.98775, 9.40964],
							"rotation": [-45, 0, 0],
							"uv": {
								"north": {"uv": [25, 22], "uv_size": [0.5, 0.5]},
								"east": {"uv": [25, 24], "uv_size": [0.5, 0.5]},
								"south": {"uv": [25, 25], "uv_size": [0.5, 0.5]},
								"west": {"uv": [26, 0], "uv_size": [0.5, 0.5]},
								"up": {"uv": [26, 1], "uv_size": [0.5, 0.5]},
								"down": {"uv": [26, 2.5], "uv_size": [0.5, -0.5]}
							}
						},
						{
							"origin": [-2.35615, 1.08461, 7.03333],
							"size": [0.75263, 0.33158, 0.33158],
							"pivot": [-3.20614, -0.98775, 9.40964],
							"rotation": [-45, 0, 0],
							"uv": {
								"north": {"uv": [26, 3], "uv_size": [0.5, 0.5]},
								"east": {"uv": [26, 4], "uv_size": [0.5, 0.5]},
								"south": {"uv": [26, 5], "uv_size": [0.5, 0.5]},
								"west": {"uv": [26, 6], "uv_size": [0.5, 0.5]},
								"up": {"uv": [26, 7], "uv_size": [0.5, 0.5]},
								"down": {"uv": [15, 26.5], "uv_size": [0.5, -0.5]}
							}
						},
						{
							"origin": [-1.60352, 1.13987, 7.08859],
							"size": [0.33158, 0.22105, 0.22105],
							"pivot": [-3.20614, -0.98775, 9.40964],
							"rotation": [-45, 0, 0],
							"uv": {
								"north": {"uv": [16, 26], "uv_size": [0.5, 0.5]},
								"east": {"uv": [17, 26], "uv_size": [0.5, 0.5]},
								"south": {"uv": [18, 26], "uv_size": [0.5, 0.5]},
								"west": {"uv": [19, 26], "uv_size": [0.5, 0.5]},
								"up": {"uv": [26, 22], "uv_size": [0.5, 0.5]},
								"down": {"uv": [26, 24.5], "uv_size": [0.5, -0.5]}
							}
						},
						{
							"origin": [-2.80969, 2.13273, 9.3381],
							"size": [0.35921, 0.08289, 0.38684],
							"pivot": [-2.39546, 2.22594, 9.61441],
							"rotation": [-44.00703, 10.54529, 10.72858],
							"uv": {
								"north": {"uv": [25, 26], "uv_size": [0.5, 0.5]},
								"east": {"uv": [26, 25], "uv_size": [0.5, 0.5]},
								"south": {"uv": [26, 26], "uv_size": [0.5, 0.5]},
								"west": {"uv": [27, 0], "uv_size": [0.5, 0.5]},
								"up": {"uv": [27, 1], "uv_size": [0.5, 0.5]},
								"down": {"uv": [27, 2.5], "uv_size": [0.5, -0.5]}
							}
						},
						{
							"origin": [-2.75644, 3.20641, 9.42405],
							"size": [0.35921, 0.08289, 0.38684],
							"pivot": [2.81107, 2.31189, 9.70036],
							"rotation": [-44.00703, -10.54529, -10.72858],
							"uv": {
								"north": {"uv": [27, 3], "uv_size": [0.5, 0.5]},
								"east": {"uv": [27, 4], "uv_size": [0.5, 0.5]},
								"south": {"uv": [27, 5], "uv_size": [0.5, 0.5]},
								"west": {"uv": [27, 6], "uv_size": [0.5, 0.5]},
								"up": {"uv": [27, 7], "uv_size": [0.5, 0.5]},
								"down": {"uv": [15, 27.5], "uv_size": [0.5, -0.5]}
							}
						},
						{
							"origin": [-2.8574, 1.98492, 9.23576],
							"size": [0.35921, 0.08289, 0.38684],
							"pivot": [-2.43549, 2.15793, 9.42918],
							"rotation": [-135.99297, -10.54529, 10.72858],
							"uv": {
								"north": {"uv": [16, 27], "uv_size": [0.5, 0.5]},
								"east": {"uv": [17, 27], "uv_size": [0.5, 0.5]},
								"south": {"uv": [18, 27], "uv_size": [0.5, 0.5]},
								"west": {"uv": [19, 27], "uv_size": [0.5, 0.5]},
								"up": {"uv": [27, 22], "uv_size": [0.5, 0.5]},
								"down": {"uv": [27, 24.5], "uv_size": [0.5, -0.5]}
							}
						},
						{
							"origin": [-2.8574, 2.24805, 9.23576],
							"size": [0.35921, 0.08289, 0.38684],
							"pivot": [-2.43549, 2.15793, 9.42918],
							"rotation": [-135.99297, 10.54529, -10.72858],
							"uv": {
								"north": {"uv": [25, 27], "uv_size": [0.5, 0.5]},
								"east": {"uv": [27, 25], "uv_size": [0.5, 0.5]},
								"south": {"uv": [26, 27], "uv_size": [0.5, 0.5]},
								"west": {"uv": [27, 26], "uv_size": [0.5, 0.5]},
								"up": {"uv": [27, 27], "uv_size": [0.5, 0.5]},
								"down": {"uv": [28, 0.5], "uv_size": [0.5, -0.5]}
							}
						},
						{
							"origin": [-1.66089, 2.24306, 9.31313],
							"size": [0.21553, 0.04974, 0.2321],
							"pivot": [-1.52365, 2.15793, 9.42918],
							"rotation": [-135.99297, 10.54529, -10.72858],
							"uv": {
								"north": {"uv": [28, 1], "uv_size": [0.5, 0.5]},
								"east": {"uv": [28, 2], "uv_size": [0.5, 0.5]},
								"south": {"uv": [28, 3], "uv_size": [0.5, 0.5]},
								"west": {"uv": [28, 4], "uv_size": [0.5, 0.5]},
								"up": {"uv": [28, 5], "uv_size": [0.5, 0.5]},
								"down": {"uv": [28, 6.5], "uv_size": [0.5, -0.5]}
							}
						},
						{
							"origin": [-1.63226, 2.17387, 9.37453],
							"size": [0.21553, 0.04974, 0.2321],
							"pivot": [-1.49963, 2.19874, 9.54032],
							"rotation": [-44.00703, 10.54529, 10.72858],
							"uv": {
								"north": {"uv": [28, 7], "uv_size": [0.5, 0.5]},
								"east": {"uv": [9, 28], "uv_size": [0.5, 0.5]},
								"south": {"uv": [10, 28], "uv_size": [0.5, 0.5]},
								"west": {"uv": [11, 28], "uv_size": [0.5, 0.5]},
								"up": {"uv": [28, 11], "uv_size": [0.5, 0.5]},
								"down": {"uv": [12, 28.5], "uv_size": [0.5, -0.5]}
							}
						},
						{
							"origin": [-1.60031, 2.75596, 9.4261],
							"size": [0.21553, 0.04974, 0.2321],
							"pivot": [1.62429, 2.25031, 9.59189],
							"rotation": [-44.00703, -10.54529, -10.72858],
							"uv": {
								"north": {"uv": [28, 12], "uv_size": [0.5, 0.5]},
								"east": {"uv": [13, 28], "uv_size": [0.5, 0.5]},
								"south": {"uv": [28, 13], "uv_size": [0.5, 0.5]},
								"west": {"uv": [14, 28], "uv_size": [0.5, 0.5]},
								"up": {"uv": [28, 14], "uv_size": [0.5, 0.5]},
								"down": {"uv": [15, 28.5], "uv_size": [0.5, -0.5]}
							}
						},
						{
							"origin": [-1.66089, 2.02307, 9.31313],
							"size": [0.21553, 0.04974, 0.2321],
							"pivot": [-1.52365, 2.15793, 9.42918],
							"rotation": [-135.99297, -10.54529, 10.72858],
							"uv": {
								"north": {"uv": [28, 15], "uv_size": [0.5, 0.5]},
								"east": {"uv": [16, 28], "uv_size": [0.5, 0.5]},
								"south": {"uv": [17, 28], "uv_size": [0.5, 0.5]},
								"west": {"uv": [18, 28], "uv_size": [0.5, 0.5]},
								"up": {"uv": [19, 28], "uv_size": [0.5, 0.5]},
								"down": {"uv": [20, 28.5], "uv_size": [0.5, -0.5]}
							}
						}
					]
				},
				{
					"name": "bone15",
					"parent": "bone2",
					"pivot": [1.7, -2.4, 6.8]
				},
				{
					"name": "bone16",
					"parent": "bone15",
					"pivot": [-2.07527, 2.15793, 10.19673],
					"rotation": [67.5, 0, 0],
					"cubes": [
						{
							"origin": [-5.14561, 0.97409, 7.69035],
							"size": [2.34736, 0.55263, 0.55263],
							"pivot": [-3.20614, -0.98775, 10.17719],
							"rotation": [-45, 0, 0],
							"uv": {
								"north": {"uv": [24, 22], "uv_size": [1, 0.5]},
								"east": {"uv": [18, 25], "uv_size": [0.5, 0.5]},
								"south": {"uv": [15, 25], "uv_size": [1, 0.5]},
								"west": {"uv": [19, 25], "uv_size": [0.5, 0.5]},
								"up": {"uv": [16, 25], "uv_size": [1, 0.5]},
								"down": {"uv": [17, 25.5], "uv_size": [1, -0.5]}
							}
						},
						{
							"origin": [-2.79825, 1.05698, 7.77325],
							"size": [0.4421, 0.38684, 0.38684],
							"pivot": [-3.20614, -0.98775, 10.17719],
							"rotation": [-45, 0, 0],
							"uv": {
								"north": {"uv": [25, 22], "uv_size": [0.5, 0.5]},
								"east": {"uv": [25, 24], "uv_size": [0.5, 0.5]},
								"south": {"uv": [25, 25], "uv_size": [0.5, 0.5]},
								"west": {"uv": [26, 0], "uv_size": [0.5, 0.5]},
								"up": {"uv": [26, 1], "uv_size": [0.5, 0.5]},
								"down": {"uv": [26, 2.5], "uv_size": [0.5, -0.5]}
							}
						},
						{
							"origin": [-2.35615, 1.08461, 7.80088],
							"size": [0.75263, 0.33158, 0.33158],
							"pivot": [-3.20614, -0.98775, 10.17719],
							"rotation": [-45, 0, 0],
							"uv": {
								"north": {"uv": [26, 3], "uv_size": [0.5, 0.5]},
								"east": {"uv": [26, 4], "uv_size": [0.5, 0.5]},
								"south": {"uv": [26, 5], "uv_size": [0.5, 0.5]},
								"west": {"uv": [26, 6], "uv_size": [0.5, 0.5]},
								"up": {"uv": [26, 7], "uv_size": [0.5, 0.5]},
								"down": {"uv": [15, 26.5], "uv_size": [0.5, -0.5]}
							}
						},
						{
							"origin": [-1.60352, 1.13987, 7.85614],
							"size": [0.33158, 0.22105, 0.22105],
							"pivot": [-3.20614, -0.98775, 10.17719],
							"rotation": [-45, 0, 0],
							"uv": {
								"north": {"uv": [16, 26], "uv_size": [0.5, 0.5]},
								"east": {"uv": [17, 26], "uv_size": [0.5, 0.5]},
								"south": {"uv": [18, 26], "uv_size": [0.5, 0.5]},
								"west": {"uv": [19, 26], "uv_size": [0.5, 0.5]},
								"up": {"uv": [26, 22], "uv_size": [0.5, 0.5]},
								"down": {"uv": [26, 24.5], "uv_size": [0.5, -0.5]}
							}
						},
						{
							"origin": [-2.80969, 2.13273, 10.10565],
							"size": [0.35921, 0.08289, 0.38684],
							"pivot": [-2.39546, 2.22594, 10.38196],
							"rotation": [-44.00703, 10.54529, 10.72858],
							"uv": {
								"north": {"uv": [25, 26], "uv_size": [0.5, 0.5]},
								"east": {"uv": [26, 25], "uv_size": [0.5, 0.5]},
								"south": {"uv": [26, 26], "uv_size": [0.5, 0.5]},
								"west": {"uv": [27, 0], "uv_size": [0.5, 0.5]},
								"up": {"uv": [27, 1], "uv_size": [0.5, 0.5]},
								"down": {"uv": [27, 2.5], "uv_size": [0.5, -0.5]}
							}
						},
						{
							"origin": [-2.75644, 3.20641, 10.1916],
							"size": [0.35921, 0.08289, 0.38684],
							"pivot": [2.81107, 2.31189, 10.46791],
							"rotation": [-44.00703, -10.54529, -10.72858],
							"uv": {
								"north": {"uv": [27, 3], "uv_size": [0.5, 0.5]},
								"east": {"uv": [27, 4], "uv_size": [0.5, 0.5]},
								"south": {"uv": [27, 5], "uv_size": [0.5, 0.5]},
								"west": {"uv": [27, 6], "uv_size": [0.5, 0.5]},
								"up": {"uv": [27, 7], "uv_size": [0.5, 0.5]},
								"down": {"uv": [15, 27.5], "uv_size": [0.5, -0.5]}
							}
						},
						{
							"origin": [-2.8574, 1.98492, 10.00331],
							"size": [0.35921, 0.08289, 0.38684],
							"pivot": [-2.43549, 2.15793, 10.19673],
							"rotation": [-135.99297, -10.54529, 10.72858],
							"uv": {
								"north": {"uv": [16, 27], "uv_size": [0.5, 0.5]},
								"east": {"uv": [17, 27], "uv_size": [0.5, 0.5]},
								"south": {"uv": [18, 27], "uv_size": [0.5, 0.5]},
								"west": {"uv": [19, 27], "uv_size": [0.5, 0.5]},
								"up": {"uv": [27, 22], "uv_size": [0.5, 0.5]},
								"down": {"uv": [27, 24.5], "uv_size": [0.5, -0.5]}
							}
						},
						{
							"origin": [-2.8574, 2.24805, 10.00331],
							"size": [0.35921, 0.08289, 0.38684],
							"pivot": [-2.43549, 2.15793, 10.19673],
							"rotation": [-135.99297, 10.54529, -10.72858],
							"uv": {
								"north": {"uv": [25, 27], "uv_size": [0.5, 0.5]},
								"east": {"uv": [27, 25], "uv_size": [0.5, 0.5]},
								"south": {"uv": [26, 27], "uv_size": [0.5, 0.5]},
								"west": {"uv": [27, 26], "uv_size": [0.5, 0.5]},
								"up": {"uv": [27, 27], "uv_size": [0.5, 0.5]},
								"down": {"uv": [28, 0.5], "uv_size": [0.5, -0.5]}
							}
						},
						{
							"origin": [-1.66089, 2.24306, 10.08068],
							"size": [0.21553, 0.04974, 0.2321],
							"pivot": [-1.52365, 2.15793, 10.19673],
							"rotation": [-135.99297, 10.54529, -10.72858],
							"uv": {
								"north": {"uv": [28, 1], "uv_size": [0.5, 0.5]},
								"east": {"uv": [28, 2], "uv_size": [0.5, 0.5]},
								"south": {"uv": [28, 3], "uv_size": [0.5, 0.5]},
								"west": {"uv": [28, 4], "uv_size": [0.5, 0.5]},
								"up": {"uv": [28, 5], "uv_size": [0.5, 0.5]},
								"down": {"uv": [28, 6.5], "uv_size": [0.5, -0.5]}
							}
						},
						{
							"origin": [-1.63226, 2.17387, 10.14208],
							"size": [0.21553, 0.04974, 0.2321],
							"pivot": [-1.49963, 2.19874, 10.30787],
							"rotation": [-44.00703, 10.54529, 10.72858],
							"uv": {
								"north": {"uv": [28, 7], "uv_size": [0.5, 0.5]},
								"east": {"uv": [9, 28], "uv_size": [0.5, 0.5]},
								"south": {"uv": [10, 28], "uv_size": [0.5, 0.5]},
								"west": {"uv": [11, 28], "uv_size": [0.5, 0.5]},
								"up": {"uv": [28, 11], "uv_size": [0.5, 0.5]},
								"down": {"uv": [12, 28.5], "uv_size": [0.5, -0.5]}
							}
						},
						{
							"origin": [-1.60031, 2.75596, 10.19365],
							"size": [0.21553, 0.04974, 0.2321],
							"pivot": [1.62429, 2.25031, 10.35944],
							"rotation": [-44.00703, -10.54529, -10.72858],
							"uv": {
								"north": {"uv": [28, 12], "uv_size": [0.5, 0.5]},
								"east": {"uv": [13, 28], "uv_size": [0.5, 0.5]},
								"south": {"uv": [28, 13], "uv_size": [0.5, 0.5]},
								"west": {"uv": [14, 28], "uv_size": [0.5, 0.5]},
								"up": {"uv": [28, 14], "uv_size": [0.5, 0.5]},
								"down": {"uv": [15, 28.5], "uv_size": [0.5, -0.5]}
							}
						},
						{
							"origin": [-1.66089, 2.02307, 10.08068],
							"size": [0.21553, 0.04974, 0.2321],
							"pivot": [-1.52365, 2.15793, 10.19673],
							"rotation": [-135.99297, -10.54529, 10.72858],
							"uv": {
								"north": {"uv": [28, 15], "uv_size": [0.5, 0.5]},
								"east": {"uv": [16, 28], "uv_size": [0.5, 0.5]},
								"south": {"uv": [17, 28], "uv_size": [0.5, 0.5]},
								"west": {"uv": [18, 28], "uv_size": [0.5, 0.5]},
								"up": {"uv": [19, 28], "uv_size": [0.5, 0.5]},
								"down": {"uv": [20, 28.5], "uv_size": [0.5, -0.5]}
							}
						}
					]
				},
				{
					"name": "bone17",
					"parent": "bone15",
					"pivot": [-2.07527, 2.15793, 10.96428],
					"rotation": [20, 0, 0],
					"cubes": [
						{
							"origin": [-5.14561, 0.97409, 8.4579],
							"size": [2.34736, 0.55263, 0.55263],
							"pivot": [-3.20614, -0.98775, 10.94474],
							"rotation": [-45, 0, 0],
							"uv": {
								"north": {"uv": [24, 22], "uv_size": [1, 0.5]},
								"east": {"uv": [18, 25], "uv_size": [0.5, 0.5]},
								"south": {"uv": [15, 25], "uv_size": [1, 0.5]},
								"west": {"uv": [19, 25], "uv_size": [0.5, 0.5]},
								"up": {"uv": [16, 25], "uv_size": [1, 0.5]},
								"down": {"uv": [17, 25.5], "uv_size": [1, -0.5]}
							}
						},
						{
							"origin": [-2.79825, 1.05698, 8.5408],
							"size": [0.4421, 0.38684, 0.38684],
							"pivot": [-3.20614, -0.98775, 10.94474],
							"rotation": [-45, 0, 0],
							"uv": {
								"north": {"uv": [25, 22], "uv_size": [0.5, 0.5]},
								"east": {"uv": [25, 24], "uv_size": [0.5, 0.5]},
								"south": {"uv": [25, 25], "uv_size": [0.5, 0.5]},
								"west": {"uv": [26, 0], "uv_size": [0.5, 0.5]},
								"up": {"uv": [26, 1], "uv_size": [0.5, 0.5]},
								"down": {"uv": [26, 2.5], "uv_size": [0.5, -0.5]}
							}
						},
						{
							"origin": [-2.35615, 1.08461, 8.56843],
							"size": [0.75263, 0.33158, 0.33158],
							"pivot": [-3.20614, -0.98775, 10.94474],
							"rotation": [-45, 0, 0],
							"uv": {
								"north": {"uv": [26, 3], "uv_size": [0.5, 0.5]},
								"east": {"uv": [26, 4], "uv_size": [0.5, 0.5]},
								"south": {"uv": [26, 5], "uv_size": [0.5, 0.5]},
								"west": {"uv": [26, 6], "uv_size": [0.5, 0.5]},
								"up": {"uv": [26, 7], "uv_size": [0.5, 0.5]},
								"down": {"uv": [15, 26.5], "uv_size": [0.5, -0.5]}
							}
						},
						{
							"origin": [-1.60352, 1.13987, 8.62369],
							"size": [0.33158, 0.22105, 0.22105],
							"pivot": [-3.20614, -0.98775, 10.94474],
							"rotation": [-45, 0, 0],
							"uv": {
								"north": {"uv": [16, 26], "uv_size": [0.5, 0.5]},
								"east": {"uv": [17, 26], "uv_size": [0.5, 0.5]},
								"south": {"uv": [18, 26], "uv_size": [0.5, 0.5]},
								"west": {"uv": [19, 26], "uv_size": [0.5, 0.5]},
								"up": {"uv": [26, 22], "uv_size": [0.5, 0.5]},
								"down": {"uv": [26, 24.5], "uv_size": [0.5, -0.5]}
							}
						},
						{
							"origin": [-2.80969, 2.13273, 10.8732],
							"size": [0.35921, 0.08289, 0.38684],
							"pivot": [-2.39546, 2.22594, 11.14951],
							"rotation": [-44.00703, 10.54529, 10.72858],
							"uv": {
								"north": {"uv": [25, 26], "uv_size": [0.5, 0.5]},
								"east": {"uv": [26, 25], "uv_size": [0.5, 0.5]},
								"south": {"uv": [26, 26], "uv_size": [0.5, 0.5]},
								"west": {"uv": [27, 0], "uv_size": [0.5, 0.5]},
								"up": {"uv": [27, 1], "uv_size": [0.5, 0.5]},
								"down": {"uv": [27, 2.5], "uv_size": [0.5, -0.5]}
							}
						},
						{
							"origin": [-2.75644, 3.20641, 10.95915],
							"size": [0.35921, 0.08289, 0.38684],
							"pivot": [2.81107, 2.31189, 11.23546],
							"rotation": [-44.00703, -10.54529, -10.72858],
							"uv": {
								"north": {"uv": [27, 3], "uv_size": [0.5, 0.5]},
								"east": {"uv": [27, 4], "uv_size": [0.5, 0.5]},
								"south": {"uv": [27, 5], "uv_size": [0.5, 0.5]},
								"west": {"uv": [27, 6], "uv_size": [0.5, 0.5]},
								"up": {"uv": [27, 7], "uv_size": [0.5, 0.5]},
								"down": {"uv": [15, 27.5], "uv_size": [0.5, -0.5]}
							}
						},
						{
							"origin": [-2.8574, 1.98492, 10.77086],
							"size": [0.35921, 0.08289, 0.38684],
							"pivot": [-2.43549, 2.15793, 10.96428],
							"rotation": [-135.99297, -10.54529, 10.72858],
							"uv": {
								"north": {"uv": [16, 27], "uv_size": [0.5, 0.5]},
								"east": {"uv": [17, 27], "uv_size": [0.5, 0.5]},
								"south": {"uv": [18, 27], "uv_size": [0.5, 0.5]},
								"west": {"uv": [19, 27], "uv_size": [0.5, 0.5]},
								"up": {"uv": [27, 22], "uv_size": [0.5, 0.5]},
								"down": {"uv": [27, 24.5], "uv_size": [0.5, -0.5]}
							}
						},
						{
							"origin": [-2.8574, 2.24805, 10.77086],
							"size": [0.35921, 0.08289, 0.38684],
							"pivot": [-2.43549, 2.15793, 10.96428],
							"rotation": [-135.99297, 10.54529, -10.72858],
							"uv": {
								"north": {"uv": [25, 27], "uv_size": [0.5, 0.5]},
								"east": {"uv": [27, 25], "uv_size": [0.5, 0.5]},
								"south": {"uv": [26, 27], "uv_size": [0.5, 0.5]},
								"west": {"uv": [27, 26], "uv_size": [0.5, 0.5]},
								"up": {"uv": [27, 27], "uv_size": [0.5, 0.5]},
								"down": {"uv": [28, 0.5], "uv_size": [0.5, -0.5]}
							}
						},
						{
							"origin": [-1.66089, 2.24306, 10.84823],
							"size": [0.21553, 0.04974, 0.2321],
							"pivot": [-1.52365, 2.15793, 10.96428],
							"rotation": [-135.99297, 10.54529, -10.72858],
							"uv": {
								"north": {"uv": [28, 1], "uv_size": [0.5, 0.5]},
								"east": {"uv": [28, 2], "uv_size": [0.5, 0.5]},
								"south": {"uv": [28, 3], "uv_size": [0.5, 0.5]},
								"west": {"uv": [28, 4], "uv_size": [0.5, 0.5]},
								"up": {"uv": [28, 5], "uv_size": [0.5, 0.5]},
								"down": {"uv": [28, 6.5], "uv_size": [0.5, -0.5]}
							}
						},
						{
							"origin": [-1.63226, 2.17387, 10.90963],
							"size": [0.21553, 0.04974, 0.2321],
							"pivot": [-1.49963, 2.19874, 11.07542],
							"rotation": [-44.00703, 10.54529, 10.72858],
							"uv": {
								"north": {"uv": [28, 7], "uv_size": [0.5, 0.5]},
								"east": {"uv": [9, 28], "uv_size": [0.5, 0.5]},
								"south": {"uv": [10, 28], "uv_size": [0.5, 0.5]},
								"west": {"uv": [11, 28], "uv_size": [0.5, 0.5]},
								"up": {"uv": [28, 11], "uv_size": [0.5, 0.5]},
								"down": {"uv": [12, 28.5], "uv_size": [0.5, -0.5]}
							}
						},
						{
							"origin": [-1.60031, 2.75596, 10.9612],
							"size": [0.21553, 0.04974, 0.2321],
							"pivot": [1.62429, 2.25031, 11.12699],
							"rotation": [-44.00703, -10.54529, -10.72858],
							"uv": {
								"north": {"uv": [28, 12], "uv_size": [0.5, 0.5]},
								"east": {"uv": [13, 28], "uv_size": [0.5, 0.5]},
								"south": {"uv": [28, 13], "uv_size": [0.5, 0.5]},
								"west": {"uv": [14, 28], "uv_size": [0.5, 0.5]},
								"up": {"uv": [28, 14], "uv_size": [0.5, 0.5]},
								"down": {"uv": [15, 28.5], "uv_size": [0.5, -0.5]}
							}
						},
						{
							"origin": [-1.66089, 2.02307, 10.84823],
							"size": [0.21553, 0.04974, 0.2321],
							"pivot": [-1.52365, 2.15793, 10.96428],
							"rotation": [-135.99297, -10.54529, 10.72858],
							"uv": {
								"north": {"uv": [28, 15], "uv_size": [0.5, 0.5]},
								"east": {"uv": [16, 28], "uv_size": [0.5, 0.5]},
								"south": {"uv": [17, 28], "uv_size": [0.5, 0.5]},
								"west": {"uv": [18, 28], "uv_size": [0.5, 0.5]},
								"up": {"uv": [19, 28], "uv_size": [0.5, 0.5]},
								"down": {"uv": [20, 28.5], "uv_size": [0.5, -0.5]}
							}
						}
					]
				}
			]
		}
	]
}