{
	"format_version": "1.12.0",
	"minecraft:geometry": [
		{
			"description": {
				"identifier": "geometry.unknown",
				"texture_width": 128,
				"texture_height": 128,
				"visible_bounds_width": 8,
				"visible_bounds_height": 4,
				"visible_bounds_offset": [0, 1, 0]
			},
			"bones": [
				{
					"name": "main",
					"pivot": [0, 20, 0]
				},
				{
					"name": "rightarm",
					"parent": "main",
					"pivot": [-7.3, 8.8, 16.8],
					"rotation": [-101.46834, -19.89282, -2.56534],
					"cubes": [
						{
							"origin": [-11.3, -15.2, 12.8],
							"size": [8, 24, 8],
							"uv": {
								"north": {"uv": [0, 0], "uv_size": [8, 24]},
								"east": {"uv": [8, 0], "uv_size": [8, 24]},
								"south": {"uv": [16, 0], "uv_size": [8, 24]},
								"west": {"uv": [0, 24], "uv_size": [8, 24]},
								"up": {"uv": [24, 53], "uv_size": [8, 8]},
								"down": {"uv": [57, 24], "uv_size": [8, -8]}
							}
						}
					]
				},
				{
					"name": "leftarm",
					"parent": "main",
					"pivot": [10.7, 5.3, 1.4],
					"rotation": [-119.61483, 1.67666, -38.31282],
					"cubes": [
						{
							"origin": [6.7, -18.7, -2.6],
							"size": [8, 24, 8],
							"uv": {
								"north": {"uv": [24, 0], "uv_size": [8, 24]},
								"east": {"uv": [8, 24], "uv_size": [8, 24]},
								"south": {"uv": [16, 24], "uv_size": [8, 24]},
								"west": {"uv": [24, 24], "uv_size": [8, 24]},
								"up": {"uv": [51, 57], "uv_size": [8, 8]},
								"down": {"uv": [41, 67], "uv_size": [8, -8]}
							}
						}
					]
				},
				{
					"name": "muzzleflash",
					"parent": "main",
					"pivot": [0, 22.05, -44.25],
					"cubes": [
						{
							"origin": [-0.5, 21.55, -44.55],
							"size": [1, 1, 1],
							"inflate": -0.4,
							"uv": {
								"north": {"uv": [41, 52], "uv_size": [1, 1]},
								"east": {"uv": [91, 84], "uv_size": [1, 1]},
								"south": {"uv": [80, 94], "uv_size": [1, 1]},
								"west": {"uv": [95, 31], "uv_size": [1, 1]},
								"up": {"uv": [99, 30], "uv_size": [1, 1]},
								"down": {"uv": [99, 97], "uv_size": [1, -1]}
							}
						}
					]
				},
				{
					"name": "scope",
					"parent": "main",
					"pivot": [0, 30.55, 13.75],
					"cubes": [
						{
							"origin": [-0.5, 30.05, 13.45],
							"size": [1, 1, 1],
							"inflate": -0.4,
							"uv": {
								"north": {"uv": [102, 65], "uv_size": [1, 1]},
								"east": {"uv": [102, 100], "uv_size": [1, 1]},
								"south": {"uv": [104, 93], "uv_size": [1, 1]},
								"west": {"uv": [113, 71], "uv_size": [1, 1]},
								"up": {"uv": [72, 113], "uv_size": [1, 1]},
								"down": {"uv": [113, 73], "uv_size": [1, -1]}
							}
						}
					]
				},
				{
					"name": "magazine",
					"parent": "main",
					"pivot": [0, 6.07513, 13.42536],
					"cubes": [
						{
							"origin": [-0.86, 13.00603, 11.9221],
							"size": [1.745, 5.7, 6.35],
							"pivot": [0.025, 15.55603, 15.0971],
							"rotation": [-5, 0, 0],
							"uv": {
								"north": {"uv": [19, 97], "uv_size": [2, 6]},
								"east": {"uv": [41, 53], "uv_size": [6, 6]},
								"south": {"uv": [21, 97], "uv_size": [2, 6]},
								"west": {"uv": [75, 37], "uv_size": [6, 6]},
								"up": {"uv": [24, 97], "uv_size": [2, 6]},
								"down": {"uv": [26, 103], "uv_size": [2, -6]}
							}
						},
						{
							"origin": [-0.91, 8.88732, 11.21956],
							"size": [1.82, 5.1, 6.35],
							"pivot": [0, 10.68732, 10.66956],
							"rotation": [-10, 0, 0],
							"uv": {
								"north": {"uv": [100, 96], "uv_size": [2, 5]},
								"east": {"uv": [77, 57], "uv_size": [6, 5]},
								"south": {"uv": [0, 101], "uv_size": [2, 5]},
								"west": {"uv": [72, 77], "uv_size": [6, 5]},
								"up": {"uv": [93, 96], "uv_size": [2, 6]},
								"down": {"uv": [8, 103], "uv_size": [2, -6]}
							}
						},
						{
							"origin": [-0.885, 3.52513, 10.25036],
							"size": [1.77, 5.1, 6.35],
							"pivot": [0, 6.07513, 13.42536],
							"rotation": [-15, 0, 0],
							"uv": {
								"north": {"uv": [101, 0], "uv_size": [2, 5]},
								"east": {"uv": [0, 78], "uv_size": [6, 5]},
								"south": {"uv": [101, 43], "uv_size": [2, 5]},
								"west": {"uv": [78, 77], "uv_size": [6, 5]},
								"up": {"uv": [37, 97], "uv_size": [2, 6]},
								"down": {"uv": [97, 57], "uv_size": [2, -6]}
							}
						}
					]
				},
				{
					"name": "bullet",
					"parent": "magazine",
					"pivot": [0, 6.07513, 13.42536],
					"cubes": [
						{
							"origin": [-0.5, 18.27513, 14.72536],
							"size": [1, 1, 3.3],
							"pivot": [0, 18.77513, 16.12536],
							"rotation": [-4.62111, 1.91134, 22.42287],
							"uv": {
								"north": {"uv": [103, 114], "uv_size": [1, 1]},
								"east": {"uv": [112, 29], "uv_size": [3, 1]},
								"south": {"uv": [114, 103], "uv_size": [1, 1]},
								"west": {"uv": [30, 112], "uv_size": [3, 1]},
								"up": {"uv": [28, 112], "uv_size": [1, 3]},
								"down": {"uv": [112, 35], "uv_size": [1, -3]}
							}
						},
						{
							"origin": [-0.3, 18.47513, 13.02536],
							"size": [0.6, 0.6, 1.7],
							"pivot": [0, 18.77513, 16.12536],
							"rotation": [-4.62111, 1.91134, 22.42287],
							"uv": {
								"north": {"uv": [104, 114], "uv_size": [1, 1]},
								"east": {"uv": [113, 60], "uv_size": [2, 1]},
								"south": {"uv": [114, 104], "uv_size": [1, 1]},
								"west": {"uv": [67, 113], "uv_size": [2, 1]},
								"up": {"uv": [69, 113], "uv_size": [1, 2]},
								"down": {"uv": [70, 115], "uv_size": [1, -2]}
							}
						}
					]
				},
				{
					"name": "slide",
					"parent": "main",
					"pivot": [2.15839, 23.55322, -13.0489],
					"cubes": [
						{
							"origin": [0.5, 23, -16.1],
							"size": [1.2, 1.2, 16.8],
							"pivot": [1, 23.7, -7.4],
							"rotation": [0, 0, 22.5],
							"uv": {
								"north": {"uv": [113, 105], "uv_size": [1, 1]},
								"east": {"uv": [88, 76], "uv_size": [17, 1]},
								"south": {"uv": [106, 113], "uv_size": [1, 1]},
								"west": {"uv": [89, 57], "uv_size": [17, 1]},
								"up": {"uv": [30, 91], "uv_size": [1, 17]},
								"down": {"uv": [31, 108], "uv_size": [1, -17]}
							}
						},
						{
							"origin": [2.2, 22.6, -16.7],
							"size": [1.5, 1.9, 2.1],
							"uv": {
								"north": {"uv": [108, 93], "uv_size": [2, 2]},
								"east": {"uv": [108, 100], "uv_size": [2, 2]},
								"south": {"uv": [108, 102], "uv_size": [2, 2]},
								"west": {"uv": [103, 108], "uv_size": [2, 2]},
								"up": {"uv": [105, 108], "uv_size": [2, 2]},
								"down": {"uv": [108, 108], "uv_size": [2, -2]}
							}
						},
						{
							"origin": [2.2, 22.9, -14.6],
							"size": [1.4, 1.3, 0.9],
							"uv": {
								"north": {"uv": [113, 106], "uv_size": [1, 1]},
								"east": {"uv": [107, 113], "uv_size": [1, 1]},
								"south": {"uv": [113, 107], "uv_size": [1, 1]},
								"west": {"uv": [108, 113], "uv_size": [1, 1]},
								"up": {"uv": [113, 112], "uv_size": [1, 1]},
								"down": {"uv": [113, 114], "uv_size": [1, -1]}
							}
						},
						{
							"origin": [2.5, 22.7, -13.7],
							"size": [1.3, 1.7, 2.3],
							"pivot": [2.9, 23.55, -12.55],
							"rotation": [0, 10, 0],
							"uv": {
								"north": {"uv": [51, 112], "uv_size": [1, 2]},
								"east": {"uv": [108, 91], "uv_size": [2, 2]},
								"south": {"uv": [112, 54], "uv_size": [1, 2]},
								"west": {"uv": [92, 108], "uv_size": [2, 2]},
								"up": {"uv": [112, 56], "uv_size": [1, 2]},
								"down": {"uv": [61, 114], "uv_size": [1, -2]}
							}
						},
						{
							"origin": [0.7, 23.1, -13.2],
							"size": [2.1, 0.9, 0.9],
							"uv": {
								"north": {"uv": [65, 112], "uv_size": [2, 1]},
								"east": {"uv": [1, 114], "uv_size": [1, 1]},
								"south": {"uv": [112, 65], "uv_size": [2, 1]},
								"west": {"uv": [114, 1], "uv_size": [1, 1]},
								"up": {"uv": [112, 66], "uv_size": [2, 1]},
								"down": {"uv": [67, 113], "uv_size": [2, -1]}
							}
						},
						{
							"origin": [0.1, 23.1, -15.9],
							"size": [2.1, 0.9, 0.9],
							"uv": {
								"north": {"uv": [62, 112], "uv_size": [2, 1]},
								"east": {"uv": [0, 114], "uv_size": [1, 1]},
								"south": {"uv": [112, 62], "uv_size": [2, 1]},
								"west": {"uv": [114, 0], "uv_size": [1, 1]},
								"up": {"uv": [112, 63], "uv_size": [2, 1]},
								"down": {"uv": [112, 65], "uv_size": [2, -1]}
							}
						}
					]
				},
				{
					"name": "scopepip",
					"parent": "main",
					"pivot": [0.0218, 30.35076, 8.07969],
					"cubes": [
						{
							"origin": [-1.3282, 29.00076, 7.22969],
							"size": [2.7, 2.7, 1.7],
							"uv": {
								"north": {"uv": [103, 85], "uv_size": [3, 3]},
								"east": {"uv": [54, 106], "uv_size": [2, 3]},
								"south": {"uv": [103, 82], "uv_size": [3, 3]},
								"west": {"uv": [59, 106], "uv_size": [2, 3]},
								"up": {"uv": [63, 106], "uv_size": [3, 2]},
								"down": {"uv": [106, 67], "uv_size": [3, -2]}
							}
						}
					]
				},
				{
					"name": "gun",
					"parent": "main",
					"pivot": [11, 0, 0],
					"cubes": [
						{
							"origin": [-2.2, 10.3, 19.7],
							"size": [4.4, 8.5, 15.2],
							"uv": {
								"north": {"uv": [62, 71], "uv_size": [4, 9]},
								"east": {"uv": [42, 10], "uv_size": [15, 9]},
								"south": {"uv": [72, 66], "uv_size": [4, 9]},
								"west": {"uv": [42, 19], "uv_size": [15, 9]},
								"up": {"uv": [24, 61], "uv_size": [4, 15]},
								"down": {"uv": [28, 76], "uv_size": [4, -15]}
							}
						},
						{
							"origin": [-1.3, 11.3, 10.5],
							"size": [2.6, 7, 9.4],
							"uv": {
								"north": {"uv": [29, 84], "uv_size": [3, 7]},
								"east": {"uv": [59, 57], "uv_size": [9, 7]},
								"south": {"uv": [37, 84], "uv_size": [3, 7]},
								"west": {"uv": [59, 64], "uv_size": [9, 7]},
								"up": {"uv": [79, 28], "uv_size": [3, 9]},
								"down": {"uv": [49, 89], "uv_size": [3, -9]}
							}
						},
						{
							"origin": [-1.35, 13.5, -1.8],
							"size": [2.7, 4.8, 4.5],
							"uv": {
								"north": {"uv": [92, 0], "uv_size": [3, 5]},
								"east": {"uv": [82, 82], "uv_size": [5, 5]},
								"south": {"uv": [8, 92], "uv_size": [3, 5]},
								"west": {"uv": [0, 83], "uv_size": [5, 5]},
								"up": {"uv": [92, 10], "uv_size": [3, 5]},
								"down": {"uv": [24, 97], "uv_size": [3, -5]}
							}
						},
						{
							"origin": [-0.25, 14.4, -4.6],
							"size": [0.5, 4, 3],
							"pivot": [0, 16.35, -3],
							"rotation": [15, 0, 0],
							"uv": {
								"north": {"uv": [65, 108], "uv_size": [1, 4]},
								"east": {"uv": [95, 83], "uv_size": [3, 4]},
								"south": {"uv": [83, 108], "uv_size": [1, 4]},
								"west": {"uv": [95, 87], "uv_size": [3, 4]},
								"up": {"uv": [9, 111], "uv_size": [1, 3]},
								"down": {"uv": [37, 114], "uv_size": [1, -3]}
							}
						},
						{
							"origin": [-1.175, 13.2, -8.4],
							"size": [2.35, 0.9, 7.3],
							"uv": {
								"north": {"uv": [33, 112], "uv_size": [2, 1]},
								"east": {"uv": [104, 15], "uv_size": [7, 1]},
								"south": {"uv": [35, 112], "uv_size": [2, 1]},
								"west": {"uv": [104, 42], "uv_size": [7, 1]},
								"up": {"uv": [3, 92], "uv_size": [2, 7]},
								"down": {"uv": [11, 99], "uv_size": [2, -7]}
							}
						},
						{
							"origin": [-1.075, 14.1, -6.4],
							"size": [2.15, 0.5, 1.9],
							"uv": {
								"north": {"uv": [112, 38], "uv_size": [2, 1]},
								"east": {"uv": [112, 39], "uv_size": [2, 1]},
								"south": {"uv": [112, 40], "uv_size": [2, 1]},
								"west": {"uv": [112, 41], "uv_size": [2, 1]},
								"up": {"uv": [108, 62], "uv_size": [2, 2]},
								"down": {"uv": [63, 110], "uv_size": [2, -2]}
							}
						},
						{
							"origin": [-1.875, 14.1, -4.5],
							"size": [3.75, 0.5, 1],
							"uv": {
								"north": {"uv": [108, 41], "uv_size": [4, 1]},
								"east": {"uv": [113, 104], "uv_size": [1, 1]},
								"south": {"uv": [108, 48], "uv_size": [4, 1]},
								"west": {"uv": [105, 113], "uv_size": [1, 1]},
								"up": {"uv": [108, 68], "uv_size": [4, 1]},
								"down": {"uv": [108, 70], "uv_size": [4, -1]}
							}
						},
						{
							"origin": [-0.975, 14.1, -3.5],
							"size": [1.95, 0.5, 1.9],
							"uv": {
								"north": {"uv": [112, 43], "uv_size": [2, 1]},
								"east": {"uv": [112, 44], "uv_size": [2, 1]},
								"south": {"uv": [45, 112], "uv_size": [2, 1]},
								"west": {"uv": [112, 45], "uv_size": [2, 1]},
								"up": {"uv": [108, 70], "uv_size": [2, 2]},
								"down": {"uv": [108, 74], "uv_size": [2, -2]}
							}
						},
						{
							"origin": [-1.3, 17.4, -3.5],
							"size": [2.6, 0.9, 1.9],
							"pivot": [0, 17.15, -2.55],
							"rotation": [-55, 0, 0],
							"uv": {
								"north": {"uv": [111, 35], "uv_size": [3, 1]},
								"east": {"uv": [112, 46], "uv_size": [2, 1]},
								"south": {"uv": [111, 42], "uv_size": [3, 1]},
								"west": {"uv": [47, 112], "uv_size": [2, 1]},
								"up": {"uv": [98, 104], "uv_size": [3, 2]},
								"down": {"uv": [101, 106], "uv_size": [3, -2]}
							}
						},
						{
							"origin": [-1.075, 15, -0.3],
							"size": [2.15, 2.1, 0.7],
							"pivot": [0, 17.15, -2.55],
							"rotation": [-55, 0, 0],
							"uv": {
								"north": {"uv": [108, 77], "uv_size": [2, 2]},
								"east": {"uv": [39, 112], "uv_size": [1, 2]},
								"south": {"uv": [108, 79], "uv_size": [2, 2]},
								"west": {"uv": [112, 47], "uv_size": [1, 2]},
								"up": {"uv": [49, 112], "uv_size": [2, 1]},
								"down": {"uv": [112, 52], "uv_size": [2, -1]}
							}
						},
						{
							"origin": [-2.125, 13.5, -11.1],
							"size": [4.25, 5.3, 0.8],
							"uv": {
								"north": {"uv": [86, 51], "uv_size": [4, 5]},
								"east": {"uv": [75, 106], "uv_size": [1, 5]},
								"south": {"uv": [86, 66], "uv_size": [4, 5]},
								"west": {"uv": [80, 106], "uv_size": [1, 5]},
								"up": {"uv": [90, 70], "uv_size": [4, 1]},
								"down": {"uv": [99, 83], "uv_size": [4, -1]}
							}
						},
						{
							"origin": [0.90732, 12.86265, -11.1],
							"size": [0.75, 1.125, 0.8],
							"pivot": [1.28232, 13.21265, -10.7],
							"rotation": [0, 0, 45],
							"uv": {
								"north": {"uv": [113, 97], "uv_size": [1, 1]},
								"east": {"uv": [113, 98], "uv_size": [1, 1]},
								"south": {"uv": [113, 100], "uv_size": [1, 1]},
								"west": {"uv": [113, 101], "uv_size": [1, 1]},
								"up": {"uv": [113, 102], "uv_size": [1, 1]},
								"down": {"uv": [113, 104], "uv_size": [1, -1]}
							}
						},
						{
							"origin": [-1.3, 12.7, -11.1],
							"size": [2.6, 1.4, 2.7],
							"uv": {
								"north": {"uv": [6, 111], "uv_size": [3, 1]},
								"east": {"uv": [111, 8], "uv_size": [3, 1]},
								"south": {"uv": [111, 15], "uv_size": [3, 1]},
								"west": {"uv": [16, 111], "uv_size": [3, 1]},
								"up": {"uv": [103, 0], "uv_size": [3, 3]},
								"down": {"uv": [19, 106], "uv_size": [3, -3]}
							}
						},
						{
							"origin": [-1.275, 13.9, -11.1],
							"size": [2.55, 1, 2.7],
							"pivot": [0, 14.8, -9.75],
							"rotation": [-40, 0, 0],
							"uv": {
								"north": {"uv": [25, 111], "uv_size": [3, 1]},
								"east": {"uv": [111, 30], "uv_size": [3, 1]},
								"south": {"uv": [111, 31], "uv_size": [3, 1]},
								"west": {"uv": [34, 111], "uv_size": [3, 1]},
								"up": {"uv": [24, 103], "uv_size": [3, 3]},
								"down": {"uv": [103, 33], "uv_size": [3, -3]}
							}
						},
						{
							"origin": [-2.075, 16.60208, -12.15219],
							"size": [4.15, 3.2, 2.7],
							"pivot": [0, 17.90208, -10.80219],
							"rotation": [-52.5, 0, 0],
							"uv": {
								"north": {"uv": [95, 43], "uv_size": [4, 3]},
								"east": {"uv": [35, 103], "uv_size": [3, 3]},
								"south": {"uv": [95, 46], "uv_size": [4, 3]},
								"west": {"uv": [103, 43], "uv_size": [3, 3]},
								"up": {"uv": [80, 95], "uv_size": [4, 3]},
								"down": {"uv": [95, 83], "uv_size": [4, -3]}
							}
						},
						{
							"origin": [-1.3, 12.815, -15.13385],
							"size": [2.6, 1.4, 4.1],
							"pivot": [0, 13.515, -12.38385],
							"rotation": [-5, 0, 0],
							"uv": {
								"north": {"uv": [110, 101], "uv_size": [3, 1]},
								"east": {"uv": [100, 9], "uv_size": [4, 1]},
								"south": {"uv": [110, 102], "uv_size": [3, 1]},
								"west": {"uv": [108, 14], "uv_size": [4, 1]},
								"up": {"uv": [86, 92], "uv_size": [3, 4]},
								"down": {"uv": [92, 92], "uv_size": [3, -4]}
							}
						},
						{
							"origin": [-2.1, 13.615, -15.13385],
							"size": [4.2, 3, 4.1],
							"pivot": [0, 13.515, -12.38385],
							"rotation": [-5, 0, 0],
							"uv": {
								"north": {"uv": [95, 10], "uv_size": [4, 3]},
								"east": {"uv": [95, 13], "uv_size": [4, 3]},
								"south": {"uv": [95, 28], "uv_size": [4, 3]},
								"west": {"uv": [95, 39], "uv_size": [4, 3]},
								"up": {"uv": [91, 45], "uv_size": [4, 4]},
								"down": {"uv": [91, 84], "uv_size": [4, -4]}
							}
						},
						{
							"origin": [1.11213, 12.95353, -15.12441],
							"size": [0.8, 1.125, 4.1],
							"pivot": [1.51213, 13.65353, -13.07441],
							"rotation": [-3.54002, 3.53329, 44.89078],
							"uv": {
								"north": {"uv": [113, 96], "uv_size": [1, 1]},
								"east": {"uv": [108, 39], "uv_size": [4, 1]},
								"south": {"uv": [97, 113], "uv_size": [1, 1]},
								"west": {"uv": [108, 40], "uv_size": [4, 1]},
								"up": {"uv": [13, 108], "uv_size": [1, 4]},
								"down": {"uv": [108, 55], "uv_size": [1, -4]}
							}
						},
						{
							"origin": [-1.3, 13.48445, -19.0843],
							"size": [2.6, 1.4, 4.1],
							"pivot": [0, 14.18445, -17.0343],
							"rotation": [-12.5, 0, 0],
							"uv": {
								"north": {"uv": [103, 110], "uv_size": [3, 1]},
								"east": {"uv": [108, 26], "uv_size": [4, 1]},
								"south": {"uv": [110, 103], "uv_size": [3, 1]},
								"west": {"uv": [108, 33], "uv_size": [4, 1]},
								"up": {"uv": [92, 92], "uv_size": [3, 4]},
								"down": {"uv": [93, 36], "uv_size": [3, -4]}
							}
						},
						{
							"origin": [1.11213, 13.56042, -19.06745],
							"size": [0.8, 1.125, 4.1],
							"pivot": [1.51213, 14.26042, -17.01745],
							"rotation": [-8.90928, 8.80348, 44.31282],
							"uv": {
								"north": {"uv": [113, 94], "uv_size": [1, 1]},
								"east": {"uv": [34, 108], "uv_size": [4, 1]},
								"south": {"uv": [113, 95], "uv_size": [1, 1]},
								"west": {"uv": [108, 34], "uv_size": [4, 1]},
								"up": {"uv": [48, 92], "uv_size": [1, 4]},
								"down": {"uv": [2, 112], "uv_size": [1, -4]}
							}
						},
						{
							"origin": [-2.11, 14.28445, -19.0843],
							"size": [4.2, 2.6, 4.1],
							"pivot": [0, 14.18445, -17.0343],
							"rotation": [-12.5, 0, 0],
							"uv": {
								"north": {"uv": [72, 94], "uv_size": [4, 3]},
								"east": {"uv": [76, 94], "uv_size": [4, 3]},
								"south": {"uv": [95, 0], "uv_size": [4, 3]},
								"west": {"uv": [95, 3], "uv_size": [4, 3]},
								"up": {"uv": [90, 66], "uv_size": [4, 4]},
								"down": {"uv": [91, 32], "uv_size": [4, -4]}
							}
						},
						{
							"origin": [-1.3, 14.60367, -22.22417],
							"size": [2.6, 1.4, 3.4],
							"pivot": [0, 15.30367, -20.87417],
							"rotation": [-20, 0, 0],
							"uv": {
								"north": {"uv": [106, 110], "uv_size": [3, 1]},
								"east": {"uv": [110, 106], "uv_size": [3, 1]},
								"south": {"uv": [110, 107], "uv_size": [3, 1]},
								"west": {"uv": [109, 110], "uv_size": [3, 1]},
								"up": {"uv": [102, 94], "uv_size": [3, 3]},
								"down": {"uv": [102, 100], "uv_size": [3, -3]}
							}
						},
						{
							"origin": [-2.1, 15.40367, -22.22417],
							"size": [4.2, 2, 3.4],
							"pivot": [0, 15.30367, -20.87417],
							"rotation": [-20, 0, 0],
							"uv": {
								"north": {"uv": [11, 104], "uv_size": [4, 2]},
								"east": {"uv": [104, 80], "uv_size": [3, 2]},
								"south": {"uv": [104, 11], "uv_size": [4, 2]},
								"west": {"uv": [104, 91], "uv_size": [3, 2]},
								"up": {"uv": [93, 54], "uv_size": [4, 3]},
								"down": {"uv": [94, 69], "uv_size": [4, -3]}
							}
						},
						{
							"origin": [1.11213, 14.55708, -22.21866],
							"size": [0.8, 1.125, 3.4],
							"pivot": [1.51213, 15.25708, -20.51866],
							"rotation": [-14.43276, 13.99545, 43.21918],
							"uv": {
								"north": {"uv": [113, 92], "uv_size": [1, 1]},
								"east": {"uv": [19, 111], "uv_size": [3, 1]},
								"south": {"uv": [113, 93], "uv_size": [1, 1]},
								"west": {"uv": [22, 111], "uv_size": [3, 1]},
								"up": {"uv": [0, 111], "uv_size": [1, 3]},
								"down": {"uv": [1, 114], "uv_size": [1, -3]}
							}
						},
						{
							"origin": [-1.3, 13.70326, -29.78443],
							"size": [2.6, 1.4, 7.4],
							"pivot": [0, 14.40326, -21.03443],
							"rotation": [-55, 0, 0],
							"uv": {
								"north": {"uv": [111, 0], "uv_size": [3, 1]},
								"east": {"uv": [104, 55], "uv_size": [7, 1]},
								"south": {"uv": [111, 1], "uv_size": [3, 1]},
								"west": {"uv": [104, 56], "uv_size": [7, 1]},
								"up": {"uv": [75, 87], "uv_size": [3, 7]},
								"down": {"uv": [78, 94], "uv_size": [3, -7]}
							}
						},
						{
							"origin": [0.6, 16.81851, -28.01179],
							"size": [1.125, 1.4, 7.4],
							"pivot": [1.3, 17.51851, -22.86179],
							"rotation": [-45.28089, -35.39626, -29.83757],
							"uv": {
								"north": {"uv": [91, 113], "uv_size": [1, 1]},
								"east": {"uv": [104, 58], "uv_size": [7, 1]},
								"south": {"uv": [113, 91], "uv_size": [1, 1]},
								"west": {"uv": [104, 59], "uv_size": [7, 1]},
								"up": {"uv": [40, 102], "uv_size": [1, 7]},
								"down": {"uv": [72, 109], "uv_size": [1, -7]}
							}
						},
						{
							"origin": [-2.11, 14.50326, -26.88443],
							"size": [4.22, 2.3, 4.5],
							"pivot": [0, 14.40326, -21.03443],
							"rotation": [-55, 0, 0],
							"uv": {
								"north": {"uv": [103, 102], "uv_size": [4, 2]},
								"east": {"uv": [98, 66], "uv_size": [5, 2]},
								"south": {"uv": [104, 9], "uv_size": [4, 2]},
								"west": {"uv": [98, 83], "uv_size": [5, 2]},
								"up": {"uv": [87, 28], "uv_size": [4, 5]},
								"down": {"uv": [87, 85], "uv_size": [4, -5]}
							}
						},
						{
							"origin": [-1.3, 12.7, -8.4],
							"size": [2.6, 0.5, 2.4],
							"uv": {
								"north": {"uv": [110, 94], "uv_size": [3, 1]},
								"east": {"uv": [112, 36], "uv_size": [2, 1]},
								"south": {"uv": [110, 100], "uv_size": [3, 1]},
								"west": {"uv": [112, 37], "uv_size": [2, 1]},
								"up": {"uv": [73, 104], "uv_size": [3, 2]},
								"down": {"uv": [104, 75], "uv_size": [3, -2]}
							}
						},
						{
							"origin": [-1.325, 12.3, -1.4],
							"size": [2.65, 2.9, 2.2],
							"pivot": [0, 14.1, 1.15],
							"rotation": [25, 0, 0],
							"uv": {
								"north": {"uv": [100, 101], "uv_size": [3, 3]},
								"east": {"uv": [8, 103], "uv_size": [2, 3]},
								"south": {"uv": [102, 33], "uv_size": [3, 3]},
								"west": {"uv": [49, 103], "uv_size": [2, 3]},
								"up": {"uv": [84, 80], "uv_size": [3, 2]},
								"down": {"uv": [92, 45], "uv_size": [3, -2]}
							}
						},
						{
							"origin": [-1.31, 7.1, 1.8],
							"size": [2.621, 6.4, 3.3],
							"pivot": [0, 11.1, 0.45],
							"rotation": [40, 0, 0],
							"uv": {
								"north": {"uv": [89, 0], "uv_size": [3, 6]},
								"east": {"uv": [89, 85], "uv_size": [3, 6]},
								"south": {"uv": [90, 33], "uv_size": [3, 6]},
								"west": {"uv": [90, 51], "uv_size": [3, 6]},
								"up": {"uv": [101, 54], "uv_size": [3, 3]},
								"down": {"uv": [101, 94], "uv_size": [3, -3]}
							}
						},
						{
							"origin": [-1.285, 4.6, 3.9],
							"size": [2.571, 1.7, 2.8],
							"pivot": [0, 11.1, 0.45],
							"rotation": [40, 0, 0],
							"uv": {
								"north": {"uv": [66, 104], "uv_size": [3, 2]},
								"east": {"uv": [69, 104], "uv_size": [3, 2]},
								"south": {"uv": [104, 69], "uv_size": [3, 2]},
								"west": {"uv": [104, 71], "uv_size": [3, 2]},
								"up": {"uv": [102, 62], "uv_size": [3, 3]},
								"down": {"uv": [92, 105], "uv_size": [3, -3]}
							}
						},
						{
							"origin": [0.19435, 7.20675, 0.63772],
							"size": [0.821, 5.225, 1.275],
							"pivot": [0.60485, 11.81925, 1.28772],
							"rotation": [46.60518, 27.79687, 26.25382],
							"uv": {
								"north": {"uv": [27, 92], "uv_size": [1, 5]},
								"east": {"uv": [71, 106], "uv_size": [1, 5]},
								"south": {"uv": [73, 106], "uv_size": [1, 5]},
								"west": {"uv": [74, 106], "uv_size": [1, 5]},
								"up": {"uv": [89, 113], "uv_size": [1, 1]},
								"down": {"uv": [90, 114], "uv_size": [1, -1]}
							}
						},
						{
							"origin": [-0.51, 6.475, 0.8],
							"size": [1.021, 7.025, 2.5],
							"pivot": [0, 11.1, 0.45],
							"rotation": [40, 0, 0],
							"uv": {
								"north": {"uv": [41, 45], "uv_size": [1, 7]},
								"east": {"uv": [59, 84], "uv_size": [3, 7]},
								"south": {"uv": [2, 101], "uv_size": [1, 7]},
								"west": {"uv": [72, 87], "uv_size": [3, 7]},
								"up": {"uv": [56, 110], "uv_size": [1, 3]},
								"down": {"uv": [64, 113], "uv_size": [1, -3]}
							}
						},
						{
							"origin": [-1.319, 10.9, 6.9],
							"size": [2.63, 2.7, 13],
							"pivot": [0, 12.9, 15.7],
							"rotation": [7.5, 0, 0],
							"uv": {
								"north": {"uv": [100, 30], "uv_size": [3, 3]},
								"east": {"uv": [72, 0], "uv_size": [13, 3]},
								"south": {"uv": [101, 51], "uv_size": [3, 3]},
								"west": {"uv": [72, 3], "uv_size": [13, 3]},
								"up": {"uv": [32, 70], "uv_size": [3, 13]},
								"down": {"uv": [59, 84], "uv_size": [3, -13]}
							}
						},
						{
							"origin": [-1.31, 7.78732, 3.71956],
							"size": [2.62, 4.7, 3.75],
							"uv": {
								"north": {"uv": [89, 91], "uv_size": [3, 5]},
								"east": {"uv": [85, 0], "uv_size": [4, 5]},
								"south": {"uv": [0, 92], "uv_size": [3, 5]},
								"west": {"uv": [86, 37], "uv_size": [4, 5]},
								"up": {"uv": [45, 92], "uv_size": [3, 4]},
								"down": {"uv": [92, 88], "uv_size": [3, -4]}
							}
						},
						{
							"origin": [-0.91, 8.88732, 7.51956],
							"size": [1.82, 2.3, 3.05],
							"pivot": [0, 10.68732, 5.86956],
							"rotation": [-10, 0, 0],
							"uv": {
								"north": {"uv": [110, 91], "uv_size": [2, 2]},
								"east": {"uv": [35, 106], "uv_size": [3, 2]},
								"south": {"uv": [92, 110], "uv_size": [2, 2]},
								"west": {"uv": [106, 49], "uv_size": [3, 2]},
								"up": {"uv": [49, 106], "uv_size": [2, 3]},
								"down": {"uv": [52, 109], "uv_size": [2, -3]}
							}
						},
						{
							"origin": [-2.1, 17.9, -10.3],
							"size": [4.2, 1.1, 30.2],
							"uv": {
								"north": {"uv": [85, 5], "uv_size": [4, 1]},
								"east": {"uv": [76, 49], "uv_size": [30, 1]},
								"south": {"uv": [86, 56], "uv_size": [4, 1]},
								"west": {"uv": [76, 50], "uv_size": [30, 1]},
								"up": {"uv": [0, 48], "uv_size": [4, 30]},
								"down": {"uv": [4, 78], "uv_size": [4, -30]}
							}
						},
						{
							"origin": [-2.125, 16.4, -21.3],
							"size": [4.25, 2.6, 10.2],
							"uv": {
								"north": {"uv": [93, 36], "uv_size": [4, 3]},
								"east": {"uv": [76, 66], "uv_size": [10, 3]},
								"south": {"uv": [93, 51], "uv_size": [4, 3]},
								"west": {"uv": [76, 69], "uv_size": [10, 3]},
								"up": {"uv": [45, 67], "uv_size": [4, 10]},
								"down": {"uv": [68, 76], "uv_size": [4, -10]}
							}
						},
						{
							"origin": [-2.2053, 10.56877, 18.46431],
							"size": [4.413, 9.1, 2.2],
							"pivot": [0.00763, 14.81877, 20.06431],
							"rotation": [15, 0, 0],
							"uv": {
								"north": {"uv": [73, 57], "uv_size": [4, 9]},
								"east": {"uv": [13, 88], "uv_size": [2, 9]},
								"south": {"uv": [75, 28], "uv_size": [4, 9]},
								"west": {"uv": [15, 88], "uv_size": [2, 9]},
								"up": {"uv": [103, 46], "uv_size": [4, 2]},
								"down": {"uv": [103, 102], "uv_size": [4, -2]}
							}
						},
						{
							"origin": [-1.2053, 9.66877, 17.46431],
							"size": [2.413, 9.1, 1.5],
							"pivot": [0.00763, 14.81877, 20.06431],
							"rotation": [15, 0, 0],
							"uv": {
								"north": {"uv": [17, 88], "uv_size": [2, 9]},
								"east": {"uv": [19, 88], "uv_size": [2, 9]},
								"south": {"uv": [21, 88], "uv_size": [2, 9]},
								"west": {"uv": [49, 89], "uv_size": [2, 9]},
								"up": {"uv": [30, 108], "uv_size": [2, 2]},
								"down": {"uv": [32, 110], "uv_size": [2, -2]}
							}
						},
						{
							"origin": [0.51768, 9.19443, 17.74119],
							"size": [1.4, 10.05, 1.4],
							"pivot": [1.21768, 14.69443, 18.44119],
							"rotation": [20.75357, 43.07952, 14.51082],
							"uv": {
								"north": {"uv": [10, 97], "uv_size": [1, 10]},
								"east": {"uv": [39, 97], "uv_size": [1, 10]},
								"south": {"uv": [61, 97], "uv_size": [1, 10]},
								"west": {"uv": [79, 97], "uv_size": [1, 10]},
								"up": {"uv": [87, 113], "uv_size": [1, 1]},
								"down": {"uv": [88, 114], "uv_size": [1, -1]}
							}
						},
						{
							"origin": [-2.7, 18.8, 0.7],
							"size": [5.4, 4.5, 34.5],
							"uv": {
								"north": {"uv": [81, 37], "uv_size": [5, 5]},
								"east": {"uv": [32, 0], "uv_size": [35, 5]},
								"south": {"uv": [82, 28], "uv_size": [5, 5]},
								"west": {"uv": [32, 5], "uv_size": [35, 5]},
								"up": {"uv": [32, 10], "uv_size": [5, 35]},
								"down": {"uv": [37, 45], "uv_size": [5, -35]}
							}
						},
						{
							"origin": [2.325, 20.7, -20.9],
							"size": [0.7, 0.7, 32.5],
							"pivot": [2.675, 21.05, -4.65],
							"rotation": [0, 0, -45],
							"uv": {
								"north": {"uv": [85, 113], "uv_size": [1, 1]},
								"east": {"uv": [67, 9], "uv_size": [33, 1]},
								"south": {"uv": [86, 113], "uv_size": [1, 1]},
								"west": {"uv": [72, 6], "uv_size": [33, 1]},
								"up": {"uv": [35, 70], "uv_size": [1, 33]},
								"down": {"uv": [36, 103], "uv_size": [1, -33]}
							}
						},
						{
							"origin": [2.225, 20.6, 8.6],
							"size": [0.9, 0.9, 1],
							"pivot": [2.675, 21.05, -4.65],
							"rotation": [0, 0, -45],
							"uv": {
								"north": {"uv": [91, 114], "uv_size": [1, 1]},
								"east": {"uv": [114, 91], "uv_size": [1, 1]},
								"south": {"uv": [92, 114], "uv_size": [1, 1]},
								"west": {"uv": [114, 92], "uv_size": [1, 1]},
								"up": {"uv": [93, 114], "uv_size": [1, 1]},
								"down": {"uv": [114, 94], "uv_size": [1, -1]}
							}
						},
						{
							"origin": [-3.125, 20.6, 8.6],
							"size": [0.9, 0.9, 1],
							"pivot": [-2.675, 21.05, -4.65],
							"rotation": [0, 0, 45],
							"uv": {
								"north": {"uv": [100, 114], "uv_size": [1, 1]},
								"east": {"uv": [114, 100], "uv_size": [1, 1]},
								"south": {"uv": [101, 114], "uv_size": [1, 1]},
								"west": {"uv": [114, 101], "uv_size": [1, 1]},
								"up": {"uv": [102, 114], "uv_size": [1, 1]},
								"down": {"uv": [114, 103], "uv_size": [1, -1]}
							}
						},
						{
							"origin": [-3.025, 20.7, -20.9],
							"size": [0.7, 0.7, 32.5],
							"pivot": [-2.675, 21.05, -4.65],
							"rotation": [0, 0, 45],
							"uv": {
								"north": {"uv": [99, 114], "uv_size": [1, 1]},
								"east": {"uv": [72, 7], "uv_size": [33, 1]},
								"south": {"uv": [114, 99], "uv_size": [1, 1]},
								"west": {"uv": [72, 8], "uv_size": [33, 1]},
								"up": {"uv": [66, 71], "uv_size": [1, 33]},
								"down": {"uv": [67, 104], "uv_size": [1, -33]}
							}
						},
						{
							"origin": [-2.7, 18.8, -24.5],
							"size": [5.4, 3.6, 25.2],
							"uv": {
								"north": {"uv": [0, 88], "uv_size": [5, 4]},
								"east": {"uv": [51, 43], "uv_size": [25, 4]},
								"south": {"uv": [8, 88], "uv_size": [5, 4]},
								"west": {"uv": [51, 47], "uv_size": [25, 4]},
								"up": {"uv": [42, 28], "uv_size": [5, 25]},
								"down": {"uv": [32, 70], "uv_size": [5, -25]}
							}
						},
						{
							"origin": [-2.8, 19.1, -8.6],
							"size": [5.6, 0.8, 0.8],
							"pivot": [2.7, 19.5, -8.2],
							"rotation": [-45, 0, 0],
							"uv": {
								"north": {"uv": [105, 76], "uv_size": [6, 1]},
								"east": {"uv": [94, 114], "uv_size": [1, 1]},
								"south": {"uv": [105, 99], "uv_size": [6, 1]},
								"west": {"uv": [114, 94], "uv_size": [1, 1]},
								"up": {"uv": [106, 2], "uv_size": [6, 1]},
								"down": {"uv": [106, 28], "uv_size": [6, -1]}
							}
						},
						{
							"origin": [-2.3, 15.1, -17.6],
							"size": [4.6, 0.8, 0.8],
							"pivot": [2.7, 15.5, -17.2],
							"rotation": [-45, 0, 0],
							"uv": {
								"north": {"uv": [107, 96], "uv_size": [5, 1]},
								"east": {"uv": [96, 114], "uv_size": [1, 1]},
								"south": {"uv": [107, 97], "uv_size": [5, 1]},
								"west": {"uv": [114, 96], "uv_size": [1, 1]},
								"up": {"uv": [107, 98], "uv_size": [5, 1]},
								"down": {"uv": [103, 108], "uv_size": [5, -1]}
							}
						},
						{
							"origin": [-2.3, 14, -11.6],
							"size": [4.6, 0.8, 0.8],
							"pivot": [2.7, 14.4, -11.2],
							"rotation": [-45, 0, 0],
							"uv": {
								"north": {"uv": [107, 105], "uv_size": [5, 1]},
								"east": {"uv": [97, 114], "uv_size": [1, 1]},
								"south": {"uv": [108, 6], "uv_size": [5, 1]},
								"west": {"uv": [114, 97], "uv_size": [1, 1]},
								"up": {"uv": [108, 7], "uv_size": [5, 1]},
								"down": {"uv": [108, 10], "uv_size": [5, -1]}
							}
						},
						{
							"origin": [-2.3, 16.2, 19.4],
							"size": [4.6, 0.8, 0.8],
							"pivot": [2.7, 16.6, 19.8],
							"rotation": [-45, 0, 0],
							"uv": {
								"north": {"uv": [108, 10], "uv_size": [5, 1]},
								"east": {"uv": [98, 114], "uv_size": [1, 1]},
								"south": {"uv": [108, 11], "uv_size": [5, 1]},
								"west": {"uv": [114, 98], "uv_size": [1, 1]},
								"up": {"uv": [108, 12], "uv_size": [5, 1]},
								"down": {"uv": [108, 14], "uv_size": [5, -1]}
							}
						},
						{
							"origin": [-2.8, 19.1, 7.4],
							"size": [5.6, 0.8, 0.8],
							"pivot": [2.7, 19.5, 7.8],
							"rotation": [-45, 0, 0],
							"uv": {
								"north": {"uv": [106, 32], "uv_size": [6, 1]},
								"east": {"uv": [95, 114], "uv_size": [1, 1]},
								"south": {"uv": [106, 43], "uv_size": [6, 1]},
								"west": {"uv": [114, 95], "uv_size": [1, 1]},
								"up": {"uv": [106, 44], "uv_size": [6, 1]},
								"down": {"uv": [106, 46], "uv_size": [6, -1]}
							}
						},
						{
							"origin": [-2.3, 21.89675, -1.35663],
							"size": [4.975, 0.9, 2.4],
							"pivot": [0, 22.34675, -0.15663],
							"rotation": [27.5, 0, 0],
							"uv": {
								"north": {"uv": [106, 85], "uv_size": [5, 1]},
								"east": {"uv": [112, 68], "uv_size": [2, 1]},
								"south": {"uv": [106, 86], "uv_size": [5, 1]},
								"west": {"uv": [69, 112], "uv_size": [2, 1]},
								"up": {"uv": [98, 89], "uv_size": [5, 2]},
								"down": {"uv": [99, 12], "uv_size": [5, -2]}
							}
						},
						{
							"origin": [-0.8, 21.89675, -17.84337],
							"size": [3.475, 0.9, 2.4],
							"pivot": [0, 22.34675, -16.64337],
							"rotation": [-27.5, 0, 0],
							"uv": {
								"north": {"uv": [45, 111], "uv_size": [3, 1]},
								"east": {"uv": [112, 69], "uv_size": [2, 1]},
								"south": {"uv": [48, 111], "uv_size": [3, 1]},
								"west": {"uv": [112, 70], "uv_size": [2, 1]},
								"up": {"uv": [104, 104], "uv_size": [3, 2]},
								"down": {"uv": [105, 8], "uv_size": [3, -2]}
							}
						},
						{
							"origin": [-2.7, 22.4, -26.1],
							"size": [5.4, 0.9, 8.6],
							"uv": {
								"north": {"uv": [106, 75], "uv_size": [5, 1]},
								"east": {"uv": [99, 41], "uv_size": [9, 1]},
								"south": {"uv": [106, 82], "uv_size": [5, 1]},
								"west": {"uv": [99, 48], "uv_size": [9, 1]},
								"up": {"uv": [67, 0], "uv_size": [5, 9]},
								"down": {"uv": [68, 66], "uv_size": [5, -9]}
							}
						},
						{
							"origin": [-2.75, 18.91334, -25.72472],
							"size": [5.5, 3.9, 1.5],
							"pivot": [0, 21.61334, -24.92472],
							"rotation": [22.5, 0, 0],
							"uv": {
								"north": {"uv": [82, 33], "uv_size": [6, 4]},
								"east": {"uv": [88, 33], "uv_size": [2, 4]},
								"south": {"uv": [83, 57], "uv_size": [6, 4]},
								"west": {"uv": [59, 102], "uv_size": [2, 4]},
								"up": {"uv": [96, 34], "uv_size": [6, 2]},
								"down": {"uv": [96, 64], "uv_size": [6, -2]}
							}
						},
						{
							"origin": [-2.7, 22.4, -17.5],
							"size": [0.6, 0.9, 18.2],
							"uv": {
								"north": {"uv": [114, 61], "uv_size": [1, 1]},
								"east": {"uv": [88, 27], "uv_size": [18, 1]},
								"south": {"uv": [114, 62], "uv_size": [1, 1]},
								"west": {"uv": [88, 75], "uv_size": [18, 1]},
								"up": {"uv": [7, 91], "uv_size": [1, 18]},
								"down": {"uv": [29, 109], "uv_size": [1, -18]}
							}
						},
						{
							"origin": [-0.8, 21.2, -32.9],
							"size": [1.6, 1.6, 13],
							"pivot": [0, 22, -28.9],
							"rotation": [0, 0, 22.5],
							"uv": {
								"north": {"uv": [84, 108], "uv_size": [2, 2]},
								"east": {"uv": [76, 72], "uv_size": [13, 2]},
								"south": {"uv": [86, 108], "uv_size": [2, 2]},
								"west": {"uv": [77, 62], "uv_size": [13, 2]},
								"up": {"uv": [6, 78], "uv_size": [2, 13]},
								"down": {"uv": [52, 93], "uv_size": [2, -13]}
							}
						},
						{
							"origin": [-1.1, 20.9, -33.3],
							"size": [2.2, 2.2, 0.4],
							"pivot": [0, 22, -41.9],
							"rotation": [0, 0, 22.5],
							"uv": {
								"north": {"uv": [107, 108], "uv_size": [2, 2]},
								"east": {"uv": [76, 112], "uv_size": [1, 2]},
								"south": {"uv": [0, 109], "uv_size": [2, 2]},
								"west": {"uv": [77, 112], "uv_size": [1, 2]},
								"up": {"uv": [112, 77], "uv_size": [2, 1]},
								"down": {"uv": [112, 79], "uv_size": [2, -1]}
							}
						},
						{
							"origin": [-1.1, 20.9, -34.5],
							"size": [2.2, 2.2, 0.8],
							"pivot": [0, 22, -42.7],
							"rotation": [0, 0, 22.5],
							"uv": {
								"north": {"uv": [109, 0], "uv_size": [2, 2]},
								"east": {"uv": [79, 112], "uv_size": [1, 2]},
								"south": {"uv": [6, 109], "uv_size": [2, 2]},
								"west": {"uv": [112, 79], "uv_size": [1, 2]},
								"up": {"uv": [80, 112], "uv_size": [2, 1]},
								"down": {"uv": [112, 82], "uv_size": [2, -1]}
							}
						},
						{
							"origin": [-1.1, 20.9, -38.2],
							"size": [2.2, 2.2, 0.4],
							"pivot": [0, 22, -46.7],
							"rotation": [0, 0, 22.5],
							"uv": {
								"north": {"uv": [34, 109], "uv_size": [2, 2]},
								"east": {"uv": [82, 112], "uv_size": [1, 2]},
								"south": {"uv": [36, 109], "uv_size": [2, 2]},
								"west": {"uv": [83, 112], "uv_size": [1, 2]},
								"up": {"uv": [84, 112], "uv_size": [2, 1]},
								"down": {"uv": [112, 86], "uv_size": [2, -1]}
							}
						},
						{
							"origin": [-1.1, 20.9, -37.5],
							"size": [2.2, 2.2, 1.6],
							"pivot": [0, 22, -44.9],
							"rotation": [0, 0, 22.5],
							"uv": {
								"north": {"uv": [18, 109], "uv_size": [2, 2]},
								"east": {"uv": [20, 109], "uv_size": [2, 2]},
								"south": {"uv": [22, 109], "uv_size": [2, 2]},
								"west": {"uv": [24, 109], "uv_size": [2, 2]},
								"up": {"uv": [26, 109], "uv_size": [2, 2]},
								"down": {"uv": [109, 32], "uv_size": [2, -2]}
							}
						},
						{
							"origin": [-1.1, 22.7, -41.7],
							"size": [2.2, 0.4, 2.8],
							"pivot": [0, 22, -47.9],
							"rotation": [0, 0, 22.5],
							"uv": {
								"north": {"uv": [86, 112], "uv_size": [2, 1]},
								"east": {"uv": [111, 58], "uv_size": [3, 1]},
								"south": {"uv": [112, 86], "uv_size": [2, 1]},
								"west": {"uv": [111, 59], "uv_size": [3, 1]},
								"up": {"uv": [83, 105], "uv_size": [2, 3]},
								"down": {"uv": [85, 108], "uv_size": [2, -3]}
							}
						},
						{
							"origin": [-1.1, 20.9, -41.7],
							"size": [2.2, 0.4, 2.8],
							"pivot": [0, 22, -47.9],
							"rotation": [0, 0, 22.5],
							"uv": {
								"north": {"uv": [112, 87], "uv_size": [2, 1]},
								"east": {"uv": [111, 75], "uv_size": [3, 1]},
								"south": {"uv": [88, 112], "uv_size": [2, 1]},
								"west": {"uv": [111, 76], "uv_size": [3, 1]},
								"up": {"uv": [87, 105], "uv_size": [2, 3]},
								"down": {"uv": [89, 108], "uv_size": [2, -3]}
							}
						},
						{
							"origin": [-1.1, 21.3, -41.7],
							"size": [0.4, 0.4, 2.8],
							"pivot": [0, 22, -47.9],
							"rotation": [0, 0, 22.5],
							"uv": {
								"north": {"uv": [10, 114], "uv_size": [1, 1]},
								"east": {"uv": [111, 61], "uv_size": [3, 1]},
								"south": {"uv": [114, 10], "uv_size": [1, 1]},
								"west": {"uv": [111, 67], "uv_size": [3, 1]},
								"up": {"uv": [71, 111], "uv_size": [1, 3]},
								"down": {"uv": [73, 114], "uv_size": [1, -3]}
							}
						},
						{
							"origin": [-1.1, 22.3, -41.7],
							"size": [0.4, 0.4, 2.8],
							"pivot": [0, 22, -47.9],
							"rotation": [0, 0, 22.5],
							"uv": {
								"north": {"uv": [114, 15], "uv_size": [1, 1]},
								"east": {"uv": [111, 99], "uv_size": [3, 1]},
								"south": {"uv": [17, 114], "uv_size": [1, 1]},
								"west": {"uv": [103, 111], "uv_size": [3, 1]},
								"up": {"uv": [95, 111], "uv_size": [1, 3]},
								"down": {"uv": [96, 114], "uv_size": [1, -3]}
							}
						},
						{
							"origin": [0.7, 21.3, -41.7],
							"size": [0.4, 0.4, 2.8],
							"pivot": [0, 22, -47.9],
							"rotation": [0, 0, 22.5],
							"uv": {
								"north": {"uv": [11, 114], "uv_size": [1, 1]},
								"east": {"uv": [80, 111], "uv_size": [3, 1]},
								"south": {"uv": [114, 11], "uv_size": [1, 1]},
								"west": {"uv": [111, 82], "uv_size": [3, 1]},
								"up": {"uv": [74, 111], "uv_size": [1, 3]},
								"down": {"uv": [75, 114], "uv_size": [1, -3]}
							}
						},
						{
							"origin": [0.7, 22.3, -41.7],
							"size": [0.4, 0.4, 2.8],
							"pivot": [0, 22, -47.9],
							"rotation": [0, 0, 22.5],
							"uv": {
								"north": {"uv": [114, 12], "uv_size": [1, 1]},
								"east": {"uv": [111, 83], "uv_size": [3, 1]},
								"south": {"uv": [114, 13], "uv_size": [1, 1]},
								"west": {"uv": [111, 84], "uv_size": [3, 1]},
								"up": {"uv": [111, 85], "uv_size": [1, 3]},
								"down": {"uv": [111, 91], "uv_size": [1, -3]}
							}
						},
						{
							"origin": [0.7, 21.7, -41.7],
							"size": [0.4, 0.6, 0.5],
							"pivot": [0, 22, -47.9],
							"rotation": [0, 0, 22.5],
							"uv": {
								"north": {"uv": [18, 114], "uv_size": [1, 1]},
								"east": {"uv": [23, 114], "uv_size": [1, 1]},
								"south": {"uv": [114, 23], "uv_size": [1, 1]},
								"west": {"uv": [24, 114], "uv_size": [1, 1]},
								"up": {"uv": [114, 24], "uv_size": [1, 1]},
								"down": {"uv": [114, 26], "uv_size": [1, -1]}
							}
						},
						{
							"origin": [-1.1, 21.7, -41.7],
							"size": [0.4, 0.6, 0.5],
							"pivot": [0, 22, -47.9],
							"rotation": [0, 0, 22.5],
							"uv": {
								"north": {"uv": [114, 26], "uv_size": [1, 1]},
								"east": {"uv": [114, 27], "uv_size": [1, 1]},
								"south": {"uv": [114, 28], "uv_size": [1, 1]},
								"west": {"uv": [29, 114], "uv_size": [1, 1]},
								"up": {"uv": [30, 114], "uv_size": [1, 1]},
								"down": {"uv": [114, 31], "uv_size": [1, -1]}
							}
						},
						{
							"origin": [-1.1, 21.7, -39.4],
							"size": [0.4, 0.6, 0.5],
							"pivot": [0, 22, -47.9],
							"rotation": [0, 0, 22.5],
							"uv": {
								"north": {"uv": [35, 114], "uv_size": [1, 1]},
								"east": {"uv": [114, 35], "uv_size": [1, 1]},
								"south": {"uv": [114, 36], "uv_size": [1, 1]},
								"west": {"uv": [37, 114], "uv_size": [1, 1]},
								"up": {"uv": [114, 37], "uv_size": [1, 1]},
								"down": {"uv": [114, 39], "uv_size": [1, -1]}
							}
						},
						{
							"origin": [0.7, 21.7, -39.4],
							"size": [0.4, 0.6, 0.5],
							"pivot": [0, 22, -47.9],
							"rotation": [0, 0, 22.5],
							"uv": {
								"north": {"uv": [31, 114], "uv_size": [1, 1]},
								"east": {"uv": [114, 31], "uv_size": [1, 1]},
								"south": {"uv": [32, 114], "uv_size": [1, 1]},
								"west": {"uv": [114, 32], "uv_size": [1, 1]},
								"up": {"uv": [114, 33], "uv_size": [1, 1]},
								"down": {"uv": [34, 115], "uv_size": [1, -1]}
							}
						},
						{
							"origin": [-0.9, 21.1, -38.9],
							"size": [1.8, 1.8, 5.6],
							"pivot": [0, 22, -42.3],
							"rotation": [0, 0, 22.5],
							"uv": {
								"north": {"uv": [8, 109], "uv_size": [2, 2]},
								"east": {"uv": [90, 62], "uv_size": [6, 2]},
								"south": {"uv": [16, 109], "uv_size": [2, 2]},
								"west": {"uv": [94, 69], "uv_size": [6, 2]},
								"up": {"uv": [49, 59], "uv_size": [2, 6]},
								"down": {"uv": [52, 99], "uv_size": [2, -6]}
							}
						},
						{
							"origin": [1.99737, 17.9048, -23.4],
							"size": [0.5, 1.1, 59.3],
							"pivot": [2.24737, 18.5548, 27.45],
							"rotation": [0, 0, 32.5],
							"uv": {
								"north": {"uv": [113, 73], "uv_size": [1, 1]},
								"east": {"uv": [65, 16], "uv_size": [59, 1]},
								"south": {"uv": [113, 74], "uv_size": [1, 1]},
								"west": {"uv": [65, 17], "uv_size": [59, 1]},
								"up": {"uv": [57, 65], "uv_size": [1, 59]},
								"down": {"uv": [58, 124], "uv_size": [1, -59]}
							}
						},
						{
							"origin": [-0.8, 23.3, 0.7],
							"size": [1.6, 2.1, 35.2],
							"uv": {
								"north": {"uv": [11, 108], "uv_size": [2, 2]},
								"east": {"uv": [51, 51], "uv_size": [35, 2]},
								"south": {"uv": [108, 22], "uv_size": [2, 2]},
								"west": {"uv": [51, 53], "uv_size": [35, 2]},
								"up": {"uv": [8, 53], "uv_size": [2, 35]},
								"down": {"uv": [10, 88], "uv_size": [2, -35]}
							}
						},
						{
							"origin": [-1.5, 24.1, 9.7],
							"size": [3, 2.1, 5.7],
							"pivot": [0, 25.15, 12.4],
							"rotation": [-20, 0, 0],
							"uv": {
								"north": {"uv": [106, 30], "uv_size": [3, 2]},
								"east": {"uv": [13, 97], "uv_size": [6, 2]},
								"south": {"uv": [32, 106], "uv_size": [3, 2]},
								"west": {"uv": [97, 36], "uv_size": [6, 2]},
								"up": {"uv": [37, 91], "uv_size": [3, 6]},
								"down": {"uv": [59, 97], "uv_size": [3, -6]}
							}
						},
						{
							"origin": [-0.8, 22.1, -22.3],
							"size": [1.6, 3.3, 4.8],
							"uv": {
								"north": {"uv": [3, 104], "uv_size": [2, 3]},
								"east": {"uv": [90, 39], "uv_size": [5, 3]},
								"south": {"uv": [76, 104], "uv_size": [2, 3]},
								"west": {"uv": [81, 92], "uv_size": [5, 3]},
								"up": {"uv": [3, 99], "uv_size": [2, 5]},
								"down": {"uv": [11, 104], "uv_size": [2, -5]}
							}
						},
						{
							"origin": [-1.8, 22.1, -17.5],
							"size": [3.6, 2.8, 2.7],
							"uv": {
								"north": {"uv": [95, 91], "uv_size": [4, 3]},
								"east": {"uv": [63, 103], "uv_size": [3, 3]},
								"south": {"uv": [95, 94], "uv_size": [4, 3]},
								"west": {"uv": [103, 65], "uv_size": [3, 3]},
								"up": {"uv": [96, 31], "uv_size": [4, 3]},
								"down": {"uv": [45, 99], "uv_size": [4, -3]}
							}
						},
						{
							"origin": [-1.8, 24.6, -20.2],
							"size": [3.6, 1.5, 30.8],
							"uv": {
								"north": {"uv": [104, 13], "uv_size": [4, 2]},
								"east": {"uv": [57, 24], "uv_size": [31, 2]},
								"south": {"uv": [15, 104], "uv_size": [4, 2]},
								"west": {"uv": [57, 26], "uv_size": [31, 2]},
								"up": {"uv": [37, 45], "uv_size": [4, 31]},
								"down": {"uv": [47, 59], "uv_size": [4, -31]}
							}
						},
						{
							"origin": [-0.15, 31.65, -20.7],
							"size": [0.3, 1.875, 0.2],
							"pivot": [0, 26.85, -19.3],
							"rotation": [-45, 0, 0],
							"uv": {
								"north": {"uv": [112, 112], "uv_size": [1, 2]},
								"east": {"uv": [113, 2], "uv_size": [1, 2]},
								"south": {"uv": [113, 4], "uv_size": [1, 2]},
								"west": {"uv": [113, 6], "uv_size": [1, 2]},
								"up": {"uv": [74, 114], "uv_size": [1, 1]},
								"down": {"uv": [114, 75], "uv_size": [1, -1]}
							}
						},
						{
							"origin": [1.3, 26.1, -14.7],
							"size": [0.4, 4.9, 23.5],
							"pivot": [1.45, 28.55, -2.95],
							"rotation": [0, 0, -2.5],
							"uv": {
								"north": {"uv": [81, 106], "uv_size": [1, 5]},
								"east": {"uv": [8, 48], "uv_size": [24, 5]},
								"south": {"uv": [82, 106], "uv_size": [1, 5]},
								"west": {"uv": [51, 28], "uv_size": [24, 5]},
								"up": {"uv": [54, 80], "uv_size": [1, 24]},
								"down": {"uv": [55, 104], "uv_size": [1, -24]}
							}
						},
						{
							"origin": [1.3, 26.1, -17.8],
							"size": [0.45, 1.775, 5.1],
							"pivot": [1.45, 28.55, -2.95],
							"rotation": [0, 0, -2.5],
							"uv": {
								"north": {"uv": [113, 12], "uv_size": [1, 2]},
								"east": {"uv": [99, 28], "uv_size": [5, 2]},
								"south": {"uv": [16, 113], "uv_size": [1, 2]},
								"west": {"uv": [99, 39], "uv_size": [5, 2]},
								"up": {"uv": [77, 107], "uv_size": [1, 5]},
								"down": {"uv": [107, 82], "uv_size": [1, -5]}
							}
						},
						{
							"origin": [1.3, 26.1, -20.2],
							"size": [0.45, 0.775, 2.4],
							"pivot": [1.45, 28.55, -2.95],
							"rotation": [0, 0, -2.5],
							"uv": {
								"north": {"uv": [78, 114], "uv_size": [1, 1]},
								"east": {"uv": [17, 113], "uv_size": [2, 1]},
								"south": {"uv": [114, 78], "uv_size": [1, 1]},
								"west": {"uv": [23, 113], "uv_size": [2, 1]},
								"up": {"uv": [113, 23], "uv_size": [1, 2]},
								"down": {"uv": [25, 115], "uv_size": [1, -2]}
							}
						},
						{
							"origin": [1.35347, 26.17639, -15.56213],
							"size": [0.425, 3.6, 3.4],
							"pivot": [1.55347, 27.32639, -14.91213],
							"rotation": [45, 0, -2.5],
							"uv": {
								"north": {"uv": [55, 109], "uv_size": [1, 4]},
								"east": {"uv": [84, 96], "uv_size": [3, 4]},
								"south": {"uv": [72, 109], "uv_size": [1, 4]},
								"west": {"uv": [87, 96], "uv_size": [3, 4]},
								"up": {"uv": [6, 112], "uv_size": [1, 3]},
								"down": {"uv": [7, 115], "uv_size": [1, -3]}
							}
						},
						{
							"origin": [1.35347, 28.77639, -18.16213],
							"size": [0.475, 1, 2.6],
							"pivot": [1.55347, 27.32639, -14.91213],
							"rotation": [45, 0, -2.5],
							"uv": {
								"north": {"uv": [77, 114], "uv_size": [1, 1]},
								"east": {"uv": [111, 109], "uv_size": [3, 1]},
								"south": {"uv": [114, 77], "uv_size": [1, 1]},
								"west": {"uv": [10, 112], "uv_size": [3, 1]},
								"up": {"uv": [8, 112], "uv_size": [1, 3]},
								"down": {"uv": [13, 115], "uv_size": [1, -3]}
							}
						},
						{
							"origin": [-1.825, 24.5, 7.9],
							"size": [3.65, 4.8, 2.1],
							"pivot": [0, 28.55, 9.55],
							"rotation": [17.5, 0, 0],
							"uv": {
								"north": {"uv": [81, 87], "uv_size": [4, 5]},
								"east": {"uv": [99, 51], "uv_size": [2, 5]},
								"south": {"uv": [85, 87], "uv_size": [4, 5]},
								"west": {"uv": [52, 99], "uv_size": [2, 5]},
								"up": {"uv": [52, 104], "uv_size": [4, 2]},
								"down": {"uv": [104, 55], "uv_size": [4, -2]}
							}
						},
						{
							"origin": [1.1718, 28.55076, 7.12969],
							"size": [0.45, 4.7, 2.1],
							"pivot": [1.1968, 30.90076, 8.17969],
							"rotation": [17.43745, 1.50179, -4.76968],
							"uv": {
								"north": {"uv": [69, 107], "uv_size": [1, 5]},
								"east": {"uv": [68, 99], "uv_size": [2, 5]},
								"south": {"uv": [107, 69], "uv_size": [1, 5]},
								"west": {"uv": [70, 99], "uv_size": [2, 5]},
								"up": {"uv": [100, 112], "uv_size": [1, 2]},
								"down": {"uv": [101, 114], "uv_size": [1, -2]}
							}
						},
						{
							"origin": [-1.2782, 28.90076, 6.42969],
							"size": [2.55, 2.4, 1.7],
							"pivot": [-0.0032, 30.25076, 7.77969],
							"rotation": [12.5, 0, 0],
							"uv": {
								"north": {"uv": [80, 103], "uv_size": [3, 3]},
								"east": {"uv": [105, 93], "uv_size": [2, 3]},
								"south": {"uv": [103, 82], "uv_size": [3, 3]},
								"west": {"uv": [105, 96], "uv_size": [2, 3]},
								"up": {"uv": [106, 0], "uv_size": [3, 2]},
								"down": {"uv": [11, 108], "uv_size": [3, -2]}
							}
						},
						{
							"origin": [-0.9782, 28.48974, -15.82395],
							"size": [1.95, 2.4, 1.7],
							"pivot": [-0.0032, 29.68974, -14.97395],
							"rotation": [-5, 0, 0],
							"uv": {
								"north": {"uv": [30, 110], "uv_size": [2, 2]},
								"east": {"uv": [32, 110], "uv_size": [2, 2]},
								"south": {"uv": [110, 51], "uv_size": [2, 2]},
								"west": {"uv": [110, 53], "uv_size": [2, 2]},
								"up": {"uv": [62, 110], "uv_size": [2, 2]},
								"down": {"uv": [110, 64], "uv_size": [2, -2]}
							}
						},
						{
							"origin": [-0.8782, 28.78974, -17.92395],
							"size": [1.75, 0.5, 4.6],
							"pivot": [-0.0032, 29.68974, -14.17395],
							"rotation": [-5, 0, 0],
							"uv": {
								"north": {"uv": [46, 113], "uv_size": [2, 1]},
								"east": {"uv": [107, 47], "uv_size": [5, 1]},
								"south": {"uv": [113, 47], "uv_size": [2, 1]},
								"west": {"uv": [107, 74], "uv_size": [5, 1]},
								"up": {"uv": [99, 91], "uv_size": [2, 5]},
								"down": {"uv": [98, 104], "uv_size": [2, -5]}
							}
						},
						{
							"origin": [-0.8782, 30.78974, -16.32395],
							"size": [1.75, 0.3, 3],
							"pivot": [-0.0032, 31.48974, -14.17395],
							"rotation": [-5, 0, 0],
							"uv": {
								"north": {"uv": [48, 113], "uv_size": [2, 1]},
								"east": {"uv": [112, 22], "uv_size": [3, 1]},
								"south": {"uv": [113, 48], "uv_size": [2, 1]},
								"west": {"uv": [23, 112], "uv_size": [3, 1]},
								"up": {"uv": [16, 106], "uv_size": [2, 3]},
								"down": {"uv": [18, 109], "uv_size": [2, -3]}
							}
						},
						{
							"origin": [1.06721, 30.89086, 6.37022],
							"size": [0.425, 2.5, 2.1],
							"pivot": [1.09221, 32.04086, 7.82022],
							"rotation": [-0.06255, 1.50179, -4.76968],
							"uv": {
								"north": {"uv": [4, 112], "uv_size": [1, 3]},
								"east": {"uv": [91, 105], "uv_size": [2, 3]},
								"south": {"uv": [5, 112], "uv_size": [1, 3]},
								"west": {"uv": [93, 105], "uv_size": [2, 3]},
								"up": {"uv": [104, 112], "uv_size": [1, 2]},
								"down": {"uv": [112, 106], "uv_size": [1, -2]}
							}
						},
						{
							"origin": [-1.6218, 28.55076, 7.12969],
							"size": [0.45, 4.7, 2.1],
							"pivot": [-1.1968, 30.90076, 8.17969],
							"rotation": [17.43745, -1.50179, 4.76968],
							"uv": {
								"north": {"uv": [70, 107], "uv_size": [1, 5]},
								"east": {"uv": [74, 99], "uv_size": [2, 5]},
								"south": {"uv": [76, 107], "uv_size": [1, 5]},
								"west": {"uv": [76, 99], "uv_size": [2, 5]},
								"up": {"uv": [102, 112], "uv_size": [1, 2]},
								"down": {"uv": [103, 114], "uv_size": [1, -2]}
							}
						},
						{
							"origin": [-1.275, 31.7, 7.9],
							"size": [2.45, 1.6, 2.075],
							"pivot": [0, 28.55, 9.55],
							"rotation": [17.5, 0, 0],
							"uv": {
								"north": {"uv": [59, 109], "uv_size": [2, 2]},
								"east": {"uv": [109, 65], "uv_size": [2, 2]},
								"south": {"uv": [95, 109], "uv_size": [2, 2]},
								"west": {"uv": [109, 108], "uv_size": [2, 2]},
								"up": {"uv": [11, 110], "uv_size": [2, 2]},
								"down": {"uv": [110, 24], "uv_size": [2, -2]}
							}
						},
						{
							"origin": [0.125, 33.2, 7],
							"size": [0.75, 0.2, 1.375],
							"uv": {
								"north": {"uv": [67, 114], "uv_size": [1, 1]},
								"east": {"uv": [114, 67], "uv_size": [1, 1]},
								"south": {"uv": [68, 114], "uv_size": [1, 1]},
								"west": {"uv": [114, 68], "uv_size": [1, 1]},
								"up": {"uv": [114, 69], "uv_size": [1, 1]},
								"down": {"uv": [114, 71], "uv_size": [1, -1]}
							}
						},
						{
							"origin": [-0.875, 33.2, 7],
							"size": [0.75, 0.2, 1.375],
							"uv": {
								"north": {"uv": [71, 114], "uv_size": [1, 1]},
								"east": {"uv": [114, 71], "uv_size": [1, 1]},
								"south": {"uv": [72, 114], "uv_size": [1, 1]},
								"west": {"uv": [114, 72], "uv_size": [1, 1]},
								"up": {"uv": [73, 114], "uv_size": [1, 1]},
								"down": {"uv": [114, 74], "uv_size": [1, -1]}
							}
						},
						{
							"origin": [-0.875, 32.3, 6.5],
							"size": [1.65, 0.9, 1.875],
							"uv": {
								"north": {"uv": [105, 112], "uv_size": [2, 1]},
								"east": {"uv": [107, 112], "uv_size": [2, 1]},
								"south": {"uv": [112, 110], "uv_size": [2, 1]},
								"west": {"uv": [112, 111], "uv_size": [2, 1]},
								"up": {"uv": [110, 24], "uv_size": [2, 2]},
								"down": {"uv": [110, 30], "uv_size": [2, -2]}
							}
						},
						{
							"origin": [0.69045, 30.82907, -15.4],
							"size": [0.6, 1.4, 22.7],
							"pivot": [0.99045, 31.67907, -3.7],
							"rotation": [0, 0, -22.5],
							"uv": {
								"north": {"uv": [114, 63], "uv_size": [1, 1]},
								"east": {"uv": [76, 74], "uv_size": [23, 1]},
								"south": {"uv": [114, 64], "uv_size": [1, 1]},
								"west": {"uv": [77, 64], "uv_size": [23, 1]},
								"up": {"uv": [63, 80], "uv_size": [1, 23]},
								"down": {"uv": [64, 103], "uv_size": [1, -23]}
							}
						},
						{
							"origin": [0.14003, 31.69007, -15.4],
							"size": [0.6, 1.15, 22.7],
							"pivot": [0.44003, 32.24007, -3.7],
							"rotation": [0, 0, -67.5],
							"uv": {
								"north": {"uv": [114, 65], "uv_size": [1, 1]},
								"east": {"uv": [77, 65], "uv_size": [23, 1]},
								"south": {"uv": [114, 66], "uv_size": [1, 1]},
								"west": {"uv": [81, 42], "uv_size": [23, 1]},
								"up": {"uv": [65, 80], "uv_size": [1, 23]},
								"down": {"uv": [5, 106], "uv_size": [1, -23]}
							}
						},
						{
							"origin": [0.89357, 26.96249, -23.45561],
							"size": [0.3, 1.4, 10.3],
							"pivot": [0.75549, 28.09311, -18.85561],
							"rotation": [42.73421, 15.69986, -16.32495],
							"uv": {
								"north": {"uv": [76, 114], "uv_size": [1, 1]},
								"east": {"uv": [89, 73], "uv_size": [10, 1]},
								"south": {"uv": [114, 76], "uv_size": [1, 1]},
								"west": {"uv": [97, 38], "uv_size": [10, 1]},
								"up": {"uv": [78, 99], "uv_size": [1, 10]},
								"down": {"uv": [95, 109], "uv_size": [1, -10]}
							}
						},
						{
							"origin": [1.06235, 27.97025, -15.25561],
							"size": [0.2, 1.05, 1.9],
							"pivot": [0.75549, 28.09311, -18.85561],
							"rotation": [20.94102, 40.78947, -59.63881],
							"uv": {
								"north": {"uv": [75, 114], "uv_size": [1, 1]},
								"east": {"uv": [113, 9], "uv_size": [2, 1]},
								"south": {"uv": [114, 75], "uv_size": [1, 1]},
								"west": {"uv": [10, 113], "uv_size": [2, 1]},
								"up": {"uv": [113, 10], "uv_size": [1, 2]},
								"down": {"uv": [12, 115], "uv_size": [1, -2]}
							}
						},
						{
							"origin": [-1.7, 26.1, -14.7],
							"size": [0.4, 4.9, 23.5],
							"pivot": [-1.45, 28.55, -2.95],
							"rotation": [0, 0, 2.5],
							"uv": {
								"north": {"uv": [98, 107], "uv_size": [1, 5]},
								"east": {"uv": [51, 33], "uv_size": [24, 5]},
								"south": {"uv": [99, 107], "uv_size": [1, 5]},
								"west": {"uv": [51, 38], "uv_size": [24, 5]},
								"up": {"uv": [56, 80], "uv_size": [1, 24]},
								"down": {"uv": [62, 104], "uv_size": [1, -24]}
							}
						},
						{
							"origin": [-1.29045, 30.82907, -15.4],
							"size": [0.6, 1.4, 22.7],
							"pivot": [-0.99045, 31.67907, -3.7],
							"rotation": [0, 0, 22.5],
							"uv": {
								"north": {"uv": [84, 114], "uv_size": [1, 1]},
								"east": {"uv": [84, 78], "uv_size": [23, 1]},
								"south": {"uv": [114, 84], "uv_size": [1, 1]},
								"west": {"uv": [84, 79], "uv_size": [23, 1]},
								"up": {"uv": [34, 83], "uv_size": [1, 23]},
								"down": {"uv": [28, 107], "uv_size": [1, -23]}
							}
						},
						{
							"origin": [-0.74003, 31.69007, -15.4],
							"size": [0.6, 1.15, 22.7],
							"pivot": [-0.44003, 32.24007, -3.7],
							"rotation": [0, 0, 67.5],
							"uv": {
								"north": {"uv": [83, 114], "uv_size": [1, 1]},
								"east": {"uv": [83, 61], "uv_size": [23, 1]},
								"south": {"uv": [114, 83], "uv_size": [1, 1]},
								"west": {"uv": [84, 77], "uv_size": [23, 1]},
								"up": {"uv": [32, 83], "uv_size": [1, 23]},
								"down": {"uv": [33, 106], "uv_size": [1, -23]}
							}
						},
						{
							"origin": [-1.77847, 26.17639, -15.56213],
							"size": [0.425, 3.6, 3.4],
							"pivot": [-1.55347, 27.32639, -14.91213],
							"rotation": [45, 0, 2.5],
							"uv": {
								"north": {"uv": [78, 109], "uv_size": [1, 4]},
								"east": {"uv": [90, 96], "uv_size": [3, 4]},
								"south": {"uv": [97, 109], "uv_size": [1, 4]},
								"west": {"uv": [0, 97], "uv_size": [3, 4]},
								"up": {"uv": [21, 112], "uv_size": [1, 3]},
								"down": {"uv": [22, 115], "uv_size": [1, -3]}
							}
						},
						{
							"origin": [-1.75, 26.1, -17.8],
							"size": [0.45, 1.775, 5.1],
							"pivot": [-1.45, 28.55, -2.95],
							"rotation": [0, 0, 2.5],
							"uv": {
								"north": {"uv": [40, 113], "uv_size": [1, 2]},
								"east": {"uv": [99, 73], "uv_size": [5, 2]},
								"south": {"uv": [45, 113], "uv_size": [1, 2]},
								"west": {"uv": [99, 80], "uv_size": [5, 2]},
								"up": {"uv": [79, 107], "uv_size": [1, 5]},
								"down": {"uv": [107, 96], "uv_size": [1, -5]}
							}
						},
						{
							"origin": [-1.82847, 28.77639, -18.16213],
							"size": [0.475, 1, 2.6],
							"pivot": [-1.55347, 27.32639, -14.91213],
							"rotation": [45, 0, 2.5],
							"uv": {
								"north": {"uv": [82, 114], "uv_size": [1, 1]},
								"east": {"uv": [112, 14], "uv_size": [3, 1]},
								"south": {"uv": [114, 82], "uv_size": [1, 1]},
								"west": {"uv": [16, 112], "uv_size": [3, 1]},
								"up": {"uv": [19, 112], "uv_size": [1, 3]},
								"down": {"uv": [20, 115], "uv_size": [1, -3]}
							}
						},
						{
							"origin": [-1.75, 26.1, -20.2],
							"size": [0.45, 0.775, 2.4],
							"pivot": [-1.45, 28.55, -2.95],
							"rotation": [0, 0, 2.5],
							"uv": {
								"north": {"uv": [81, 114], "uv_size": [1, 1]},
								"east": {"uv": [34, 113], "uv_size": [2, 1]},
								"south": {"uv": [114, 81], "uv_size": [1, 1]},
								"west": {"uv": [113, 34], "uv_size": [2, 1]},
								"up": {"uv": [36, 113], "uv_size": [1, 2]},
								"down": {"uv": [38, 115], "uv_size": [1, -2]}
							}
						},
						{
							"origin": [-1.19357, 26.96249, -23.45561],
							"size": [0.3, 1.4, 10.3],
							"pivot": [-0.75549, 28.09311, -18.85561],
							"rotation": [42.73421, -15.69986, 16.32495],
							"uv": {
								"north": {"uv": [80, 114], "uv_size": [1, 1]},
								"east": {"uv": [98, 68], "uv_size": [10, 1]},
								"south": {"uv": [114, 80], "uv_size": [1, 1]},
								"west": {"uv": [99, 5], "uv_size": [10, 1]},
								"up": {"uv": [96, 99], "uv_size": [1, 10]},
								"down": {"uv": [97, 109], "uv_size": [1, -10]}
							}
						},
						{
							"origin": [-1.26235, 27.97025, -15.25561],
							"size": [0.2, 1.05, 1.9],
							"pivot": [-0.75549, 28.09311, -18.85561],
							"rotation": [20.94102, -40.78947, 59.63881],
							"uv": {
								"north": {"uv": [79, 114], "uv_size": [1, 1]},
								"east": {"uv": [29, 113], "uv_size": [2, 1]},
								"south": {"uv": [114, 79], "uv_size": [1, 1]},
								"west": {"uv": [31, 113], "uv_size": [2, 1]},
								"up": {"uv": [113, 32], "uv_size": [1, 2]},
								"down": {"uv": [33, 115], "uv_size": [1, -2]}
							}
						},
						{
							"origin": [0.66235, 27.97025, -23.45561],
							"size": [0.6, 1.05, 6.3],
							"pivot": [0.75549, 28.09311, -18.85561],
							"rotation": [20.94102, 40.78947, -59.63881],
							"uv": {
								"north": {"uv": [87, 114], "uv_size": [1, 1]},
								"east": {"uv": [105, 35], "uv_size": [6, 1]},
								"south": {"uv": [114, 87], "uv_size": [1, 1]},
								"west": {"uv": [105, 64], "uv_size": [6, 1]},
								"up": {"uv": [14, 106], "uv_size": [1, 6]},
								"down": {"uv": [15, 112], "uv_size": [1, -6]}
							}
						},
						{
							"origin": [-0.15, 23.45, -20.7],
							"size": [0.3, 6.3, 1.2],
							"pivot": [0, 26.85, -19.3],
							"rotation": [-45, 0, 0],
							"uv": {
								"north": {"uv": [38, 103], "uv_size": [1, 6]},
								"east": {"uv": [56, 104], "uv_size": [1, 6]},
								"south": {"uv": [62, 104], "uv_size": [1, 6]},
								"west": {"uv": [5, 106], "uv_size": [1, 6]},
								"up": {"uv": [86, 114], "uv_size": [1, 1]},
								"down": {"uv": [114, 87], "uv_size": [1, -1]}
							}
						},
						{
							"origin": [-1.26235, 27.97025, -23.45561],
							"size": [0.6, 1.05, 6.3],
							"pivot": [-0.75549, 28.09311, -18.85561],
							"rotation": [20.94102, -40.78947, 59.63881],
							"uv": {
								"north": {"uv": [85, 114], "uv_size": [1, 1]},
								"east": {"uv": [104, 60], "uv_size": [6, 1]},
								"south": {"uv": [114, 85], "uv_size": [1, 1]},
								"west": {"uv": [105, 8], "uv_size": [6, 1]},
								"up": {"uv": [22, 103], "uv_size": [1, 6]},
								"down": {"uv": [27, 109], "uv_size": [1, -6]}
							}
						},
						{
							"origin": [-1.49221, 30.89086, 6.37022],
							"size": [0.425, 2.5, 2.1],
							"pivot": [-1.09221, 32.04086, 7.82022],
							"rotation": [-0.06255, -1.50179, 4.76968],
							"uv": {
								"north": {"uv": [14, 112], "uv_size": [1, 3]},
								"east": {"uv": [0, 106], "uv_size": [2, 3]},
								"south": {"uv": [15, 112], "uv_size": [1, 3]},
								"west": {"uv": [8, 106], "uv_size": [2, 3]},
								"up": {"uv": [113, 25], "uv_size": [1, 2]},
								"down": {"uv": [113, 29], "uv_size": [1, -2]}
							}
						},
						{
							"origin": [1.1718, 28.35076, -16.72969],
							"size": [0.45, 4.7, 2.1],
							"pivot": [1.1968, 30.70076, -15.67969],
							"rotation": [-17.43745, -1.50179, -4.76968],
							"uv": {
								"north": {"uv": [101, 107], "uv_size": [1, 5]},
								"east": {"uv": [88, 100], "uv_size": [2, 5]},
								"south": {"uv": [102, 107], "uv_size": [1, 5]},
								"west": {"uv": [90, 100], "uv_size": [2, 5]},
								"up": {"uv": [65, 113], "uv_size": [1, 2]},
								"down": {"uv": [66, 115], "uv_size": [1, -2]}
							}
						},
						{
							"origin": [1.06721, 30.69086, -15.97022],
							"size": [0.425, 2.5, 2.1],
							"pivot": [1.09221, 31.84086, -15.32022],
							"rotation": [0.06255, -1.50179, -4.76968],
							"uv": {
								"north": {"uv": [112, 26], "uv_size": [1, 3]},
								"east": {"uv": [106, 24], "uv_size": [2, 3]},
								"south": {"uv": [27, 112], "uv_size": [1, 3]},
								"west": {"uv": [25, 106], "uv_size": [2, 3]},
								"up": {"uv": [63, 113], "uv_size": [1, 2]},
								"down": {"uv": [64, 115], "uv_size": [1, -2]}
							}
						},
						{
							"origin": [-1.49221, 30.69086, -15.97022],
							"size": [0.425, 2.5, 2.1],
							"pivot": [-1.09221, 31.84086, -15.32022],
							"rotation": [0.06255, 1.50179, 4.76968],
							"uv": {
								"north": {"uv": [112, 23], "uv_size": [1, 3]},
								"east": {"uv": [20, 106], "uv_size": [2, 3]},
								"south": {"uv": [26, 112], "uv_size": [1, 3]},
								"west": {"uv": [23, 106], "uv_size": [2, 3]},
								"up": {"uv": [113, 56], "uv_size": [1, 2]},
								"down": {"uv": [62, 115], "uv_size": [1, -2]}
							}
						},
						{
							"origin": [-1.6218, 28.35076, -16.72969],
							"size": [0.45, 4.7, 2.1],
							"pivot": [-1.1968, 30.70076, -15.67969],
							"rotation": [-17.43745, 1.50179, 4.76968],
							"uv": {
								"north": {"uv": [100, 107], "uv_size": [1, 5]},
								"east": {"uv": [84, 100], "uv_size": [2, 5]},
								"south": {"uv": [107, 100], "uv_size": [1, 5]},
								"west": {"uv": [86, 100], "uv_size": [2, 5]},
								"up": {"uv": [50, 113], "uv_size": [1, 2]},
								"down": {"uv": [56, 115], "uv_size": [1, -2]}
							}
						},
						{
							"origin": [-1.275, 31.2, -17.475],
							"size": [2.45, 1.9, 2.075],
							"pivot": [0, 28.35, -17.05],
							"rotation": [-17.5, 0, 0],
							"uv": {
								"north": {"uv": [110, 77], "uv_size": [2, 2]},
								"east": {"uv": [110, 79], "uv_size": [2, 2]},
								"south": {"uv": [84, 110], "uv_size": [2, 2]},
								"west": {"uv": [86, 110], "uv_size": [2, 2]},
								"up": {"uv": [88, 110], "uv_size": [2, 2]},
								"down": {"uv": [90, 112], "uv_size": [2, -2]}
							}
						},
						{
							"origin": [-0.875, 32.1, -15.875],
							"size": [1.65, 0.9, 1.875],
							"uv": {
								"north": {"uv": [52, 113], "uv_size": [2, 1]},
								"east": {"uv": [54, 113], "uv_size": [2, 1]},
								"south": {"uv": [113, 54], "uv_size": [2, 1]},
								"west": {"uv": [113, 55], "uv_size": [2, 1]},
								"up": {"uv": [110, 70], "uv_size": [2, 2]},
								"down": {"uv": [110, 74], "uv_size": [2, -2]}
							}
						},
						{
							"origin": [-0.175, 33, -15.375],
							"size": [0.25, 0.3, 0.875],
							"uv": {
								"north": {"uv": [88, 114], "uv_size": [1, 1]},
								"east": {"uv": [114, 88], "uv_size": [1, 1]},
								"south": {"uv": [89, 114], "uv_size": [1, 1]},
								"west": {"uv": [114, 89], "uv_size": [1, 1]},
								"up": {"uv": [90, 114], "uv_size": [1, 1]},
								"down": {"uv": [114, 91], "uv_size": [1, -1]}
							}
						},
						{
							"origin": [-1.5, 24.06594, 35.29528],
							"size": [3, 1.2, 1.1],
							"pivot": [0, 24.21594, 35.84528],
							"rotation": [25, 0, 0],
							"uv": {
								"north": {"uv": [92, 5], "uv_size": [3, 1]},
								"east": {"uv": [78, 113], "uv_size": [1, 1]},
								"south": {"uv": [92, 15], "uv_size": [3, 1]},
								"west": {"uv": [113, 79], "uv_size": [1, 1]},
								"up": {"uv": [110, 60], "uv_size": [3, 1]},
								"down": {"uv": [110, 94], "uv_size": [3, -1]}
							}
						},
						{
							"origin": [1.25147, 23.47999, 35.35867],
							"size": [1.2, 1.7, 1.1],
							"pivot": [1.85147, 24.07999, 35.90867],
							"rotation": [18.2489, 17.38772, -42.18626],
							"uv": {
								"north": {"uv": [92, 100], "uv_size": [1, 2]},
								"east": {"uv": [101, 94], "uv_size": [1, 2]},
								"south": {"uv": [73, 102], "uv_size": [1, 2]},
								"west": {"uv": [83, 103], "uv_size": [1, 2]},
								"up": {"uv": [81, 113], "uv_size": [1, 1]},
								"down": {"uv": [84, 114], "uv_size": [1, -1]}
							}
						},
						{
							"origin": [-2.7, 22.66594, 35.29528],
							"size": [5.4, 1.4, 1.1],
							"pivot": [0, 24.21594, 35.84528],
							"rotation": [25, 0, 0],
							"uv": {
								"north": {"uv": [106, 57], "uv_size": [5, 1]},
								"east": {"uv": [80, 113], "uv_size": [1, 1]},
								"south": {"uv": [106, 61], "uv_size": [5, 1]},
								"west": {"uv": [113, 80], "uv_size": [1, 1]},
								"up": {"uv": [66, 106], "uv_size": [5, 1]},
								"down": {"uv": [106, 68], "uv_size": [5, -1]}
							}
						},
						{
							"origin": [-2.675, 22.39644, -23.96231],
							"size": [5.35, 1, 1.1],
							"pivot": [0.83735, 23.74644, -23.41231],
							"rotation": [-50, 0, 0],
							"uv": {
								"north": {"uv": [106, 87], "uv_size": [5, 1]},
								"east": {"uv": [114, 8], "uv_size": [1, 1]},
								"south": {"uv": [106, 88], "uv_size": [5, 1]},
								"west": {"uv": [9, 114], "uv_size": [1, 1]},
								"up": {"uv": [106, 89], "uv_size": [5, 1]},
								"down": {"uv": [106, 91], "uv_size": [5, -1]}
							}
						},
						{
							"origin": [-1.5, 23.39644, -23.96231],
							"size": [3, 2.3, 1.1],
							"pivot": [0.83735, 23.74644, -23.41231],
							"rotation": [-50, 0, 0],
							"uv": {
								"north": {"uv": [105, 33], "uv_size": [3, 2]},
								"east": {"uv": [112, 71], "uv_size": [1, 2]},
								"south": {"uv": [105, 62], "uv_size": [3, 2]},
								"west": {"uv": [112, 73], "uv_size": [1, 2]},
								"up": {"uv": [111, 49], "uv_size": [3, 1]},
								"down": {"uv": [111, 51], "uv_size": [3, -1]}
							}
						},
						{
							"origin": [0.64594, 22.17824, -23.23111],
							"size": [1.2, 2.6, 1.3],
							"pivot": [0.49349, 24.35998, -22.68111],
							"rotation": [-46.58994, -20.71501, -18.50097],
							"uv": {
								"north": {"uv": [111, 55], "uv_size": [1, 3]},
								"east": {"uv": [59, 111], "uv_size": [1, 3]},
								"south": {"uv": [60, 111], "uv_size": [1, 3]},
								"west": {"uv": [111, 64], "uv_size": [1, 3]},
								"up": {"uv": [114, 6], "uv_size": [1, 1]},
								"down": {"uv": [114, 8], "uv_size": [1, -1]}
							}
						},
						{
							"origin": [0.3412, 23.76844, 0.7],
							"size": [2, 1.325, 35.2],
							"pivot": [1.3412, 24.09344, 27.8],
							"rotation": [0, 0, -67.5],
							"uv": {
								"north": {"uv": [99, 56], "uv_size": [2, 1]},
								"east": {"uv": [65, 22], "uv_size": [35, 1]},
								"south": {"uv": [100, 33], "uv_size": [2, 1]},
								"west": {"uv": [65, 23], "uv_size": [35, 1]},
								"up": {"uv": [12, 53], "uv_size": [2, 35]},
								"down": {"uv": [14, 88], "uv_size": [2, -35]}
							}
						},
						{
							"origin": [0.3169, 22.82597, 0.7],
							"size": [2, 1.725, 35.2],
							"pivot": [1.3169, 24.02597, 27.8],
							"rotation": [0, 0, -22.5],
							"uv": {
								"north": {"uv": [108, 24], "uv_size": [2, 2]},
								"east": {"uv": [51, 55], "uv_size": [35, 2]},
								"south": {"uv": [108, 28], "uv_size": [2, 2]},
								"west": {"uv": [57, 10], "uv_size": [35, 2]},
								"up": {"uv": [16, 53], "uv_size": [2, 35]},
								"down": {"uv": [18, 88], "uv_size": [2, -35]}
							}
						},
						{
							"origin": [1.7669, 24.05097, -17.5],
							"size": [0.3, 0.525, 18.2],
							"pivot": [1.0669, 24.05097, -7.4],
							"rotation": [0, 0, -22.5],
							"uv": {
								"north": {"uv": [114, 2], "uv_size": [1, 1]},
								"east": {"uv": [86, 71], "uv_size": [18, 1]},
								"south": {"uv": [114, 3], "uv_size": [1, 1]},
								"west": {"uv": [88, 24], "uv_size": [18, 1]},
								"up": {"uv": [40, 84], "uv_size": [1, 18]},
								"down": {"uv": [23, 106], "uv_size": [1, -18]}
							}
						},
						{
							"origin": [1.4669, 22.52597, -17.5],
							"size": [0.3, 0.525, 18.2],
							"pivot": [0.7669, 22.52597, -7.4],
							"rotation": [0, 0, 7.5],
							"uv": {
								"north": {"uv": [114, 4], "uv_size": [1, 1]},
								"east": {"uv": [88, 25], "uv_size": [18, 1]},
								"south": {"uv": [114, 5], "uv_size": [1, 1]},
								"west": {"uv": [88, 26], "uv_size": [18, 1]},
								"up": {"uv": [51, 89], "uv_size": [1, 18]},
								"down": {"uv": [6, 109], "uv_size": [1, -18]}
							}
						},
						{
							"origin": [0.3169, 22.82597, -22.9],
							"size": [2, 1.725, 5.4],
							"pivot": [1.3169, 24.02597, -25.6],
							"rotation": [0, 0, -22.5],
							"uv": {
								"north": {"uv": [88, 108], "uv_size": [2, 2]},
								"east": {"uv": [98, 85], "uv_size": [5, 2]},
								"south": {"uv": [90, 108], "uv_size": [2, 2]},
								"west": {"uv": [98, 87], "uv_size": [5, 2]},
								"up": {"uv": [82, 98], "uv_size": [2, 5]},
								"down": {"uv": [99, 5], "uv_size": [2, -5]}
							}
						},
						{
							"origin": [0.3412, 23.76844, -22.3],
							"size": [2, 1.325, 4.8],
							"pivot": [1.3412, 24.09344, -25.6],
							"rotation": [0, 0, -67.5],
							"uv": {
								"north": {"uv": [112, 52], "uv_size": [2, 1]},
								"east": {"uv": [106, 83], "uv_size": [5, 1]},
								"south": {"uv": [112, 53], "uv_size": [2, 1]},
								"west": {"uv": [106, 84], "uv_size": [5, 1]},
								"up": {"uv": [49, 98], "uv_size": [2, 5]},
								"down": {"uv": [80, 103], "uv_size": [2, -5]}
							}
						},
						{
							"origin": [-2.19237, 10.20669, 33.5485],
							"size": [4.4, 8.4, 1.9],
							"pivot": [0.00763, 14.05669, 35.8985],
							"rotation": [-7.5, 0, 0],
							"uv": {
								"north": {"uv": [28, 76], "uv_size": [4, 8]},
								"east": {"uv": [68, 91], "uv_size": [2, 8]},
								"south": {"uv": [37, 76], "uv_size": [4, 8]},
								"west": {"uv": [70, 91], "uv_size": [2, 8]},
								"up": {"uv": [103, 3], "uv_size": [4, 2]},
								"down": {"uv": [103, 38], "uv_size": [4, -2]}
							}
						},
						{
							"origin": [-2.69237, 18.63256, 35.07781],
							"size": [5.4, 4.6, 1.9],
							"pivot": [0.00763, 22.93256, 36.02781],
							"rotation": [-12.5, 0, 0],
							"uv": {
								"north": {"uv": [72, 82], "uv_size": [5, 5]},
								"east": {"uv": [59, 97], "uv_size": [2, 5]},
								"south": {"uv": [77, 82], "uv_size": [5, 5]},
								"west": {"uv": [72, 97], "uv_size": [2, 5]},
								"up": {"uv": [74, 97], "uv_size": [5, 2]},
								"down": {"uv": [95, 99], "uv_size": [5, -2]}
							}
						},
						{
							"origin": [-2.20237, 9.29592, 19.73],
							"size": [4.41, 2, 15.2],
							"pivot": [0.00763, 10.64592, 27.33],
							"rotation": [-7.5, 0, 0],
							"uv": {
								"north": {"uv": [100, 22], "uv_size": [4, 2]},
								"east": {"uv": [76, 45], "uv_size": [15, 2]},
								"south": {"uv": [100, 69], "uv_size": [4, 2]},
								"west": {"uv": [76, 47], "uv_size": [15, 2]},
								"up": {"uv": [49, 65], "uv_size": [4, 15]},
								"down": {"uv": [53, 80], "uv_size": [4, -15]}
							}
						},
						{
							"origin": [-1.2, 8.5, 19.65],
							"size": [2.4, 2.2, 15.85],
							"pivot": [-1, 15.1, 26],
							"rotation": [-7.5, 0, 0],
							"uv": {
								"north": {"uv": [87, 85], "uv_size": [2, 2]},
								"east": {"uv": [72, 75], "uv_size": [16, 2]},
								"south": {"uv": [100, 64], "uv_size": [2, 2]},
								"west": {"uv": [76, 43], "uv_size": [16, 2]},
								"up": {"uv": [24, 76], "uv_size": [2, 16]},
								"down": {"uv": [26, 92], "uv_size": [2, -16]}
							}
						},
						{
							"origin": [0.4, 8.66931, 19.57251],
							"size": [1.6, 1.425, 15.2],
							"pivot": [1.2, 9.46931, 26.87251],
							"rotation": [-5.31847, 5.29571, 44.75386],
							"uv": {
								"north": {"uv": [91, 32], "uv_size": [2, 1]},
								"east": {"uv": [89, 58], "uv_size": [15, 1]},
								"south": {"uv": [84, 95], "uv_size": [2, 1]},
								"west": {"uv": [89, 59], "uv_size": [15, 1]},
								"up": {"uv": [68, 76], "uv_size": [2, 15]},
								"down": {"uv": [70, 91], "uv_size": [2, -15]}
							}
						},
						{
							"origin": [-2.45147, 23.47999, 35.35867],
							"size": [1.2, 1.7, 1.1],
							"pivot": [-1.85147, 24.07999, 35.90867],
							"rotation": [18.2489, -17.38772, 42.18626],
							"uv": {
								"north": {"uv": [112, 91], "uv_size": [1, 2]},
								"east": {"uv": [92, 112], "uv_size": [1, 2]},
								"south": {"uv": [93, 112], "uv_size": [1, 2]},
								"west": {"uv": [94, 112], "uv_size": [1, 2]},
								"up": {"uv": [114, 57], "uv_size": [1, 1]},
								"down": {"uv": [114, 59], "uv_size": [1, -1]}
							}
						},
						{
							"origin": [-2.3412, 23.76844, -17.5],
							"size": [0.4, 1.325, 53.4],
							"pivot": [-1.3412, 24.09344, 27.8],
							"rotation": [0, 0, 67.5],
							"uv": {
								"north": {"uv": [55, 114], "uv_size": [1, 1]},
								"east": {"uv": [65, 20], "uv_size": [53, 1]},
								"south": {"uv": [114, 56], "uv_size": [1, 1]},
								"west": {"uv": [65, 21], "uv_size": [53, 1]},
								"up": {"uv": [43, 67], "uv_size": [1, 53]},
								"down": {"uv": [44, 120], "uv_size": [1, -53]}
							}
						},
						{
							"origin": [-2.3169, 22.82597, 0.7],
							"size": [2, 1.725, 35.2],
							"pivot": [-1.3169, 24.02597, 27.8],
							"rotation": [0, 0, 22.5],
							"uv": {
								"north": {"uv": [49, 109], "uv_size": [2, 2]},
								"east": {"uv": [57, 12], "uv_size": [35, 2]},
								"south": {"uv": [109, 49], "uv_size": [2, 2]},
								"west": {"uv": [57, 14], "uv_size": [35, 2]},
								"up": {"uv": [20, 53], "uv_size": [2, 35]},
								"down": {"uv": [22, 88], "uv_size": [2, -35]}
							}
						},
						{
							"origin": [-2.3169, 22.82597, -17.5],
							"size": [0.5, 1.725, 4.5],
							"pivot": [-1.3169, 24.02597, 9.5],
							"rotation": [0, 0, 22.5],
							"uv": {
								"north": {"uv": [112, 95], "uv_size": [1, 2]},
								"east": {"uv": [104, 22], "uv_size": [4, 2]},
								"south": {"uv": [112, 97], "uv_size": [1, 2]},
								"west": {"uv": [104, 28], "uv_size": [4, 2]},
								"up": {"uv": [109, 51], "uv_size": [1, 4]},
								"down": {"uv": [52, 113], "uv_size": [1, -4]}
							}
						},
						{
							"origin": [-2.3169, 22.82597, -8.2],
							"size": [0.5, 1.725, 4.1],
							"pivot": [-1.3169, 24.02597, 18.4],
							"rotation": [0, 0, 22.5],
							"uv": {
								"north": {"uv": [98, 112], "uv_size": [1, 2]},
								"east": {"uv": [104, 39], "uv_size": [4, 2]},
								"south": {"uv": [99, 112], "uv_size": [1, 2]},
								"west": {"uv": [104, 51], "uv_size": [4, 2]},
								"up": {"uv": [53, 109], "uv_size": [1, 4]},
								"down": {"uv": [54, 113], "uv_size": [1, -4]}
							}
						},
						{
							"origin": [-2.3169, 23.82597, -4.1],
							"size": [0.5, 0.725, 4.8],
							"pivot": [-1.3169, 24.02597, 18.4],
							"rotation": [0, 0, 22.5],
							"uv": {
								"north": {"uv": [59, 114], "uv_size": [1, 1]},
								"east": {"uv": [107, 36], "uv_size": [5, 1]},
								"south": {"uv": [114, 59], "uv_size": [1, 1]},
								"west": {"uv": [107, 37], "uv_size": [5, 1]},
								"up": {"uv": [61, 107], "uv_size": [1, 5]},
								"down": {"uv": [66, 112], "uv_size": [1, -5]}
							}
						},
						{
							"origin": [-2.3169, 23.82597, -13],
							"size": [0.5, 0.725, 4.8],
							"pivot": [-1.3169, 24.02597, 18.4],
							"rotation": [0, 0, 22.5],
							"uv": {
								"north": {"uv": [60, 114], "uv_size": [1, 1]},
								"east": {"uv": [107, 38], "uv_size": [5, 1]},
								"south": {"uv": [61, 114], "uv_size": [1, 1]},
								"west": {"uv": [107, 46], "uv_size": [5, 1]},
								"up": {"uv": [67, 107], "uv_size": [1, 5]},
								"down": {"uv": [68, 112], "uv_size": [1, -5]}
							}
						},
						{
							"origin": [-2.49737, 17.9048, -23.4],
							"size": [0.5, 1.1, 59.3],
							"pivot": [-2.24737, 18.5548, 27.45],
							"rotation": [0, 0, -32.5],
							"uv": {
								"north": {"uv": [114, 53], "uv_size": [1, 1]},
								"east": {"uv": [65, 18], "uv_size": [59, 1]},
								"south": {"uv": [54, 114], "uv_size": [1, 1]},
								"west": {"uv": [65, 19], "uv_size": [59, 1]},
								"up": {"uv": [41, 67], "uv_size": [1, 59]},
								"down": {"uv": [42, 126], "uv_size": [1, -59]}
							}
						},
						{
							"origin": [-2, 8.66931, 19.57251],
							"size": [1.6, 1.425, 15.2],
							"pivot": [-1.2, 9.46931, 26.87251],
							"rotation": [-5.31847, -5.29571, -44.75386],
							"uv": {
								"north": {"uv": [90, 112], "uv_size": [2, 1]},
								"east": {"uv": [89, 60], "uv_size": [15, 1]},
								"south": {"uv": [112, 90], "uv_size": [2, 1]},
								"west": {"uv": [89, 72], "uv_size": [15, 1]},
								"up": {"uv": [45, 77], "uv_size": [2, 15]},
								"down": {"uv": [47, 92], "uv_size": [2, -15]}
							}
						},
						{
							"origin": [-1.91768, 9.19443, 17.74119],
							"size": [1.4, 10.05, 1.4],
							"pivot": [-1.21768, 14.69443, 18.44119],
							"rotation": [20.75357, -43.07952, -14.51082],
							"uv": {
								"north": {"uv": [45, 99], "uv_size": [1, 10]},
								"east": {"uv": [46, 99], "uv_size": [1, 10]},
								"south": {"uv": [47, 99], "uv_size": [1, 10]},
								"west": {"uv": [48, 99], "uv_size": [1, 10]},
								"up": {"uv": [114, 52], "uv_size": [1, 1]},
								"down": {"uv": [53, 115], "uv_size": [1, -1]}
							}
						},
						{
							"origin": [-1.01535, 7.20675, 0.63772],
							"size": [0.821, 5.225, 1.275],
							"pivot": [-0.60485, 11.81925, 1.28772],
							"rotation": [46.60518, -27.79687, -26.25382],
							"uv": {
								"north": {"uv": [10, 107], "uv_size": [1, 5]},
								"east": {"uv": [28, 107], "uv_size": [1, 5]},
								"south": {"uv": [39, 107], "uv_size": [1, 5]},
								"west": {"uv": [51, 107], "uv_size": [1, 5]},
								"up": {"uv": [114, 51], "uv_size": [1, 1]},
								"down": {"uv": [52, 115], "uv_size": [1, -1]}
							}
						},
						{
							"origin": [-1.84594, 22.17824, -23.23111],
							"size": [1.2, 2.6, 1.3],
							"pivot": [-0.49349, 24.35998, -22.68111],
							"rotation": [-46.58994, 20.71501, 18.50097],
							"uv": {
								"north": {"uv": [111, 111], "uv_size": [1, 3]},
								"east": {"uv": [2, 112], "uv_size": [1, 3]},
								"south": {"uv": [112, 2], "uv_size": [1, 3]},
								"west": {"uv": [3, 112], "uv_size": [1, 3]},
								"up": {"uv": [114, 50], "uv_size": [1, 1]},
								"down": {"uv": [51, 115], "uv_size": [1, -1]}
							}
						},
						{
							"origin": [-2.3169, 22.82597, -22.9],
							"size": [2, 1.725, 5.4],
							"pivot": [-1.3169, 24.02597, -25.6],
							"rotation": [0, 0, 22.5],
							"uv": {
								"north": {"uv": [45, 109], "uv_size": [2, 2]},
								"east": {"uv": [99, 12], "uv_size": [5, 2]},
								"south": {"uv": [47, 109], "uv_size": [2, 2]},
								"west": {"uv": [99, 14], "uv_size": [5, 2]},
								"up": {"uv": [17, 99], "uv_size": [2, 5]},
								"down": {"uv": [99, 48], "uv_size": [2, -5]}
							}
						},
						{
							"origin": [-2.3412, 23.76844, -22.3],
							"size": [2, 1.325, 4.8],
							"pivot": [-1.3412, 24.09344, -25.6],
							"rotation": [0, 0, 67.5],
							"uv": {
								"north": {"uv": [112, 88], "uv_size": [2, 1]},
								"east": {"uv": [107, 3], "uv_size": [5, 1]},
								"south": {"uv": [112, 89], "uv_size": [2, 1]},
								"west": {"uv": [107, 4], "uv_size": [5, 1]},
								"up": {"uv": [13, 99], "uv_size": [2, 5]},
								"down": {"uv": [15, 104], "uv_size": [2, -5]}
							}
						},
						{
							"origin": [-1.725, 16.81851, -25.11179],
							"size": [1.125, 1.4, 4.5],
							"pivot": [-1.3, 17.51851, -22.86179],
							"rotation": [-45.28089, 35.39626, 29.83757],
							"uv": {
								"north": {"uv": [49, 114], "uv_size": [1, 1]},
								"east": {"uv": [98, 106], "uv_size": [5, 1]},
								"south": {"uv": [114, 49], "uv_size": [1, 1]},
								"west": {"uv": [103, 106], "uv_size": [5, 1]},
								"up": {"uv": [3, 107], "uv_size": [1, 5]},
								"down": {"uv": [4, 112], "uv_size": [1, -5]}
							}
						},
						{
							"origin": [-1.91213, 14.55708, -22.21866],
							"size": [0.8, 1.125, 3.4],
							"pivot": [-1.51213, 15.25708, -20.51866],
							"rotation": [-14.43276, -13.99545, -43.21918],
							"uv": {
								"north": {"uv": [47, 114], "uv_size": [1, 1]},
								"east": {"uv": [106, 111], "uv_size": [3, 1]},
								"south": {"uv": [48, 114], "uv_size": [1, 1]},
								"west": {"uv": [111, 108], "uv_size": [3, 1]},
								"up": {"uv": [109, 111], "uv_size": [1, 3]},
								"down": {"uv": [110, 114], "uv_size": [1, -3]}
							}
						},
						{
							"origin": [-1.91213, 13.56042, -19.06745],
							"size": [0.8, 1.125, 4.1],
							"pivot": [-1.51213, 14.26042, -17.01745],
							"rotation": [-8.90928, -8.80348, -44.31282],
							"uv": {
								"north": {"uv": [46, 114], "uv_size": [1, 1]},
								"east": {"uv": [108, 104], "uv_size": [4, 1]},
								"south": {"uv": [114, 46], "uv_size": [1, 1]},
								"west": {"uv": [109, 5], "uv_size": [4, 1]},
								"up": {"uv": [38, 109], "uv_size": [1, 4]},
								"down": {"uv": [40, 113], "uv_size": [1, -4]}
							}
						},
						{
							"origin": [-1.91213, 12.95353, -15.12441],
							"size": [0.8, 1.125, 4.1],
							"pivot": [-1.51213, 13.65353, -13.07441],
							"rotation": [-3.54002, -3.53329, -44.89078],
							"uv": {
								"north": {"uv": [114, 44], "uv_size": [1, 1]},
								"east": {"uv": [108, 81], "uv_size": [4, 1]},
								"south": {"uv": [114, 45], "uv_size": [1, 1]},
								"west": {"uv": [108, 95], "uv_size": [4, 1]},
								"up": {"uv": [94, 108], "uv_size": [1, 4]},
								"down": {"uv": [29, 113], "uv_size": [1, -4]}
							}
						},
						{
							"origin": [-1.65732, 12.86265, -11.1],
							"size": [0.75, 1.125, 0.8],
							"pivot": [-1.28232, 13.21265, -10.7],
							"rotation": [0, 0, -45],
							"uv": {
								"north": {"uv": [39, 114], "uv_size": [1, 1]},
								"east": {"uv": [114, 39], "uv_size": [1, 1]},
								"south": {"uv": [114, 40], "uv_size": [1, 1]},
								"west": {"uv": [114, 41], "uv_size": [1, 1]},
								"up": {"uv": [114, 42], "uv_size": [1, 1]},
								"down": {"uv": [114, 44], "uv_size": [1, -1]}
							}
						}
					]
				}
			]
		}
	]
}