{
	"format_version": "1.12.0",
	"minecraft:geometry": [
		{
			"description": {
				"identifier": "geometry.unknown",
				"texture_width": 32,
				"texture_height": 32,
				"visible_bounds_width": 8,
				"visible_bounds_height": 4,
				"visible_bounds_offset": [0, 1, 0]
			},
			"bones": [
				{
					"name": "ammo",
					"pivot": [-2.8, 10.45, -10.35],
					"cubes": [
						{
							"origin": [-3.05, -0.7, -6.6],
							"size": [3.3, 11.7, 10.7],
							"uv": {
								"north": {"uv": [0, 12], "uv_size": [3, 12]},
								"east": {"uv": [0, 0], "uv_size": [11, 12]},
								"south": {"uv": [3, 12], "uv_size": [3, 12]},
								"west": {"uv": [11, 0], "uv_size": [11, 12]},
								"up": {"uv": [6, 12], "uv_size": [3, 11]},
								"down": {"uv": [9, 23], "uv_size": [3, -11]}
							}
						}
					]
				}
			]
		}
	]
}