{
	"format_version": "1.12.0",
	"minecraft:geometry": [
		{
			"description": {
				"identifier": "geometry.unknown",
				"texture_width": 128,
				"texture_height": 128,
				"visible_bounds_width": 8,
				"visible_bounds_height": 4,
				"visible_bounds_offset": [0, 1, 0]
			},
			"bones": [
				{
					"name": "main",
					"pivot": [0, 20, 0]
				},
				{
					"name": "rightarm",
					"parent": "main",
					"pivot": [-6.3, 13.8, 11.8],
					"rotation": [-101.81106, -12.40003, -2.46982],
					"cubes": [
						{
							"origin": [-10.3, -10.2, 7.8],
							"size": [8, 24, 8],
							"uv": {
								"north": {"uv": [0, 0], "uv_size": [8, 24]},
								"east": {"uv": [8, 0], "uv_size": [8, 24]},
								"south": {"uv": [16, 0], "uv_size": [8, 24]},
								"west": {"uv": [0, 24], "uv_size": [8, 24]},
								"up": {"uv": [32, 0], "uv_size": [8, 8]},
								"down": {"uv": [32, 16], "uv_size": [8, -8]}
							}
						}
					]
				},
				{
					"name": "leftarm",
					"parent": "main",
					"pivot": [7.7, 8.3, 10.4],
					"rotation": [-119.61483, 1.67666, -38.31282],
					"cubes": [
						{
							"origin": [3.7, -15.7, 6.4],
							"size": [8, 24, 8],
							"uv": {
								"north": {"uv": [24, 0], "uv_size": [8, 24]},
								"east": {"uv": [8, 24], "uv_size": [8, 24]},
								"south": {"uv": [16, 24], "uv_size": [8, 24]},
								"west": {"uv": [24, 24], "uv_size": [8, 24]},
								"up": {"uv": [32, 16], "uv_size": [8, 8]},
								"down": {"uv": [32, 32], "uv_size": [8, -8]}
							}
						}
					]
				},
				{
					"name": "muzzleflash",
					"parent": "main",
					"pivot": [-2, 25.35, -31.25],
					"cubes": [
						{
							"origin": [-2.5, 24.85, -31.55],
							"size": [1, 1, 1],
							"inflate": -0.4,
							"uv": {
								"north": {"uv": [49, 27], "uv_size": [1, 1]},
								"east": {"uv": [18, 61], "uv_size": [1, 1]},
								"south": {"uv": [22, 61], "uv_size": [1, 1]},
								"west": {"uv": [23, 61], "uv_size": [1, 1]},
								"up": {"uv": [24, 61], "uv_size": [1, 1]},
								"down": {"uv": [61, 25], "uv_size": [1, -1]}
							}
						}
					]
				},
				{
					"name": "scope",
					"parent": "main",
					"pivot": [-2, 27.35, -3.05],
					"cubes": [
						{
							"origin": [-2.5, 26.85, -3.55],
							"size": [1, 1, 1],
							"inflate": -0.4,
							"uv": {
								"north": {"uv": [25, 61], "uv_size": [1, 1]},
								"east": {"uv": [61, 25], "uv_size": [1, 1]},
								"south": {"uv": [26, 61], "uv_size": [1, 1]},
								"west": {"uv": [27, 61], "uv_size": [1, 1]},
								"up": {"uv": [28, 61], "uv_size": [1, 1]},
								"down": {"uv": [29, 62], "uv_size": [1, -1]}
							}
						}
					]
				},
				{
					"name": "magazine",
					"parent": "main",
					"pivot": [-7.275, 10.87768, 4.16014],
					"cubes": [
						{
							"origin": [-2.7, 12.7, -10.35],
							"size": [1.4, 10, 3.6],
							"pivot": [-2, 25.9, -5.75],
							"rotation": [7.5, 0, 0],
							"uv": {
								"north": {"uv": [50, 48], "uv_size": [1, 10]},
								"east": {"uv": [40, 20], "uv_size": [4, 10]},
								"south": {"uv": [22, 51], "uv_size": [1, 10]},
								"west": {"uv": [40, 30], "uv_size": [4, 10]},
								"up": {"uv": [39, 59], "uv_size": [1, 4]},
								"down": {"uv": [40, 63], "uv_size": [1, -4]}
							}
						},
						{
							"origin": [-2.7, 12.7, -11.45],
							"size": [1.4, 0.3, 1.2],
							"pivot": [-2, 25.9, -5.75],
							"rotation": [7.5, 0, 0],
							"uv": {
								"north": {"uv": [64, 44], "uv_size": [1, 1]},
								"east": {"uv": [45, 64], "uv_size": [1, 1]},
								"south": {"uv": [64, 45], "uv_size": [1, 1]},
								"west": {"uv": [46, 64], "uv_size": [1, 1]},
								"up": {"uv": [64, 46], "uv_size": [1, 1]},
								"down": {"uv": [47, 65], "uv_size": [1, -1]}
							}
						},
						{
							"origin": [-2.65, 22.01155, -9.05094],
							"size": [0.1, 1.3, 2.85],
							"pivot": [-2, 22.71155, -7.75094],
							"rotation": [-7.5, 0, 0],
							"uv": {
								"north": {"uv": [64, 47], "uv_size": [1, 1]},
								"east": {"uv": [59, 40], "uv_size": [3, 1]},
								"south": {"uv": [48, 64], "uv_size": [1, 1]},
								"west": {"uv": [59, 41], "uv_size": [3, 1]},
								"up": {"uv": [59, 44], "uv_size": [1, 3]},
								"down": {"uv": [45, 62], "uv_size": [1, -3]}
							}
						},
						{
							"origin": [-1.425, 22.01155, -9.05094],
							"size": [0.1, 1.3, 2.85],
							"pivot": [-2, 22.71155, -7.75094],
							"rotation": [-7.5, 0, 0],
							"uv": {
								"north": {"uv": [64, 48], "uv_size": [1, 1]},
								"east": {"uv": [46, 59], "uv_size": [3, 1]},
								"south": {"uv": [49, 64], "uv_size": [1, 1]},
								"west": {"uv": [59, 47], "uv_size": [3, 1]},
								"up": {"uv": [49, 59], "uv_size": [1, 3]},
								"down": {"uv": [51, 62], "uv_size": [1, -3]}
							}
						},
						{
							"origin": [-2.6, 22.21155, -6.35094],
							"size": [1.2, 0.7, 0.15],
							"pivot": [-2, 22.71155, -7.75094],
							"rotation": [-7.5, 0, 0],
							"uv": {
								"north": {"uv": [64, 49], "uv_size": [1, 1]},
								"east": {"uv": [50, 64], "uv_size": [1, 1]},
								"south": {"uv": [64, 50], "uv_size": [1, 1]},
								"west": {"uv": [51, 64], "uv_size": [1, 1]},
								"up": {"uv": [64, 51], "uv_size": [1, 1]},
								"down": {"uv": [52, 65], "uv_size": [1, -1]}
							}
						},
						{
							"origin": [-1.6, 22.91155, -6.35094],
							"size": [0.2, 0.4, 0.15],
							"pivot": [-2, 22.71155, -7.75094],
							"rotation": [-7.5, 0, 0],
							"uv": {
								"north": {"uv": [64, 53], "uv_size": [1, 1]},
								"east": {"uv": [54, 64], "uv_size": [1, 1]},
								"south": {"uv": [64, 54], "uv_size": [1, 1]},
								"west": {"uv": [55, 64], "uv_size": [1, 1]},
								"up": {"uv": [64, 55], "uv_size": [1, 1]},
								"down": {"uv": [56, 65], "uv_size": [1, -1]}
							}
						},
						{
							"origin": [-2.6, 22.91155, -6.35094],
							"size": [0.2, 0.4, 0.15],
							"pivot": [-2, 22.71155, -7.75094],
							"rotation": [-7.5, 0, 0],
							"uv": {
								"north": {"uv": [64, 56], "uv_size": [1, 1]},
								"east": {"uv": [57, 64], "uv_size": [1, 1]},
								"south": {"uv": [64, 57], "uv_size": [1, 1]},
								"west": {"uv": [58, 64], "uv_size": [1, 1]},
								"up": {"uv": [64, 58], "uv_size": [1, 1]},
								"down": {"uv": [59, 65], "uv_size": [1, -1]}
							}
						}
					]
				},
				{
					"name": "bullet",
					"parent": "magazine",
					"pivot": [-7.275, 10.87768, 4.16014],
					"cubes": [
						{
							"origin": [-6.175, 21.77768, -8.58986],
							"size": [0.8, 0.8, 1.8],
							"pivot": [-3.275, 17.87768, -7.83986],
							"rotation": [1.76833, -1.76749, 44.97272],
							"uv": {
								"north": {"uv": [64, 52], "uv_size": [1, 1]},
								"east": {"uv": [61, 14], "uv_size": [2, 1]},
								"south": {"uv": [53, 64], "uv_size": [1, 1]},
								"west": {"uv": [15, 61], "uv_size": [2, 1]},
								"up": {"uv": [6, 61], "uv_size": [1, 2]},
								"down": {"uv": [11, 63], "uv_size": [1, -2]}
							}
						},
						{
							"origin": [-6.175, 21.77768, -6.68986],
							"size": [0.8, 0.8, 0.2],
							"pivot": [-3.275, 17.87768, -7.83986],
							"rotation": [1.76833, -1.76749, 44.97272],
							"uv": {
								"north": {"uv": [64, 59], "uv_size": [1, 1]},
								"east": {"uv": [60, 64], "uv_size": [1, 1]},
								"south": {"uv": [64, 60], "uv_size": [1, 1]},
								"west": {"uv": [61, 64], "uv_size": [1, 1]},
								"up": {"uv": [64, 61], "uv_size": [1, 1]},
								"down": {"uv": [62, 65], "uv_size": [1, -1]}
							}
						},
						{
							"origin": [-6.075, 21.87768, -6.78986],
							"size": [0.6, 0.6, 0.1],
							"pivot": [-3.275, 17.87768, -7.83986],
							"rotation": [1.76833, -1.76749, 44.97272],
							"uv": {
								"north": {"uv": [64, 62], "uv_size": [1, 1]},
								"east": {"uv": [63, 64], "uv_size": [1, 1]},
								"south": {"uv": [64, 63], "uv_size": [1, 1]},
								"west": {"uv": [64, 64], "uv_size": [1, 1]},
								"up": {"uv": [0, 65], "uv_size": [1, 1]},
								"down": {"uv": [65, 1], "uv_size": [1, -1]}
							}
						},
						{
							"origin": [-6.125, 21.82768, -9.28986],
							"size": [0.7, 0.7, 0.7],
							"pivot": [-3.275, 17.87768, -7.83986],
							"rotation": [1.76833, -1.76749, 44.97272],
							"uv": {
								"north": {"uv": [1, 65], "uv_size": [1, 1]},
								"east": {"uv": [65, 1], "uv_size": [1, 1]},
								"south": {"uv": [2, 65], "uv_size": [1, 1]},
								"west": {"uv": [65, 2], "uv_size": [1, 1]},
								"up": {"uv": [3, 65], "uv_size": [1, 1]},
								"down": {"uv": [65, 4], "uv_size": [1, -1]}
							}
						}
					]
				},
				{
					"name": "slide",
					"parent": "main",
					"pivot": [-6, 18.14301, 5.8837],
					"cubes": [
						{
							"origin": [-3, 24.1, -23.2],
							"size": [2, 2.1, 16.9],
							"uv": {
								"north": {"uv": [59, 2], "uv_size": [2, 2]},
								"east": {"uv": [40, 40], "uv_size": [17, 2]},
								"south": {"uv": [59, 4], "uv_size": [2, 2]},
								"west": {"uv": [32, 42], "uv_size": [17, 2]},
								"up": {"uv": [44, 0], "uv_size": [2, 17]},
								"down": {"uv": [44, 34], "uv_size": [2, -17]}
							}
						},
						{
							"origin": [-1.601, 25.07078, -6.36681],
							"size": [0.6, 1.1, 0.5],
							"pivot": [-2, 25.12078, -6.11681],
							"rotation": [12.5, 0, 0],
							"uv": {
								"north": {"uv": [2, 63], "uv_size": [1, 1]},
								"east": {"uv": [63, 2], "uv_size": [1, 1]},
								"south": {"uv": [3, 63], "uv_size": [1, 1]},
								"west": {"uv": [63, 3], "uv_size": [1, 1]},
								"up": {"uv": [4, 63], "uv_size": [1, 1]},
								"down": {"uv": [63, 5], "uv_size": [1, -1]}
							}
						},
						{
							"origin": [-3, 25.07078, -6.36681],
							"size": [0.6, 1.1, 0.5],
							"pivot": [-2, 25.12078, -6.11681],
							"rotation": [12.5, 0, 0],
							"uv": {
								"north": {"uv": [5, 63], "uv_size": [1, 1]},
								"east": {"uv": [63, 5], "uv_size": [1, 1]},
								"south": {"uv": [6, 63], "uv_size": [1, 1]},
								"west": {"uv": [63, 6], "uv_size": [1, 1]},
								"up": {"uv": [7, 63], "uv_size": [1, 1]},
								"down": {"uv": [63, 8], "uv_size": [1, -1]}
							}
						},
						{
							"origin": [-2.575, 26.5, -8.2],
							"size": [1.15, 0.6, 0.6],
							"uv": {
								"north": {"uv": [14, 63], "uv_size": [1, 1]},
								"east": {"uv": [63, 14], "uv_size": [1, 1]},
								"south": {"uv": [15, 63], "uv_size": [1, 1]},
								"west": {"uv": [63, 15], "uv_size": [1, 1]},
								"up": {"uv": [16, 63], "uv_size": [1, 1]},
								"down": {"uv": [63, 17], "uv_size": [1, -1]}
							}
						},
						{
							"origin": [-1.83354, 26.40878, -28.1],
							"size": [0.3, 0.4, 21.8],
							"pivot": [-1.4351, 26.5604, -9.85],
							"rotation": [0, 0, 37.5],
							"uv": {
								"north": {"uv": [17, 63], "uv_size": [1, 1]},
								"east": {"uv": [32, 44], "uv_size": [22, 1]},
								"south": {"uv": [63, 17], "uv_size": [1, 1]},
								"west": {"uv": [44, 34], "uv_size": [22, 1]},
								"up": {"uv": [32, 45], "uv_size": [1, 22]},
								"down": {"uv": [33, 67], "uv_size": [1, -22]}
							}
						},
						{
							"origin": [-1.56978, 26.06234, -28.1],
							"size": [0.4, 0.3, 21.8],
							"pivot": [-1.43093, 26.55794, -9.85],
							"rotation": [0, 0, -22.5],
							"uv": {
								"north": {"uv": [18, 63], "uv_size": [1, 1]},
								"east": {"uv": [44, 35], "uv_size": [22, 1]},
								"south": {"uv": [63, 18], "uv_size": [1, 1]},
								"west": {"uv": [44, 36], "uv_size": [22, 1]},
								"up": {"uv": [34, 45], "uv_size": [1, 22]},
								"down": {"uv": [35, 67], "uv_size": [1, -22]}
							}
						},
						{
							"origin": [-1.63978, 26.08096, -28.1],
							"size": [0.425, 0.6, 21.8],
							"pivot": [-1.36478, 26.48096, -9.85],
							"rotation": [0, 0, 54],
							"uv": {
								"north": {"uv": [19, 63], "uv_size": [1, 1]},
								"east": {"uv": [44, 37], "uv_size": [22, 1]},
								"south": {"uv": [63, 19], "uv_size": [1, 1]},
								"west": {"uv": [44, 38], "uv_size": [22, 1]},
								"up": {"uv": [36, 45], "uv_size": [1, 22]},
								"down": {"uv": [37, 67], "uv_size": [1, -22]}
							}
						},
						{
							"origin": [-1.59, 26.01733, -6.37654],
							"size": [0.525, 0.35, 0.225],
							"pivot": [-1.35, 26.29233, -6.37654],
							"rotation": [12.5, 0, -22.5],
							"uv": {
								"north": {"uv": [20, 63], "uv_size": [1, 1]},
								"east": {"uv": [63, 20], "uv_size": [1, 1]},
								"south": {"uv": [21, 63], "uv_size": [1, 1]},
								"west": {"uv": [63, 21], "uv_size": [1, 1]},
								"up": {"uv": [22, 63], "uv_size": [1, 1]},
								"down": {"uv": [63, 23], "uv_size": [1, -1]}
							}
						},
						{
							"origin": [-1.32166, 26.31939, -6.27595],
							"size": [0.325, 0.425, 0.125],
							"pivot": [-1.27166, 26.24439, -6.40095],
							"rotation": [12.5, 0, -38],
							"uv": {
								"north": {"uv": [23, 63], "uv_size": [1, 1]},
								"east": {"uv": [63, 23], "uv_size": [1, 1]},
								"south": {"uv": [24, 63], "uv_size": [1, 1]},
								"west": {"uv": [63, 24], "uv_size": [1, 1]},
								"up": {"uv": [25, 63], "uv_size": [1, 1]},
								"down": {"uv": [63, 26], "uv_size": [1, -1]}
							}
						},
						{
							"origin": [-1.80417, 26.61985, -6.43461],
							"size": [0.325, 0.275, 0.125],
							"pivot": [-1.64167, 26.83235, -6.37211],
							"rotation": [12.5, 0, -52],
							"uv": {
								"north": {"uv": [26, 63], "uv_size": [1, 1]},
								"east": {"uv": [63, 26], "uv_size": [1, 1]},
								"south": {"uv": [27, 63], "uv_size": [1, 1]},
								"west": {"uv": [63, 27], "uv_size": [1, 1]},
								"up": {"uv": [28, 63], "uv_size": [1, 1]},
								"down": {"uv": [63, 29], "uv_size": [1, -1]}
							}
						},
						{
							"origin": [-1.6, 26.17078, -6.39181],
							"size": [0.25, 0.6, 0.5],
							"pivot": [-2, 25.12078, -6.14181],
							"rotation": [12.5, 0, 0],
							"uv": {
								"north": {"uv": [29, 63], "uv_size": [1, 1]},
								"east": {"uv": [63, 29], "uv_size": [1, 1]},
								"south": {"uv": [30, 63], "uv_size": [1, 1]},
								"west": {"uv": [63, 30], "uv_size": [1, 1]},
								"up": {"uv": [31, 63], "uv_size": [1, 1]},
								"down": {"uv": [63, 32], "uv_size": [1, -1]}
							}
						},
						{
							"origin": [-2.65, 26.17078, -6.39181],
							"size": [0.25, 0.6, 0.5],
							"pivot": [-2, 25.12078, -6.14181],
							"rotation": [12.5, 0, 0],
							"uv": {
								"north": {"uv": [63, 32], "uv_size": [1, 1]},
								"east": {"uv": [63, 33], "uv_size": [1, 1]},
								"south": {"uv": [38, 63], "uv_size": [1, 1]},
								"west": {"uv": [39, 63], "uv_size": [1, 1]},
								"up": {"uv": [63, 39], "uv_size": [1, 1]},
								"down": {"uv": [40, 64], "uv_size": [1, -1]}
							}
						},
						{
							"origin": [-2.52083, 26.61985, -6.43461],
							"size": [0.325, 0.275, 0.125],
							"pivot": [-2.35833, 26.83235, -6.37211],
							"rotation": [12.5, 0, 52],
							"uv": {
								"north": {"uv": [63, 40], "uv_size": [1, 1]},
								"east": {"uv": [41, 63], "uv_size": [1, 1]},
								"south": {"uv": [63, 41], "uv_size": [1, 1]},
								"west": {"uv": [42, 63], "uv_size": [1, 1]},
								"up": {"uv": [63, 42], "uv_size": [1, 1]},
								"down": {"uv": [43, 64], "uv_size": [1, -1]}
							}
						},
						{
							"origin": [-3.00334, 26.31939, -6.27595],
							"size": [0.325, 0.425, 0.125],
							"pivot": [-2.72834, 26.24439, -6.40095],
							"rotation": [12.5, 0, 38],
							"uv": {
								"north": {"uv": [63, 43], "uv_size": [1, 1]},
								"east": {"uv": [44, 63], "uv_size": [1, 1]},
								"south": {"uv": [63, 44], "uv_size": [1, 1]},
								"west": {"uv": [45, 63], "uv_size": [1, 1]},
								"up": {"uv": [63, 45], "uv_size": [1, 1]},
								"down": {"uv": [46, 64], "uv_size": [1, -1]}
							}
						},
						{
							"origin": [-2.935, 26.01733, -6.37654],
							"size": [0.525, 0.35, 0.225],
							"pivot": [-2.65, 26.29233, -6.37654],
							"rotation": [12.5, 0, 22.5],
							"uv": {
								"north": {"uv": [63, 46], "uv_size": [1, 1]},
								"east": {"uv": [47, 63], "uv_size": [1, 1]},
								"south": {"uv": [63, 47], "uv_size": [1, 1]},
								"west": {"uv": [48, 63], "uv_size": [1, 1]},
								"up": {"uv": [63, 48], "uv_size": [1, 1]},
								"down": {"uv": [49, 64], "uv_size": [1, -1]}
							}
						},
						{
							"origin": [-2.78522, 26.28096, -13.7],
							"size": [0.425, 0.4, 7.4],
							"pivot": [-2.63522, 26.48096, -9.85],
							"rotation": [0, 0, -54],
							"uv": {
								"north": {"uv": [63, 49], "uv_size": [1, 1]},
								"east": {"uv": [49, 42], "uv_size": [7, 1]},
								"south": {"uv": [50, 63], "uv_size": [1, 1]},
								"west": {"uv": [49, 43], "uv_size": [7, 1]},
								"up": {"uv": [27, 51], "uv_size": [1, 7]},
								"down": {"uv": [28, 58], "uv_size": [1, -7]}
							}
						},
						{
							"origin": [-2.83022, 26.06234, -13.7],
							"size": [0.4, 0.3, 7.4],
							"pivot": [-2.56907, 26.55794, -9.85],
							"rotation": [0, 0, 22.5],
							"uv": {
								"north": {"uv": [63, 50], "uv_size": [1, 1]},
								"east": {"uv": [51, 48], "uv_size": [7, 1]},
								"south": {"uv": [51, 63], "uv_size": [1, 1]},
								"west": {"uv": [51, 49], "uv_size": [7, 1]},
								"up": {"uv": [29, 51], "uv_size": [1, 7]},
								"down": {"uv": [30, 58], "uv_size": [1, -7]}
							}
						},
						{
							"origin": [-2.46646, 26.40878, -13.3],
							"size": [0.3, 0.4, 7],
							"pivot": [-2.5649, 26.5604, -9.85],
							"rotation": [0, 0, -37.5],
							"uv": {
								"north": {"uv": [63, 51], "uv_size": [1, 1]},
								"east": {"uv": [51, 50], "uv_size": [7, 1]},
								"south": {"uv": [52, 63], "uv_size": [1, 1]},
								"west": {"uv": [51, 51], "uv_size": [7, 1]},
								"up": {"uv": [31, 51], "uv_size": [1, 7]},
								"down": {"uv": [52, 7], "uv_size": [1, -7]}
							}
						},
						{
							"origin": [-2.4, 26.2, -28.1],
							"size": [0.8, 0.8, 10.6],
							"uv": {
								"north": {"uv": [63, 52], "uv_size": [1, 1]},
								"east": {"uv": [44, 39], "uv_size": [11, 1]},
								"south": {"uv": [53, 63], "uv_size": [1, 1]},
								"west": {"uv": [46, 30], "uv_size": [11, 1]},
								"up": {"uv": [48, 17], "uv_size": [1, 11]},
								"down": {"uv": [18, 59], "uv_size": [1, -11]}
							}
						},
						{
							"origin": [-3, 24.9, -28.1],
							"size": [2, 1.3, 4.9],
							"uv": {
								"north": {"uv": [61, 6], "uv_size": [2, 1]},
								"east": {"uv": [54, 20], "uv_size": [5, 1]},
								"south": {"uv": [61, 7], "uv_size": [2, 1]},
								"west": {"uv": [54, 25], "uv_size": [5, 1]},
								"up": {"uv": [50, 10], "uv_size": [2, 5]},
								"down": {"uv": [50, 20], "uv_size": [2, -5]}
							}
						},
						{
							"origin": [-2.46646, 26.40878, -28.1],
							"size": [0.3, 0.4, 10.6],
							"pivot": [-2.5649, 26.5604, -21.05],
							"rotation": [0, 0, -37.5],
							"uv": {
								"north": {"uv": [10, 64], "uv_size": [1, 1]},
								"east": {"uv": [46, 31], "uv_size": [11, 1]},
								"south": {"uv": [64, 10], "uv_size": [1, 1]},
								"west": {"uv": [46, 32], "uv_size": [11, 1]},
								"up": {"uv": [19, 48], "uv_size": [1, 11]},
								"down": {"uv": [20, 59], "uv_size": [1, -11]}
							}
						},
						{
							"origin": [-2.83022, 26.06234, -28.1],
							"size": [0.4, 0.3, 10.6],
							"pivot": [-2.56907, 26.55794, -21.05],
							"rotation": [0, 0, 22.5],
							"uv": {
								"north": {"uv": [11, 64], "uv_size": [1, 1]},
								"east": {"uv": [46, 33], "uv_size": [11, 1]},
								"south": {"uv": [64, 11], "uv_size": [1, 1]},
								"west": {"uv": [21, 48], "uv_size": [11, 1]},
								"up": {"uv": [38, 48], "uv_size": [1, 11]},
								"down": {"uv": [39, 59], "uv_size": [1, -11]}
							}
						},
						{
							"origin": [-2.78522, 26.08096, -28.1],
							"size": [0.425, 0.6, 10.6],
							"pivot": [-2.63522, 26.48096, -21.05],
							"rotation": [0, 0, -54],
							"uv": {
								"north": {"uv": [12, 64], "uv_size": [1, 1]},
								"east": {"uv": [48, 28], "uv_size": [11, 1]},
								"south": {"uv": [64, 12], "uv_size": [1, 1]},
								"west": {"uv": [48, 29], "uv_size": [11, 1]},
								"up": {"uv": [40, 48], "uv_size": [1, 11]},
								"down": {"uv": [41, 59], "uv_size": [1, -11]}
							}
						},
						{
							"origin": [-2.4, 26.2, -13.325],
							"size": [0.8, 0.8, 7],
							"uv": {
								"north": {"uv": [17, 64], "uv_size": [1, 1]},
								"east": {"uv": [52, 23], "uv_size": [7, 1]},
								"south": {"uv": [64, 17], "uv_size": [1, 1]},
								"west": {"uv": [52, 24], "uv_size": [7, 1]},
								"up": {"uv": [51, 52], "uv_size": [1, 7]},
								"down": {"uv": [52, 59], "uv_size": [1, -7]}
							}
						},
						{
							"origin": [-1.875, 27.03118, -7.94598],
							"size": [0.45, 0.3, 0.3],
							"pivot": [-2, 27.18118, -7.79598],
							"rotation": [22.5, 0, 0],
							"uv": {
								"north": {"uv": [18, 64], "uv_size": [1, 1]},
								"east": {"uv": [64, 18], "uv_size": [1, 1]},
								"south": {"uv": [19, 64], "uv_size": [1, 1]},
								"west": {"uv": [64, 19], "uv_size": [1, 1]},
								"up": {"uv": [20, 64], "uv_size": [1, 1]},
								"down": {"uv": [64, 21], "uv_size": [1, -1]}
							}
						},
						{
							"origin": [-1.875, 27.03118, -8.15402],
							"size": [0.45, 0.3, 0.3],
							"pivot": [-2, 27.18118, -8.00402],
							"rotation": [-22.5, 0, 0],
							"uv": {
								"north": {"uv": [21, 64], "uv_size": [1, 1]},
								"east": {"uv": [64, 21], "uv_size": [1, 1]},
								"south": {"uv": [22, 64], "uv_size": [1, 1]},
								"west": {"uv": [64, 22], "uv_size": [1, 1]},
								"up": {"uv": [23, 64], "uv_size": [1, 1]},
								"down": {"uv": [64, 24], "uv_size": [1, -1]}
							}
						},
						{
							"origin": [-1.875, 27.275, -8.075],
							"size": [0.45, 0.1, 0.35],
							"uv": {
								"north": {"uv": [24, 64], "uv_size": [1, 1]},
								"east": {"uv": [64, 24], "uv_size": [1, 1]},
								"south": {"uv": [25, 64], "uv_size": [1, 1]},
								"west": {"uv": [64, 25], "uv_size": [1, 1]},
								"up": {"uv": [26, 64], "uv_size": [1, 1]},
								"down": {"uv": [64, 27], "uv_size": [1, -1]}
							}
						},
						{
							"origin": [-2.575, 27.03118, -8.15402],
							"size": [0.45, 0.3, 0.3],
							"pivot": [-2.7, 27.18118, -8.00402],
							"rotation": [-22.5, 0, 0],
							"uv": {
								"north": {"uv": [27, 64], "uv_size": [1, 1]},
								"east": {"uv": [64, 27], "uv_size": [1, 1]},
								"south": {"uv": [28, 64], "uv_size": [1, 1]},
								"west": {"uv": [64, 28], "uv_size": [1, 1]},
								"up": {"uv": [29, 64], "uv_size": [1, 1]},
								"down": {"uv": [64, 30], "uv_size": [1, -1]}
							}
						},
						{
							"origin": [-2.575, 27.03118, -7.94598],
							"size": [0.45, 0.3, 0.3],
							"pivot": [-2.7, 27.18118, -7.79598],
							"rotation": [22.5, 0, 0],
							"uv": {
								"north": {"uv": [30, 64], "uv_size": [1, 1]},
								"east": {"uv": [64, 30], "uv_size": [1, 1]},
								"south": {"uv": [31, 64], "uv_size": [1, 1]},
								"west": {"uv": [64, 31], "uv_size": [1, 1]},
								"up": {"uv": [64, 32], "uv_size": [1, 1]},
								"down": {"uv": [64, 34], "uv_size": [1, -1]}
							}
						},
						{
							"origin": [-2.575, 27.275, -8.075],
							"size": [0.45, 0.1, 0.35],
							"uv": {
								"north": {"uv": [38, 64], "uv_size": [1, 1]},
								"east": {"uv": [39, 64], "uv_size": [1, 1]},
								"south": {"uv": [64, 39], "uv_size": [1, 1]},
								"west": {"uv": [40, 64], "uv_size": [1, 1]},
								"up": {"uv": [64, 40], "uv_size": [1, 1]},
								"down": {"uv": [41, 65], "uv_size": [1, -1]}
							}
						},
						{
							"origin": [-2.1, 26.8, -27.6],
							"size": [0.2, 0.4, 0.7],
							"pivot": [-2, 27.15, -27.15],
							"rotation": [30, 0, 0],
							"uv": {
								"north": {"uv": [64, 41], "uv_size": [1, 1]},
								"east": {"uv": [42, 64], "uv_size": [1, 1]},
								"south": {"uv": [64, 42], "uv_size": [1, 1]},
								"west": {"uv": [43, 64], "uv_size": [1, 1]},
								"up": {"uv": [64, 43], "uv_size": [1, 1]},
								"down": {"uv": [44, 65], "uv_size": [1, -1]}
							}
						},
						{
							"origin": [-3.01, 24, -24.4],
							"size": [2, 0.7, 1.9],
							"pivot": [-2, 25.55, -22.55],
							"rotation": [-25, 0, 0],
							"uv": {
								"north": {"uv": [9, 61], "uv_size": [2, 1]},
								"east": {"uv": [61, 12], "uv_size": [2, 1]},
								"south": {"uv": [13, 61], "uv_size": [2, 1]},
								"west": {"uv": [61, 13], "uv_size": [2, 1]},
								"up": {"uv": [5, 59], "uv_size": [2, 2]},
								"down": {"uv": [59, 8], "uv_size": [2, -2]}
							}
						},
						{
							"origin": [-2.72, 23.62, -28.095],
							"size": [1.44, 1.36, 4.935],
							"uv": {
								"north": {"uv": [8, 64], "uv_size": [1, 1]},
								"east": {"uv": [56, 15], "uv_size": [5, 1]},
								"south": {"uv": [64, 8], "uv_size": [1, 1]},
								"west": {"uv": [56, 16], "uv_size": [5, 1]},
								"up": {"uv": [56, 56], "uv_size": [1, 5]},
								"down": {"uv": [4, 62], "uv_size": [1, -5]}
							}
						},
						{
							"origin": [-1.72634, 23.58813, -28.095],
							"size": [0.44, 0.24, 4.935],
							"pivot": [-1.80634, 23.70813, -25.44],
							"rotation": [0, 0, 22.5],
							"uv": {
								"north": {"uv": [5, 64], "uv_size": [1, 1]},
								"east": {"uv": [55, 54], "uv_size": [5, 1]},
								"south": {"uv": [64, 5], "uv_size": [1, 1]},
								"west": {"uv": [55, 55], "uv_size": [5, 1]},
								"up": {"uv": [25, 55], "uv_size": [1, 5]},
								"down": {"uv": [26, 60], "uv_size": [1, -5]}
							}
						},
						{
							"origin": [-2.24, 23.14, -28.095],
							"size": [0.48, 0.48, 4.935],
							"uv": {
								"north": {"uv": [7, 64], "uv_size": [1, 1]},
								"east": {"uv": [56, 13], "uv_size": [5, 1]},
								"south": {"uv": [64, 7], "uv_size": [1, 1]},
								"west": {"uv": [56, 14], "uv_size": [5, 1]},
								"up": {"uv": [11, 56], "uv_size": [1, 5]},
								"down": {"uv": [55, 61], "uv_size": [1, -5]}
							}
						},
						{
							"origin": [-1.37469, 23.49082, -28.095],
							"size": [0.24, 0.24, 4.935],
							"pivot": [-1.65469, 23.85082, -25.44],
							"rotation": [0, 0, 45],
							"uv": {
								"north": {"uv": [4, 64], "uv_size": [1, 1]},
								"east": {"uv": [55, 17], "uv_size": [5, 1]},
								"south": {"uv": [64, 4], "uv_size": [1, 1]},
								"west": {"uv": [55, 39], "uv_size": [5, 1]},
								"up": {"uv": [23, 55], "uv_size": [1, 5]},
								"down": {"uv": [24, 60], "uv_size": [1, -5]}
							}
						},
						{
							"origin": [-1.81506, 23.17679, -28.095],
							"size": [0.24, 0.44, 4.935],
							"pivot": [-1.69506, 23.29679, -25.44],
							"rotation": [0, 0, -22.5],
							"uv": {
								"north": {"uv": [6, 64], "uv_size": [1, 1]},
								"east": {"uv": [4, 56], "uv_size": [5, 1]},
								"south": {"uv": [64, 6], "uv_size": [1, 1]},
								"west": {"uv": [56, 12], "uv_size": [5, 1]},
								"up": {"uv": [9, 56], "uv_size": [1, 5]},
								"down": {"uv": [10, 61], "uv_size": [1, -5]}
							}
						},
						{
							"origin": [-2.86531, 23.49082, -28.095],
							"size": [0.24, 0.24, 4.935],
							"pivot": [-2.34531, 23.85082, -25.44],
							"rotation": [0, 0, -45],
							"uv": {
								"north": {"uv": [1, 64], "uv_size": [1, 1]},
								"east": {"uv": [54, 26], "uv_size": [5, 1]},
								"south": {"uv": [64, 1], "uv_size": [1, 1]},
								"west": {"uv": [54, 27], "uv_size": [5, 1]},
								"up": {"uv": [17, 54], "uv_size": [1, 5]},
								"down": {"uv": [53, 59], "uv_size": [1, -5]}
							}
						},
						{
							"origin": [-2.71366, 23.58813, -28.095],
							"size": [0.44, 0.24, 4.935],
							"pivot": [-2.19366, 23.70813, -25.44],
							"rotation": [0, 0, -22.5],
							"uv": {
								"north": {"uv": [2, 64], "uv_size": [1, 1]},
								"east": {"uv": [54, 44], "uv_size": [5, 1]},
								"south": {"uv": [64, 2], "uv_size": [1, 1]},
								"west": {"uv": [54, 45], "uv_size": [5, 1]},
								"up": {"uv": [54, 54], "uv_size": [1, 5]},
								"down": {"uv": [12, 60], "uv_size": [1, -5]}
							}
						},
						{
							"origin": [-2.42494, 23.17679, -28.095],
							"size": [0.24, 0.54, 4.935],
							"pivot": [-2.30494, 23.29679, -25.44],
							"rotation": [0, 0, 22.5],
							"uv": {
								"north": {"uv": [3, 64], "uv_size": [1, 1]},
								"east": {"uv": [54, 46], "uv_size": [5, 1]},
								"south": {"uv": [64, 3], "uv_size": [1, 1]},
								"west": {"uv": [54, 47], "uv_size": [5, 1]},
								"up": {"uv": [55, 12], "uv_size": [1, 5]},
								"down": {"uv": [13, 60], "uv_size": [1, -5]}
							}
						},
						{
							"origin": [-1.601, 24.09301, -6.4663],
							"size": [0.6, 1, 0.6],
							"pivot": [-2, 25.14301, -6.1163],
							"rotation": [7.5, 0, 0],
							"uv": {
								"north": {"uv": [8, 63], "uv_size": [1, 1]},
								"east": {"uv": [63, 8], "uv_size": [1, 1]},
								"south": {"uv": [9, 63], "uv_size": [1, 1]},
								"west": {"uv": [63, 9], "uv_size": [1, 1]},
								"up": {"uv": [10, 63], "uv_size": [1, 1]},
								"down": {"uv": [63, 11], "uv_size": [1, -1]}
							}
						},
						{
							"origin": [-3, 24.09301, -6.4663],
							"size": [0.6, 1, 0.6],
							"pivot": [-2, 25.14301, -6.1163],
							"rotation": [7.5, 0, 0],
							"uv": {
								"north": {"uv": [11, 63], "uv_size": [1, 1]},
								"east": {"uv": [63, 11], "uv_size": [1, 1]},
								"south": {"uv": [12, 63], "uv_size": [1, 1]},
								"west": {"uv": [63, 12], "uv_size": [1, 1]},
								"up": {"uv": [13, 63], "uv_size": [1, 1]},
								"down": {"uv": [63, 14], "uv_size": [1, -1]}
							}
						}
					]
				},
				{
					"name": "gun",
					"parent": "main",
					"pivot": [0, 0, 0],
					"cubes": [
						{
							"origin": [-2.8999, 12.8, -9.5],
							"size": [1.8, 9.5, 4.1],
							"pivot": [-2, 14, -4.6],
							"rotation": [7.5, 0, 0],
							"uv": {
								"north": {"uv": [46, 0], "uv_size": [2, 10]},
								"east": {"uv": [32, 32], "uv_size": [4, 10]},
								"south": {"uv": [46, 10], "uv_size": [2, 10]},
								"west": {"uv": [36, 32], "uv_size": [4, 10]},
								"up": {"uv": [50, 20], "uv_size": [2, 4]},
								"down": {"uv": [50, 28], "uv_size": [2, -4]}
							}
						},
						{
							"origin": [-3.2, 13.08104, -9.99049],
							"size": [2.4, 9.9, 4.1],
							"pivot": [-2, 17.83104, -8.04049],
							"rotation": [17.5, 0, 0],
							"uv": {
								"north": {"uv": [48, 0], "uv_size": [2, 10]},
								"east": {"uv": [40, 0], "uv_size": [4, 10]},
								"south": {"uv": [2, 48], "uv_size": [2, 10]},
								"west": {"uv": [40, 10], "uv_size": [4, 10]},
								"up": {"uv": [23, 51], "uv_size": [2, 4]},
								"down": {"uv": [25, 55], "uv_size": [2, -4]}
							}
						},
						{
							"origin": [-3.3, 20.65837, -9.28745],
							"size": [2.6, 0.7, 0.7],
							"pivot": [-1.9, 21.00837, -8.93745],
							"rotation": [-22.5, 0, 0],
							"uv": {
								"north": {"uv": [52, 59], "uv_size": [3, 1]},
								"east": {"uv": [4, 65], "uv_size": [1, 1]},
								"south": {"uv": [59, 52], "uv_size": [3, 1]},
								"west": {"uv": [65, 4], "uv_size": [1, 1]},
								"up": {"uv": [59, 53], "uv_size": [3, 1]},
								"down": {"uv": [59, 57], "uv_size": [3, -1]}
							}
						},
						{
							"origin": [-3.3, 14.03974, -7.15822],
							"size": [2.6, 0.7, 0.7],
							"pivot": [-2, 14.38974, -6.80822],
							"rotation": [32.5, 0, 0],
							"uv": {
								"north": {"uv": [59, 57], "uv_size": [3, 1]},
								"east": {"uv": [5, 65], "uv_size": [1, 1]},
								"south": {"uv": [59, 58], "uv_size": [3, 1]},
								"west": {"uv": [65, 5], "uv_size": [1, 1]},
								"up": {"uv": [59, 59], "uv_size": [3, 1]},
								"down": {"uv": [0, 61], "uv_size": [3, -1]}
							}
						},
						{
							"origin": [-2.901, 12.79321, -10.53214],
							"size": [1.8, 9.6, 1.3],
							"pivot": [-2, 17.04321, -8.68214],
							"rotation": [15, 0, 0],
							"uv": {
								"north": {"uv": [46, 20], "uv_size": [2, 10]},
								"east": {"uv": [49, 17], "uv_size": [1, 10]},
								"south": {"uv": [0, 48], "uv_size": [2, 10]},
								"west": {"uv": [21, 49], "uv_size": [1, 10]},
								"up": {"uv": [60, 31], "uv_size": [2, 1]},
								"down": {"uv": [60, 33], "uv_size": [2, -1]}
							}
						},
						{
							"origin": [-2.9, 19.55, -12.8],
							"size": [1.8, 2.05, 1.65],
							"uv": {
								"north": {"uv": [2, 58], "uv_size": [2, 2]},
								"east": {"uv": [27, 58], "uv_size": [2, 2]},
								"south": {"uv": [29, 58], "uv_size": [2, 2]},
								"west": {"uv": [58, 42], "uv_size": [2, 2]},
								"up": {"uv": [58, 48], "uv_size": [2, 2]},
								"down": {"uv": [58, 52], "uv_size": [2, -2]}
							}
						},
						{
							"origin": [-1.1, 20.05, -12.4],
							"size": [0.1, 0.75, 0.75],
							"pivot": [-1.05, 20.125, -12.125],
							"rotation": [-27.5, 0, 0],
							"uv": {
								"north": {"uv": [6, 65], "uv_size": [1, 1]},
								"east": {"uv": [65, 6], "uv_size": [1, 1]},
								"south": {"uv": [7, 65], "uv_size": [1, 1]},
								"west": {"uv": [65, 7], "uv_size": [1, 1]},
								"up": {"uv": [8, 65], "uv_size": [1, 1]},
								"down": {"uv": [65, 9], "uv_size": [1, -1]}
							}
						},
						{
							"origin": [-2.401, 19.625, -13.3],
							"size": [0.8, 0.575, 0.5],
							"uv": {
								"north": {"uv": [62, 0], "uv_size": [1, 1]},
								"east": {"uv": [1, 62], "uv_size": [1, 1]},
								"south": {"uv": [62, 1], "uv_size": [1, 1]},
								"west": {"uv": [4, 62], "uv_size": [1, 1]},
								"up": {"uv": [62, 4], "uv_size": [1, 1]},
								"down": {"uv": [62, 6], "uv_size": [1, -1]}
							}
						},
						{
							"origin": [-2.402, 19.625, -15.6],
							"size": [0.8, 0.25, 2.3],
							"uv": {
								"north": {"uv": [9, 62], "uv_size": [1, 1]},
								"east": {"uv": [46, 60], "uv_size": [2, 1]},
								"south": {"uv": [10, 62], "uv_size": [1, 1]},
								"west": {"uv": [60, 46], "uv_size": [2, 1]},
								"up": {"uv": [48, 60], "uv_size": [1, 2]},
								"down": {"uv": [60, 50], "uv_size": [1, -2]}
							}
						},
						{
							"origin": [-2.2, 20.225, -13.75],
							"size": [0.4, 2.55, 1.05],
							"pivot": [-2, 22.15, -13.5],
							"rotation": [20, 0, 0],
							"uv": {
								"north": {"uv": [41, 59], "uv_size": [1, 3]},
								"east": {"uv": [42, 59], "uv_size": [1, 3]},
								"south": {"uv": [43, 59], "uv_size": [1, 3]},
								"west": {"uv": [44, 59], "uv_size": [1, 3]},
								"up": {"uv": [62, 47], "uv_size": [1, 1]},
								"down": {"uv": [48, 63], "uv_size": [1, -1]}
							}
						},
						{
							"origin": [-2.2, 19.65621, -13.66609],
							"size": [0.4, 1.525, 0.7],
							"pivot": [-2, 20.60621, -13.16609],
							"rotation": [-17.5, 0, 0],
							"uv": {
								"north": {"uv": [54, 60], "uv_size": [1, 2]},
								"east": {"uv": [60, 54], "uv_size": [1, 2]},
								"south": {"uv": [57, 60], "uv_size": [1, 2]},
								"west": {"uv": [58, 60], "uv_size": [1, 2]},
								"up": {"uv": [62, 48], "uv_size": [1, 1]},
								"down": {"uv": [49, 63], "uv_size": [1, -1]}
							}
						},
						{
							"origin": [-2.4, 19.82267, -16.22106],
							"size": [0.8, 0.25, 0.7],
							"pivot": [-2, 19.94767, -16.12106],
							"rotation": [-20, 0, 0],
							"uv": {
								"north": {"uv": [62, 11], "uv_size": [1, 1]},
								"east": {"uv": [13, 62], "uv_size": [1, 1]},
								"south": {"uv": [14, 62], "uv_size": [1, 1]},
								"west": {"uv": [15, 62], "uv_size": [1, 1]},
								"up": {"uv": [16, 62], "uv_size": [1, 1]},
								"down": {"uv": [62, 18], "uv_size": [1, -1]}
							}
						},
						{
							"origin": [-2.4, 20.06015, -16.79555],
							"size": [0.8, 0.25, 0.7],
							"pivot": [-2, 20.18515, -16.44555],
							"rotation": [-40, 0, 0],
							"uv": {
								"north": {"uv": [18, 62], "uv_size": [1, 1]},
								"east": {"uv": [62, 18], "uv_size": [1, 1]},
								"south": {"uv": [19, 62], "uv_size": [1, 1]},
								"west": {"uv": [62, 19], "uv_size": [1, 1]},
								"up": {"uv": [20, 62], "uv_size": [1, 1]},
								"down": {"uv": [22, 63], "uv_size": [1, -1]}
							}
						},
						{
							"origin": [-2.4, 19.91384, -17.59459],
							"size": [0.8, 0.25, 0.7],
							"pivot": [-2, 20.03884, -16.54459],
							"rotation": [-67.5, 0, 0],
							"uv": {
								"north": {"uv": [23, 62], "uv_size": [1, 1]},
								"east": {"uv": [24, 62], "uv_size": [1, 1]},
								"south": {"uv": [62, 24], "uv_size": [1, 1]},
								"west": {"uv": [25, 62], "uv_size": [1, 1]},
								"up": {"uv": [62, 25], "uv_size": [1, 1]},
								"down": {"uv": [26, 63], "uv_size": [1, -1]}
							}
						},
						{
							"origin": [-2.402, 21.18608, -17.58689],
							"size": [0.8, 0.25, 1],
							"pivot": [-2, 21.31108, -16.93689],
							"rotation": [-90, 0, 0],
							"uv": {
								"north": {"uv": [62, 26], "uv_size": [1, 1]},
								"east": {"uv": [27, 62], "uv_size": [1, 1]},
								"south": {"uv": [62, 27], "uv_size": [1, 1]},
								"west": {"uv": [28, 62], "uv_size": [1, 1]},
								"up": {"uv": [29, 62], "uv_size": [1, 1]},
								"down": {"uv": [30, 63], "uv_size": [1, -1]}
							}
						},
						{
							"origin": [-2.4, 22.19109, -17.59175],
							"size": [0.8, 0.85, 1],
							"pivot": [-1.6, 22.31609, -17.19175],
							"rotation": [-60, 0, 0],
							"uv": {
								"north": {"uv": [62, 31], "uv_size": [1, 1]},
								"east": {"uv": [62, 32], "uv_size": [1, 1]},
								"south": {"uv": [62, 33], "uv_size": [1, 1]},
								"west": {"uv": [62, 39], "uv_size": [1, 1]},
								"up": {"uv": [62, 40], "uv_size": [1, 1]},
								"down": {"uv": [41, 63], "uv_size": [1, -1]}
							}
						},
						{
							"origin": [-2.401, 21.10686, -19.01036],
							"size": [0.8, 0.55, 1.5],
							"pivot": [-2, 21.53186, -17.16036],
							"rotation": [-140, 0, 0],
							"uv": {
								"north": {"uv": [62, 30], "uv_size": [1, 1]},
								"east": {"uv": [60, 50], "uv_size": [2, 1]},
								"south": {"uv": [31, 62], "uv_size": [1, 1]},
								"west": {"uv": [60, 51], "uv_size": [2, 1]},
								"up": {"uv": [52, 60], "uv_size": [1, 2]},
								"down": {"uv": [53, 62], "uv_size": [1, -2]}
							}
						},
						{
							"origin": [-2.4, 19.45, -13.45],
							"size": [0.8, 1.25, 0.325],
							"pivot": [-2, 19.925, -13.125],
							"rotation": [-50, 0, 0],
							"uv": {
								"north": {"uv": [56, 61], "uv_size": [1, 1]},
								"east": {"uv": [59, 61], "uv_size": [1, 1]},
								"south": {"uv": [60, 61], "uv_size": [1, 1]},
								"west": {"uv": [61, 60], "uv_size": [1, 1]},
								"up": {"uv": [61, 61], "uv_size": [1, 1]},
								"down": {"uv": [0, 63], "uv_size": [1, -1]}
							}
						},
						{
							"origin": [-2.401, 22.375, -13.3],
							"size": [0.8, 0.5, 0.5],
							"uv": {
								"north": {"uv": [62, 44], "uv_size": [1, 1]},
								"east": {"uv": [45, 62], "uv_size": [1, 1]},
								"south": {"uv": [62, 45], "uv_size": [1, 1]},
								"west": {"uv": [46, 62], "uv_size": [1, 1]},
								"up": {"uv": [62, 46], "uv_size": [1, 1]},
								"down": {"uv": [47, 63], "uv_size": [1, -1]}
							}
						},
						{
							"origin": [-2.4, 21.8, -13.45],
							"size": [0.8, 1.25, 0.375],
							"pivot": [-2, 22.575, -13.125],
							"rotation": [50, 0, 0],
							"uv": {
								"north": {"uv": [62, 41], "uv_size": [1, 1]},
								"east": {"uv": [42, 62], "uv_size": [1, 1]},
								"south": {"uv": [62, 42], "uv_size": [1, 1]},
								"west": {"uv": [43, 62], "uv_size": [1, 1]},
								"up": {"uv": [62, 43], "uv_size": [1, 1]},
								"down": {"uv": [44, 63], "uv_size": [1, -1]}
							}
						},
						{
							"origin": [-2.9, 21.6, -12.8],
							"size": [1.8, 2.5, 7.1],
							"uv": {
								"north": {"uv": [52, 25], "uv_size": [2, 3]},
								"east": {"uv": [38, 45], "uv_size": [7, 3]},
								"south": {"uv": [52, 45], "uv_size": [2, 3]},
								"west": {"uv": [45, 45], "uv_size": [7, 3]},
								"up": {"uv": [48, 10], "uv_size": [2, 7]},
								"down": {"uv": [12, 55], "uv_size": [2, -7]}
							}
						},
						{
							"origin": [-1.7, 22.7, -13.4],
							"size": [0.7, 0.9, 1.9],
							"pivot": [-1.7, 23.3, -12.45],
							"rotation": [0, 0, -45],
							"uv": {
								"north": {"uv": [9, 65], "uv_size": [1, 1]},
								"east": {"uv": [61, 15], "uv_size": [2, 1]},
								"south": {"uv": [65, 9], "uv_size": [1, 1]},
								"west": {"uv": [61, 16], "uv_size": [2, 1]},
								"up": {"uv": [17, 61], "uv_size": [1, 2]},
								"down": {"uv": [61, 19], "uv_size": [1, -2]}
							}
						},
						{
							"origin": [-1.76716, 23.20355, -11],
							"size": [0.7, 0.9, 3.1],
							"pivot": [-1.41716, 23.65355, -9.45],
							"rotation": [0, 0, -30],
							"uv": {
								"north": {"uv": [10, 65], "uv_size": [1, 1]},
								"east": {"uv": [60, 9], "uv_size": [3, 1]},
								"south": {"uv": [65, 10], "uv_size": [1, 1]},
								"west": {"uv": [60, 10], "uv_size": [3, 1]},
								"up": {"uv": [3, 60], "uv_size": [1, 3]},
								"down": {"uv": [12, 63], "uv_size": [1, -3]}
							}
						},
						{
							"origin": [-2.8, 25.1, -28.3],
							"size": [1.2, 1.2, 21.2],
							"pivot": [-2, 25.5, -28.2],
							"rotation": [0, 0, 45],
							"uv": {
								"north": {"uv": [9, 64], "uv_size": [1, 1]},
								"east": {"uv": [52, 7], "uv_size": [7, 1]},
								"south": {"uv": [64, 9], "uv_size": [1, 1]},
								"west": {"uv": [52, 8], "uv_size": [7, 1]},
								"up": {"uv": [52, 9], "uv_size": [1, 7]},
								"down": {"uv": [52, 23], "uv_size": [1, -7]}
							}
						},
						{
							"origin": [-2.4001, 25.375, -7.1],
							"size": [0.8, 0.425, 1.9],
							"pivot": [-2, 25.95, -5.7],
							"rotation": [40, 0, 0],
							"uv": {
								"north": {"uv": [63, 53], "uv_size": [1, 1]},
								"east": {"uv": [59, 60], "uv_size": [2, 1]},
								"south": {"uv": [54, 63], "uv_size": [1, 1]},
								"west": {"uv": [0, 61], "uv_size": [2, 1]},
								"up": {"uv": [61, 0], "uv_size": [1, 2]},
								"down": {"uv": [2, 63], "uv_size": [1, -2]}
							}
						},
						{
							"origin": [-2.4002, 25.94619, -6.74497],
							"size": [0.8, 0.425, 1.7],
							"pivot": [-2, 26.20869, -6.19497],
							"rotation": [-12.5, 0, 0],
							"uv": {
								"north": {"uv": [63, 57], "uv_size": [1, 1]},
								"east": {"uv": [61, 2], "uv_size": [2, 1]},
								"south": {"uv": [58, 63], "uv_size": [1, 1]},
								"west": {"uv": [61, 3], "uv_size": [2, 1]},
								"up": {"uv": [61, 4], "uv_size": [1, 2]},
								"down": {"uv": [5, 63], "uv_size": [1, -2]}
							}
						},
						{
							"origin": [-2.4, 25.42119, -6.74497],
							"size": [0.8, 0.525, 1.2],
							"pivot": [-2, 26.20869, -6.19497],
							"rotation": [-12.5, 0, 0],
							"uv": {
								"north": {"uv": [63, 58], "uv_size": [1, 1]},
								"east": {"uv": [59, 63], "uv_size": [1, 1]},
								"south": {"uv": [63, 59], "uv_size": [1, 1]},
								"west": {"uv": [60, 63], "uv_size": [1, 1]},
								"up": {"uv": [63, 60], "uv_size": [1, 1]},
								"down": {"uv": [61, 64], "uv_size": [1, -1]}
							}
						},
						{
							"origin": [-2.4, 25.53508, -5.25639],
							"size": [0.8, 0.425, 0.7],
							"pivot": [-2, 26.11008, -5.65639],
							"rotation": [27.5, 0, 0],
							"uv": {
								"north": {"uv": [63, 54], "uv_size": [1, 1]},
								"east": {"uv": [55, 63], "uv_size": [1, 1]},
								"south": {"uv": [63, 55], "uv_size": [1, 1]},
								"west": {"uv": [56, 63], "uv_size": [1, 1]},
								"up": {"uv": [63, 56], "uv_size": [1, 1]},
								"down": {"uv": [57, 64], "uv_size": [1, -1]}
							}
						},
						{
							"origin": [-2.4, 26.13898, -4.5871],
							"size": [0.8, 0.4, 0.3],
							"pivot": [-2, 26.32648, -4.1871],
							"rotation": [7.5, 0, 0],
							"uv": {
								"north": {"uv": [63, 61], "uv_size": [1, 1]},
								"east": {"uv": [62, 63], "uv_size": [1, 1]},
								"south": {"uv": [63, 62], "uv_size": [1, 1]},
								"west": {"uv": [63, 63], "uv_size": [1, 1]},
								"up": {"uv": [0, 64], "uv_size": [1, 1]},
								"down": {"uv": [64, 1], "uv_size": [1, -1]}
							}
						},
						{
							"origin": [-2.43418, 26.37035, -17.5],
							"size": [0.285, 0.38, 4.215],
							"pivot": [-2.56866, 26.48073, -15.505],
							"rotation": [0, 0, -37.5],
							"uv": {
								"north": {"uv": [16, 64], "uv_size": [1, 1]},
								"east": {"uv": [59, 28], "uv_size": [4, 1]},
								"south": {"uv": [64, 16], "uv_size": [1, 1]},
								"west": {"uv": [59, 29], "uv_size": [4, 1]},
								"up": {"uv": [59, 30], "uv_size": [1, 4]},
								"down": {"uv": [38, 63], "uv_size": [1, -4]}
							}
						},
						{
							"origin": [-2.76264, 26.13107, -17.5],
							"size": [0.40375, 0.57, 4.215],
							"pivot": [-2.56866, 26.48073, -15.505],
							"rotation": [0, 0, -54],
							"uv": {
								"north": {"uv": [15, 64], "uv_size": [1, 1]},
								"east": {"uv": [59, 22], "uv_size": [4, 1]},
								"south": {"uv": [64, 15], "uv_size": [1, 1]},
								"west": {"uv": [59, 23], "uv_size": [4, 1]},
								"up": {"uv": [21, 59], "uv_size": [1, 4]},
								"down": {"uv": [59, 28], "uv_size": [1, -4]}
							}
						},
						{
							"origin": [-2.82819, 26.05854, -17.5],
							"size": [0.38, 0.285, 4.215],
							"pivot": [-2.56866, 26.48073, -15.505],
							"rotation": [0, 0, 22.5],
							"uv": {
								"north": {"uv": [14, 64], "uv_size": [1, 1]},
								"east": {"uv": [59, 20], "uv_size": [4, 1]},
								"south": {"uv": [64, 14], "uv_size": [1, 1]},
								"west": {"uv": [59, 21], "uv_size": [4, 1]},
								"up": {"uv": [7, 59], "uv_size": [1, 4]},
								"down": {"uv": [8, 63], "uv_size": [1, -4]}
							}
						},
						{
							"origin": [-2.4, 26.1, -17.5],
							"size": [0.85, 0.85, 4.2],
							"uv": {
								"north": {"uv": [13, 64], "uv_size": [1, 1]},
								"east": {"uv": [59, 8], "uv_size": [4, 1]},
								"south": {"uv": [64, 13], "uv_size": [1, 1]},
								"west": {"uv": [17, 59], "uv_size": [4, 1]},
								"up": {"uv": [31, 58], "uv_size": [1, 4]},
								"down": {"uv": [50, 62], "uv_size": [1, -4]}
							}
						},
						{
							"origin": [-2.9, 22.6, -17.5],
							"size": [1.8, 1.5, 4.7],
							"uv": {
								"north": {"uv": [57, 58], "uv_size": [2, 2]},
								"east": {"uv": [22, 49], "uv_size": [5, 2]},
								"south": {"uv": [59, 0], "uv_size": [2, 2]},
								"west": {"uv": [27, 49], "uv_size": [5, 2]},
								"up": {"uv": [50, 0], "uv_size": [2, 5]},
								"down": {"uv": [50, 10], "uv_size": [2, -5]}
							}
						},
						{
							"origin": [-2.9, 23.4, -23.2],
							"size": [1.8, 0.7, 5.7],
							"uv": {
								"north": {"uv": [60, 33], "uv_size": [2, 1]},
								"east": {"uv": [53, 0], "uv_size": [6, 1]},
								"south": {"uv": [60, 39], "uv_size": [2, 1]},
								"west": {"uv": [53, 1], "uv_size": [6, 1]},
								"up": {"uv": [14, 48], "uv_size": [2, 6]},
								"down": {"uv": [16, 54], "uv_size": [2, -6]}
							}
						},
						{
							"origin": [-2.3, 22.8, -23.2],
							"size": [0.6, 0.6, 5.7],
							"uv": {
								"north": {"uv": [61, 49], "uv_size": [1, 1]},
								"east": {"uv": [53, 2], "uv_size": [6, 1]},
								"south": {"uv": [61, 54], "uv_size": [1, 1]},
								"west": {"uv": [53, 3], "uv_size": [6, 1]},
								"up": {"uv": [53, 9], "uv_size": [1, 6]},
								"down": {"uv": [53, 21], "uv_size": [1, -6]}
							}
						},
						{
							"origin": [-1.76882, 22.84598, -23.2],
							"size": [0.3, 0.3, 5.7],
							"pivot": [-1.61882, 22.99598, -20.35],
							"rotation": [0, 0, -22.5],
							"uv": {
								"north": {"uv": [62, 49], "uv_size": [1, 1]},
								"east": {"uv": [53, 4], "uv_size": [6, 1]},
								"south": {"uv": [50, 62], "uv_size": [1, 1]},
								"west": {"uv": [53, 5], "uv_size": [6, 1]},
								"up": {"uv": [42, 53], "uv_size": [1, 6]},
								"down": {"uv": [43, 59], "uv_size": [1, -6]}
							}
						},
						{
							"origin": [-1.40792, 23.36016, -23.2],
							"size": [0.3, 0.3, 5.7],
							"pivot": [-1.75792, 23.51016, -20.35],
							"rotation": [0, 0, 22.5],
							"uv": {
								"north": {"uv": [62, 50], "uv_size": [1, 1]},
								"east": {"uv": [53, 6], "uv_size": [6, 1]},
								"south": {"uv": [51, 62], "uv_size": [1, 1]},
								"west": {"uv": [53, 21], "uv_size": [6, 1]},
								"up": {"uv": [44, 53], "uv_size": [1, 6]},
								"down": {"uv": [45, 59], "uv_size": [1, -6]}
							}
						},
						{
							"origin": [-1.21836, 23.23852, -23.2],
							"size": [0.3, 0.3, 5.7],
							"pivot": [-1.56836, 23.68852, -20.35],
							"rotation": [0, 0, 45],
							"uv": {
								"north": {"uv": [62, 51], "uv_size": [1, 1]},
								"east": {"uv": [53, 22], "uv_size": [6, 1]},
								"south": {"uv": [52, 62], "uv_size": [1, 1]},
								"west": {"uv": [53, 52], "uv_size": [6, 1]},
								"up": {"uv": [46, 53], "uv_size": [1, 6]},
								"down": {"uv": [47, 59], "uv_size": [1, -6]}
							}
						},
						{
							"origin": [-3.08164, 23.23852, -23.2],
							"size": [0.3, 0.3, 5.7],
							"pivot": [-2.43164, 23.68852, -20.35],
							"rotation": [0, 0, -45],
							"uv": {
								"north": {"uv": [62, 54], "uv_size": [1, 1]},
								"east": {"uv": [54, 18], "uv_size": [6, 1]},
								"south": {"uv": [55, 62], "uv_size": [1, 1]},
								"west": {"uv": [54, 19], "uv_size": [6, 1]},
								"up": {"uv": [15, 54], "uv_size": [1, 6]},
								"down": {"uv": [16, 60], "uv_size": [1, -6]}
							}
						},
						{
							"origin": [-2.89208, 23.36016, -23.2],
							"size": [0.3, 0.3, 5.7],
							"pivot": [-2.24208, 23.51016, -20.35],
							"rotation": [0, 0, -22.5],
							"uv": {
								"north": {"uv": [62, 53], "uv_size": [1, 1]},
								"east": {"uv": [54, 10], "uv_size": [6, 1]},
								"south": {"uv": [54, 62], "uv_size": [1, 1]},
								"west": {"uv": [54, 11], "uv_size": [6, 1]},
								"up": {"uv": [54, 12], "uv_size": [1, 6]},
								"down": {"uv": [14, 60], "uv_size": [1, -6]}
							}
						},
						{
							"origin": [-2.53118, 22.84598, -23.2],
							"size": [0.3, 0.3, 5.7],
							"pivot": [-2.38118, 22.99598, -20.35],
							"rotation": [0, 0, 22.5],
							"uv": {
								"north": {"uv": [62, 52], "uv_size": [1, 1]},
								"east": {"uv": [53, 53], "uv_size": [6, 1]},
								"south": {"uv": [53, 62], "uv_size": [1, 1]},
								"west": {"uv": [54, 9], "uv_size": [6, 1]},
								"up": {"uv": [48, 53], "uv_size": [1, 6]},
								"down": {"uv": [49, 59], "uv_size": [1, -6]}
							}
						},
						{
							"origin": [-2.904, 12.79131, -6.65823],
							"size": [1.8, 7.9, 1.6],
							"pivot": [-2, 17.44131, -5.65823],
							"rotation": [17.5, 0, 0],
							"uv": {
								"north": {"uv": [4, 48], "uv_size": [2, 8]},
								"east": {"uv": [6, 48], "uv_size": [2, 8]},
								"south": {"uv": [8, 48], "uv_size": [2, 8]},
								"west": {"uv": [10, 48], "uv_size": [2, 8]},
								"up": {"uv": [56, 42], "uv_size": [2, 2]},
								"down": {"uv": [5, 59], "uv_size": [2, -2]}
							}
						},
						{
							"origin": [-2.901, 19.65105, -8.43484],
							"size": [1.8, 1.8, 1],
							"pivot": [-2, 17.30105, -5.73484],
							"rotation": [-25, 0, 0],
							"uv": {
								"north": {"uv": [57, 32], "uv_size": [2, 2]},
								"east": {"uv": [60, 17], "uv_size": [1, 2]},
								"south": {"uv": [57, 40], "uv_size": [2, 2]},
								"west": {"uv": [19, 60], "uv_size": [1, 2]},
								"up": {"uv": [60, 19], "uv_size": [2, 1]},
								"down": {"uv": [23, 61], "uv_size": [2, -1]}
							}
						},
						{
							"origin": [-2.902, 20.60647, -5.87125],
							"size": [1.8, 2.425, 1.3],
							"pivot": [-2, 22.70647, -5.07125],
							"rotation": [-55, 0, 0],
							"uv": {
								"north": {"uv": [57, 56], "uv_size": [2, 2]},
								"east": {"uv": [20, 60], "uv_size": [1, 2]},
								"south": {"uv": [0, 58], "uv_size": [2, 2]},
								"west": {"uv": [60, 24], "uv_size": [1, 2]},
								"up": {"uv": [25, 60], "uv_size": [2, 1]},
								"down": {"uv": [60, 27], "uv_size": [2, -1]}
							}
						},
						{
							"origin": [-2.9, 22.66378, -5.24063],
							"size": [1.8, 0.55, 1],
							"pivot": [-2, 23.01378, -4.66563],
							"rotation": [-35, 0, 0],
							"uv": {
								"north": {"uv": [27, 60], "uv_size": [2, 1]},
								"east": {"uv": [47, 61], "uv_size": [1, 1]},
								"south": {"uv": [60, 27], "uv_size": [2, 1]},
								"west": {"uv": [61, 48], "uv_size": [1, 1]},
								"up": {"uv": [29, 60], "uv_size": [2, 1]},
								"down": {"uv": [60, 31], "uv_size": [2, -1]}
							}
						},
						{
							"origin": [-2.4, 22.90228, -5.21272],
							"size": [0.8, 0.55, 0.9],
							"pivot": [-2, 23.07728, -4.71272],
							"rotation": [-22.5, 0, 0],
							"uv": {
								"north": {"uv": [62, 55], "uv_size": [1, 1]},
								"east": {"uv": [56, 62], "uv_size": [1, 1]},
								"south": {"uv": [62, 56], "uv_size": [1, 1]},
								"west": {"uv": [57, 62], "uv_size": [1, 1]},
								"up": {"uv": [62, 57], "uv_size": [1, 1]},
								"down": {"uv": [58, 63], "uv_size": [1, -1]}
							}
						},
						{
							"origin": [-2.401, 23.04166, -4.34529],
							"size": [0.8, 0.55, 0.9],
							"pivot": [-2, 23.21666, -4.74529],
							"rotation": [-37.5, 0, 0],
							"uv": {
								"north": {"uv": [62, 58], "uv_size": [1, 1]},
								"east": {"uv": [59, 62], "uv_size": [1, 1]},
								"south": {"uv": [62, 59], "uv_size": [1, 1]},
								"west": {"uv": [60, 62], "uv_size": [1, 1]},
								"up": {"uv": [62, 60], "uv_size": [1, 1]},
								"down": {"uv": [61, 63], "uv_size": [1, -1]}
							}
						},
						{
							"origin": [-2.4, 22.28643, -4.82047],
							"size": [0.8, 0.55, 1.175],
							"uv": {
								"north": {"uv": [62, 61], "uv_size": [1, 1]},
								"east": {"uv": [62, 62], "uv_size": [1, 1]},
								"south": {"uv": [0, 63], "uv_size": [1, 1]},
								"west": {"uv": [63, 0], "uv_size": [1, 1]},
								"up": {"uv": [1, 63], "uv_size": [1, 1]},
								"down": {"uv": [63, 2], "uv_size": [1, -1]}
							}
						},
						{
							"origin": [-2.901, 23.21705, -5.98497],
							"size": [1.8, 0.65, 1.025],
							"pivot": [-2, 23.59205, -5.52247],
							"rotation": [-40, 0, 0],
							"uv": {
								"north": {"uv": [60, 42], "uv_size": [2, 1]},
								"east": {"uv": [55, 61], "uv_size": [1, 1]},
								"south": {"uv": [60, 43], "uv_size": [2, 1]},
								"west": {"uv": [61, 55], "uv_size": [1, 1]},
								"up": {"uv": [60, 44], "uv_size": [2, 1]},
								"down": {"uv": [60, 46], "uv_size": [2, -1]}
							}
						},
						{
							"origin": [-2.9, 13.87924, -5.98698],
							"size": [1.8, 4.6, 1.6],
							"pivot": [-2, 16.27924, -5.18698],
							"rotation": [25, 0, 0],
							"uv": {
								"north": {"uv": [42, 48], "uv_size": [2, 5]},
								"east": {"uv": [44, 48], "uv_size": [2, 5]},
								"south": {"uv": [46, 48], "uv_size": [2, 5]},
								"west": {"uv": [48, 48], "uv_size": [2, 5]},
								"up": {"uv": [7, 57], "uv_size": [2, 2]},
								"down": {"uv": [57, 32], "uv_size": [2, -2]}
							}
						},
						{
							"origin": [-2.8999, 13.14219, -4.04765],
							"size": [1.8, 1.3, 0.6],
							"uv": {
								"north": {"uv": [60, 11], "uv_size": [2, 1]},
								"east": {"uv": [30, 61], "uv_size": [1, 1]},
								"south": {"uv": [13, 60], "uv_size": [2, 1]},
								"west": {"uv": [46, 61], "uv_size": [1, 1]},
								"up": {"uv": [15, 60], "uv_size": [2, 1]},
								"down": {"uv": [17, 61], "uv_size": [2, -1]}
							}
						}
					]
				}
			]
		}
	]
}