{
	"format_version": "1.12.0",
	"minecraft:geometry": [
		{
			"description": {
				"identifier": "geometry.unknown",
				"texture_width": 128,
				"texture_height": 128,
				"visible_bounds_width": 8,
				"visible_bounds_height": 4,
				"visible_bounds_offset": [0, 1, 0]
			},
			"bones": [
				{
					"name": "main",
					"pivot": [0, 26, -19]
				},
				{
					"name": "gun",
					"parent": "main",
					"pivot": [-3, 22.06208, -14.81471],
					"cubes": [
						{
							"origin": [-2.7, 23.5, -13.2],
							"size": [0.7, 0.9, 1.6],
							"uv": {
								"north": {"uv": [60, 61], "uv_size": [1, 1]},
								"east": {"uv": [59, 3], "uv_size": [2, 1]},
								"south": {"uv": [61, 60], "uv_size": [1, 1]},
								"west": {"uv": [59, 4], "uv_size": [2, 1]},
								"up": {"uv": [11, 59], "uv_size": [1, 2]},
								"down": {"uv": [59, 13], "uv_size": [1, -2]}
							}
						},
						{
							"origin": [-4, 23.5, -13.2],
							"size": [0.7, 0.9, 1.6],
							"uv": {
								"north": {"uv": [63, 25], "uv_size": [1, 1]},
								"east": {"uv": [6, 61], "uv_size": [2, 1]},
								"south": {"uv": [26, 63], "uv_size": [1, 1]},
								"west": {"uv": [11, 61], "uv_size": [2, 1]},
								"up": {"uv": [13, 61], "uv_size": [1, 2]},
								"down": {"uv": [14, 63], "uv_size": [1, -2]}
							}
						},
						{
							"origin": [-3.3, 23.5, -13.2],
							"size": [0.6, 0.8, 1.6],
							"uv": {
								"north": {"uv": [63, 26], "uv_size": [1, 1]},
								"east": {"uv": [15, 61], "uv_size": [2, 1]},
								"south": {"uv": [27, 63], "uv_size": [1, 1]},
								"west": {"uv": [17, 61], "uv_size": [2, 1]},
								"up": {"uv": [19, 61], "uv_size": [1, 2]},
								"down": {"uv": [20, 63], "uv_size": [1, -2]}
							}
						},
						{
							"origin": [-3.975, 22.8336, -13.7848],
							"size": [1.95, 0.8, 2],
							"pivot": [-3, 23.4836, -12.9848],
							"rotation": [30, 0, 0],
							"uv": {
								"north": {"uv": [52, 59], "uv_size": [2, 1]},
								"east": {"uv": [54, 59], "uv_size": [2, 1]},
								"south": {"uv": [59, 54], "uv_size": [2, 1]},
								"west": {"uv": [59, 55], "uv_size": [2, 1]},
								"up": {"uv": [36, 56], "uv_size": [2, 2]},
								"down": {"uv": [45, 58], "uv_size": [2, -2]}
							}
						},
						{
							"origin": [-4, 22.4, -19.4],
							"size": [2, 2, 6.2],
							"uv": {
								"north": {"uv": [12, 56], "uv_size": [2, 2]},
								"east": {"uv": [46, 24], "uv_size": [6, 2]},
								"south": {"uv": [22, 56], "uv_size": [2, 2]},
								"west": {"uv": [47, 8], "uv_size": [6, 2]},
								"up": {"uv": [10, 48], "uv_size": [2, 6]},
								"down": {"uv": [12, 54], "uv_size": [2, -6]}
							}
						},
						{
							"origin": [-2.3, 23.3, -19.6],
							"size": [0.5, 0.9, 1.6],
							"pivot": [-2.05, 23.75, -18.8],
							"rotation": [0, 0, -7.5],
							"uv": {
								"north": {"uv": [26, 64], "uv_size": [1, 1]},
								"east": {"uv": [43, 61], "uv_size": [2, 1]},
								"south": {"uv": [64, 26], "uv_size": [1, 1]},
								"west": {"uv": [61, 43], "uv_size": [2, 1]},
								"up": {"uv": [61, 44], "uv_size": [1, 2]},
								"down": {"uv": [45, 63], "uv_size": [1, -2]}
							}
						},
						{
							"origin": [-2.1, 23.35, -19.575],
							"size": [0.5, 0.35, 1.55],
							"uv": {
								"north": {"uv": [27, 64], "uv_size": [1, 1]},
								"east": {"uv": [46, 61], "uv_size": [2, 1]},
								"south": {"uv": [64, 27], "uv_size": [1, 1]},
								"west": {"uv": [61, 46], "uv_size": [2, 1]},
								"up": {"uv": [61, 47], "uv_size": [1, 2]},
								"down": {"uv": [48, 63], "uv_size": [1, -2]}
							}
						},
						{
							"origin": [-4, 20, -19.4],
							"size": [2, 2.4, 0.6],
							"uv": {
								"north": {"uv": [10, 57], "uv_size": [2, 2]},
								"east": {"uv": [34, 60], "uv_size": [1, 2]},
								"south": {"uv": [57, 11], "uv_size": [2, 2]},
								"west": {"uv": [60, 37], "uv_size": [1, 2]},
								"up": {"uv": [40, 60], "uv_size": [2, 1]},
								"down": {"uv": [42, 61], "uv_size": [2, -1]}
							}
						},
						{
							"origin": [-3.975, 22.15357, -19.35622],
							"size": [1.95, 1.7, 0.7],
							"pivot": [-3, 22.15357, -19.15622],
							"rotation": [40, 0, 0],
							"uv": {
								"north": {"uv": [18, 57], "uv_size": [2, 2]},
								"east": {"uv": [52, 60], "uv_size": [1, 2]},
								"south": {"uv": [20, 57], "uv_size": [2, 2]},
								"west": {"uv": [53, 60], "uv_size": [1, 2]},
								"up": {"uv": [54, 60], "uv_size": [2, 1]},
								"down": {"uv": [57, 61], "uv_size": [2, -1]}
							}
						},
						{
							"origin": [-3.675, 20.98494, -19.068],
							"size": [1.35, 1.2, 0.8],
							"pivot": [-3, 22.33494, -20.418],
							"rotation": [-32.5, 0, 0],
							"uv": {
								"north": {"uv": [62, 16], "uv_size": [1, 1]},
								"east": {"uv": [17, 62], "uv_size": [1, 1]},
								"south": {"uv": [62, 17], "uv_size": [1, 1]},
								"west": {"uv": [18, 62], "uv_size": [1, 1]},
								"up": {"uv": [62, 18], "uv_size": [1, 1]},
								"down": {"uv": [62, 20], "uv_size": [1, -1]}
							}
						},
						{
							"origin": [-3.675, 20.04117, -20.23006],
							"size": [1.35, 0.425, 0.85],
							"uv": {
								"north": {"uv": [62, 20], "uv_size": [1, 1]},
								"east": {"uv": [21, 62], "uv_size": [1, 1]},
								"south": {"uv": [62, 21], "uv_size": [1, 1]},
								"west": {"uv": [22, 62], "uv_size": [1, 1]},
								"up": {"uv": [62, 22], "uv_size": [1, 1]},
								"down": {"uv": [23, 63], "uv_size": [1, -1]}
							}
						},
						{
							"origin": [-3.475, 20.00389, -21.28389],
							"size": [0.95, 0.125, 1.05],
							"pivot": [-3, 20.06639, -20.65889],
							"rotation": [5, 0, 0],
							"uv": {
								"north": {"uv": [62, 23], "uv_size": [1, 1]},
								"east": {"uv": [24, 62], "uv_size": [1, 1]},
								"south": {"uv": [62, 24], "uv_size": [1, 1]},
								"west": {"uv": [62, 25], "uv_size": [1, 1]},
								"up": {"uv": [26, 62], "uv_size": [1, 1]},
								"down": {"uv": [62, 27], "uv_size": [1, -1]}
							}
						},
						{
							"origin": [-3.475, 20.1066, -20.77204],
							"size": [0.95, 0.125, 0.65],
							"pivot": [-3, 20.2191, -20.39704],
							"rotation": [17.5, 0, 0],
							"uv": {
								"north": {"uv": [63, 1], "uv_size": [1, 1]},
								"east": {"uv": [2, 63], "uv_size": [1, 1]},
								"south": {"uv": [63, 2], "uv_size": [1, 1]},
								"west": {"uv": [3, 63], "uv_size": [1, 1]},
								"up": {"uv": [63, 3], "uv_size": [1, 1]},
								"down": {"uv": [4, 64], "uv_size": [1, -1]}
							}
						},
						{
							"origin": [-3.475, 19.89059, -23.52319],
							"size": [0.95, 0.125, 2.25],
							"pivot": [-3, 19.95309, -20.59819],
							"rotation": [-5, 0, 0],
							"uv": {
								"north": {"uv": [27, 62], "uv_size": [1, 1]},
								"east": {"uv": [60, 58], "uv_size": [2, 1]},
								"south": {"uv": [62, 28], "uv_size": [1, 1]},
								"west": {"uv": [59, 60], "uv_size": [2, 1]},
								"up": {"uv": [61, 2], "uv_size": [1, 2]},
								"down": {"uv": [61, 6], "uv_size": [1, -2]}
							}
						},
						{
							"origin": [-3.475, 20.8177, -24.69698],
							"size": [0.95, 0.125, 1.45],
							"pivot": [-3, 20.8802, -24.37198],
							"rotation": [-37.5, 0, 0],
							"uv": {
								"north": {"uv": [62, 29], "uv_size": [1, 1]},
								"east": {"uv": [62, 30], "uv_size": [1, 1]},
								"south": {"uv": [62, 31], "uv_size": [1, 1]},
								"west": {"uv": [32, 62], "uv_size": [1, 1]},
								"up": {"uv": [33, 62], "uv_size": [1, 1]},
								"down": {"uv": [34, 63], "uv_size": [1, -1]}
							}
						},
						{
							"origin": [-3.475, 20.66776, -27.5033],
							"size": [0.95, 0.125, 0.75],
							"pivot": [-3, 20.73026, -25.1783],
							"rotation": [-105, 0, 0],
							"uv": {
								"north": {"uv": [62, 35], "uv_size": [1, 1]},
								"east": {"uv": [36, 62], "uv_size": [1, 1]},
								"south": {"uv": [62, 36], "uv_size": [1, 1]},
								"west": {"uv": [62, 37], "uv_size": [1, 1]},
								"up": {"uv": [62, 38], "uv_size": [1, 1]},
								"down": {"uv": [62, 40], "uv_size": [1, -1]}
							}
						},
						{
							"origin": [-3.475, 22.58027, -25.14353],
							"size": [0.95, 0.125, 0.75],
							"pivot": [-3, 22.64277, -24.76853],
							"rotation": [-90, 0, 0],
							"uv": {
								"north": {"uv": [49, 62], "uv_size": [1, 1]},
								"east": {"uv": [50, 62], "uv_size": [1, 1]},
								"south": {"uv": [62, 50], "uv_size": [1, 1]},
								"west": {"uv": [62, 51], "uv_size": [1, 1]},
								"up": {"uv": [52, 62], "uv_size": [1, 1]},
								"down": {"uv": [53, 63], "uv_size": [1, -1]}
							}
						},
						{
							"origin": [-3.475, 23.32903, -25.47555],
							"size": [0.95, 0.425, 1.05],
							"pivot": [-3, 23.39153, -24.90055],
							"rotation": [-70, 0, 0],
							"uv": {
								"north": {"uv": [58, 62], "uv_size": [1, 1]},
								"east": {"uv": [62, 58], "uv_size": [1, 1]},
								"south": {"uv": [59, 62], "uv_size": [1, 1]},
								"west": {"uv": [62, 59], "uv_size": [1, 1]},
								"up": {"uv": [60, 62], "uv_size": [1, 1]},
								"down": {"uv": [62, 61], "uv_size": [1, -1]}
							}
						},
						{
							"origin": [-3.475, 23.72903, -25.47555],
							"size": [0.95, 0.325, 0.55],
							"pivot": [-3, 23.39153, -24.90055],
							"rotation": [-70, 0, 0],
							"uv": {
								"north": {"uv": [61, 62], "uv_size": [1, 1]},
								"east": {"uv": [62, 61], "uv_size": [1, 1]},
								"south": {"uv": [62, 62], "uv_size": [1, 1]},
								"west": {"uv": [0, 63], "uv_size": [1, 1]},
								"up": {"uv": [63, 0], "uv_size": [1, 1]},
								"down": {"uv": [1, 64], "uv_size": [1, -1]}
							}
						},
						{
							"origin": [-3.475, 22.68027, -25.14353],
							"size": [0.95, 0.1, 0.45],
							"pivot": [-3, 22.64277, -24.76853],
							"rotation": [-90, 0, 0],
							"uv": {
								"north": {"uv": [62, 54], "uv_size": [1, 1]},
								"east": {"uv": [55, 62], "uv_size": [1, 1]},
								"south": {"uv": [62, 55], "uv_size": [1, 1]},
								"west": {"uv": [56, 62], "uv_size": [1, 1]},
								"up": {"uv": [57, 62], "uv_size": [1, 1]},
								"down": {"uv": [62, 58], "uv_size": [1, -1]}
							}
						},
						{
							"origin": [-3.475, 22.74251, -25.19687],
							"size": [0.95, 0.525, 1.25],
							"pivot": [-3, 23.20501, -24.32187],
							"rotation": [-136.5, 0, 0],
							"uv": {
								"north": {"uv": [62, 44], "uv_size": [1, 1]},
								"east": {"uv": [62, 45], "uv_size": [1, 1]},
								"south": {"uv": [46, 62], "uv_size": [1, 1]},
								"west": {"uv": [47, 62], "uv_size": [1, 1]},
								"up": {"uv": [62, 47], "uv_size": [1, 1]},
								"down": {"uv": [62, 49], "uv_size": [1, -1]}
							}
						},
						{
							"origin": [-3.475, 20.6519, -26.13848],
							"size": [0.95, 0.125, 1.25],
							"pivot": [-3, 20.7144, -24.56348],
							"rotation": [-82.5, 0, 0],
							"uv": {
								"north": {"uv": [40, 62], "uv_size": [1, 1]},
								"east": {"uv": [41, 62], "uv_size": [1, 1]},
								"south": {"uv": [62, 41], "uv_size": [1, 1]},
								"west": {"uv": [62, 42], "uv_size": [1, 1]},
								"up": {"uv": [43, 62], "uv_size": [1, 1]},
								"down": {"uv": [44, 63], "uv_size": [1, -1]}
							}
						},
						{
							"origin": [-3.4, 24.4, -26.1],
							"size": [0.8, 1.8, 12.6],
							"uv": {
								"north": {"uv": [61, 30], "uv_size": [1, 2]},
								"east": {"uv": [40, 36], "uv_size": [13, 2]},
								"south": {"uv": [31, 61], "uv_size": [1, 2]},
								"west": {"uv": [40, 38], "uv_size": [13, 2]},
								"up": {"uv": [6, 48], "uv_size": [1, 13]},
								"down": {"uv": [7, 61], "uv_size": [1, -13]}
							}
						},
						{
							"origin": [-3.5, 26.2, -14.6],
							"size": [0.9, 0.7, 1.1],
							"uv": {
								"north": {"uv": [3, 64], "uv_size": [1, 1]},
								"east": {"uv": [64, 3], "uv_size": [1, 1]},
								"south": {"uv": [4, 64], "uv_size": [1, 1]},
								"west": {"uv": [64, 4], "uv_size": [1, 1]},
								"up": {"uv": [5, 64], "uv_size": [1, 1]},
								"down": {"uv": [64, 6], "uv_size": [1, -1]}
							}
						},
						{
							"origin": [-3.4, 26, -30.6],
							"size": [1, 1, 11.9],
							"pivot": [-3, 26.6, -30.5],
							"rotation": [0, 0, 30],
							"uv": {
								"north": {"uv": [63, 59], "uv_size": [1, 1]},
								"east": {"uv": [46, 26], "uv_size": [12, 1]},
								"south": {"uv": [60, 63], "uv_size": [1, 1]},
								"west": {"uv": [47, 10], "uv_size": [12, 1]},
								"up": {"uv": [14, 48], "uv_size": [1, 12]},
								"down": {"uv": [15, 60], "uv_size": [1, -12]}
							}
						},
						{
							"origin": [-3.6, 25.8, -23.6],
							"size": [1, 1.3, 4.2],
							"pivot": [-3, 26.6, -30.5],
							"rotation": [0, 0, 30],
							"uv": {
								"north": {"uv": [6, 64], "uv_size": [1, 1]},
								"east": {"uv": [57, 34], "uv_size": [4, 1]},
								"south": {"uv": [64, 6], "uv_size": [1, 1]},
								"west": {"uv": [58, 24], "uv_size": [4, 1]},
								"up": {"uv": [47, 57], "uv_size": [1, 4]},
								"down": {"uv": [48, 61], "uv_size": [1, -4]}
							}
						},
						{
							"origin": [-3.6, 24.4, -30.2],
							"size": [1.2, 0.7, 3.1],
							"uv": {
								"north": {"uv": [62, 12], "uv_size": [1, 1]},
								"east": {"uv": [58, 40], "uv_size": [3, 1]},
								"south": {"uv": [62, 13], "uv_size": [1, 1]},
								"west": {"uv": [58, 41], "uv_size": [3, 1]},
								"up": {"uv": [39, 58], "uv_size": [1, 3]},
								"down": {"uv": [45, 61], "uv_size": [1, -3]}
							}
						},
						{
							"origin": [-3.975, 24.4, -27.4],
							"size": [1.95, 0.7, 1.5],
							"uv": {
								"north": {"uv": [28, 60], "uv_size": [2, 1]},
								"east": {"uv": [62, 15], "uv_size": [1, 1]},
								"south": {"uv": [30, 60], "uv_size": [2, 1]},
								"west": {"uv": [16, 62], "uv_size": [1, 1]},
								"up": {"uv": [32, 60], "uv_size": [2, 1]},
								"down": {"uv": [60, 36], "uv_size": [2, -1]}
							}
						},
						{
							"origin": [-3.94446, 24.45669, -30.2],
							"size": [0.5, 0.85, 2.8],
							"pivot": [-3.69446, 24.95669, -28.65],
							"rotation": [0, 0, -35],
							"uv": {
								"north": {"uv": [62, 14], "uv_size": [1, 1]},
								"east": {"uv": [58, 46], "uv_size": [3, 1]},
								"south": {"uv": [15, 62], "uv_size": [1, 1]},
								"west": {"uv": [58, 47], "uv_size": [3, 1]},
								"up": {"uv": [46, 58], "uv_size": [1, 3]},
								"down": {"uv": [58, 51], "uv_size": [1, -3]}
							}
						},
						{
							"origin": [-2.55554, 24.45669, -30.2],
							"size": [0.5, 0.85, 2.8],
							"pivot": [-2.30554, 24.95669, -28.65],
							"rotation": [0, 0, 35],
							"uv": {
								"north": {"uv": [63, 60], "uv_size": [1, 1]},
								"east": {"uv": [58, 51], "uv_size": [3, 1]},
								"south": {"uv": [61, 63], "uv_size": [1, 1]},
								"west": {"uv": [58, 52], "uv_size": [3, 1]},
								"up": {"uv": [50, 58], "uv_size": [1, 3]},
								"down": {"uv": [51, 61], "uv_size": [1, -3]}
							}
						},
						{
							"origin": [-4, 23.4, -21.4],
							"size": [2, 1, 2],
							"uv": {
								"north": {"uv": [59, 59], "uv_size": [2, 1]},
								"east": {"uv": [60, 6], "uv_size": [2, 1]},
								"south": {"uv": [60, 7], "uv_size": [2, 1]},
								"west": {"uv": [60, 8], "uv_size": [2, 1]},
								"up": {"uv": [56, 46], "uv_size": [2, 2]},
								"down": {"uv": [56, 50], "uv_size": [2, -2]}
							}
						},
						{
							"origin": [-4, 23.675, -23.4],
							"size": [2, 0.725, 2],
							"uv": {
								"north": {"uv": [60, 9], "uv_size": [2, 1]},
								"east": {"uv": [60, 10], "uv_size": [2, 1]},
								"south": {"uv": [60, 11], "uv_size": [2, 1]},
								"west": {"uv": [12, 60], "uv_size": [2, 1]},
								"up": {"uv": [56, 50], "uv_size": [2, 2]},
								"down": {"uv": [56, 54], "uv_size": [2, -2]}
							}
						},
						{
							"origin": [-4, 23.875, -25.2],
							"size": [2, 0.525, 1.8],
							"uv": {
								"north": {"uv": [60, 12], "uv_size": [2, 1]},
								"east": {"uv": [60, 13], "uv_size": [2, 1]},
								"south": {"uv": [14, 60], "uv_size": [2, 1]},
								"west": {"uv": [60, 14], "uv_size": [2, 1]},
								"up": {"uv": [54, 56], "uv_size": [2, 2]},
								"down": {"uv": [56, 56], "uv_size": [2, -2]}
							}
						},
						{
							"origin": [-4, 24.075, -26.7],
							"size": [2, 0.325, 1.5],
							"uv": {
								"north": {"uv": [60, 15], "uv_size": [2, 1]},
								"east": {"uv": [60, 16], "uv_size": [2, 1]},
								"south": {"uv": [60, 17], "uv_size": [2, 1]},
								"west": {"uv": [18, 60], "uv_size": [2, 1]},
								"up": {"uv": [56, 56], "uv_size": [2, 2]},
								"down": {"uv": [57, 2], "uv_size": [2, -2]}
							}
						},
						{
							"origin": [-4, 24.15, -27.375],
							"size": [2, 0.25, 0.675],
							"uv": {
								"north": {"uv": [60, 18], "uv_size": [2, 1]},
								"east": {"uv": [62, 11], "uv_size": [1, 1]},
								"south": {"uv": [60, 19], "uv_size": [2, 1]},
								"west": {"uv": [12, 62], "uv_size": [1, 1]},
								"up": {"uv": [20, 60], "uv_size": [2, 1]},
								"down": {"uv": [60, 21], "uv_size": [2, -1]}
							}
						},
						{
							"origin": [-4.01, 23.4, -27.2],
							"size": [2.02, 0.3, 8.1],
							"pivot": [-3, 24.1, -21.6],
							"rotation": [-7.5, 0, 0],
							"uv": {
								"north": {"uv": [59, 56], "uv_size": [2, 1]},
								"east": {"uv": [47, 11], "uv_size": [8, 1]},
								"south": {"uv": [57, 59], "uv_size": [2, 1]},
								"west": {"uv": [47, 12], "uv_size": [8, 1]},
								"up": {"uv": [42, 13], "uv_size": [2, 8]},
								"down": {"uv": [42, 29], "uv_size": [2, -8]}
							}
						},
						{
							"origin": [-4.097, 21.575, -17],
							"size": [2.2, 1.675, 1.4],
							"uv": {
								"north": {"uv": [54, 6], "uv_size": [2, 2]},
								"east": {"uv": [16, 59], "uv_size": [1, 2]},
								"south": {"uv": [8, 54], "uv_size": [2, 2]},
								"west": {"uv": [17, 59], "uv_size": [1, 2]},
								"up": {"uv": [18, 59], "uv_size": [2, 1]},
								"down": {"uv": [20, 60], "uv_size": [2, -1]}
							}
						},
						{
							"origin": [-4.1, 21.33, -18.60448],
							"size": [2.2, 1.75, 1.9],
							"pivot": [-3, 22.205, -17.40448],
							"rotation": [17.5, 0, 0],
							"uv": {
								"north": {"uv": [54, 46], "uv_size": [2, 2]},
								"east": {"uv": [54, 48], "uv_size": [2, 2]},
								"south": {"uv": [54, 50], "uv_size": [2, 2]},
								"west": {"uv": [54, 52], "uv_size": [2, 2]},
								"up": {"uv": [54, 54], "uv_size": [2, 2]},
								"down": {"uv": [55, 2], "uv_size": [2, -2]}
							}
						},
						{
							"origin": [-4.1, 21.1, -15.6],
							"size": [2.2, 1.3, 2.4],
							"uv": {
								"north": {"uv": [24, 59], "uv_size": [2, 1]},
								"east": {"uv": [59, 25], "uv_size": [2, 1]},
								"south": {"uv": [26, 59], "uv_size": [2, 1]},
								"west": {"uv": [59, 26], "uv_size": [2, 1]},
								"up": {"uv": [10, 54], "uv_size": [2, 2]},
								"down": {"uv": [12, 56], "uv_size": [2, -2]}
							}
						},
						{
							"origin": [-4.101, 19.97866, -18.81206],
							"size": [2.2, 2.7, 0.6],
							"uv": {
								"north": {"uv": [48, 52], "uv_size": [2, 3]},
								"east": {"uv": [37, 58], "uv_size": [1, 3]},
								"south": {"uv": [18, 53], "uv_size": [2, 3]},
								"west": {"uv": [38, 58], "uv_size": [1, 3]},
								"up": {"uv": [59, 30], "uv_size": [2, 1]},
								"down": {"uv": [31, 60], "uv_size": [2, -1]}
							}
						},
						{
							"origin": [-4.098, 18.87866, -18.21206],
							"size": [2.2, 2.7, 5],
							"uv": {
								"north": {"uv": [20, 53], "uv_size": [2, 3]},
								"east": {"uv": [42, 29], "uv_size": [5, 3]},
								"south": {"uv": [22, 53], "uv_size": [2, 3]},
								"west": {"uv": [42, 32], "uv_size": [5, 3]},
								"up": {"uv": [18, 48], "uv_size": [2, 5]},
								"down": {"uv": [20, 53], "uv_size": [2, -5]}
							}
						},
						{
							"origin": [-4.101, 13.67866, -17.31206],
							"size": [2.2, 5.2, 4.9],
							"uv": {
								"north": {"uv": [22, 48], "uv_size": [2, 5]},
								"east": {"uv": [40, 40], "uv_size": [5, 5]},
								"south": {"uv": [24, 48], "uv_size": [2, 5]},
								"west": {"uv": [42, 8], "uv_size": [5, 5]},
								"up": {"uv": [26, 48], "uv_size": [2, 5]},
								"down": {"uv": [28, 53], "uv_size": [2, -5]}
							}
						},
						{
							"origin": [-4.1, 13.27866, -13.91206],
							"size": [2.2, 0.3, 2.2],
							"pivot": [-3, 13.47866, -14.76206],
							"rotation": [7.5, 0, 0],
							"uv": {
								"north": {"uv": [42, 59], "uv_size": [2, 1]},
								"east": {"uv": [59, 42], "uv_size": [2, 1]},
								"south": {"uv": [59, 43], "uv_size": [2, 1]},
								"west": {"uv": [59, 44], "uv_size": [2, 1]},
								"up": {"uv": [55, 11], "uv_size": [2, 2]},
								"down": {"uv": [47, 57], "uv_size": [2, -2]}
							}
						},
						{
							"origin": [-3.4, 12.85829, -13.4714],
							"size": [0.8, 0.2, 0.8],
							"pivot": [-3, 13.25829, -13.3714],
							"rotation": [45, 0, 0],
							"uv": {
								"north": {"uv": [61, 61], "uv_size": [1, 1]},
								"east": {"uv": [0, 62], "uv_size": [1, 1]},
								"south": {"uv": [62, 0], "uv_size": [1, 1]},
								"west": {"uv": [1, 62], "uv_size": [1, 1]},
								"up": {"uv": [62, 1], "uv_size": [1, 1]},
								"down": {"uv": [2, 63], "uv_size": [1, -1]}
							}
						},
						{
							"origin": [-3.4, 13.45829, -13.4714],
							"size": [0.8, 0.2, 0.8],
							"pivot": [-3, 13.25829, -13.3714],
							"rotation": [45, 0, 0],
							"uv": {
								"north": {"uv": [62, 2], "uv_size": [1, 1]},
								"east": {"uv": [3, 62], "uv_size": [1, 1]},
								"south": {"uv": [62, 3], "uv_size": [1, 1]},
								"west": {"uv": [4, 62], "uv_size": [1, 1]},
								"up": {"uv": [62, 4], "uv_size": [1, 1]},
								"down": {"uv": [5, 63], "uv_size": [1, -1]}
							}
						},
						{
							"origin": [-3.4, 13.05829, -12.8714],
							"size": [0.8, 0.4, 0.2],
							"pivot": [-3, 13.25829, -13.3714],
							"rotation": [45, 0, 0],
							"uv": {
								"north": {"uv": [62, 5], "uv_size": [1, 1]},
								"east": {"uv": [6, 62], "uv_size": [1, 1]},
								"south": {"uv": [62, 6], "uv_size": [1, 1]},
								"west": {"uv": [7, 62], "uv_size": [1, 1]},
								"up": {"uv": [62, 7], "uv_size": [1, 1]},
								"down": {"uv": [8, 63], "uv_size": [1, -1]}
							}
						},
						{
							"origin": [-3.4, 13.05829, -13.4714],
							"size": [0.8, 0.4, 0.2],
							"pivot": [-3, 13.25829, -13.3714],
							"rotation": [45, 0, 0],
							"uv": {
								"north": {"uv": [62, 8], "uv_size": [1, 1]},
								"east": {"uv": [9, 62], "uv_size": [1, 1]},
								"south": {"uv": [62, 9], "uv_size": [1, 1]},
								"west": {"uv": [10, 62], "uv_size": [1, 1]},
								"up": {"uv": [62, 10], "uv_size": [1, 1]},
								"down": {"uv": [11, 63], "uv_size": [1, -1]}
							}
						},
						{
							"origin": [-4.1, 13.37866, -17.41206],
							"size": [2.2, 0.3, 3.525],
							"uv": {
								"north": {"uv": [59, 45], "uv_size": [2, 1]},
								"east": {"uv": [56, 6], "uv_size": [4, 1]},
								"south": {"uv": [59, 48], "uv_size": [2, 1]},
								"west": {"uv": [56, 7], "uv_size": [4, 1]},
								"up": {"uv": [30, 48], "uv_size": [2, 4]},
								"down": {"uv": [48, 44], "uv_size": [2, -4]}
							}
						},
						{
							"origin": [-4.101, 13.67866, -12.41206],
							"size": [2.2, 2, 1],
							"uv": {
								"north": {"uv": [55, 2], "uv_size": [2, 2]},
								"east": {"uv": [35, 59], "uv_size": [1, 2]},
								"south": {"uv": [55, 4], "uv_size": [2, 2]},
								"west": {"uv": [59, 37], "uv_size": [1, 2]},
								"up": {"uv": [59, 39], "uv_size": [2, 1]},
								"down": {"uv": [40, 60], "uv_size": [2, -1]}
							}
						},
						{
							"origin": [-4.1, 13.43769, -18.25999],
							"size": [2.2, 6.7, 1.3],
							"pivot": [-3, 17.53769, -17.80999],
							"rotation": [12.5, 0, 0],
							"uv": {
								"north": {"uv": [36, 43], "uv_size": [2, 7]},
								"east": {"uv": [31, 52], "uv_size": [1, 7]},
								"south": {"uv": [38, 43], "uv_size": [2, 7]},
								"west": {"uv": [52, 46], "uv_size": [1, 7]},
								"up": {"uv": [59, 31], "uv_size": [2, 1]},
								"down": {"uv": [59, 33], "uv_size": [2, -1]}
							}
						},
						{
							"origin": [-4.1, 13.83769, -13.55999],
							"size": [2.2, 6, 1.3],
							"pivot": [-3, 17.53769, -17.80999],
							"rotation": [17.5, 0, 0],
							"uv": {
								"north": {"uv": [47, 29], "uv_size": [2, 6]},
								"east": {"uv": [24, 53], "uv_size": [1, 6]},
								"south": {"uv": [8, 48], "uv_size": [2, 6]},
								"west": {"uv": [25, 53], "uv_size": [1, 6]},
								"up": {"uv": [33, 59], "uv_size": [2, 1]},
								"down": {"uv": [59, 37], "uv_size": [2, -1]}
							}
						},
						{
							"origin": [-4.099, 21.41208, -16.08971],
							"size": [2.2, 1.3, 1.725],
							"pivot": [-3, 22.06208, -14.81471],
							"rotation": [-30, 0, 0],
							"uv": {
								"north": {"uv": [59, 27], "uv_size": [2, 1]},
								"east": {"uv": [28, 59], "uv_size": [2, 1]},
								"south": {"uv": [59, 28], "uv_size": [2, 1]},
								"west": {"uv": [59, 29], "uv_size": [2, 1]},
								"up": {"uv": [36, 54], "uv_size": [2, 2]},
								"down": {"uv": [45, 56], "uv_size": [2, -2]}
							}
						},
						{
							"origin": [-2.1, 25.07781, -19.22089],
							"size": [0.8, 0.8, 2.325],
							"pivot": [-3, 24.07781, -16.85839],
							"rotation": [0, 0, -45],
							"uv": {
								"north": {"uv": [32, 64], "uv_size": [1, 1]},
								"east": {"uv": [61, 52], "uv_size": [2, 1]},
								"south": {"uv": [64, 32], "uv_size": [1, 1]},
								"west": {"uv": [61, 53], "uv_size": [2, 1]},
								"up": {"uv": [54, 61], "uv_size": [1, 2]},
								"down": {"uv": [61, 56], "uv_size": [1, -2]}
							}
						},
						{
							"origin": [-3.6, 26.9, -30.4],
							"size": [1.2, 0.7, 8],
							"uv": {
								"north": {"uv": [63, 52], "uv_size": [1, 1]},
								"east": {"uv": [50, 40], "uv_size": [8, 1]},
								"south": {"uv": [53, 63], "uv_size": [1, 1]},
								"west": {"uv": [50, 41], "uv_size": [8, 1]},
								"up": {"uv": [50, 42], "uv_size": [1, 8]},
								"down": {"uv": [50, 58], "uv_size": [1, -8]}
							}
						},
						{
							"origin": [-4.05983, 27.15199, -30.4],
							"size": [0.925, 0.475, 8],
							"pivot": [-3.33483, 27.05199, -25.45],
							"rotation": [0, 0, -45],
							"uv": {
								"north": {"uv": [63, 51], "uv_size": [1, 1]},
								"east": {"uv": [49, 33], "uv_size": [8, 1]},
								"south": {"uv": [52, 63], "uv_size": [1, 1]},
								"west": {"uv": [49, 34], "uv_size": [8, 1]},
								"up": {"uv": [38, 50], "uv_size": [1, 8]},
								"down": {"uv": [39, 58], "uv_size": [1, -8]}
							}
						},
						{
							"origin": [-1.89324, 24.09844, -30.4],
							"size": [0.925, 0.475, 8],
							"pivot": [1.50676, 26.69844, -25.45],
							"rotation": [0, 0, 45],
							"uv": {
								"north": {"uv": [63, 53], "uv_size": [1, 1]},
								"east": {"uv": [51, 29], "uv_size": [8, 1]},
								"south": {"uv": [54, 63], "uv_size": [1, 1]},
								"west": {"uv": [51, 30], "uv_size": [8, 1]},
								"up": {"uv": [32, 51], "uv_size": [1, 8]},
								"down": {"uv": [33, 59], "uv_size": [1, -8]}
							}
						},
						{
							"origin": [-4.25407, 25.74593, -30.4],
							"size": [2.5, 1.2, 8],
							"uv": {
								"north": {"uv": [32, 61], "uv_size": [2, 1]},
								"east": {"uv": [51, 31], "uv_size": [8, 1]},
								"south": {"uv": [61, 32], "uv_size": [2, 1]},
								"west": {"uv": [51, 32], "uv_size": [8, 1]},
								"up": {"uv": [32, 43], "uv_size": [2, 8]},
								"down": {"uv": [34, 51], "uv_size": [2, -8]}
							}
						},
						{
							"origin": [-3.6, 25.09185, -30.4],
							"size": [1.2, 0.7, 0.4],
							"uv": {
								"north": {"uv": [63, 56], "uv_size": [1, 1]},
								"east": {"uv": [57, 63], "uv_size": [1, 1]},
								"south": {"uv": [63, 57], "uv_size": [1, 1]},
								"west": {"uv": [58, 63], "uv_size": [1, 1]},
								"up": {"uv": [63, 58], "uv_size": [1, 1]},
								"down": {"uv": [59, 64], "uv_size": [1, -1]}
							}
						},
						{
							"origin": [-4.16036, 25.27218, -30.4],
							"size": [0.925, 0.475, 8],
							"pivot": [-3.63536, 25.62218, -25.45],
							"rotation": [0, 0, 45],
							"uv": {
								"north": {"uv": [63, 55], "uv_size": [1, 1]},
								"east": {"uv": [51, 44], "uv_size": [8, 1]},
								"south": {"uv": [56, 63], "uv_size": [1, 1]},
								"west": {"uv": [51, 45], "uv_size": [8, 1]},
								"up": {"uv": [51, 46], "uv_size": [1, 8]},
								"down": {"uv": [30, 60], "uv_size": [1, -8]}
							}
						},
						{
							"origin": [-1.74228, 28.18432, -30.4],
							"size": [0.925, 0.475, 8],
							"pivot": [1.65772, 25.83432, -25.45],
							"rotation": [0, 0, -45],
							"uv": {
								"north": {"uv": [63, 54], "uv_size": [1, 1]},
								"east": {"uv": [51, 42], "uv_size": [8, 1]},
								"south": {"uv": [55, 63], "uv_size": [1, 1]},
								"west": {"uv": [51, 43], "uv_size": [8, 1]},
								"up": {"uv": [34, 51], "uv_size": [1, 8]},
								"down": {"uv": [35, 59], "uv_size": [1, -8]}
							}
						},
						{
							"origin": [-1.74228, 28.18432, -44.4],
							"size": [0.925, 0.475, 14],
							"pivot": [1.65772, 25.83432, -33.45],
							"rotation": [0, 0, -45],
							"uv": {
								"north": {"uv": [38, 64], "uv_size": [1, 1]},
								"east": {"uv": [46, 22], "uv_size": [14, 1]},
								"south": {"uv": [64, 38], "uv_size": [1, 1]},
								"west": {"uv": [46, 23], "uv_size": [14, 1]},
								"up": {"uv": [4, 48], "uv_size": [1, 14]},
								"down": {"uv": [5, 62], "uv_size": [1, -14]}
							}
						},
						{
							"origin": [-3.6, 25.09185, -44.4],
							"size": [1.2, 0.7, 14.4],
							"uv": {
								"north": {"uv": [37, 64], "uv_size": [1, 1]},
								"east": {"uv": [46, 20], "uv_size": [14, 1]},
								"south": {"uv": [64, 37], "uv_size": [1, 1]},
								"west": {"uv": [46, 21], "uv_size": [14, 1]},
								"up": {"uv": [2, 48], "uv_size": [1, 14]},
								"down": {"uv": [3, 62], "uv_size": [1, -14]}
							}
						},
						{
							"origin": [-4.16036, 25.27218, -44.4],
							"size": [0.925, 0.475, 14],
							"pivot": [-3.63536, 25.62218, -33.45],
							"rotation": [0, 0, 45],
							"uv": {
								"north": {"uv": [36, 64], "uv_size": [1, 1]},
								"east": {"uv": [46, 18], "uv_size": [14, 1]},
								"south": {"uv": [64, 36], "uv_size": [1, 1]},
								"west": {"uv": [46, 19], "uv_size": [14, 1]},
								"up": {"uv": [0, 48], "uv_size": [1, 14]},
								"down": {"uv": [1, 62], "uv_size": [1, -14]}
							}
						},
						{
							"origin": [-4.25407, 25.74593, -44.4],
							"size": [2.5, 1.2, 14],
							"uv": {
								"north": {"uv": [55, 61], "uv_size": [2, 1]},
								"east": {"uv": [46, 16], "uv_size": [14, 1]},
								"south": {"uv": [61, 56], "uv_size": [2, 1]},
								"west": {"uv": [46, 17], "uv_size": [14, 1]},
								"up": {"uv": [40, 8], "uv_size": [2, 14]},
								"down": {"uv": [40, 36], "uv_size": [2, -14]}
							}
						},
						{
							"origin": [-3.6, 26.9, -44.4],
							"size": [1.2, 0.7, 14],
							"uv": {
								"north": {"uv": [35, 64], "uv_size": [1, 1]},
								"east": {"uv": [46, 14], "uv_size": [14, 1]},
								"south": {"uv": [64, 35], "uv_size": [1, 1]},
								"west": {"uv": [46, 15], "uv_size": [14, 1]},
								"up": {"uv": [46, 40], "uv_size": [1, 14]},
								"down": {"uv": [47, 54], "uv_size": [1, -14]}
							}
						},
						{
							"origin": [-1.89324, 24.09844, -44.4],
							"size": [0.925, 0.475, 14],
							"pivot": [1.50676, 26.69844, -33.45],
							"rotation": [0, 0, 45],
							"uv": {
								"north": {"uv": [34, 64], "uv_size": [1, 1]},
								"east": {"uv": [44, 28], "uv_size": [14, 1]},
								"south": {"uv": [64, 34], "uv_size": [1, 1]},
								"west": {"uv": [46, 13], "uv_size": [14, 1]},
								"up": {"uv": [43, 45], "uv_size": [1, 14]},
								"down": {"uv": [44, 59], "uv_size": [1, -14]}
							}
						},
						{
							"origin": [-4.05983, 27.15199, -44.4],
							"size": [0.925, 0.475, 14],
							"pivot": [-3.33483, 27.05199, -33.45],
							"rotation": [0, 0, -45],
							"uv": {
								"north": {"uv": [33, 64], "uv_size": [1, 1]},
								"east": {"uv": [42, 35], "uv_size": [14, 1]},
								"south": {"uv": [64, 33], "uv_size": [1, 1]},
								"west": {"uv": [44, 27], "uv_size": [14, 1]},
								"up": {"uv": [41, 45], "uv_size": [1, 14]},
								"down": {"uv": [42, 59], "uv_size": [1, -14]}
							}
						}
					]
				},
				{
					"name": "bone",
					"parent": "gun",
					"pivot": [-3, 25.2965, -12.37619],
					"cubes": [
						{
							"origin": [-3.275, 25.7193, -12.5812],
							"size": [0.55, 1.25, 1.225],
							"pivot": [-3, 26.6443, -12.2687],
							"rotation": [-69, 0, 0],
							"uv": {
								"north": {"uv": [7, 64], "uv_size": [1, 1]},
								"east": {"uv": [64, 7], "uv_size": [1, 1]},
								"south": {"uv": [8, 64], "uv_size": [1, 1]},
								"west": {"uv": [64, 8], "uv_size": [1, 1]},
								"up": {"uv": [9, 64], "uv_size": [1, 1]},
								"down": {"uv": [64, 10], "uv_size": [1, -1]}
							}
						},
						{
							"origin": [-3.225, 24.1715, -13.93869],
							"size": [0.45, 1.75, 1.725],
							"pivot": [-3, 25.2965, -12.37619],
							"rotation": [-24, 0, 0],
							"uv": {
								"north": {"uv": [37, 61], "uv_size": [1, 2]},
								"east": {"uv": [12, 58], "uv_size": [2, 2]},
								"south": {"uv": [38, 61], "uv_size": [1, 2]},
								"west": {"uv": [22, 58], "uv_size": [2, 2]},
								"up": {"uv": [61, 38], "uv_size": [1, 2]},
								"down": {"uv": [39, 63], "uv_size": [1, -2]}
							}
						}
					]
				},
				{
					"name": "bone4",
					"parent": "gun",
					"pivot": [-3, 23.14521, -21.76739],
					"rotation": [7, 0, 0],
					"cubes": [
						{
							"origin": [-3.375, 20.4702, -22.63596],
							"size": [0.75, 0.625, 0.2],
							"pivot": [-3, 21.25032, -22.66596],
							"rotation": [-77.5, 0, 0],
							"uv": {
								"north": {"uv": [63, 22], "uv_size": [1, 1]},
								"east": {"uv": [23, 63], "uv_size": [1, 1]},
								"south": {"uv": [63, 23], "uv_size": [1, 1]},
								"west": {"uv": [24, 63], "uv_size": [1, 1]},
								"up": {"uv": [63, 24], "uv_size": [1, 1]},
								"down": {"uv": [25, 64], "uv_size": [1, -1]}
							}
						},
						{
							"origin": [-3.375, 20.98934, -22.69248],
							"size": [0.75, 0.625, 0.3],
							"pivot": [-3, 21.25032, -22.66596],
							"rotation": [-65, 0, 0],
							"uv": {
								"north": {"uv": [63, 19], "uv_size": [1, 1]},
								"east": {"uv": [20, 63], "uv_size": [1, 1]},
								"south": {"uv": [63, 20], "uv_size": [1, 1]},
								"west": {"uv": [21, 63], "uv_size": [1, 1]},
								"up": {"uv": [63, 21], "uv_size": [1, 1]},
								"down": {"uv": [22, 64], "uv_size": [1, -1]}
							}
						},
						{
							"origin": [-3.375, 21.4104, -22.61472],
							"size": [0.75, 0.525, 0.375],
							"pivot": [-3, 21.25032, -22.66596],
							"rotation": [-32.5, 0, 0],
							"uv": {
								"north": {"uv": [63, 13], "uv_size": [1, 1]},
								"east": {"uv": [14, 63], "uv_size": [1, 1]},
								"south": {"uv": [63, 14], "uv_size": [1, 1]},
								"west": {"uv": [15, 63], "uv_size": [1, 1]},
								"up": {"uv": [63, 15], "uv_size": [1, 1]},
								"down": {"uv": [16, 64], "uv_size": [1, -1]}
							}
						},
						{
							"origin": [-3.375, 21.65166, -22.23654],
							"size": [0.75, 0.525, 0.4],
							"pivot": [-3, 21.91416, -22.03654],
							"rotation": [-20, 0, 0],
							"uv": {
								"north": {"uv": [63, 16], "uv_size": [1, 1]},
								"east": {"uv": [17, 63], "uv_size": [1, 1]},
								"south": {"uv": [63, 17], "uv_size": [1, 1]},
								"west": {"uv": [18, 63], "uv_size": [1, 1]},
								"up": {"uv": [63, 18], "uv_size": [1, 1]},
								"down": {"uv": [19, 64], "uv_size": [1, -1]}
							}
						},
						{
							"origin": [-3.375, 22.12764, -22.13032],
							"size": [0.75, 0.525, 0.4],
							"pivot": [-3, 22.24014, -21.90532],
							"rotation": [-10, 0, 0],
							"uv": {
								"north": {"uv": [63, 10], "uv_size": [1, 1]},
								"east": {"uv": [11, 63], "uv_size": [1, 1]},
								"south": {"uv": [63, 11], "uv_size": [1, 1]},
								"west": {"uv": [12, 63], "uv_size": [1, 1]},
								"up": {"uv": [63, 12], "uv_size": [1, 1]},
								"down": {"uv": [13, 64], "uv_size": [1, -1]}
							}
						},
						{
							"origin": [-3.375, 22.49059, -22.32319],
							"size": [0.75, 1.125, 0.55],
							"pivot": [-3, 19.95309, -20.59819],
							"rotation": [-5, 0, 0],
							"uv": {
								"north": {"uv": [63, 4], "uv_size": [1, 1]},
								"east": {"uv": [5, 63], "uv_size": [1, 1]},
								"south": {"uv": [63, 5], "uv_size": [1, 1]},
								"west": {"uv": [6, 63], "uv_size": [1, 1]},
								"up": {"uv": [63, 6], "uv_size": [1, 1]},
								"down": {"uv": [7, 64], "uv_size": [1, -1]}
							}
						},
						{
							"origin": [-3.375, 22.63271, -21.74239],
							"size": [0.75, 1.225, 0.65],
							"pivot": [-3, 23.04521, -21.36739],
							"rotation": [-55, 0, 0],
							"uv": {
								"north": {"uv": [63, 7], "uv_size": [1, 1]},
								"east": {"uv": [8, 63], "uv_size": [1, 1]},
								"south": {"uv": [63, 8], "uv_size": [1, 1]},
								"west": {"uv": [9, 63], "uv_size": [1, 1]},
								"up": {"uv": [63, 9], "uv_size": [1, 1]},
								"down": {"uv": [10, 64], "uv_size": [1, -1]}
							}
						}
					]
				},
				{
					"name": "rightarm",
					"parent": "main",
					"pivot": [-8.3, 14.1, 2.4],
					"rotation": [-106.20538, -9.76174, 7.36053],
					"cubes": [
						{
							"origin": [-12.3, -9.9, -1.6],
							"size": [8, 24, 8],
							"uv": {
								"north": {"uv": [0, 0], "uv_size": [8, 24]},
								"east": {"uv": [8, 0], "uv_size": [8, 24]},
								"south": {"uv": [16, 0], "uv_size": [8, 24]},
								"west": {"uv": [0, 24], "uv_size": [8, 24]},
								"up": {"uv": [32, 0], "uv_size": [8, 8]},
								"down": {"uv": [32, 16], "uv_size": [8, -8]}
							}
						}
					]
				},
				{
					"name": "leftarm",
					"parent": "main",
					"pivot": [6.1, 2.4, -2.6],
					"rotation": [-137.19896, -3.42721, -32.81486],
					"cubes": [
						{
							"origin": [2.1, -21.6, -6.6],
							"size": [8, 24, 8],
							"uv": {
								"north": {"uv": [24, 0], "uv_size": [8, 24]},
								"east": {"uv": [8, 24], "uv_size": [8, 24]},
								"south": {"uv": [16, 24], "uv_size": [8, 24]},
								"west": {"uv": [24, 24], "uv_size": [8, 24]},
								"up": {"uv": [32, 16], "uv_size": [8, 8]},
								"down": {"uv": [32, 32], "uv_size": [8, -8]}
							}
						}
					]
				},
				{
					"name": "magazine",
					"parent": "main",
					"pivot": [1, 13.47866, -14.56206],
					"cubes": [
						{
							"origin": [-3.7, 13.45366, -17.31206],
							"size": [1.4, 10.8, 3.525],
							"pivot": [1, 13.47866, -14.56206],
							"rotation": [7, 0, 0],
							"uv": {
								"north": {"uv": [16, 48], "uv_size": [1, 11]},
								"east": {"uv": [32, 32], "uv_size": [4, 11]},
								"south": {"uv": [17, 48], "uv_size": [1, 11]},
								"west": {"uv": [36, 32], "uv_size": [4, 11]},
								"up": {"uv": [58, 25], "uv_size": [1, 4]},
								"down": {"uv": [36, 62], "uv_size": [1, -4]}
							}
						},
						{
							"origin": [-3.9, 13.07866, -17.71206],
							"size": [1.8, 0.5, 4.025],
							"uv": {
								"north": {"uv": [59, 49], "uv_size": [2, 1]},
								"east": {"uv": [8, 56], "uv_size": [4, 1]},
								"south": {"uv": [59, 50], "uv_size": [2, 1]},
								"west": {"uv": [18, 56], "uv_size": [4, 1]},
								"up": {"uv": [48, 44], "uv_size": [2, 4]},
								"down": {"uv": [48, 52], "uv_size": [2, -4]}
							}
						}
					]
				},
				{
					"name": "bullet",
					"parent": "magazine",
					"pivot": [-3, 24.07781, -16.85839],
					"cubes": [
						{
							"origin": [-3.4, 23.67781, -18.02089],
							"size": [0.8, 0.8, 2.325],
							"pivot": [-3, 24.07781, -16.85839],
							"rotation": [4.96208, 4.94357, -44.78567],
							"uv": {
								"north": {"uv": [10, 64], "uv_size": [1, 1]},
								"east": {"uv": [40, 61], "uv_size": [2, 1]},
								"south": {"uv": [64, 10], "uv_size": [1, 1]},
								"west": {"uv": [61, 40], "uv_size": [2, 1]},
								"up": {"uv": [61, 41], "uv_size": [1, 2]},
								"down": {"uv": [42, 63], "uv_size": [1, -2]}
							}
						}
					]
				},
				{
					"name": "slide",
					"parent": "main",
					"pivot": [-2.90509, 26.3343, -19.16096],
					"cubes": [
						{
							"origin": [-3.05, 27.6, -30.1],
							"size": [0.1, 0.3, 0.5],
							"uv": {
								"north": {"uv": [23, 64], "uv_size": [1, 1]},
								"east": {"uv": [64, 23], "uv_size": [1, 1]},
								"south": {"uv": [24, 64], "uv_size": [1, 1]},
								"west": {"uv": [64, 24], "uv_size": [1, 1]},
								"up": {"uv": [25, 64], "uv_size": [1, 1]},
								"down": {"uv": [64, 26], "uv_size": [1, -1]}
							}
						},
						{
							"origin": [-4.1, 25.1, -30.2],
							"size": [2.2, 1.1, 4.1],
							"uv": {
								"north": {"uv": [60, 21], "uv_size": [2, 1]},
								"east": {"uv": [56, 35], "uv_size": [4, 1]},
								"south": {"uv": [22, 60], "uv_size": [2, 1]},
								"west": {"uv": [57, 2], "uv_size": [4, 1]},
								"up": {"uv": [49, 29], "uv_size": [2, 4]},
								"down": {"uv": [36, 54], "uv_size": [2, -4]}
							}
						},
						{
							"origin": [-4.101, 24.6, -28],
							"size": [2.2, 0.7, 2],
							"pivot": [-3, 24.75, -26.6],
							"rotation": [-22.5, 0, 0],
							"uv": {
								"north": {"uv": [60, 22], "uv_size": [2, 1]},
								"east": {"uv": [60, 23], "uv_size": [2, 1]},
								"south": {"uv": [24, 60], "uv_size": [2, 1]},
								"west": {"uv": [26, 60], "uv_size": [2, 1]},
								"up": {"uv": [57, 3], "uv_size": [2, 2]},
								"down": {"uv": [8, 59], "uv_size": [2, -2]}
							}
						},
						{
							"origin": [-4.1, 24.4, -26.1],
							"size": [0.8, 1.8, 13.5],
							"uv": {
								"north": {"uv": [29, 61], "uv_size": [1, 2]},
								"east": {"uv": [40, 4], "uv_size": [14, 2]},
								"south": {"uv": [30, 61], "uv_size": [1, 2]},
								"west": {"uv": [40, 6], "uv_size": [14, 2]},
								"up": {"uv": [40, 45], "uv_size": [1, 14]},
								"down": {"uv": [45, 54], "uv_size": [1, -14]}
							}
						},
						{
							"origin": [-4, 26.2, -19.6],
							"size": [0.2, 0.7, 6.1],
							"uv": {
								"north": {"uv": [63, 42], "uv_size": [1, 1]},
								"east": {"uv": [53, 8], "uv_size": [6, 1]},
								"south": {"uv": [43, 63], "uv_size": [1, 1]},
								"west": {"uv": [53, 9], "uv_size": [6, 1]},
								"up": {"uv": [28, 53], "uv_size": [1, 6]},
								"down": {"uv": [29, 59], "uv_size": [1, -6]}
							}
						},
						{
							"origin": [-3.914, 26.94361, -17.9],
							"size": [0.925, 0.475, 4.4],
							"pivot": [-3.389, 27.06861, -16.55],
							"rotation": [0, 0, -50],
							"uv": {
								"north": {"uv": [63, 43], "uv_size": [1, 1]},
								"east": {"uv": [57, 5], "uv_size": [4, 1]},
								"south": {"uv": [44, 63], "uv_size": [1, 1]},
								"west": {"uv": [57, 33], "uv_size": [4, 1]},
								"up": {"uv": [51, 54], "uv_size": [1, 4]},
								"down": {"uv": [49, 59], "uv_size": [1, -4]}
							}
						},
						{
							"origin": [-3.614, 26.94361, -19.6],
							"size": [0.625, 0.475, 1.7],
							"pivot": [-3.389, 27.06861, -16.55],
							"rotation": [0, 0, -50],
							"uv": {
								"north": {"uv": [1, 64], "uv_size": [1, 1]},
								"east": {"uv": [61, 33], "uv_size": [2, 1]},
								"south": {"uv": [64, 1], "uv_size": [1, 1]},
								"west": {"uv": [61, 34], "uv_size": [2, 1]},
								"up": {"uv": [35, 61], "uv_size": [1, 2]},
								"down": {"uv": [61, 38], "uv_size": [1, -2]}
							}
						},
						{
							"origin": [-3.4, 27.3, -22.4],
							"size": [0.8, 0.3, 2.8],
							"uv": {
								"north": {"uv": [0, 64], "uv_size": [1, 1]},
								"east": {"uv": [59, 0], "uv_size": [3, 1]},
								"south": {"uv": [64, 0], "uv_size": [1, 1]},
								"west": {"uv": [59, 1], "uv_size": [3, 1]},
								"up": {"uv": [9, 59], "uv_size": [1, 3]},
								"down": {"uv": [10, 62], "uv_size": [1, -3]}
							}
						},
						{
							"origin": [-3.4, 26.9, -19.599],
							"size": [0.8, 0.7, 6.1],
							"uv": {
								"north": {"uv": [63, 41], "uv_size": [1, 1]},
								"east": {"uv": [52, 24], "uv_size": [6, 1]},
								"south": {"uv": [42, 63], "uv_size": [1, 1]},
								"west": {"uv": [52, 25], "uv_size": [6, 1]},
								"up": {"uv": [26, 53], "uv_size": [1, 6]},
								"down": {"uv": [27, 59], "uv_size": [1, -6]}
							}
						},
						{
							"origin": [-4.075, 25.20294, -12.96791],
							"size": [0.75, 0.65, 1.725],
							"pivot": [-3, 25.67794, -12.46791],
							"rotation": [-54, 0, 0],
							"uv": {
								"north": {"uv": [63, 34], "uv_size": [1, 1]},
								"east": {"uv": [26, 61], "uv_size": [2, 1]},
								"south": {"uv": [35, 63], "uv_size": [1, 1]},
								"west": {"uv": [61, 27], "uv_size": [2, 1]},
								"up": {"uv": [28, 61], "uv_size": [1, 2]},
								"down": {"uv": [61, 30], "uv_size": [1, -2]}
							}
						},
						{
							"origin": [-3.975, 25.925, -13.725],
							"size": [0.65, 1.225, 0.675],
							"pivot": [-3, 26.55, -13.1],
							"rotation": [49.5, 0, 0],
							"uv": {
								"north": {"uv": [63, 48], "uv_size": [1, 1]},
								"east": {"uv": [49, 63], "uv_size": [1, 1]},
								"south": {"uv": [63, 49], "uv_size": [1, 1]},
								"west": {"uv": [50, 63], "uv_size": [1, 1]},
								"up": {"uv": [63, 50], "uv_size": [1, 1]},
								"down": {"uv": [51, 64], "uv_size": [1, -1]}
							}
						},
						{
							"origin": [-4.074, 24.8, -12.6],
							"size": [0.75, 0.4, 0.5],
							"uv": {
								"north": {"uv": [63, 35], "uv_size": [1, 1]},
								"east": {"uv": [36, 63], "uv_size": [1, 1]},
								"south": {"uv": [63, 36], "uv_size": [1, 1]},
								"west": {"uv": [37, 63], "uv_size": [1, 1]},
								"up": {"uv": [63, 37], "uv_size": [1, 1]},
								"down": {"uv": [38, 64], "uv_size": [1, -1]}
							}
						},
						{
							"origin": [-4.1, 24.4, -12.6],
							"size": [0.8, 0.4, 1],
							"uv": {
								"north": {"uv": [63, 31], "uv_size": [1, 1]},
								"east": {"uv": [32, 63], "uv_size": [1, 1]},
								"south": {"uv": [63, 32], "uv_size": [1, 1]},
								"west": {"uv": [33, 63], "uv_size": [1, 1]},
								"up": {"uv": [63, 33], "uv_size": [1, 1]},
								"down": {"uv": [34, 64], "uv_size": [1, -1]}
							}
						},
						{
							"origin": [-2.7, 24.4, -12.6],
							"size": [0.8, 0.4, 1],
							"uv": {
								"north": {"uv": [63, 27], "uv_size": [1, 1]},
								"east": {"uv": [28, 63], "uv_size": [1, 1]},
								"south": {"uv": [63, 28], "uv_size": [1, 1]},
								"west": {"uv": [29, 63], "uv_size": [1, 1]},
								"up": {"uv": [63, 29], "uv_size": [1, 1]},
								"down": {"uv": [30, 64], "uv_size": [1, -1]}
							}
						},
						{
							"origin": [-2.675, 25.20294, -12.96791],
							"size": [0.75, 0.65, 1.725],
							"pivot": [-3, 25.67794, -12.46791],
							"rotation": [-54, 0, 0],
							"uv": {
								"north": {"uv": [63, 30], "uv_size": [1, 1]},
								"east": {"uv": [21, 61], "uv_size": [2, 1]},
								"south": {"uv": [31, 63], "uv_size": [1, 1]},
								"west": {"uv": [23, 61], "uv_size": [2, 1]},
								"up": {"uv": [25, 61], "uv_size": [1, 2]},
								"down": {"uv": [61, 27], "uv_size": [1, -2]}
							}
						},
						{
							"origin": [-2.675, 25.925, -13.725],
							"size": [0.65, 1.225, 0.675],
							"pivot": [-3, 26.55, -13.1],
							"rotation": [49.5, 0, 0],
							"uv": {
								"north": {"uv": [63, 45], "uv_size": [1, 1]},
								"east": {"uv": [46, 63], "uv_size": [1, 1]},
								"south": {"uv": [63, 46], "uv_size": [1, 1]},
								"west": {"uv": [47, 63], "uv_size": [1, 1]},
								"up": {"uv": [63, 47], "uv_size": [1, 1]},
								"down": {"uv": [48, 64], "uv_size": [1, -1]}
							}
						},
						{
							"origin": [-1.7845, 23.57384, -19.6],
							"size": [0.925, 0.475, 6.1],
							"pivot": [1.6155, 26.69884, -16.55],
							"rotation": [0, 0, 50],
							"uv": {
								"north": {"uv": [63, 44], "uv_size": [1, 1]},
								"east": {"uv": [53, 36], "uv_size": [6, 1]},
								"south": {"uv": [45, 63], "uv_size": [1, 1]},
								"west": {"uv": [53, 37], "uv_size": [6, 1]},
								"up": {"uv": [53, 46], "uv_size": [1, 6]},
								"down": {"uv": [52, 59], "uv_size": [1, -6]}
							}
						},
						{
							"origin": [-2.2, 26.2, -19.6],
							"size": [0.2, 0.7, 6.1],
							"uv": {
								"north": {"uv": [2, 64], "uv_size": [1, 1]},
								"east": {"uv": [53, 38], "uv_size": [6, 1]},
								"south": {"uv": [64, 2], "uv_size": [1, 1]},
								"west": {"uv": [53, 39], "uv_size": [6, 1]},
								"up": {"uv": [53, 52], "uv_size": [1, 6]},
								"down": {"uv": [54, 6], "uv_size": [1, -6]}
							}
						},
						{
							"origin": [-3.5, 27.4, -14.2],
							"size": [1, 0.3, 0.3],
							"uv": {
								"north": {"uv": [11, 64], "uv_size": [1, 1]},
								"east": {"uv": [64, 11], "uv_size": [1, 1]},
								"south": {"uv": [12, 64], "uv_size": [1, 1]},
								"west": {"uv": [64, 12], "uv_size": [1, 1]},
								"up": {"uv": [13, 64], "uv_size": [1, 1]},
								"down": {"uv": [64, 14], "uv_size": [1, -1]}
							}
						},
						{
							"origin": [-2.9, 27.7, -14.1],
							"size": [0.4, 0.3, 0.1],
							"uv": {
								"north": {"uv": [14, 64], "uv_size": [1, 1]},
								"east": {"uv": [64, 14], "uv_size": [1, 1]},
								"south": {"uv": [15, 64], "uv_size": [1, 1]},
								"west": {"uv": [64, 15], "uv_size": [1, 1]},
								"up": {"uv": [16, 64], "uv_size": [1, 1]},
								"down": {"uv": [64, 17], "uv_size": [1, -1]}
							}
						},
						{
							"origin": [-3.5, 27.7, -14.1],
							"size": [0.4, 0.3, 0.1],
							"uv": {
								"north": {"uv": [17, 64], "uv_size": [1, 1]},
								"east": {"uv": [64, 17], "uv_size": [1, 1]},
								"south": {"uv": [18, 64], "uv_size": [1, 1]},
								"west": {"uv": [64, 18], "uv_size": [1, 1]},
								"up": {"uv": [19, 64], "uv_size": [1, 1]},
								"down": {"uv": [64, 20], "uv_size": [1, -1]}
							}
						},
						{
							"origin": [-2.7, 26.2, -22.4],
							"size": [0.7, 0.7, 2.8],
							"uv": {
								"north": {"uv": [63, 61], "uv_size": [1, 1]},
								"east": {"uv": [53, 58], "uv_size": [3, 1]},
								"south": {"uv": [62, 63], "uv_size": [1, 1]},
								"west": {"uv": [58, 53], "uv_size": [3, 1]},
								"up": {"uv": [58, 54], "uv_size": [1, 3]},
								"down": {"uv": [56, 61], "uv_size": [1, -3]}
							}
						},
						{
							"origin": [-1.7845, 23.57384, -22.4],
							"size": [0.925, 0.475, 2.8],
							"pivot": [1.6155, 26.69884, -25.45],
							"rotation": [0, 0, 50],
							"uv": {
								"north": {"uv": [63, 62], "uv_size": [1, 1]},
								"east": {"uv": [57, 58], "uv_size": [3, 1]},
								"south": {"uv": [63, 63], "uv_size": [1, 1]},
								"west": {"uv": [58, 57], "uv_size": [3, 1]},
								"up": {"uv": [8, 59], "uv_size": [1, 3]},
								"down": {"uv": [59, 11], "uv_size": [1, -3]}
							}
						},
						{
							"origin": [-2.7, 24.4, -26.1],
							"size": [0.8, 1.8, 13.5],
							"uv": {
								"north": {"uv": [44, 59], "uv_size": [1, 2]},
								"east": {"uv": [40, 0], "uv_size": [14, 2]},
								"south": {"uv": [49, 59], "uv_size": [1, 2]},
								"west": {"uv": [40, 2], "uv_size": [14, 2]},
								"up": {"uv": [44, 13], "uv_size": [1, 14]},
								"down": {"uv": [45, 27], "uv_size": [1, -14]}
							}
						},
						{
							"origin": [-1.9, 24.8, -16],
							"size": [0.3, 0.8, 2.1],
							"pivot": [-1.75, 24.95, -15.3],
							"rotation": [30, 0, 0],
							"uv": {
								"north": {"uv": [28, 64], "uv_size": [1, 1]},
								"east": {"uv": [49, 61], "uv_size": [2, 1]},
								"south": {"uv": [64, 28], "uv_size": [1, 1]},
								"west": {"uv": [61, 49], "uv_size": [2, 1]},
								"up": {"uv": [61, 50], "uv_size": [1, 2]},
								"down": {"uv": [51, 63], "uv_size": [1, -2]}
							}
						},
						{
							"origin": [-1.9, 24.76651, -15.9183],
							"size": [0.5, 0.75, 1.1],
							"pivot": [-1.45, 25.14151, -15.4683],
							"rotation": [32.49858, -21.46902, -13.12427],
							"uv": {
								"north": {"uv": [29, 64], "uv_size": [1, 1]},
								"east": {"uv": [64, 29], "uv_size": [1, 1]},
								"south": {"uv": [30, 64], "uv_size": [1, 1]},
								"west": {"uv": [64, 30], "uv_size": [1, 1]},
								"up": {"uv": [31, 64], "uv_size": [1, 1]},
								"down": {"uv": [64, 32], "uv_size": [1, -1]}
							}
						},
						{
							"origin": [-2.676, 24.8, -12.6],
							"size": [0.75, 0.4, 0.5],
							"uv": {
								"north": {"uv": [63, 38], "uv_size": [1, 1]},
								"east": {"uv": [39, 63], "uv_size": [1, 1]},
								"south": {"uv": [63, 39], "uv_size": [1, 1]},
								"west": {"uv": [40, 63], "uv_size": [1, 1]},
								"up": {"uv": [63, 40], "uv_size": [1, 1]},
								"down": {"uv": [41, 64], "uv_size": [1, -1]}
							}
						},
						{
							"origin": [-3.1, 27.7, -14.1],
							"size": [0.2, 0.1, 0.1],
							"uv": {
								"north": {"uv": [20, 64], "uv_size": [1, 1]},
								"east": {"uv": [64, 20], "uv_size": [1, 1]},
								"south": {"uv": [21, 64], "uv_size": [1, 1]},
								"west": {"uv": [64, 21], "uv_size": [1, 1]},
								"up": {"uv": [22, 64], "uv_size": [1, 1]},
								"down": {"uv": [64, 23], "uv_size": [1, -1]}
							}
						}
					]
				},
				{
					"name": "scope",
					"parent": "main",
					"pivot": [-3, 27.95, -8.05],
					"cubes": [
						{
							"origin": [-3.5, 27.45, -8.35],
							"size": [1, 1, 1],
							"inflate": -0.4,
							"uv": {
								"north": {"uv": [47, 54], "uv_size": [1, 1]},
								"east": {"uv": [57, 61], "uv_size": [1, 1]},
								"south": {"uv": [61, 57], "uv_size": [1, 1]},
								"west": {"uv": [58, 61], "uv_size": [1, 1]},
								"up": {"uv": [59, 61], "uv_size": [1, 1]},
								"down": {"uv": [61, 60], "uv_size": [1, -1]}
							}
						}
					]
				},
				{
					"name": "muzzleflash",
					"parent": "main",
					"pivot": [-3, 26.55, -46.65],
					"cubes": [
						{
							"origin": [-3.5, 26.05, -47.15],
							"size": [1, 1, 1],
							"inflate": -0.4,
							"uv": {
								"north": {"uv": [47, 54], "uv_size": [1, 1]},
								"east": {"uv": [57, 61], "uv_size": [1, 1]},
								"south": {"uv": [61, 57], "uv_size": [1, 1]},
								"west": {"uv": [58, 61], "uv_size": [1, 1]},
								"up": {"uv": [59, 61], "uv_size": [1, 1]},
								"down": {"uv": [61, 60], "uv_size": [1, -1]}
							}
						}
					]
				}
			]
		}
	]
}