{
	"format_version": "1.12.0",
	"minecraft:geometry": [
		{
			"description": {
				"identifier": "geometry.unknown",
				"texture_width": 64,
				"texture_height": 64,
				"visible_bounds_width": 8,
				"visible_bounds_height": 4,
				"visible_bounds_offset": [0, 1, 0]
			},
			"bones": [
				{
					"name": "main",
					"pivot": [0, 26, -19]
				},
				{
					"name": "gun",
					"parent": "main",
					"pivot": [-3, 22.06208, -14.81471],
					"cubes": [
						{
							"origin": [-2.7, 23.5, -13.2],
							"size": [0.7, 0.9, 1.6],
							"uv": {
								"north": {"uv": [22, 39], "uv_size": [1, 1]},
								"east": {"uv": [35, 20], "uv_size": [2, 1]},
								"south": {"uv": [39, 22], "uv_size": [1, 1]},
								"west": {"uv": [35, 21], "uv_size": [2, 1]},
								"up": {"uv": [35, 22], "uv_size": [1, 2]},
								"down": {"uv": [25, 37], "uv_size": [1, -2]}
							}
						},
						{
							"origin": [-4, 23.5, -13.2],
							"size": [0.7, 0.9, 1.6],
							"uv": {
								"north": {"uv": [41, 28], "uv_size": [1, 1]},
								"east": {"uv": [38, 10], "uv_size": [2, 1]},
								"south": {"uv": [29, 41], "uv_size": [1, 1]},
								"west": {"uv": [11, 38], "uv_size": [2, 1]},
								"up": {"uv": [38, 11], "uv_size": [1, 2]},
								"down": {"uv": [13, 40], "uv_size": [1, -2]}
							}
						},
						{
							"origin": [-3.3, 23.5, -13.2],
							"size": [0.6, 0.8, 1.6],
							"uv": {
								"north": {"uv": [41, 29], "uv_size": [1, 1]},
								"east": {"uv": [38, 13], "uv_size": [2, 1]},
								"south": {"uv": [30, 41], "uv_size": [1, 1]},
								"west": {"uv": [14, 38], "uv_size": [2, 1]},
								"up": {"uv": [38, 14], "uv_size": [1, 2]},
								"down": {"uv": [16, 40], "uv_size": [1, -2]}
							}
						},
						{
							"origin": [-3.975, 22.8336, -13.7848],
							"size": [1.95, 0.8, 2],
							"pivot": [-3, 23.4836, -12.9848],
							"rotation": [30, 0, 0],
							"uv": {
								"north": {"uv": [36, 23], "uv_size": [2, 1]},
								"east": {"uv": [36, 25], "uv_size": [2, 1]},
								"south": {"uv": [36, 26], "uv_size": [2, 1]},
								"west": {"uv": [28, 36], "uv_size": [2, 1]},
								"up": {"uv": [30, 32], "uv_size": [2, 2]},
								"down": {"uv": [32, 34], "uv_size": [2, -2]}
							}
						},
						{
							"origin": [-4, 22.4, -19.4],
							"size": [2, 2, 6.2],
							"uv": {
								"north": {"uv": [23, 32], "uv_size": [2, 2]},
								"east": {"uv": [20, 18], "uv_size": [6, 2]},
								"south": {"uv": [32, 29], "uv_size": [2, 2]},
								"west": {"uv": [20, 20], "uv_size": [6, 2]},
								"up": {"uv": [12, 20], "uv_size": [2, 6]},
								"down": {"uv": [14, 26], "uv_size": [2, -6]}
							}
						},
						{
							"origin": [-2.3, 23.3, -19.6],
							"size": [0.5, 0.9, 1.6],
							"pivot": [-2.05, 23.75, -18.8],
							"rotation": [0, 0, -7.5],
							"uv": {
								"north": {"uv": [43, 12], "uv_size": [1, 1]},
								"east": {"uv": [39, 3], "uv_size": [2, 1]},
								"south": {"uv": [13, 43], "uv_size": [1, 1]},
								"west": {"uv": [39, 5], "uv_size": [2, 1]},
								"up": {"uv": [4, 39], "uv_size": [1, 2]},
								"down": {"uv": [6, 41], "uv_size": [1, -2]}
							}
						},
						{
							"origin": [-2.1, 23.35, -19.575],
							"size": [0.5, 0.35, 1.55],
							"uv": {
								"north": {"uv": [43, 13], "uv_size": [1, 1]},
								"east": {"uv": [39, 6], "uv_size": [2, 1]},
								"south": {"uv": [14, 43], "uv_size": [1, 1]},
								"west": {"uv": [11, 39], "uv_size": [2, 1]},
								"up": {"uv": [7, 39], "uv_size": [1, 2]},
								"down": {"uv": [9, 41], "uv_size": [1, -2]}
							}
						},
						{
							"origin": [-4, 20, -19.4],
							"size": [2, 2.4, 0.6],
							"uv": {
								"north": {"uv": [28, 33], "uv_size": [2, 2]},
								"east": {"uv": [2, 38], "uv_size": [1, 2]},
								"south": {"uv": [34, 0], "uv_size": [2, 2]},
								"west": {"uv": [38, 2], "uv_size": [1, 2]},
								"up": {"uv": [3, 38], "uv_size": [2, 1]},
								"down": {"uv": [38, 5], "uv_size": [2, -1]}
							}
						},
						{
							"origin": [-3.975, 22.15357, -19.35622],
							"size": [1.95, 1.7, 0.7],
							"pivot": [-3, 22.15357, -19.15622],
							"rotation": [40, 0, 0],
							"uv": {
								"north": {"uv": [2, 34], "uv_size": [2, 2]},
								"east": {"uv": [5, 38], "uv_size": [1, 2]},
								"south": {"uv": [34, 2], "uv_size": [2, 2]},
								"west": {"uv": [38, 5], "uv_size": [1, 2]},
								"up": {"uv": [6, 38], "uv_size": [2, 1]},
								"down": {"uv": [38, 8], "uv_size": [2, -1]}
							}
						},
						{
							"origin": [-3.675, 20.98494, -19.068],
							"size": [1.35, 1.2, 0.8],
							"pivot": [-3, 22.33494, -20.418],
							"rotation": [-32.5, 0, 0],
							"uv": {
								"north": {"uv": [40, 9], "uv_size": [1, 1]},
								"east": {"uv": [10, 40], "uv_size": [1, 1]},
								"south": {"uv": [40, 10], "uv_size": [1, 1]},
								"west": {"uv": [11, 40], "uv_size": [1, 1]},
								"up": {"uv": [12, 40], "uv_size": [1, 1]},
								"down": {"uv": [13, 41], "uv_size": [1, -1]}
							}
						},
						{
							"origin": [-3.675, 20.04117, -20.23006],
							"size": [1.35, 0.425, 0.85],
							"uv": {
								"north": {"uv": [40, 13], "uv_size": [1, 1]},
								"east": {"uv": [40, 14], "uv_size": [1, 1]},
								"south": {"uv": [15, 40], "uv_size": [1, 1]},
								"west": {"uv": [40, 15], "uv_size": [1, 1]},
								"up": {"uv": [16, 40], "uv_size": [1, 1]},
								"down": {"uv": [40, 17], "uv_size": [1, -1]}
							}
						},
						{
							"origin": [-3.475, 20.00389, -21.28389],
							"size": [0.95, 0.125, 1.05],
							"pivot": [-3, 20.06639, -20.65889],
							"rotation": [5, 0, 0],
							"uv": {
								"north": {"uv": [17, 40], "uv_size": [1, 1]},
								"east": {"uv": [40, 17], "uv_size": [1, 1]},
								"south": {"uv": [18, 40], "uv_size": [1, 1]},
								"west": {"uv": [40, 18], "uv_size": [1, 1]},
								"up": {"uv": [19, 40], "uv_size": [1, 1]},
								"down": {"uv": [40, 20], "uv_size": [1, -1]}
							}
						},
						{
							"origin": [-3.475, 20.1066, -20.77204],
							"size": [0.95, 0.125, 0.65],
							"pivot": [-3, 20.2191, -20.39704],
							"rotation": [17.5, 0, 0],
							"uv": {
								"north": {"uv": [41, 4], "uv_size": [1, 1]},
								"east": {"uv": [5, 41], "uv_size": [1, 1]},
								"south": {"uv": [41, 5], "uv_size": [1, 1]},
								"west": {"uv": [6, 41], "uv_size": [1, 1]},
								"up": {"uv": [41, 6], "uv_size": [1, 1]},
								"down": {"uv": [7, 42], "uv_size": [1, -1]}
							}
						},
						{
							"origin": [-3.475, 19.89059, -23.52319],
							"size": [0.95, 0.125, 2.25],
							"pivot": [-3, 19.95309, -20.59819],
							"rotation": [-5, 0, 0],
							"uv": {
								"north": {"uv": [20, 40], "uv_size": [1, 1]},
								"east": {"uv": [38, 8], "uv_size": [2, 1]},
								"south": {"uv": [40, 20], "uv_size": [1, 1]},
								"west": {"uv": [38, 9], "uv_size": [2, 1]},
								"up": {"uv": [8, 38], "uv_size": [1, 2]},
								"down": {"uv": [10, 40], "uv_size": [1, -2]}
							}
						},
						{
							"origin": [-3.475, 20.8177, -24.69698],
							"size": [0.95, 0.125, 1.45],
							"pivot": [-3, 20.8802, -24.37198],
							"rotation": [-37.5, 0, 0],
							"uv": {
								"north": {"uv": [21, 40], "uv_size": [1, 1]},
								"east": {"uv": [40, 21], "uv_size": [1, 1]},
								"south": {"uv": [22, 40], "uv_size": [1, 1]},
								"west": {"uv": [40, 22], "uv_size": [1, 1]},
								"up": {"uv": [23, 40], "uv_size": [1, 1]},
								"down": {"uv": [40, 24], "uv_size": [1, -1]}
							}
						},
						{
							"origin": [-3.475, 20.66776, -27.5033],
							"size": [0.95, 0.125, 0.75],
							"pivot": [-3, 20.73026, -25.1783],
							"rotation": [-105, 0, 0],
							"uv": {
								"north": {"uv": [24, 40], "uv_size": [1, 1]},
								"east": {"uv": [40, 24], "uv_size": [1, 1]},
								"south": {"uv": [25, 40], "uv_size": [1, 1]},
								"west": {"uv": [40, 25], "uv_size": [1, 1]},
								"up": {"uv": [26, 40], "uv_size": [1, 1]},
								"down": {"uv": [40, 27], "uv_size": [1, -1]}
							}
						},
						{
							"origin": [-3.475, 22.58027, -25.14353],
							"size": [0.95, 0.125, 0.75],
							"pivot": [-3, 22.64277, -24.76853],
							"rotation": [-90, 0, 0],
							"uv": {
								"north": {"uv": [33, 40], "uv_size": [1, 1]},
								"east": {"uv": [40, 33], "uv_size": [1, 1]},
								"south": {"uv": [34, 40], "uv_size": [1, 1]},
								"west": {"uv": [40, 34], "uv_size": [1, 1]},
								"up": {"uv": [35, 40], "uv_size": [1, 1]},
								"down": {"uv": [40, 36], "uv_size": [1, -1]}
							}
						},
						{
							"origin": [-3.475, 23.32903, -25.47555],
							"size": [0.95, 0.425, 1.05],
							"pivot": [-3, 23.39153, -24.90055],
							"rotation": [-70, 0, 0],
							"uv": {
								"north": {"uv": [39, 40], "uv_size": [1, 1]},
								"east": {"uv": [40, 39], "uv_size": [1, 1]},
								"south": {"uv": [40, 40], "uv_size": [1, 1]},
								"west": {"uv": [0, 41], "uv_size": [1, 1]},
								"up": {"uv": [41, 0], "uv_size": [1, 1]},
								"down": {"uv": [1, 42], "uv_size": [1, -1]}
							}
						},
						{
							"origin": [-3.475, 23.72903, -25.47555],
							"size": [0.95, 0.325, 0.55],
							"pivot": [-3, 23.39153, -24.90055],
							"rotation": [-70, 0, 0],
							"uv": {
								"north": {"uv": [41, 1], "uv_size": [1, 1]},
								"east": {"uv": [2, 41], "uv_size": [1, 1]},
								"south": {"uv": [41, 2], "uv_size": [1, 1]},
								"west": {"uv": [3, 41], "uv_size": [1, 1]},
								"up": {"uv": [41, 3], "uv_size": [1, 1]},
								"down": {"uv": [4, 42], "uv_size": [1, -1]}
							}
						},
						{
							"origin": [-3.475, 22.68027, -25.14353],
							"size": [0.95, 0.1, 0.45],
							"pivot": [-3, 22.64277, -24.76853],
							"rotation": [-90, 0, 0],
							"uv": {
								"north": {"uv": [36, 40], "uv_size": [1, 1]},
								"east": {"uv": [40, 36], "uv_size": [1, 1]},
								"south": {"uv": [37, 40], "uv_size": [1, 1]},
								"west": {"uv": [40, 37], "uv_size": [1, 1]},
								"up": {"uv": [38, 40], "uv_size": [1, 1]},
								"down": {"uv": [40, 39], "uv_size": [1, -1]}
							}
						},
						{
							"origin": [-3.475, 22.74251, -25.19687],
							"size": [0.95, 0.525, 1.25],
							"pivot": [-3, 23.20501, -24.32187],
							"rotation": [-136.5, 0, 0],
							"uv": {
								"north": {"uv": [30, 40], "uv_size": [1, 1]},
								"east": {"uv": [40, 30], "uv_size": [1, 1]},
								"south": {"uv": [31, 40], "uv_size": [1, 1]},
								"west": {"uv": [40, 31], "uv_size": [1, 1]},
								"up": {"uv": [32, 40], "uv_size": [1, 1]},
								"down": {"uv": [40, 33], "uv_size": [1, -1]}
							}
						},
						{
							"origin": [-3.475, 20.6519, -26.13848],
							"size": [0.95, 0.125, 1.25],
							"pivot": [-3, 20.7144, -24.56348],
							"rotation": [-82.5, 0, 0],
							"uv": {
								"north": {"uv": [27, 40], "uv_size": [1, 1]},
								"east": {"uv": [40, 27], "uv_size": [1, 1]},
								"south": {"uv": [28, 40], "uv_size": [1, 1]},
								"west": {"uv": [40, 28], "uv_size": [1, 1]},
								"up": {"uv": [29, 40], "uv_size": [1, 1]},
								"down": {"uv": [40, 30], "uv_size": [1, -1]}
							}
						},
						{
							"origin": [-3.4, 24.4, -26.1],
							"size": [0.8, 1.8, 12.6],
							"uv": {
								"north": {"uv": [38, 25], "uv_size": [1, 2]},
								"east": {"uv": [8, 8], "uv_size": [13, 2]},
								"south": {"uv": [26, 38], "uv_size": [1, 2]},
								"west": {"uv": [8, 10], "uv_size": [13, 2]},
								"up": {"uv": [16, 18], "uv_size": [1, 13]},
								"down": {"uv": [17, 31], "uv_size": [1, -13]}
							}
						},
						{
							"origin": [-3.5, 26.2, -14.6],
							"size": [0.9, 0.7, 1.1],
							"uv": {
								"north": {"uv": [32, 42], "uv_size": [1, 1]},
								"east": {"uv": [42, 32], "uv_size": [1, 1]},
								"south": {"uv": [33, 42], "uv_size": [1, 1]},
								"west": {"uv": [42, 33], "uv_size": [1, 1]},
								"up": {"uv": [34, 42], "uv_size": [1, 1]},
								"down": {"uv": [42, 35], "uv_size": [1, -1]}
							}
						},
						{
							"origin": [-3.4, 26, -30.6],
							"size": [1, 1, 11.9],
							"pivot": [-3, 26.6, -30.5],
							"rotation": [0, 0, 30],
							"uv": {
								"north": {"uv": [25, 42], "uv_size": [1, 1]},
								"east": {"uv": [21, 8], "uv_size": [12, 1]},
								"south": {"uv": [42, 25], "uv_size": [1, 1]},
								"west": {"uv": [21, 9], "uv_size": [12, 1]},
								"up": {"uv": [20, 22], "uv_size": [1, 12]},
								"down": {"uv": [21, 34], "uv_size": [1, -12]}
							}
						},
						{
							"origin": [-3.6, 25.8, -23.6],
							"size": [1, 1.3, 4.2],
							"pivot": [-3, 26.6, -30.5],
							"rotation": [0, 0, 30],
							"uv": {
								"north": {"uv": [35, 42], "uv_size": [1, 1]},
								"east": {"uv": [34, 7], "uv_size": [4, 1]},
								"south": {"uv": [42, 35], "uv_size": [1, 1]},
								"west": {"uv": [10, 34], "uv_size": [4, 1]},
								"up": {"uv": [22, 33], "uv_size": [1, 4]},
								"down": {"uv": [4, 38], "uv_size": [1, -4]}
							}
						},
						{
							"origin": [-3.6, 24.4, -30.2],
							"size": [1.2, 0.7, 3.1],
							"uv": {
								"north": {"uv": [2, 40], "uv_size": [1, 1]},
								"east": {"uv": [5, 11], "uv_size": [3, 1]},
								"south": {"uv": [40, 4], "uv_size": [1, 1]},
								"west": {"uv": [34, 28], "uv_size": [3, 1]},
								"up": {"uv": [23, 34], "uv_size": [1, 3]},
								"down": {"uv": [24, 37], "uv_size": [1, -3]}
							}
						},
						{
							"origin": [-3.975, 24.4, -27.4],
							"size": [1.95, 0.7, 1.5],
							"uv": {
								"north": {"uv": [37, 37], "uv_size": [2, 1]},
								"east": {"uv": [8, 40], "uv_size": [1, 1]},
								"south": {"uv": [0, 38], "uv_size": [2, 1]},
								"west": {"uv": [40, 8], "uv_size": [1, 1]},
								"up": {"uv": [38, 0], "uv_size": [2, 1]},
								"down": {"uv": [38, 2], "uv_size": [2, -1]}
							}
						},
						{
							"origin": [-3.94446, 24.45669, -30.2],
							"size": [0.5, 0.85, 2.8],
							"pivot": [-3.69446, 24.95669, -28.65],
							"rotation": [0, 0, -35],
							"uv": {
								"north": {"uv": [5, 40], "uv_size": [1, 1]},
								"east": {"uv": [34, 29], "uv_size": [3, 1]},
								"south": {"uv": [40, 7], "uv_size": [1, 1]},
								"west": {"uv": [30, 34], "uv_size": [3, 1]},
								"up": {"uv": [27, 34], "uv_size": [1, 3]},
								"down": {"uv": [34, 33], "uv_size": [1, -3]}
							}
						},
						{
							"origin": [-2.55554, 24.45669, -30.2],
							"size": [0.5, 0.85, 2.8],
							"pivot": [-2.30554, 24.95669, -28.65],
							"rotation": [0, 0, 35],
							"uv": {
								"north": {"uv": [26, 42], "uv_size": [1, 1]},
								"east": {"uv": [33, 34], "uv_size": [3, 1]},
								"south": {"uv": [42, 26], "uv_size": [1, 1]},
								"west": {"uv": [34, 33], "uv_size": [3, 1]},
								"up": {"uv": [0, 35], "uv_size": [1, 3]},
								"down": {"uv": [1, 38], "uv_size": [1, -3]}
							}
						},
						{
							"origin": [-4, 23.4, -21.4],
							"size": [2, 1, 2],
							"uv": {
								"north": {"uv": [34, 36], "uv_size": [2, 1]},
								"east": {"uv": [36, 34], "uv_size": [2, 1]},
								"south": {"uv": [36, 35], "uv_size": [2, 1]},
								"west": {"uv": [36, 36], "uv_size": [2, 1]},
								"up": {"uv": [5, 33], "uv_size": [2, 2]},
								"down": {"uv": [7, 35], "uv_size": [2, -2]}
							}
						},
						{
							"origin": [-4, 23.675, -23.4],
							"size": [2, 0.725, 2],
							"uv": {
								"north": {"uv": [2, 37], "uv_size": [2, 1]},
								"east": {"uv": [5, 37], "uv_size": [2, 1]},
								"south": {"uv": [11, 37], "uv_size": [2, 1]},
								"west": {"uv": [17, 37], "uv_size": [2, 1]},
								"up": {"uv": [33, 8], "uv_size": [2, 2]},
								"down": {"uv": [33, 13], "uv_size": [2, -2]}
							}
						},
						{
							"origin": [-4, 23.875, -25.2],
							"size": [2, 0.525, 1.8],
							"uv": {
								"north": {"uv": [37, 20], "uv_size": [2, 1]},
								"east": {"uv": [21, 37], "uv_size": [2, 1]},
								"south": {"uv": [37, 21], "uv_size": [2, 1]},
								"west": {"uv": [23, 37], "uv_size": [2, 1]},
								"up": {"uv": [33, 13], "uv_size": [2, 2]},
								"down": {"uv": [15, 35], "uv_size": [2, -2]}
							}
						},
						{
							"origin": [-4, 24.075, -26.7],
							"size": [2, 0.325, 1.5],
							"uv": {
								"north": {"uv": [37, 24], "uv_size": [2, 1]},
								"east": {"uv": [25, 37], "uv_size": [2, 1]},
								"south": {"uv": [27, 37], "uv_size": [2, 1]},
								"west": {"uv": [37, 27], "uv_size": [2, 1]},
								"up": {"uv": [33, 15], "uv_size": [2, 2]},
								"down": {"uv": [33, 24], "uv_size": [2, -2]}
							}
						},
						{
							"origin": [-4, 24.15, -27.375],
							"size": [2, 0.25, 0.675],
							"uv": {
								"north": {"uv": [37, 28], "uv_size": [2, 1]},
								"east": {"uv": [40, 0], "uv_size": [1, 1]},
								"south": {"uv": [29, 37], "uv_size": [2, 1]},
								"west": {"uv": [40, 1], "uv_size": [1, 1]},
								"up": {"uv": [37, 29], "uv_size": [2, 1]},
								"down": {"uv": [37, 31], "uv_size": [2, -1]}
							}
						},
						{
							"origin": [-4.01, 23.4, -27.2],
							"size": [2.02, 0.3, 8.1],
							"pivot": [-3, 24.1, -21.6],
							"rotation": [-7.5, 0, 0],
							"uv": {
								"north": {"uv": [30, 36], "uv_size": [2, 1]},
								"east": {"uv": [22, 5], "uv_size": [8, 1]},
								"south": {"uv": [32, 36], "uv_size": [2, 1]},
								"west": {"uv": [22, 6], "uv_size": [8, 1]},
								"up": {"uv": [10, 12], "uv_size": [2, 8]},
								"down": {"uv": [12, 20], "uv_size": [2, -8]}
							}
						},
						{
							"origin": [-4, 22.5, -19.5],
							"size": [2, 1.9, 6.3],
							"uv": {
								"north": {"uv": [0, 0], "uv_size": [2, 1.9]},
								"east": {"uv": [0, 0], "uv_size": [6.3, 1.9]},
								"south": {"uv": [0, 0], "uv_size": [2, 1.9]},
								"west": {"uv": [0, 0], "uv_size": [6.3, 1.9]},
								"up": {"uv": [2, 6.3], "uv_size": [-2, -6.3]},
								"down": {"uv": [2, 6.3], "uv_size": [-2, -6.3]}
							}
						},
						{
							"origin": [-4.097, 21.575, -17],
							"size": [2.2, 1.675, 1.4],
							"uv": {
								"north": {"uv": [29, 11], "uv_size": [2, 2]},
								"east": {"uv": [35, 25], "uv_size": [1, 2]},
								"south": {"uv": [29, 13], "uv_size": [2, 2]},
								"west": {"uv": [26, 35], "uv_size": [1, 2]},
								"up": {"uv": [28, 35], "uv_size": [2, 1]},
								"down": {"uv": [30, 36], "uv_size": [2, -1]}
							}
						},
						{
							"origin": [-4.1, 21.33, -18.60448],
							"size": [2.2, 1.75, 1.9],
							"pivot": [-3, 22.205, -17.40448],
							"rotation": [17.5, 0, 0],
							"uv": {
								"north": {"uv": [23, 30], "uv_size": [2, 2]},
								"east": {"uv": [30, 29], "uv_size": [2, 2]},
								"south": {"uv": [6, 31], "uv_size": [2, 2]},
								"west": {"uv": [8, 31], "uv_size": [2, 2]},
								"up": {"uv": [31, 11], "uv_size": [2, 2]},
								"down": {"uv": [31, 15], "uv_size": [2, -2]}
							}
						},
						{
							"origin": [-4.1, 21.1, -15.6],
							"size": [2.2, 1.3, 2.4],
							"uv": {
								"north": {"uv": [35, 30], "uv_size": [2, 1]},
								"east": {"uv": [35, 31], "uv_size": [2, 1]},
								"south": {"uv": [32, 35], "uv_size": [2, 1]},
								"west": {"uv": [35, 32], "uv_size": [2, 1]},
								"up": {"uv": [29, 15], "uv_size": [2, 2]},
								"down": {"uv": [29, 24], "uv_size": [2, -2]}
							}
						},
						{
							"origin": [-4.101, 19.97866, -18.81206],
							"size": [2.2, 2.7, 0.6],
							"uv": {
								"north": {"uv": [21, 15], "uv_size": [2, 3]},
								"east": {"uv": [34, 19], "uv_size": [1, 3]},
								"south": {"uv": [23, 15], "uv_size": [2, 3]},
								"west": {"uv": [21, 34], "uv_size": [1, 3]},
								"up": {"uv": [36, 2], "uv_size": [2, 1]},
								"down": {"uv": [36, 4], "uv_size": [2, -1]}
							}
						},
						{
							"origin": [-4.098, 18.87866, -18.21206],
							"size": [2.2, 2.7, 5],
							"uv": {
								"north": {"uv": [27, 22], "uv_size": [2, 3]},
								"east": {"uv": [16, 12], "uv_size": [5, 3]},
								"south": {"uv": [23, 27], "uv_size": [2, 3]},
								"west": {"uv": [16, 15], "uv_size": [5, 3]},
								"up": {"uv": [21, 10], "uv_size": [2, 5]},
								"down": {"uv": [22, 5], "uv_size": [2, -5]}
							}
						},
						{
							"origin": [-4.101, 13.67866, -17.31206],
							"size": [2.2, 5.2, 4.9],
							"uv": {
								"north": {"uv": [23, 10], "uv_size": [2, 5]},
								"east": {"uv": [0, 11], "uv_size": [5, 5]},
								"south": {"uv": [23, 22], "uv_size": [2, 5]},
								"west": {"uv": [5, 12], "uv_size": [5, 5]},
								"up": {"uv": [0, 24], "uv_size": [2, 5]},
								"down": {"uv": [24, 5], "uv_size": [2, -5]}
							}
						},
						{
							"origin": [-4.1, 13.27866, -13.91206],
							"size": [2.2, 0.3, 2.2],
							"pivot": [-3, 13.47866, -14.76206],
							"rotation": [7.5, 0, 0],
							"uv": {
								"north": {"uv": [36, 11], "uv_size": [2, 1]},
								"east": {"uv": [36, 13], "uv_size": [2, 1]},
								"south": {"uv": [36, 14], "uv_size": [2, 1]},
								"west": {"uv": [36, 15], "uv_size": [2, 1]},
								"up": {"uv": [31, 22], "uv_size": [2, 2]},
								"down": {"uv": [28, 33], "uv_size": [2, -2]}
							}
						},
						{
							"origin": [-3.4, 12.85829, -13.4714],
							"size": [0.8, 0.2, 0.8],
							"pivot": [-3, 13.25829, -13.3714],
							"rotation": [45, 0, 0],
							"uv": {
								"north": {"uv": [39, 23], "uv_size": [1, 1]},
								"east": {"uv": [39, 24], "uv_size": [1, 1]},
								"south": {"uv": [39, 25], "uv_size": [1, 1]},
								"west": {"uv": [39, 26], "uv_size": [1, 1]},
								"up": {"uv": [27, 39], "uv_size": [1, 1]},
								"down": {"uv": [39, 28], "uv_size": [1, -1]}
							}
						},
						{
							"origin": [-3.4, 13.45829, -13.4714],
							"size": [0.8, 0.2, 0.8],
							"pivot": [-3, 13.25829, -13.3714],
							"rotation": [45, 0, 0],
							"uv": {
								"north": {"uv": [28, 39], "uv_size": [1, 1]},
								"east": {"uv": [39, 28], "uv_size": [1, 1]},
								"south": {"uv": [29, 39], "uv_size": [1, 1]},
								"west": {"uv": [39, 29], "uv_size": [1, 1]},
								"up": {"uv": [30, 39], "uv_size": [1, 1]},
								"down": {"uv": [39, 31], "uv_size": [1, -1]}
							}
						},
						{
							"origin": [-3.4, 13.05829, -12.8714],
							"size": [0.8, 0.4, 0.2],
							"pivot": [-3, 13.25829, -13.3714],
							"rotation": [45, 0, 0],
							"uv": {
								"north": {"uv": [31, 39], "uv_size": [1, 1]},
								"east": {"uv": [39, 31], "uv_size": [1, 1]},
								"south": {"uv": [32, 39], "uv_size": [1, 1]},
								"west": {"uv": [39, 32], "uv_size": [1, 1]},
								"up": {"uv": [33, 39], "uv_size": [1, 1]},
								"down": {"uv": [39, 34], "uv_size": [1, -1]}
							}
						},
						{
							"origin": [-3.4, 13.05829, -13.4714],
							"size": [0.8, 0.4, 0.2],
							"pivot": [-3, 13.25829, -13.3714],
							"rotation": [45, 0, 0],
							"uv": {
								"north": {"uv": [34, 39], "uv_size": [1, 1]},
								"east": {"uv": [39, 34], "uv_size": [1, 1]},
								"south": {"uv": [39, 35], "uv_size": [1, 1]},
								"west": {"uv": [39, 37], "uv_size": [1, 1]},
								"up": {"uv": [39, 38], "uv_size": [1, 1]},
								"down": {"uv": [39, 40], "uv_size": [1, -1]}
							}
						},
						{
							"origin": [-4.1, 13.37866, -17.41206],
							"size": [2.2, 0.3, 3.525],
							"uv": {
								"north": {"uv": [36, 17], "uv_size": [2, 1]},
								"east": {"uv": [29, 24], "uv_size": [4, 1]},
								"south": {"uv": [18, 36], "uv_size": [2, 1]},
								"west": {"uv": [30, 7], "uv_size": [4, 1]},
								"up": {"uv": [3, 24], "uv_size": [2, 4]},
								"down": {"uv": [18, 28], "uv_size": [2, -4]}
							}
						},
						{
							"origin": [-4.101, 13.67866, -12.41206],
							"size": [2.2, 2, 1],
							"uv": {
								"north": {"uv": [31, 15], "uv_size": [2, 2]},
								"east": {"uv": [7, 36], "uv_size": [1, 2]},
								"south": {"uv": [16, 31], "uv_size": [2, 2]},
								"west": {"uv": [10, 36], "uv_size": [1, 2]},
								"up": {"uv": [36, 10], "uv_size": [2, 1]},
								"down": {"uv": [11, 37], "uv_size": [2, -1]}
							}
						},
						{
							"origin": [-4.1, 13.43769, -18.25999],
							"size": [2.2, 6.7, 1.3],
							"pivot": [-3, 17.53769, -17.80999],
							"rotation": [12.5, 0, 0],
							"uv": {
								"north": {"uv": [2, 16], "uv_size": [2, 7]},
								"east": {"uv": [15, 26], "uv_size": [1, 7]},
								"south": {"uv": [4, 17], "uv_size": [2, 7]},
								"west": {"uv": [27, 11], "uv_size": [1, 7]},
								"up": {"uv": [5, 36], "uv_size": [2, 1]},
								"down": {"uv": [36, 6], "uv_size": [2, -1]}
							}
						},
						{
							"origin": [-4.1, 13.83769, -13.55999],
							"size": [2.2, 6, 1.3],
							"pivot": [-3, 17.53769, -17.80999],
							"rotation": [17.5, 0, 0],
							"uv": {
								"north": {"uv": [18, 18], "uv_size": [2, 6]},
								"east": {"uv": [25, 27], "uv_size": [1, 6]},
								"south": {"uv": [10, 20], "uv_size": [2, 6]},
								"west": {"uv": [26, 27], "uv_size": [1, 6]},
								"up": {"uv": [36, 6], "uv_size": [2, 1]},
								"down": {"uv": [36, 10], "uv_size": [2, -1]}
							}
						},
						{
							"origin": [-4.099, 21.41208, -16.08971],
							"size": [2.2, 1.3, 1.725],
							"pivot": [-3, 22.06208, -14.81471],
							"rotation": [-30, 0, 0],
							"uv": {
								"north": {"uv": [34, 35], "uv_size": [2, 1]},
								"east": {"uv": [36, 0], "uv_size": [2, 1]},
								"south": {"uv": [36, 1], "uv_size": [2, 1]},
								"west": {"uv": [2, 36], "uv_size": [2, 1]},
								"up": {"uv": [28, 29], "uv_size": [2, 2]},
								"down": {"uv": [30, 7], "uv_size": [2, -2]}
							}
						},
						{
							"origin": [-2.1, 25.07781, -19.22089],
							"size": [0.8, 0.8, 2.325],
							"pivot": [-3, 24.07781, -16.85839],
							"rotation": [0, 0, -45],
							"uv": {
								"north": {"uv": [39, 42], "uv_size": [1, 1]},
								"east": {"uv": [38, 36], "uv_size": [2, 1]},
								"south": {"uv": [42, 39], "uv_size": [1, 1]},
								"west": {"uv": [39, 2], "uv_size": [2, 1]},
								"up": {"uv": [1, 39], "uv_size": [1, 2]},
								"down": {"uv": [3, 41], "uv_size": [1, -2]}
							}
						}
					]
				},
				{
					"name": "bone",
					"parent": "gun",
					"pivot": [-3, 25.2965, -12.37619],
					"cubes": [
						{
							"origin": [-3.275, 25.7193, -12.5812],
							"size": [0.55, 1.25, 1.225],
							"pivot": [-3, 26.6443, -12.2687],
							"rotation": [-69, 0, 0],
							"uv": {
								"north": {"uv": [36, 42], "uv_size": [1, 1]},
								"east": {"uv": [42, 36], "uv_size": [1, 1]},
								"south": {"uv": [37, 42], "uv_size": [1, 1]},
								"west": {"uv": [42, 37], "uv_size": [1, 1]},
								"up": {"uv": [38, 42], "uv_size": [1, 1]},
								"down": {"uv": [42, 39], "uv_size": [1, -1]}
							}
						},
						{
							"origin": [-3.225, 24.1715, -13.93869],
							"size": [0.45, 1.75, 1.725],
							"pivot": [-3, 25.2965, -12.37619],
							"rotation": [-24, 0, 0],
							"uv": {
								"north": {"uv": [36, 38], "uv_size": [1, 2]},
								"east": {"uv": [34, 17], "uv_size": [2, 2]},
								"south": {"uv": [37, 38], "uv_size": [1, 2]},
								"west": {"uv": [18, 34], "uv_size": [2, 2]},
								"up": {"uv": [38, 38], "uv_size": [1, 2]},
								"down": {"uv": [0, 41], "uv_size": [1, -2]}
							}
						}
					]
				},
				{
					"name": "bone4",
					"parent": "gun",
					"pivot": [-3, 23.14521, -21.76739],
					"rotation": [7, 0, 0],
					"cubes": [
						{
							"origin": [-3.375, 20.4702, -22.63596],
							"size": [0.75, 0.625, 0.2],
							"pivot": [-3, 21.25032, -22.66596],
							"rotation": [-77.5, 0, 0],
							"uv": {
								"north": {"uv": [41, 25], "uv_size": [1, 1]},
								"east": {"uv": [26, 41], "uv_size": [1, 1]},
								"south": {"uv": [41, 26], "uv_size": [1, 1]},
								"west": {"uv": [27, 41], "uv_size": [1, 1]},
								"up": {"uv": [41, 27], "uv_size": [1, 1]},
								"down": {"uv": [28, 42], "uv_size": [1, -1]}
							}
						},
						{
							"origin": [-3.375, 20.98934, -22.69248],
							"size": [0.75, 0.625, 0.3],
							"pivot": [-3, 21.25032, -22.66596],
							"rotation": [-65, 0, 0],
							"uv": {
								"north": {"uv": [41, 22], "uv_size": [1, 1]},
								"east": {"uv": [23, 41], "uv_size": [1, 1]},
								"south": {"uv": [41, 23], "uv_size": [1, 1]},
								"west": {"uv": [24, 41], "uv_size": [1, 1]},
								"up": {"uv": [41, 24], "uv_size": [1, 1]},
								"down": {"uv": [25, 42], "uv_size": [1, -1]}
							}
						},
						{
							"origin": [-3.375, 21.4104, -22.61472],
							"size": [0.75, 0.525, 0.375],
							"pivot": [-3, 21.25032, -22.66596],
							"rotation": [-32.5, 0, 0],
							"uv": {
								"north": {"uv": [41, 16], "uv_size": [1, 1]},
								"east": {"uv": [17, 41], "uv_size": [1, 1]},
								"south": {"uv": [41, 17], "uv_size": [1, 1]},
								"west": {"uv": [18, 41], "uv_size": [1, 1]},
								"up": {"uv": [41, 18], "uv_size": [1, 1]},
								"down": {"uv": [19, 42], "uv_size": [1, -1]}
							}
						},
						{
							"origin": [-3.375, 21.65166, -22.23654],
							"size": [0.75, 0.525, 0.4],
							"pivot": [-3, 21.91416, -22.03654],
							"rotation": [-20, 0, 0],
							"uv": {
								"north": {"uv": [41, 19], "uv_size": [1, 1]},
								"east": {"uv": [20, 41], "uv_size": [1, 1]},
								"south": {"uv": [41, 20], "uv_size": [1, 1]},
								"west": {"uv": [21, 41], "uv_size": [1, 1]},
								"up": {"uv": [41, 21], "uv_size": [1, 1]},
								"down": {"uv": [22, 42], "uv_size": [1, -1]}
							}
						},
						{
							"origin": [-3.375, 22.12764, -22.13032],
							"size": [0.75, 0.525, 0.4],
							"pivot": [-3, 22.24014, -21.90532],
							"rotation": [-10, 0, 0],
							"uv": {
								"north": {"uv": [41, 13], "uv_size": [1, 1]},
								"east": {"uv": [14, 41], "uv_size": [1, 1]},
								"south": {"uv": [41, 14], "uv_size": [1, 1]},
								"west": {"uv": [15, 41], "uv_size": [1, 1]},
								"up": {"uv": [41, 15], "uv_size": [1, 1]},
								"down": {"uv": [16, 42], "uv_size": [1, -1]}
							}
						},
						{
							"origin": [-3.375, 22.49059, -22.32319],
							"size": [0.75, 1.125, 0.55],
							"pivot": [-3, 19.95309, -20.59819],
							"rotation": [-5, 0, 0],
							"uv": {
								"north": {"uv": [41, 7], "uv_size": [1, 1]},
								"east": {"uv": [8, 41], "uv_size": [1, 1]},
								"south": {"uv": [41, 8], "uv_size": [1, 1]},
								"west": {"uv": [9, 41], "uv_size": [1, 1]},
								"up": {"uv": [41, 9], "uv_size": [1, 1]},
								"down": {"uv": [10, 42], "uv_size": [1, -1]}
							}
						},
						{
							"origin": [-3.375, 22.63271, -21.74239],
							"size": [0.75, 1.225, 0.65],
							"pivot": [-3, 23.04521, -21.36739],
							"rotation": [-55, 0, 0],
							"uv": {
								"north": {"uv": [41, 10], "uv_size": [1, 1]},
								"east": {"uv": [11, 41], "uv_size": [1, 1]},
								"south": {"uv": [41, 11], "uv_size": [1, 1]},
								"west": {"uv": [12, 41], "uv_size": [1, 1]},
								"up": {"uv": [41, 12], "uv_size": [1, 1]},
								"down": {"uv": [13, 42], "uv_size": [1, -1]}
							}
						}
					]
				},
				{
					"name": "rightarm",
					"parent": "main",
					"pivot": [-8.3, 14.1, 2.4],
					"rotation": [-106.20538, -9.76174, 7.36053],
					"cubes": [
						{
							"origin": [-12.3, -9.9, -1.6],
							"size": [8, 24, 8],
							"uv": {
								"north": {"uv": [9, 3.9], "uv_size": [8, 24]},
								"east": {"uv": [1, 3.9], "uv_size": [8, 24]},
								"south": {"uv": [25, 3.9], "uv_size": [8, 24]},
								"west": {"uv": [17, 3.9], "uv_size": [8, 24]},
								"up": {"uv": [9, 19.9], "uv_size": [8, 8]},
								"down": {"uv": [17, 27.9], "uv_size": [8, -8]}
							}
						}
					]
				},
				{
					"name": "leftarm",
					"parent": "main",
					"pivot": [6.1, 2.4, -2.6],
					"rotation": [-137.19896, -3.42721, -32.81486],
					"cubes": [
						{
							"origin": [2.1, -21.6, -6.6],
							"size": [8, 24, 8],
							"uv": {
								"north": {"uv": [10, 12], "uv_size": [9, 24]},
								"east": {"uv": [3, 12], "uv_size": [8, 24]},
								"south": {"uv": [26, 12], "uv_size": [9, 24]},
								"west": {"uv": [18, 12], "uv_size": [9, 24]},
								"up": {"uv": [27, 36], "uv_size": [-9, -8]},
								"down": {"uv": [35, 36], "uv_size": [-9, -8]}
							}
						}
					]
				},
				{
					"name": "muzzleflash",
					"parent": "main",
					"pivot": [-3, 26.65, -32.85],
					"cubes": [
						{
							"origin": [-3.5, 26.15, -33.15],
							"size": [1, 1, 1],
							"inflate": -0.4,
							"uv": {
								"north": {"uv": [4, 16], "uv_size": [1, 1]},
								"east": {"uv": [3, 23], "uv_size": [1, 1]},
								"south": {"uv": [5, 32], "uv_size": [1, 1]},
								"west": {"uv": [15, 39], "uv_size": [1, 1]},
								"up": {"uv": [17, 39], "uv_size": [1, 1]},
								"down": {"uv": [39, 18], "uv_size": [1, -1]}
							}
						}
					]
				},
				{
					"name": "magazine",
					"parent": "main",
					"pivot": [1, 13.47866, -14.56206],
					"cubes": [
						{
							"origin": [-3.7, 13.45366, -17.31206],
							"size": [1.4, 10.8, 3.525],
							"pivot": [1, 13.47866, -14.56206],
							"rotation": [7, 0, 0],
							"uv": {
								"north": {"uv": [22, 22], "uv_size": [1, 11]},
								"east": {"uv": [0, 0], "uv_size": [4, 11]},
								"south": {"uv": [2, 23], "uv_size": [1, 11]},
								"west": {"uv": [4, 0], "uv_size": [4, 11]},
								"up": {"uv": [14, 34], "uv_size": [1, 4]},
								"down": {"uv": [20, 38], "uv_size": [1, -4]}
							}
						},
						{
							"origin": [-3.9, 13.07866, -17.71206],
							"size": [1.8, 0.5, 4.025],
							"uv": {
								"north": {"uv": [36, 18], "uv_size": [2, 1]},
								"east": {"uv": [30, 31], "uv_size": [4, 1]},
								"south": {"uv": [36, 22], "uv_size": [2, 1]},
								"west": {"uv": [32, 5], "uv_size": [4, 1]},
								"up": {"uv": [25, 10], "uv_size": [2, 4]},
								"down": {"uv": [25, 18], "uv_size": [2, -4]}
							}
						}
					]
				},
				{
					"name": "bullet",
					"parent": "magazine",
					"pivot": [-3, 24.07781, -16.85839],
					"cubes": [
						{
							"origin": [-3.4, 23.67781, -18.02089],
							"size": [0.8, 0.8, 2.325],
							"pivot": [-3, 24.07781, -16.85839],
							"rotation": [4.96208, 4.94357, -44.78567],
							"uv": {
								"north": {"uv": [39, 42], "uv_size": [1, 1]},
								"east": {"uv": [38, 36], "uv_size": [2, 1]},
								"south": {"uv": [42, 39], "uv_size": [1, 1]},
								"west": {"uv": [39, 2], "uv_size": [2, 1]},
								"up": {"uv": [1, 39], "uv_size": [1, 2]},
								"down": {"uv": [3, 41], "uv_size": [1, -2]}
							}
						}
					]
				},
				{
					"name": "slide",
					"parent": "main",
					"pivot": [-2.90509, 26.3343, -19.16096],
					"cubes": [
						{
							"origin": [-3.05, 27.6, -30.1],
							"size": [0.1, 0.3, 0.1],
							"uv": {
								"north": {"uv": [43, 9], "uv_size": [1, 1]},
								"east": {"uv": [10, 43], "uv_size": [1, 1]},
								"south": {"uv": [43, 10], "uv_size": [1, 1]},
								"west": {"uv": [11, 43], "uv_size": [1, 1]},
								"up": {"uv": [43, 11], "uv_size": [1, 1]},
								"down": {"uv": [12, 44], "uv_size": [1, -1]}
							}
						},
						{
							"origin": [-3.4, 26.9, -30.4],
							"size": [0.8, 0.7, 8],
							"uv": {
								"north": {"uv": [14, 42], "uv_size": [1, 1]},
								"east": {"uv": [26, 18], "uv_size": [8, 1]},
								"south": {"uv": [42, 14], "uv_size": [1, 1]},
								"west": {"uv": [26, 19], "uv_size": [8, 1]},
								"up": {"uv": [11, 26], "uv_size": [1, 8]},
								"down": {"uv": [12, 34], "uv_size": [1, -8]}
							}
						},
						{
							"origin": [-3.914, 26.94361, -30.4],
							"size": [0.925, 0.475, 8],
							"pivot": [-3.389, 27.06861, -25.45],
							"rotation": [0, 0, -50],
							"uv": {
								"north": {"uv": [13, 42], "uv_size": [1, 1]},
								"east": {"uv": [22, 7], "uv_size": [8, 1]},
								"south": {"uv": [42, 13], "uv_size": [1, 1]},
								"west": {"uv": [26, 4], "uv_size": [8, 1]},
								"up": {"uv": [5, 24], "uv_size": [1, 8]},
								"down": {"uv": [10, 34], "uv_size": [1, -8]}
							}
						},
						{
							"origin": [-1.7845, 23.57384, -30.4],
							"size": [0.925, 0.475, 8],
							"pivot": [1.6155, 26.69884, -25.45],
							"rotation": [0, 0, 50],
							"uv": {
								"north": {"uv": [15, 42], "uv_size": [1, 1]},
								"east": {"uv": [26, 20], "uv_size": [8, 1]},
								"south": {"uv": [42, 15], "uv_size": [1, 1]},
								"west": {"uv": [26, 21], "uv_size": [8, 1]},
								"up": {"uv": [13, 26], "uv_size": [1, 8]},
								"down": {"uv": [14, 34], "uv_size": [1, -8]}
							}
						},
						{
							"origin": [-4, 26.2, -30.4],
							"size": [2, 0.7, 8],
							"uv": {
								"north": {"uv": [27, 38], "uv_size": [2, 1]},
								"east": {"uv": [25, 26], "uv_size": [8, 1]},
								"south": {"uv": [29, 38], "uv_size": [2, 1]},
								"west": {"uv": [27, 10], "uv_size": [8, 1]},
								"up": {"uv": [14, 12], "uv_size": [2, 8]},
								"down": {"uv": [0, 24], "uv_size": [2, -8]}
							}
						},
						{
							"origin": [-4.1, 25.1, -30.2],
							"size": [2.2, 1.1, 4.1],
							"uv": {
								"north": {"uv": [31, 37], "uv_size": [2, 1]},
								"east": {"uv": [32, 6], "uv_size": [4, 1]},
								"south": {"uv": [37, 31], "uv_size": [2, 1]},
								"west": {"uv": [33, 24], "uv_size": [4, 1]},
								"up": {"uv": [25, 22], "uv_size": [2, 4]},
								"down": {"uv": [26, 4], "uv_size": [2, -4]}
							}
						},
						{
							"origin": [-3.4, 25.5, -30.4],
							"size": [0.8, 0.7, 0.4],
							"uv": {
								"north": {"uv": [22, 42], "uv_size": [1, 1]},
								"east": {"uv": [42, 22], "uv_size": [1, 1]},
								"south": {"uv": [23, 42], "uv_size": [1, 1]},
								"west": {"uv": [42, 23], "uv_size": [1, 1]},
								"up": {"uv": [24, 42], "uv_size": [1, 1]},
								"down": {"uv": [42, 25], "uv_size": [1, -1]}
							}
						},
						{
							"origin": [-4.101, 24.6, -28],
							"size": [2.2, 0.7, 2],
							"pivot": [-3, 24.75, -26.6],
							"rotation": [-22.5, 0, 0],
							"uv": {
								"north": {"uv": [37, 32], "uv_size": [2, 1]},
								"east": {"uv": [33, 37], "uv_size": [2, 1]},
								"south": {"uv": [37, 33], "uv_size": [2, 1]},
								"west": {"uv": [35, 37], "uv_size": [2, 1]},
								"up": {"uv": [25, 33], "uv_size": [2, 2]},
								"down": {"uv": [33, 27], "uv_size": [2, -2]}
							}
						},
						{
							"origin": [-4.1, 24.4, -26.1],
							"size": [0.8, 1.8, 13.5],
							"uv": {
								"north": {"uv": [24, 38], "uv_size": [1, 2]},
								"east": {"uv": [8, 4], "uv_size": [14, 2]},
								"south": {"uv": [25, 38], "uv_size": [1, 2]},
								"west": {"uv": [8, 6], "uv_size": [14, 2]},
								"up": {"uv": [8, 17], "uv_size": [1, 14]},
								"down": {"uv": [9, 31], "uv_size": [1, -14]}
							}
						},
						{
							"origin": [-4, 26.2, -19.6],
							"size": [0.2, 0.7, 6.1],
							"uv": {
								"north": {"uv": [4, 42], "uv_size": [1, 1]},
								"east": {"uv": [28, 0], "uv_size": [6, 1]},
								"south": {"uv": [42, 4], "uv_size": [1, 1]},
								"west": {"uv": [28, 1], "uv_size": [6, 1]},
								"up": {"uv": [28, 11], "uv_size": [1, 6]},
								"down": {"uv": [18, 34], "uv_size": [1, -6]}
							}
						},
						{
							"origin": [-3.914, 26.94361, -17.9],
							"size": [0.925, 0.475, 4.4],
							"pivot": [-3.389, 27.06861, -16.55],
							"rotation": [0, 0, -50],
							"uv": {
								"north": {"uv": [5, 42], "uv_size": [1, 1]},
								"east": {"uv": [33, 27], "uv_size": [4, 1]},
								"south": {"uv": [42, 5], "uv_size": [1, 1]},
								"west": {"uv": [34, 4], "uv_size": [4, 1]},
								"up": {"uv": [9, 33], "uv_size": [1, 4]},
								"down": {"uv": [17, 37], "uv_size": [1, -4]}
							}
						},
						{
							"origin": [-3.614, 26.94361, -19.6],
							"size": [0.625, 0.475, 1.7],
							"pivot": [-3.389, 27.06861, -16.55],
							"rotation": [0, 0, -50],
							"uv": {
								"north": {"uv": [30, 42], "uv_size": [1, 1]},
								"east": {"uv": [31, 38], "uv_size": [2, 1]},
								"south": {"uv": [42, 30], "uv_size": [1, 1]},
								"west": {"uv": [33, 38], "uv_size": [2, 1]},
								"up": {"uv": [38, 34], "uv_size": [1, 2]},
								"down": {"uv": [35, 40], "uv_size": [1, -2]}
							}
						},
						{
							"origin": [-3.4, 27.3, -22.4],
							"size": [0.8, 0.3, 2.8],
							"uv": {
								"north": {"uv": [29, 42], "uv_size": [1, 1]},
								"east": {"uv": [35, 16], "uv_size": [3, 1]},
								"south": {"uv": [42, 29], "uv_size": [1, 1]},
								"west": {"uv": [35, 19], "uv_size": [3, 1]},
								"up": {"uv": [15, 35], "uv_size": [1, 3]},
								"down": {"uv": [16, 38], "uv_size": [1, -3]}
							}
						},
						{
							"origin": [-3.4, 26.9, -19.599],
							"size": [0.8, 0.7, 6.1],
							"uv": {
								"north": {"uv": [3, 42], "uv_size": [1, 1]},
								"east": {"uv": [27, 25], "uv_size": [6, 1]},
								"south": {"uv": [42, 3], "uv_size": [1, 1]},
								"west": {"uv": [27, 27], "uv_size": [6, 1]},
								"up": {"uv": [3, 28], "uv_size": [1, 6]},
								"down": {"uv": [4, 34], "uv_size": [1, -6]}
							}
						},
						{
							"origin": [-4.075, 25.20294, -12.96791],
							"size": [0.75, 0.65, 1.725],
							"pivot": [-3, 25.67794, -12.46791],
							"rotation": [-54, 0, 0],
							"uv": {
								"north": {"uv": [41, 37], "uv_size": [1, 1]},
								"east": {"uv": [38, 19], "uv_size": [2, 1]},
								"south": {"uv": [38, 41], "uv_size": [1, 1]},
								"west": {"uv": [21, 38], "uv_size": [2, 1]},
								"up": {"uv": [38, 22], "uv_size": [1, 2]},
								"down": {"uv": [23, 40], "uv_size": [1, -2]}
							}
						},
						{
							"origin": [-3.975, 25.925, -13.725],
							"size": [0.65, 1.225, 0.675],
							"pivot": [-3, 26.55, -13.1],
							"rotation": [49.5, 0, 0],
							"uv": {
								"north": {"uv": [10, 42], "uv_size": [1, 1]},
								"east": {"uv": [42, 10], "uv_size": [1, 1]},
								"south": {"uv": [11, 42], "uv_size": [1, 1]},
								"west": {"uv": [42, 11], "uv_size": [1, 1]},
								"up": {"uv": [12, 42], "uv_size": [1, 1]},
								"down": {"uv": [42, 13], "uv_size": [1, -1]}
							}
						},
						{
							"origin": [-4.074, 24.8, -12.6],
							"size": [0.75, 0.4, 0.5],
							"uv": {
								"north": {"uv": [41, 38], "uv_size": [1, 1]},
								"east": {"uv": [39, 41], "uv_size": [1, 1]},
								"south": {"uv": [41, 39], "uv_size": [1, 1]},
								"west": {"uv": [40, 41], "uv_size": [1, 1]},
								"up": {"uv": [41, 40], "uv_size": [1, 1]},
								"down": {"uv": [41, 42], "uv_size": [1, -1]}
							}
						},
						{
							"origin": [-4.1, 24.4, -12.6],
							"size": [0.8, 0.4, 1],
							"uv": {
								"north": {"uv": [41, 34], "uv_size": [1, 1]},
								"east": {"uv": [35, 41], "uv_size": [1, 1]},
								"south": {"uv": [41, 35], "uv_size": [1, 1]},
								"west": {"uv": [36, 41], "uv_size": [1, 1]},
								"up": {"uv": [41, 36], "uv_size": [1, 1]},
								"down": {"uv": [37, 42], "uv_size": [1, -1]}
							}
						},
						{
							"origin": [-2.7, 24.4, -12.6],
							"size": [0.8, 0.4, 1],
							"uv": {
								"north": {"uv": [41, 30], "uv_size": [1, 1]},
								"east": {"uv": [31, 41], "uv_size": [1, 1]},
								"south": {"uv": [41, 31], "uv_size": [1, 1]},
								"west": {"uv": [32, 41], "uv_size": [1, 1]},
								"up": {"uv": [41, 32], "uv_size": [1, 1]},
								"down": {"uv": [33, 42], "uv_size": [1, -1]}
							}
						},
						{
							"origin": [-2.675, 25.20294, -12.96791],
							"size": [0.75, 0.65, 1.725],
							"pivot": [-3, 25.67794, -12.46791],
							"rotation": [-54, 0, 0],
							"uv": {
								"north": {"uv": [41, 33], "uv_size": [1, 1]},
								"east": {"uv": [38, 16], "uv_size": [2, 1]},
								"south": {"uv": [34, 41], "uv_size": [1, 1]},
								"west": {"uv": [17, 38], "uv_size": [2, 1]},
								"up": {"uv": [38, 17], "uv_size": [1, 2]},
								"down": {"uv": [20, 40], "uv_size": [1, -2]}
							}
						},
						{
							"origin": [-2.675, 25.925, -13.725],
							"size": [0.65, 1.225, 0.675],
							"pivot": [-3, 26.55, -13.1],
							"rotation": [49.5, 0, 0],
							"uv": {
								"north": {"uv": [7, 42], "uv_size": [1, 1]},
								"east": {"uv": [42, 7], "uv_size": [1, 1]},
								"south": {"uv": [8, 42], "uv_size": [1, 1]},
								"west": {"uv": [42, 8], "uv_size": [1, 1]},
								"up": {"uv": [9, 42], "uv_size": [1, 1]},
								"down": {"uv": [42, 10], "uv_size": [1, -1]}
							}
						},
						{
							"origin": [-1.7845, 23.57384, -19.6],
							"size": [0.925, 0.475, 6.1],
							"pivot": [1.6155, 26.69884, -16.55],
							"rotation": [0, 0, 50],
							"uv": {
								"north": {"uv": [6, 42], "uv_size": [1, 1]},
								"east": {"uv": [28, 2], "uv_size": [6, 1]},
								"south": {"uv": [42, 6], "uv_size": [1, 1]},
								"west": {"uv": [28, 3], "uv_size": [6, 1]},
								"up": {"uv": [19, 28], "uv_size": [1, 6]},
								"down": {"uv": [27, 34], "uv_size": [1, -6]}
							}
						},
						{
							"origin": [-2.2, 26.2, -19.6],
							"size": [0.2, 0.7, 6.1],
							"uv": {
								"north": {"uv": [31, 42], "uv_size": [1, 1]},
								"east": {"uv": [28, 17], "uv_size": [6, 1]},
								"south": {"uv": [42, 31], "uv_size": [1, 1]},
								"west": {"uv": [28, 28], "uv_size": [6, 1]},
								"up": {"uv": [0, 29], "uv_size": [1, 6]},
								"down": {"uv": [1, 35], "uv_size": [1, -6]}
							}
						},
						{
							"origin": [-3.5, 27.4, -14.2],
							"size": [1, 0.3, 0.3],
							"uv": {
								"north": {"uv": [40, 42], "uv_size": [1, 1]},
								"east": {"uv": [42, 40], "uv_size": [1, 1]},
								"south": {"uv": [41, 42], "uv_size": [1, 1]},
								"west": {"uv": [42, 41], "uv_size": [1, 1]},
								"up": {"uv": [42, 42], "uv_size": [1, 1]},
								"down": {"uv": [0, 44], "uv_size": [1, -1]}
							}
						},
						{
							"origin": [-2.9, 27.7, -14.1],
							"size": [0.4, 0.3, 0.1],
							"uv": {
								"north": {"uv": [43, 0], "uv_size": [1, 1]},
								"east": {"uv": [1, 43], "uv_size": [1, 1]},
								"south": {"uv": [43, 1], "uv_size": [1, 1]},
								"west": {"uv": [2, 43], "uv_size": [1, 1]},
								"up": {"uv": [43, 2], "uv_size": [1, 1]},
								"down": {"uv": [3, 44], "uv_size": [1, -1]}
							}
						},
						{
							"origin": [-3.5, 27.7, -14.1],
							"size": [0.4, 0.3, 0.1],
							"uv": {
								"north": {"uv": [43, 3], "uv_size": [1, 1]},
								"east": {"uv": [4, 43], "uv_size": [1, 1]},
								"south": {"uv": [43, 4], "uv_size": [1, 1]},
								"west": {"uv": [5, 43], "uv_size": [1, 1]},
								"up": {"uv": [43, 5], "uv_size": [1, 1]},
								"down": {"uv": [6, 44], "uv_size": [1, -1]}
							}
						},
						{
							"origin": [-2.7, 26.2, -22.4],
							"size": [0.7, 0.7, 2.8],
							"uv": {
								"north": {"uv": [27, 42], "uv_size": [1, 1]},
								"east": {"uv": [5, 35], "uv_size": [3, 1]},
								"south": {"uv": [42, 27], "uv_size": [1, 1]},
								"west": {"uv": [35, 8], "uv_size": [3, 1]},
								"up": {"uv": [8, 35], "uv_size": [1, 3]},
								"down": {"uv": [35, 12], "uv_size": [1, -3]}
							}
						},
						{
							"origin": [-1.7845, 23.57384, -22.4],
							"size": [0.925, 0.475, 2.8],
							"pivot": [1.6155, 26.69884, -25.45],
							"rotation": [0, 0, 50],
							"uv": {
								"north": {"uv": [28, 42], "uv_size": [1, 1]},
								"east": {"uv": [10, 35], "uv_size": [3, 1]},
								"south": {"uv": [42, 28], "uv_size": [1, 1]},
								"west": {"uv": [35, 12], "uv_size": [3, 1]},
								"up": {"uv": [13, 35], "uv_size": [1, 3]},
								"down": {"uv": [35, 16], "uv_size": [1, -3]}
							}
						},
						{
							"origin": [-2.7, 24.4, -26.1],
							"size": [0.8, 1.8, 13.5],
							"uv": {
								"north": {"uv": [9, 37], "uv_size": [1, 2]},
								"east": {"uv": [8, 0], "uv_size": [14, 2]},
								"south": {"uv": [19, 37], "uv_size": [1, 2]},
								"west": {"uv": [8, 2], "uv_size": [14, 2]},
								"up": {"uv": [6, 17], "uv_size": [1, 14]},
								"down": {"uv": [7, 31], "uv_size": [1, -14]}
							}
						},
						{
							"origin": [-1.9, 24.8, -16],
							"size": [0.3, 0.8, 2.1],
							"pivot": [-1.75, 24.95, -15.3],
							"rotation": [30, 0, 0],
							"uv": {
								"north": {"uv": [43, 14], "uv_size": [1, 1]},
								"east": {"uv": [39, 11], "uv_size": [2, 1]},
								"south": {"uv": [15, 43], "uv_size": [1, 1]},
								"west": {"uv": [39, 12], "uv_size": [2, 1]},
								"up": {"uv": [14, 39], "uv_size": [1, 2]},
								"down": {"uv": [39, 16], "uv_size": [1, -2]}
							}
						},
						{
							"origin": [-1.9, 24.76651, -15.9183],
							"size": [0.5, 0.75, 1.1],
							"pivot": [-1.45, 25.14151, -15.4683],
							"rotation": [32.49858, -21.46902, -13.12427],
							"uv": {
								"north": {"uv": [43, 15], "uv_size": [1, 1]},
								"east": {"uv": [16, 43], "uv_size": [1, 1]},
								"south": {"uv": [43, 16], "uv_size": [1, 1]},
								"west": {"uv": [17, 43], "uv_size": [1, 1]},
								"up": {"uv": [43, 17], "uv_size": [1, 1]},
								"down": {"uv": [18, 44], "uv_size": [1, -1]}
							}
						},
						{
							"origin": [-2.676, 24.8, -12.6],
							"size": [0.75, 0.4, 0.5],
							"uv": {
								"north": {"uv": [0, 42], "uv_size": [1, 1]},
								"east": {"uv": [42, 0], "uv_size": [1, 1]},
								"south": {"uv": [1, 42], "uv_size": [1, 1]},
								"west": {"uv": [42, 1], "uv_size": [1, 1]},
								"up": {"uv": [2, 42], "uv_size": [1, 1]},
								"down": {"uv": [42, 3], "uv_size": [1, -1]}
							}
						},
						{
							"origin": [-3.1, 27.7, -14.1],
							"size": [0.2, 0.1, 0.1],
							"uv": {
								"north": {"uv": [43, 6], "uv_size": [1, 1]},
								"east": {"uv": [7, 43], "uv_size": [1, 1]},
								"south": {"uv": [43, 7], "uv_size": [1, 1]},
								"west": {"uv": [8, 43], "uv_size": [1, 1]},
								"up": {"uv": [43, 8], "uv_size": [1, 1]},
								"down": {"uv": [9, 44], "uv_size": [1, -1]}
							}
						},
						{
							"origin": [-3.914, 25.68139, -30.4],
							"size": [0.925, 0.475, 0.4],
							"pivot": [-3.389, 26.03139, -25.45],
							"rotation": [0, 0, 50],
							"uv": {
								"north": {"uv": [19, 42], "uv_size": [1, 1]},
								"east": {"uv": [42, 19], "uv_size": [1, 1]},
								"south": {"uv": [20, 42], "uv_size": [1, 1]},
								"west": {"uv": [42, 20], "uv_size": [1, 1]},
								"up": {"uv": [21, 42], "uv_size": [1, 1]},
								"down": {"uv": [42, 22], "uv_size": [1, -1]}
							}
						},
						{
							"origin": [-1.7845, 29.05116, -30.4],
							"size": [0.925, 0.475, 0.4],
							"pivot": [1.6155, 26.40116, -25.45],
							"rotation": [0, 0, -50],
							"uv": {
								"north": {"uv": [16, 42], "uv_size": [1, 1]},
								"east": {"uv": [42, 16], "uv_size": [1, 1]},
								"south": {"uv": [17, 42], "uv_size": [1, 1]},
								"west": {"uv": [42, 17], "uv_size": [1, 1]},
								"up": {"uv": [18, 42], "uv_size": [1, 1]},
								"down": {"uv": [42, 19], "uv_size": [1, -1]}
							}
						}
					]
				},
				{
					"name": "scope",
					"parent": "main",
					"pivot": [-3, 27.95, -8.05],
					"cubes": [
						{
							"origin": [-3.5, 27.45, -8.35],
							"size": [1, 1, 1],
							"inflate": -0.4,
							"uv": {
								"north": {"uv": [18, 39], "uv_size": [1, 1]},
								"east": {"uv": [39, 18], "uv_size": [1, 1]},
								"south": {"uv": [19, 39], "uv_size": [1, 1]},
								"west": {"uv": [39, 20], "uv_size": [1, 1]},
								"up": {"uv": [21, 39], "uv_size": [1, 1]},
								"down": {"uv": [39, 22], "uv_size": [1, -1]}
							}
						}
					]
				}
			]
		}
	]
}