{
	"format_version": "1.12.0",
	"minecraft:geometry": [
		{
			"description": {
				"identifier": "geometry.unknown",
				"texture_width": 32,
				"texture_height": 32,
				"visible_bounds_width": 2,
				"visible_bounds_height": 1.5,
				"visible_bounds_offset": [0, 0.25, 0]
			},
			"bones": [
				{
					"name": "nozzle",
					"pivot": [0, 1, 6],
					"cubes": [
						{"origin": [-0.5, 0.5, 5.5], "size": [1, 1, 1], "inflate": -0.6, "uv": [0, 0]}
					]
				},
				{
					"name": "rocket2",
					"pivot": [-0.00196, 1.33923, -10.91889],
					"rotation": [0, 180, 0],
					"cubes": [
						{
							"origin": [-0.22926, 1.65633, -27.24788],
							"size": [0.45336, 0.22668, 13.82805],
							"pivot": [-0.00176, 1.33657, -13.40196],
							"rotation": [0, 0, -67.5],
							"uv": {
								"north": {"uv": [11.5, 28.5], "uv_size": [0.25, 0.25]},
								"east": {"uv": [12.25, 0], "uv_size": [10.5, 0.25]},
								"south": {"uv": [28.5, 11.5], "uv_size": [0.25, 0.25]},
								"west": {"uv": [12.25, 0.25], "uv_size": [10.5, 0.25]},
								"up": {"uv": [3, 12], "uv_size": [0.25, 10.5]},
								"down": {"uv": [3.25, 22.5], "uv_size": [0.25, -10.5]}
							}
						},
						{
							"origin": [-0.2296, 1.65715, -27.24788],
							"size": [0.45336, 0.22668, 13.82805],
							"pivot": [-0.00176, 1.33657, -13.40196],
							"rotation": [0, 0, -112.5],
							"uv": {
								"north": {"uv": [11.75, 28.5], "uv_size": [0.25, 0.25]},
								"east": {"uv": [12.25, 0.5], "uv_size": [10.5, 0.25]},
								"south": {"uv": [28.5, 11.75], "uv_size": [0.25, 0.25]},
								"west": {"uv": [12.25, 0.75], "uv_size": [10.5, 0.25]},
								"up": {"uv": [3.5, 12], "uv_size": [0.25, 10.5]},
								"down": {"uv": [3.75, 22.5], "uv_size": [0.25, -10.5]}
							}
						},
						{
							"origin": [-0.22926, 1.65797, -27.24788],
							"size": [0.45336, 0.22668, 13.82805],
							"pivot": [-0.00176, 1.33657, -13.40196],
							"rotation": [0, 0, -157.5],
							"uv": {
								"north": {"uv": [12, 28.5], "uv_size": [0.25, 0.25]},
								"east": {"uv": [12.25, 1], "uv_size": [10.5, 0.25]},
								"south": {"uv": [28.5, 12], "uv_size": [0.25, 0.25]},
								"west": {"uv": [12.25, 1.25], "uv_size": [10.5, 0.25]},
								"up": {"uv": [4, 12], "uv_size": [0.25, 10.5]},
								"down": {"uv": [4.25, 22.5], "uv_size": [0.25, -10.5]}
							}
						},
						{
							"origin": [-0.22844, 0.79048, -27.24788],
							"size": [0.45336, 0.22668, 13.82805],
							"pivot": [-0.00176, 1.33657, -13.40196],
							"rotation": [0, 0, -22.5],
							"uv": {
								"north": {"uv": [12.25, 28.5], "uv_size": [0.25, 0.25]},
								"east": {"uv": [12.25, 1.5], "uv_size": [10.5, 0.25]},
								"south": {"uv": [28.5, 12.25], "uv_size": [0.25, 0.25]},
								"west": {"uv": [12.25, 1.75], "uv_size": [10.5, 0.25]},
								"up": {"uv": [4.5, 12], "uv_size": [0.25, 10.5]},
								"down": {"uv": [4.75, 22.5], "uv_size": [0.25, -10.5]}
							}
						},
						{
							"origin": [-0.22762, 0.79014, -27.24788],
							"size": [0.45336, 0.22668, 13.82805],
							"pivot": [-0.00176, 1.33657, -13.40196],
							"rotation": [0, 0, -67.5],
							"uv": {
								"north": {"uv": [12.5, 28.5], "uv_size": [0.25, 0.25]},
								"east": {"uv": [12.25, 2], "uv_size": [10.5, 0.25]},
								"south": {"uv": [28.5, 12.5], "uv_size": [0.25, 0.25]},
								"west": {"uv": [12.25, 2.25], "uv_size": [10.5, 0.25]},
								"up": {"uv": [5, 12], "uv_size": [0.25, 10.5]},
								"down": {"uv": [5.25, 22.5], "uv_size": [0.25, -10.5]}
							}
						},
						{
							"origin": [-0.22728, 0.78932, -27.24788],
							"size": [0.45336, 0.22668, 13.82805],
							"pivot": [-0.00176, 1.33657, -13.40196],
							"rotation": [0, 0, -112.5],
							"uv": {
								"north": {"uv": [12.75, 28.5], "uv_size": [0.25, 0.25]},
								"east": {"uv": [12.25, 2.5], "uv_size": [10.5, 0.25]},
								"south": {"uv": [28.5, 12.75], "uv_size": [0.25, 0.25]},
								"west": {"uv": [12.25, 2.75], "uv_size": [10.5, 0.25]},
								"up": {"uv": [5.5, 12], "uv_size": [0.25, 10.5]},
								"down": {"uv": [5.75, 22.5], "uv_size": [0.25, -10.5]}
							}
						},
						{
							"origin": [-0.22762, 0.7885, -27.24788],
							"size": [0.45336, 0.22668, 13.82805],
							"pivot": [-0.00176, 1.33657, -13.40196],
							"rotation": [0, 0, -157.5],
							"uv": {
								"north": {"uv": [13, 28.5], "uv_size": [0.25, 0.25]},
								"east": {"uv": [12.25, 3], "uv_size": [10.5, 0.25]},
								"south": {"uv": [28.5, 13], "uv_size": [0.25, 0.25]},
								"west": {"uv": [12.25, 3.25], "uv_size": [10.5, 0.25]},
								"up": {"uv": [6, 12], "uv_size": [0.25, 10.5]},
								"down": {"uv": [6.25, 22.5], "uv_size": [0.25, -10.5]}
							}
						},
						{
							"origin": [0.12422, 1.94527, -14.20364],
							"size": [0.25572, 0.39138, 0.55323],
							"pivot": [0.25208, 1.95156, -13.91055],
							"rotation": [32.5, 0, -157.5],
							"uv": {
								"north": {"uv": [25.5, 28.5], "uv_size": [0.25, 0.25]},
								"east": {"uv": [22, 27.75], "uv_size": [0.5, 0.25]},
								"south": {"uv": [28.5, 25.5], "uv_size": [0.25, 0.25]},
								"west": {"uv": [27.75, 22], "uv_size": [0.5, 0.25]},
								"up": {"uv": [27.75, 22.75], "uv_size": [0.25, 0.5]},
								"down": {"uv": [23, 28.25], "uv_size": [0.25, -0.5]}
							}
						},
						{
							"origin": [0.42882, 1.4847, -14.36871],
							"size": [0.25572, 0.39138, 0.55323],
							"pivot": [0.19434, 1.81215, -14.02621],
							"rotation": [32.5, 0, 157.5],
							"uv": {
								"north": {"uv": [25.75, 28.5], "uv_size": [0.25, 0.25]},
								"east": {"uv": [27.75, 23.25], "uv_size": [0.5, 0.25]},
								"south": {"uv": [28.5, 25.75], "uv_size": [0.25, 0.25]},
								"west": {"uv": [27.75, 23.5], "uv_size": [0.5, 0.25]},
								"up": {"uv": [23.25, 27.75], "uv_size": [0.25, 0.5]},
								"down": {"uv": [23.75, 28.25], "uv_size": [0.25, -0.5]}
							}
						},
						{
							"origin": [-0.40251, 1.0822, -14.33258],
							"size": [0.25572, 0.39138, 0.55323],
							"pivot": [-0.45582, 1.352, -14.02302],
							"rotation": [32.5, 0, 67.5],
							"uv": {
								"north": {"uv": [26.25, 28.5], "uv_size": [0.25, 0.25]},
								"east": {"uv": [27.75, 24.5], "uv_size": [0.5, 0.25]},
								"south": {"uv": [28.5, 26.25], "uv_size": [0.25, 0.25]},
								"west": {"uv": [24.75, 27.75], "uv_size": [0.5, 0.25]},
								"up": {"uv": [27.75, 24.75], "uv_size": [0.25, 0.5]},
								"down": {"uv": [25.25, 28.25], "uv_size": [0.25, -0.5]}
							}
						},
						{
							"origin": [-0.75868, 1.08953, -14.34596],
							"size": [0.25572, 0.39138, 0.55323],
							"pivot": [-0.45582, 1.352, -14.02302],
							"rotation": [32.5, 0, 112.5],
							"uv": {
								"north": {"uv": [26, 28.5], "uv_size": [0.25, 0.25]},
								"east": {"uv": [27.75, 23.75], "uv_size": [0.5, 0.25]},
								"south": {"uv": [28.5, 26], "uv_size": [0.25, 0.25]},
								"west": {"uv": [27.75, 24.25], "uv_size": [0.5, 0.25]},
								"up": {"uv": [24, 27.75], "uv_size": [0.25, 0.5]},
								"down": {"uv": [24.5, 28.25], "uv_size": [0.25, -0.5]}
							}
						},
						{
							"origin": [0.08503, 0.73156, -14.47689],
							"size": [0.25572, 0.39138, 0.55323],
							"pivot": [0.12875, 1.20305, -14.03506],
							"rotation": [32.5, 0, -67.5],
							"uv": {
								"north": {"uv": [27.25, 28.5], "uv_size": [0.25, 0.25]},
								"east": {"uv": [28, 0.75], "uv_size": [0.5, 0.25]},
								"south": {"uv": [28.5, 27.25], "uv_size": [0.25, 0.25]},
								"west": {"uv": [28, 1], "uv_size": [0.5, 0.25]},
								"up": {"uv": [1, 28], "uv_size": [0.25, 0.5]},
								"down": {"uv": [1.5, 28.5], "uv_size": [0.25, -0.5]}
							}
						},
						{
							"origin": [0.19548, 0.62901, -14.52416],
							"size": [0.25572, 0.39138, 0.55323],
							"pivot": [0.12875, 1.20305, -14.03506],
							"rotation": [32.5, 0, -112.5],
							"uv": {
								"north": {"uv": [27, 28.5], "uv_size": [0.25, 0.25]},
								"east": {"uv": [27.75, 27.75], "uv_size": [0.5, 0.25]},
								"south": {"uv": [28.5, 27], "uv_size": [0.25, 0.25]},
								"west": {"uv": [28, 0], "uv_size": [0.5, 0.25]},
								"up": {"uv": [28, 0.25], "uv_size": [0.25, 0.5]},
								"down": {"uv": [0.75, 28.5], "uv_size": [0.25, -0.5]}
							}
						},
						{
							"origin": [-0.07308, 0.72549, -14.50175],
							"size": [0.25572, 0.39138, 0.55323],
							"pivot": [0.12875, 1.20305, -14.03506],
							"rotation": [32.5, 0, -22.5],
							"uv": {
								"north": {"uv": [26.75, 28.5], "uv_size": [0.25, 0.25]},
								"east": {"uv": [27.75, 26.75], "uv_size": [0.5, 0.25]},
								"south": {"uv": [28.5, 26.75], "uv_size": [0.25, 0.25]},
								"west": {"uv": [27.75, 27], "uv_size": [0.5, 0.25]},
								"up": {"uv": [26.25, 27.75], "uv_size": [0.25, 0.5]},
								"down": {"uv": [27.75, 27.75], "uv_size": [0.25, -0.5]}
							}
						},
						{
							"origin": [-0.17092, 0.64481, -14.57121],
							"size": [0.25572, 0.39138, 0.55323],
							"pivot": [0.12875, 1.20305, -14.03506],
							"rotation": [32.5, 0, 22.5],
							"uv": {
								"north": {"uv": [26.5, 28.5], "uv_size": [0.25, 0.25]},
								"east": {"uv": [27.75, 25.25], "uv_size": [0.5, 0.25]},
								"south": {"uv": [28.5, 26.5], "uv_size": [0.25, 0.25]},
								"west": {"uv": [27.75, 25.5], "uv_size": [0.5, 0.25]},
								"up": {"uv": [27.75, 25.75], "uv_size": [0.25, 0.5]},
								"down": {"uv": [26, 28.25], "uv_size": [0.25, -0.5]}
							}
						},
						{
							"origin": [-0.22844, 1.65599, -27.24788],
							"size": [0.45336, 0.22668, 13.82805],
							"pivot": [-0.00176, 1.33657, -13.40196],
							"rotation": [0, 0, -22.5],
							"uv": {
								"north": {"uv": [13.25, 28.5], "uv_size": [0.25, 0.25]},
								"east": {"uv": [12.25, 3.5], "uv_size": [10.5, 0.25]},
								"south": {"uv": [28.5, 13.25], "uv_size": [0.25, 0.25]},
								"west": {"uv": [12.25, 3.75], "uv_size": [10.5, 0.25]},
								"up": {"uv": [6.5, 12], "uv_size": [0.25, 10.5]},
								"down": {"uv": [6.75, 22.5], "uv_size": [0.25, -10.5]}
							}
						},
						{
							"origin": [-1.0198, 1.46345, -13.30974],
							"size": [0.49271, 0.3031, 3.83122],
							"pivot": [-0.66025, 1.61496, -11.40193],
							"rotation": [-10.02392, -3.93913, 113.19569],
							"uv": {
								"north": {"uv": [13.5, 28.5], "uv_size": [0.25, 0.25]},
								"east": {"uv": [20.75, 19.75], "uv_size": [3, 0.25]},
								"south": {"uv": [28.5, 13.5], "uv_size": [0.25, 0.25]},
								"west": {"uv": [8.75, 21], "uv_size": [3, 0.25]},
								"up": {"uv": [10, 4.25], "uv_size": [0.25, 3]},
								"down": {"uv": [7.75, 23.5], "uv_size": [0.25, -3]}
							}
						},
						{
							"origin": [-0.7964, 1.46337, -13.30952],
							"size": [0.49868, 0.3031, 3.83122],
							"pivot": [-0.66025, 1.61496, -11.40193],
							"rotation": [-10.02392, 3.93913, 111.80431],
							"uv": {
								"north": {"uv": [5.5, 27.75], "uv_size": [0.5, 0.25]},
								"east": {"uv": [14.5, 21], "uv_size": [3, 0.25]},
								"south": {"uv": [27.75, 5.75], "uv_size": [0.5, 0.25]},
								"west": {"uv": [17.5, 21], "uv_size": [3, 0.25]},
								"up": {"uv": [8.75, 16.25], "uv_size": [0.5, 3]},
								"down": {"uv": [9.25, 19.25], "uv_size": [0.5, -3]}
							}
						},
						{
							"origin": [-1.41651, 2.26006, -13.39527],
							"size": [0.49868, 0.3031, 3.83122],
							"pivot": [-0.91628, 2.25637, -9.56211],
							"rotation": [-10.02392, 3.93913, 156.80431],
							"uv": {
								"north": {"uv": [6, 27.75], "uv_size": [0.5, 0.25]},
								"east": {"uv": [21, 20], "uv_size": [3, 0.25]},
								"south": {"uv": [27.75, 6], "uv_size": [0.5, 0.25]},
								"west": {"uv": [21, 20.25], "uv_size": [3, 0.25]},
								"up": {"uv": [16.5, 7.5], "uv_size": [0.5, 3]},
								"down": {"uv": [16.5, 13.5], "uv_size": [0.5, -3]}
							}
						},
						{
							"origin": [-0.42679, 0.29936, -13.1669],
							"size": [0.49271, 0.3031, 3.83122],
							"pivot": [-0.00099, 1.33762, -10.36167],
							"rotation": [-10.02392, -3.93913, 158.19569],
							"uv": {
								"north": {"uv": [13.75, 28.5], "uv_size": [0.25, 0.25]},
								"east": {"uv": [20.5, 21], "uv_size": [3, 0.25]},
								"south": {"uv": [28.5, 13.75], "uv_size": [0.25, 0.25]},
								"west": {"uv": [21, 20.5], "uv_size": [3, 0.25]},
								"up": {"uv": [1.5, 20.75], "uv_size": [0.25, 3]},
								"down": {"uv": [1.75, 23.75], "uv_size": [0.25, -3]}
							}
						},
						{
							"origin": [-0.33976, 0.60938, -13.26795],
							"size": [0.49868, 0.3031, 3.83122],
							"pivot": [-0.4374, 0.90421, -11.40198],
							"rotation": [-10.02392, 3.93913, 21.80431],
							"uv": {
								"north": {"uv": [27.75, 6.25], "uv_size": [0.5, 0.25]},
								"east": {"uv": [21, 20.75], "uv_size": [3, 0.25]},
								"south": {"uv": [6.5, 27.75], "uv_size": [0.5, 0.25]},
								"west": {"uv": [8, 21.25], "uv_size": [3, 0.25]},
								"up": {"uv": [16.5, 13.5], "uv_size": [0.5, 3]},
								"down": {"uv": [16, 19.5], "uv_size": [0.5, -3]}
							}
						},
						{
							"origin": [-0.55964, 0.60945, -13.30111],
							"size": [0.49271, 0.3031, 3.83122],
							"pivot": [-0.4374, 0.90421, -11.40198],
							"rotation": [-10.02392, -3.93913, 23.19569],
							"uv": {
								"north": {"uv": [14, 28.5], "uv_size": [0.25, 0.25]},
								"east": {"uv": [14.5, 21.25], "uv_size": [3, 0.25]},
								"south": {"uv": [28.5, 14], "uv_size": [0.25, 0.25]},
								"west": {"uv": [17.5, 21.25], "uv_size": [3, 0.25]},
								"up": {"uv": [2, 20.75], "uv_size": [0.25, 3]},
								"down": {"uv": [2.25, 23.75], "uv_size": [0.25, -3]}
							}
						},
						{
							"origin": [-0.81134, 0.61044, -13.30101],
							"size": [0.49868, 0.3031, 3.83122],
							"pivot": [-0.4374, 0.90421, -11.40198],
							"rotation": [-10.02392, 3.93913, 66.80431],
							"uv": {
								"north": {"uv": [27.75, 6.5], "uv_size": [0.5, 0.25]},
								"east": {"uv": [20.5, 21.25], "uv_size": [3, 0.25]},
								"south": {"uv": [27.75, 6.75], "uv_size": [0.5, 0.25]},
								"west": {"uv": [8, 21.5], "uv_size": [3, 0.25]},
								"up": {"uv": [16.5, 16.5], "uv_size": [0.5, 3]},
								"down": {"uv": [9.75, 19.75], "uv_size": [0.5, -3]}
							}
						},
						{
							"origin": [-1.03124, 0.61052, -13.26823],
							"size": [0.49271, 0.3031, 3.83122],
							"pivot": [-0.4374, 0.90421, -11.40198],
							"rotation": [-10.02392, -3.93913, 68.19569],
							"uv": {
								"north": {"uv": [14.25, 28.5], "uv_size": [0.25, 0.25]},
								"east": {"uv": [21.5, 8], "uv_size": [3, 0.25]},
								"south": {"uv": [28.5, 14.25], "uv_size": [0.25, 0.25]},
								"west": {"uv": [21.5, 8.25], "uv_size": [3, 0.25]},
								"up": {"uv": [2.5, 20.75], "uv_size": [0.25, 3]},
								"down": {"uv": [2.75, 23.75], "uv_size": [0.25, -3]}
							}
						},
						{
							"origin": [0.5359, 0.61052, -13.26823],
							"size": [0.49271, 0.3031, 3.83122],
							"pivot": [0.43477, 0.90421, -11.40198],
							"rotation": [-10.02392, 3.93913, -68.19569],
							"uv": {
								"north": {"uv": [14.5, 28.5], "uv_size": [0.25, 0.25]},
								"east": {"uv": [21.5, 8.5], "uv_size": [3, 0.25]},
								"south": {"uv": [28.5, 14.5], "uv_size": [0.25, 0.25]},
								"west": {"uv": [21.5, 8.75], "uv_size": [3, 0.25]},
								"up": {"uv": [11.75, 20.75], "uv_size": [0.25, 3]},
								"down": {"uv": [12, 23.75], "uv_size": [0.25, -3]}
							}
						},
						{
							"origin": [0.31004, 0.61044, -13.30101],
							"size": [0.49868, 0.3031, 3.83122],
							"pivot": [0.43477, 0.90421, -11.40198],
							"rotation": [-10.02392, -3.93913, -66.80431],
							"uv": {
								"north": {"uv": [27.75, 7], "uv_size": [0.5, 0.25]},
								"east": {"uv": [21.5, 9], "uv_size": [3, 0.25]},
								"south": {"uv": [27.75, 7.25], "uv_size": [0.5, 0.25]},
								"west": {"uv": [21.5, 9.25], "uv_size": [3, 0.25]},
								"up": {"uv": [10.25, 16.75], "uv_size": [0.5, 3]},
								"down": {"uv": [10.75, 19.75], "uv_size": [0.5, -3]}
							}
						},
						{
							"origin": [0.0643, 0.60945, -13.30111],
							"size": [0.49271, 0.3031, 3.83122],
							"pivot": [0.43477, 0.90421, -11.40198],
							"rotation": [-10.02392, 3.93913, -23.19569],
							"uv": {
								"north": {"uv": [14.75, 28.5], "uv_size": [0.25, 0.25]},
								"east": {"uv": [21.5, 9.5], "uv_size": [3, 0.25]},
								"south": {"uv": [28.5, 14.75], "uv_size": [0.25, 0.25]},
								"west": {"uv": [21.5, 9.75], "uv_size": [3, 0.25]},
								"up": {"uv": [0, 21.25], "uv_size": [0.25, 3]},
								"down": {"uv": [0.25, 24.25], "uv_size": [0.25, -3]}
							}
						},
						{
							"origin": [-0.16155, 0.60938, -13.26795],
							"size": [0.49868, 0.3031, 3.83122],
							"pivot": [0.43477, 0.90421, -11.40198],
							"rotation": [-10.02392, -3.93913, -21.80431],
							"uv": {
								"north": {"uv": [27.75, 7.5], "uv_size": [0.5, 0.25]},
								"east": {"uv": [21.5, 10], "uv_size": [3, 0.25]},
								"south": {"uv": [27.75, 7.75], "uv_size": [0.5, 0.25]},
								"west": {"uv": [21.5, 10.25], "uv_size": [3, 0.25]},
								"up": {"uv": [11.25, 16.75], "uv_size": [0.5, 3]},
								"down": {"uv": [11.75, 19.75], "uv_size": [0.5, -3]}
							}
						},
						{
							"origin": [-0.06854, 0.29936, -13.1669],
							"size": [0.49271, 0.3031, 3.83122],
							"pivot": [-0.00164, 1.33762, -10.36167],
							"rotation": [-10.02392, 3.93913, -158.19569],
							"uv": {
								"north": {"uv": [15, 28.5], "uv_size": [0.25, 0.25]},
								"east": {"uv": [21.5, 10.5], "uv_size": [3, 0.25]},
								"south": {"uv": [28.5, 15], "uv_size": [0.25, 0.25]},
								"west": {"uv": [21.5, 10.75], "uv_size": [3, 0.25]},
								"up": {"uv": [0.5, 21.25], "uv_size": [0.25, 3]},
								"down": {"uv": [0.75, 24.25], "uv_size": [0.25, -3]}
							}
						},
						{
							"origin": [0.9152, 2.26006, -13.39527],
							"size": [0.49868, 0.3031, 3.83122],
							"pivot": [0.91365, 2.25637, -9.56211],
							"rotation": [-10.02392, -3.93913, -156.80431],
							"uv": {
								"north": {"uv": [27.75, 8], "uv_size": [0.5, 0.25]},
								"east": {"uv": [21.5, 11], "uv_size": [3, 0.25]},
								"south": {"uv": [27.75, 8.25], "uv_size": [0.5, 0.25]},
								"west": {"uv": [21.5, 11.25], "uv_size": [3, 0.25]},
								"up": {"uv": [17, 4], "uv_size": [0.5, 3]},
								"down": {"uv": [17, 10], "uv_size": [0.5, -3]}
							}
						},
						{
							"origin": [0.2951, 1.46337, -13.30952],
							"size": [0.49868, 0.3031, 3.83122],
							"pivot": [0.65762, 1.61496, -11.40193],
							"rotation": [-10.02392, -3.93913, -111.80431],
							"uv": {
								"north": {"uv": [27.75, 8.5], "uv_size": [0.5, 0.25]},
								"east": {"uv": [21.5, 11.5], "uv_size": [3, 0.25]},
								"south": {"uv": [27.75, 8.75], "uv_size": [0.5, 0.25]},
								"west": {"uv": [21.5, 11.75], "uv_size": [3, 0.25]},
								"up": {"uv": [17, 10], "uv_size": [0.5, 3]},
								"down": {"uv": [17, 16], "uv_size": [0.5, -3]}
							}
						},
						{
							"origin": [0.52447, 1.46345, -13.30974],
							"size": [0.49271, 0.3031, 3.83122],
							"pivot": [0.65762, 1.61496, -11.40193],
							"rotation": [-10.02392, 3.93913, -113.19569],
							"uv": {
								"north": {"uv": [15.25, 28.5], "uv_size": [0.25, 0.25]},
								"east": {"uv": [21.5, 12], "uv_size": [3, 0.25]},
								"south": {"uv": [28.5, 15.25], "uv_size": [0.25, 0.25]},
								"west": {"uv": [12.25, 21.5], "uv_size": [3, 0.25]},
								"up": {"uv": [1, 21.25], "uv_size": [0.25, 3]},
								"down": {"uv": [1.25, 24.25], "uv_size": [0.25, -3]}
							}
						},
						{
							"origin": [-0.21257, 1.63363, -13.47113],
							"size": [0.42162, 0.21081, 0.20817],
							"pivot": [-0.00176, 1.33657, -13.24634],
							"rotation": [0, 0, -22.5],
							"uv": {
								"north": {"uv": [15.5, 28.5], "uv_size": [0.25, 0.25]},
								"east": {"uv": [28.5, 15.5], "uv_size": [0.25, 0.25]},
								"south": {"uv": [15.75, 28.5], "uv_size": [0.25, 0.25]},
								"west": {"uv": [28.5, 15.75], "uv_size": [0.25, 0.25]},
								"up": {"uv": [16, 28.5], "uv_size": [0.25, 0.25]},
								"down": {"uv": [28.5, 16.25], "uv_size": [0.25, -0.25]}
							}
						},
						{
							"origin": [-0.21181, 0.82686, -13.47113],
							"size": [0.42162, 0.21081, 0.20817],
							"pivot": [-0.00176, 1.33657, -13.24634],
							"rotation": [0, 0, -157.5],
							"uv": {
								"north": {"uv": [16.25, 28.5], "uv_size": [0.25, 0.25]},
								"east": {"uv": [28.5, 16.25], "uv_size": [0.25, 0.25]},
								"south": {"uv": [16.5, 28.5], "uv_size": [0.25, 0.25]},
								"west": {"uv": [28.5, 16.5], "uv_size": [0.25, 0.25]},
								"up": {"uv": [16.75, 28.5], "uv_size": [0.25, 0.25]},
								"down": {"uv": [28.5, 17], "uv_size": [0.25, -0.25]}
							}
						},
						{
							"origin": [-0.2115, 0.82763, -13.47113],
							"size": [0.42162, 0.21081, 0.20817],
							"pivot": [-0.00176, 1.33657, -13.24634],
							"rotation": [0, 0, -112.5],
							"uv": {
								"north": {"uv": [17, 28.5], "uv_size": [0.25, 0.25]},
								"east": {"uv": [28.5, 17], "uv_size": [0.25, 0.25]},
								"south": {"uv": [17.25, 28.5], "uv_size": [0.25, 0.25]},
								"west": {"uv": [28.5, 17.25], "uv_size": [0.25, 0.25]},
								"up": {"uv": [17.5, 28.5], "uv_size": [0.25, 0.25]},
								"down": {"uv": [28.5, 17.75], "uv_size": [0.25, -0.25]}
							}
						},
						{
							"origin": [-0.21181, 0.82839, -13.47113],
							"size": [0.42162, 0.21081, 0.20817],
							"pivot": [-0.00176, 1.33657, -13.24634],
							"rotation": [0, 0, -67.5],
							"uv": {
								"north": {"uv": [17.75, 28.5], "uv_size": [0.25, 0.25]},
								"east": {"uv": [28.5, 17.75], "uv_size": [0.25, 0.25]},
								"south": {"uv": [18, 28.5], "uv_size": [0.25, 0.25]},
								"west": {"uv": [28.5, 18], "uv_size": [0.25, 0.25]},
								"up": {"uv": [18.25, 28.5], "uv_size": [0.25, 0.25]},
								"down": {"uv": [28.5, 18.5], "uv_size": [0.25, -0.25]}
							}
						},
						{
							"origin": [-0.21257, 0.82871, -13.47113],
							"size": [0.42162, 0.21081, 0.20817],
							"pivot": [-0.00176, 1.33657, -13.24634],
							"rotation": [0, 0, -22.5],
							"uv": {
								"north": {"uv": [18.5, 28.5], "uv_size": [0.25, 0.25]},
								"east": {"uv": [28.5, 18.5], "uv_size": [0.25, 0.25]},
								"south": {"uv": [18.75, 28.5], "uv_size": [0.25, 0.25]},
								"west": {"uv": [28.5, 18.75], "uv_size": [0.25, 0.25]},
								"up": {"uv": [19, 28.5], "uv_size": [0.25, 0.25]},
								"down": {"uv": [28.5, 19.25], "uv_size": [0.25, -0.25]}
							}
						},
						{
							"origin": [-0.21334, 1.63547, -13.47113],
							"size": [0.42162, 0.21081, 0.20817],
							"pivot": [-0.00176, 1.33657, -13.24634],
							"rotation": [0, 0, -157.5],
							"uv": {
								"north": {"uv": [19.25, 28.5], "uv_size": [0.25, 0.25]},
								"east": {"uv": [28.5, 19.25], "uv_size": [0.25, 0.25]},
								"south": {"uv": [19.5, 28.5], "uv_size": [0.25, 0.25]},
								"west": {"uv": [28.5, 19.5], "uv_size": [0.25, 0.25]},
								"up": {"uv": [19.75, 28.5], "uv_size": [0.25, 0.25]},
								"down": {"uv": [28.5, 20], "uv_size": [0.25, -0.25]}
							}
						},
						{
							"origin": [-0.21365, 1.63471, -13.47113],
							"size": [0.42162, 0.21081, 0.20817],
							"pivot": [-0.00176, 1.33657, -13.24634],
							"rotation": [0, 0, -112.5],
							"uv": {
								"north": {"uv": [20, 28.5], "uv_size": [0.25, 0.25]},
								"east": {"uv": [28.5, 20], "uv_size": [0.25, 0.25]},
								"south": {"uv": [20.25, 28.5], "uv_size": [0.25, 0.25]},
								"west": {"uv": [28.5, 20.25], "uv_size": [0.25, 0.25]},
								"up": {"uv": [20.5, 28.5], "uv_size": [0.25, 0.25]},
								"down": {"uv": [28.5, 20.75], "uv_size": [0.25, -0.25]}
							}
						},
						{
							"origin": [-0.21334, 1.63394, -13.47113],
							"size": [0.42162, 0.21081, 0.20817],
							"pivot": [-0.00176, 1.33657, -13.24634],
							"rotation": [0, 0, -67.5],
							"uv": {
								"north": {"uv": [20.75, 28.5], "uv_size": [0.25, 0.25]},
								"east": {"uv": [28.5, 20.75], "uv_size": [0.25, 0.25]},
								"south": {"uv": [21, 28.5], "uv_size": [0.25, 0.25]},
								"west": {"uv": [28.5, 21], "uv_size": [0.25, 0.25]},
								"up": {"uv": [21.25, 28.5], "uv_size": [0.25, 0.25]},
								"down": {"uv": [28.5, 21.5], "uv_size": [0.25, -0.25]}
							}
						},
						{
							"origin": [-0.49592, 2.03289, -9.57488],
							"size": [0.98832, 0.49416, 0.5848],
							"pivot": [-0.00176, 1.33657, -7.83117],
							"rotation": [0, 0, -22.5],
							"uv": {
								"north": {"uv": [24, 6.75], "uv_size": [0.75, 0.5]},
								"east": {"uv": [25.75, 10], "uv_size": [0.5, 0.5]},
								"south": {"uv": [12.25, 24], "uv_size": [0.75, 0.5]},
								"west": {"uv": [10.5, 25.75], "uv_size": [0.5, 0.5]},
								"up": {"uv": [13, 24], "uv_size": [0.75, 0.5]},
								"down": {"uv": [13.75, 24.5], "uv_size": [0.75, -0.5]}
							}
						},
						{
							"origin": [-0.49413, 0.14177, -9.57488],
							"size": [0.98832, 0.49416, 0.5848],
							"pivot": [-0.00176, 1.33657, -7.83117],
							"rotation": [0, 0, -157.5],
							"uv": {
								"north": {"uv": [17.25, 24], "uv_size": [0.75, 0.5]},
								"east": {"uv": [25.75, 10.5], "uv_size": [0.5, 0.5]},
								"south": {"uv": [18, 24], "uv_size": [0.75, 0.5]},
								"west": {"uv": [25.75, 11], "uv_size": [0.5, 0.5]},
								"up": {"uv": [18.75, 24], "uv_size": [0.75, 0.5]},
								"down": {"uv": [19.5, 24.5], "uv_size": [0.75, -0.5]}
							}
						},
						{
							"origin": [-0.49339, 0.14356, -9.57488],
							"size": [0.98832, 0.49416, 0.5848],
							"pivot": [-0.00176, 1.33657, -7.83117],
							"rotation": [0, 0, -112.5],
							"uv": {
								"north": {"uv": [24, 20], "uv_size": [0.75, 0.5]},
								"east": {"uv": [25.75, 11.5], "uv_size": [0.5, 0.5]},
								"south": {"uv": [24, 20.5], "uv_size": [0.75, 0.5]},
								"west": {"uv": [25.75, 12], "uv_size": [0.5, 0.5]},
								"up": {"uv": [20.75, 24], "uv_size": [0.75, 0.5]},
								"down": {"uv": [21.5, 24.5], "uv_size": [0.75, -0.5]}
							}
						},
						{
							"origin": [-0.49413, 0.14535, -9.57488],
							"size": [0.98832, 0.49416, 0.5848],
							"pivot": [-0.00176, 1.33657, -7.83117],
							"rotation": [0, 0, -67.5],
							"uv": {
								"north": {"uv": [22.25, 24], "uv_size": [0.75, 0.5]},
								"east": {"uv": [12.5, 25.75], "uv_size": [0.5, 0.5]},
								"south": {"uv": [0, 24.25], "uv_size": [0.75, 0.5]},
								"west": {"uv": [25.75, 12.5], "uv_size": [0.5, 0.5]},
								"up": {"uv": [24.25, 0], "uv_size": [0.75, 0.5]},
								"down": {"uv": [24.25, 1], "uv_size": [0.75, -0.5]}
							}
						},
						{
							"origin": [-0.49592, 0.14609, -9.57488],
							"size": [0.98832, 0.49416, 0.5848],
							"pivot": [-0.00176, 1.33657, -7.83117],
							"rotation": [0, 0, -22.5],
							"uv": {
								"north": {"uv": [0.75, 24.25], "uv_size": [0.75, 0.5]},
								"east": {"uv": [13, 25.75], "uv_size": [0.5, 0.5]},
								"south": {"uv": [24.25, 1], "uv_size": [0.75, 0.5]},
								"west": {"uv": [25.75, 13], "uv_size": [0.5, 0.5]},
								"up": {"uv": [24.25, 1.5], "uv_size": [0.75, 0.5]},
								"down": {"uv": [24.25, 2.5], "uv_size": [0.75, -0.5]}
							}
						},
						{
							"origin": [-0.49771, 2.03722, -9.57488],
							"size": [0.98832, 0.49416, 0.5848],
							"pivot": [-0.00176, 1.33657, -7.83117],
							"rotation": [0, 0, -157.5],
							"uv": {
								"north": {"uv": [24.25, 2.5], "uv_size": [0.75, 0.5]},
								"east": {"uv": [13.5, 25.75], "uv_size": [0.5, 0.5]},
								"south": {"uv": [3, 24.25], "uv_size": [0.75, 0.5]},
								"west": {"uv": [25.75, 13.5], "uv_size": [0.5, 0.5]},
								"up": {"uv": [24.25, 3], "uv_size": [0.75, 0.5]},
								"down": {"uv": [3.75, 24.75], "uv_size": [0.75, -0.5]}
							}
						},
						{
							"origin": [-0.49846, 2.03543, -9.57488],
							"size": [0.98832, 0.49416, 0.5848],
							"pivot": [-0.00176, 1.33657, -7.83117],
							"rotation": [0, 0, -112.5],
							"uv": {
								"north": {"uv": [4.5, 24.25], "uv_size": [0.75, 0.5]},
								"east": {"uv": [14, 25.75], "uv_size": [0.5, 0.5]},
								"south": {"uv": [24.25, 4.75], "uv_size": [0.75, 0.5]},
								"west": {"uv": [25.75, 14], "uv_size": [0.5, 0.5]},
								"up": {"uv": [5.25, 24.25], "uv_size": [0.75, 0.5]},
								"down": {"uv": [24.25, 5.75], "uv_size": [0.75, -0.5]}
							}
						},
						{
							"origin": [-0.49771, 2.03364, -9.57488],
							"size": [0.98832, 0.49416, 0.5848],
							"pivot": [-0.00176, 1.33657, -7.83117],
							"rotation": [0, 0, -67.5],
							"uv": {
								"north": {"uv": [24.25, 5.75], "uv_size": [0.75, 0.5]},
								"east": {"uv": [14.5, 25.75], "uv_size": [0.5, 0.5]},
								"south": {"uv": [6, 24.25], "uv_size": [0.75, 0.5]},
								"west": {"uv": [25.75, 14.5], "uv_size": [0.5, 0.5]},
								"up": {"uv": [24.25, 7.25], "uv_size": [0.75, 0.5]},
								"down": {"uv": [8, 24.75], "uv_size": [0.75, -0.5]}
							}
						},
						{
							"origin": [0.36889, 1.87673, -9.11175],
							"size": [0.22919, 0.1384, 3.83122],
							"pivot": [0.23841, 1.96124, -7.36719],
							"rotation": [15.02392, -3.93913, -158.19569],
							"uv": {
								"north": {"uv": [21.5, 28.5], "uv_size": [0.25, 0.25]},
								"east": {"uv": [21.5, 12.25], "uv_size": [3, 0.25]},
								"south": {"uv": [28.5, 21.5], "uv_size": [0.25, 0.25]},
								"west": {"uv": [21.5, 12.5], "uv_size": [3, 0.25]},
								"up": {"uv": [11, 21.25], "uv_size": [0.25, 3]},
								"down": {"uv": [11.25, 24.25], "uv_size": [0.25, -3]}
							}
						},
						{
							"origin": [-0.15094, 1.87683, -9.11383],
							"size": [0.23516, 0.1384, 3.83122],
							"pivot": [0.23841, 1.96124, -7.36719],
							"rotation": [15.02392, 3.93913, -156.80431],
							"uv": {
								"north": {"uv": [21.75, 28.5], "uv_size": [0.25, 0.25]},
								"east": {"uv": [21.5, 12.75], "uv_size": [3, 0.25]},
								"south": {"uv": [28.5, 21.75], "uv_size": [0.25, 0.25]},
								"west": {"uv": [21.5, 13], "uv_size": [3, 0.25]},
								"up": {"uv": [11.5, 21.25], "uv_size": [0.25, 3]},
								"down": {"uv": [7, 24.5], "uv_size": [0.25, -3]}
							}
						},
						{
							"origin": [-0.06968, 1.87846, -9.08226],
							"size": [0.59153, 0.1384, 0.80074],
							"pivot": [0.23841, 1.96124, -7.36719],
							"rotation": [14.98833, -0.55842, -157.28889],
							"uv": {
								"north": {"uv": [27.75, 9], "uv_size": [0.5, 0.25]},
								"east": {"uv": [27.75, 9.25], "uv_size": [0.5, 0.25]},
								"south": {"uv": [27.75, 9.5], "uv_size": [0.5, 0.25]},
								"west": {"uv": [27.75, 9.75], "uv_size": [0.5, 0.25]},
								"up": {"uv": [15, 25.75], "uv_size": [0.5, 0.5]},
								"down": {"uv": [25.75, 15.5], "uv_size": [0.5, -0.5]}
							}
						},
						{
							"origin": [-0.06968, 1.945, -8.2917],
							"size": [0.59153, 0.03958, 1.5913],
							"pivot": [0.23841, 1.96124, -7.36719],
							"rotation": [14.98833, -0.55842, -157.28889],
							"uv": {
								"north": {"uv": [10.25, 27.75], "uv_size": [0.5, 0.25]},
								"east": {"uv": [24.5, 14.25], "uv_size": [1.25, 0.25]},
								"south": {"uv": [10.75, 27.75], "uv_size": [0.5, 0.25]},
								"west": {"uv": [24.5, 14.5], "uv_size": [1.25, 0.25]},
								"up": {"uv": [19.75, 21.75], "uv_size": [0.5, 1.25]},
								"down": {"uv": [22.75, 1.25], "uv_size": [0.5, -1.25]}
							}
						},
						{
							"origin": [-0.0038, 1.945, -6.70235],
							"size": [0.45977, 0.03958, 1.29484],
							"pivot": [0.23841, 1.96124, -7.36719],
							"rotation": [14.98833, -0.55842, -157.28889],
							"uv": {
								"north": {"uv": [22, 28.5], "uv_size": [0.25, 0.25]},
								"east": {"uv": [15.5, 25.75], "uv_size": [1, 0.25]},
								"south": {"uv": [28.5, 22], "uv_size": [0.25, 0.25]},
								"west": {"uv": [25.75, 15.5], "uv_size": [1, 0.25]},
								"up": {"uv": [16.5, 25.75], "uv_size": [0.25, 1]},
								"down": {"uv": [16.75, 26.75], "uv_size": [0.25, -1]}
							}
						},
						{
							"origin": [0.13321, 1.52413, -9.07078],
							"size": [0.92093, 0.1384, 0.80074],
							"pivot": [0.60599, 1.60691, -7.35571],
							"rotation": [14.98833, -0.55842, -112.28889],
							"uv": {
								"north": {"uv": [26.5, 8.5], "uv_size": [0.75, 0.25]},
								"east": {"uv": [11.25, 27.75], "uv_size": [0.5, 0.25]},
								"south": {"uv": [26.5, 8.75], "uv_size": [0.75, 0.25]},
								"west": {"uv": [11.75, 27.75], "uv_size": [0.5, 0.25]},
								"up": {"uv": [8.75, 24.25], "uv_size": [0.75, 0.5]},
								"down": {"uv": [10.5, 24.75], "uv_size": [0.75, -0.5]}
							}
						},
						{
							"origin": [0.29791, 1.59067, -8.28022],
							"size": [0.59153, 0.03958, 1.5913],
							"pivot": [0.60599, 1.60691, -7.35571],
							"rotation": [14.98833, -0.55842, -112.28889],
							"uv": {
								"north": {"uv": [12.25, 27.75], "uv_size": [0.5, 0.25]},
								"east": {"uv": [24.5, 14.75], "uv_size": [1.25, 0.25]},
								"south": {"uv": [12.75, 27.75], "uv_size": [0.5, 0.25]},
								"west": {"uv": [24.5, 15], "uv_size": [1.25, 0.25]},
								"up": {"uv": [22.75, 1.25], "uv_size": [0.5, 1.25]},
								"down": {"uv": [22.75, 3.75], "uv_size": [0.5, -1.25]}
							}
						},
						{
							"origin": [0.42967, 1.59067, -6.69086],
							"size": [0.32801, 0.03958, 1.29484],
							"pivot": [0.60599, 1.60691, -7.35571],
							"rotation": [14.98833, -0.55842, -112.28889],
							"uv": {
								"north": {"uv": [22.25, 28.5], "uv_size": [0.25, 0.25]},
								"east": {"uv": [25.75, 15.75], "uv_size": [1, 0.25]},
								"south": {"uv": [28.5, 22.25], "uv_size": [0.25, 0.25]},
								"west": {"uv": [17, 25.75], "uv_size": [1, 0.25]},
								"up": {"uv": [18, 25.75], "uv_size": [0.25, 1]},
								"down": {"uv": [18.25, 26.75], "uv_size": [0.25, -1]}
							}
						},
						{
							"origin": [0.375, 1.08175, -6.69086],
							"size": [0.45977, 0.03958, 1.29484],
							"pivot": [0.6172, 1.09799, -7.35571],
							"rotation": [14.98833, -0.55842, -67.28889],
							"uv": {
								"north": {"uv": [22.5, 28.5], "uv_size": [0.25, 0.25]},
								"east": {"uv": [18.5, 25.75], "uv_size": [1, 0.25]},
								"south": {"uv": [28.5, 22.5], "uv_size": [0.25, 0.25]},
								"west": {"uv": [25.75, 20.25], "uv_size": [1, 0.25]},
								"up": {"uv": [20.5, 25.75], "uv_size": [0.25, 1]},
								"down": {"uv": [20.75, 26.75], "uv_size": [0.25, -1]}
							}
						},
						{
							"origin": [0.22785, 1.01358, -9.10234],
							"size": [0.23516, 0.1384, 3.83122],
							"pivot": [0.6172, 1.09799, -7.35571],
							"rotation": [15.02392, 3.93913, -66.80431],
							"uv": {
								"north": {"uv": [22.75, 28.5], "uv_size": [0.25, 0.25]},
								"east": {"uv": [21.5, 13.25], "uv_size": [3, 0.25]},
								"south": {"uv": [28.5, 22.75], "uv_size": [0.25, 0.25]},
								"west": {"uv": [21.5, 13.5], "uv_size": [3, 0.25]},
								"up": {"uv": [7.25, 21.5], "uv_size": [0.25, 3]},
								"down": {"uv": [7.5, 24.5], "uv_size": [0.25, -3]}
							}
						},
						{
							"origin": [0.30912, 1.01521, -9.07078],
							"size": [0.59153, 0.1384, 0.80074],
							"pivot": [0.6172, 1.09799, -7.35571],
							"rotation": [14.98833, -0.55842, -67.28889],
							"uv": {
								"north": {"uv": [13.25, 27.75], "uv_size": [0.5, 0.25]},
								"east": {"uv": [13.75, 27.75], "uv_size": [0.5, 0.25]},
								"south": {"uv": [14.25, 27.75], "uv_size": [0.5, 0.25]},
								"west": {"uv": [14.75, 27.75], "uv_size": [0.5, 0.25]},
								"up": {"uv": [21, 25.75], "uv_size": [0.5, 0.5]},
								"down": {"uv": [21.5, 26.25], "uv_size": [0.5, -0.5]}
							}
						},
						{
							"origin": [0.30912, 1.08175, -8.28022],
							"size": [0.59153, 0.03958, 1.5913],
							"pivot": [0.6172, 1.09799, -7.35571],
							"rotation": [14.98833, -0.55842, -67.28889],
							"uv": {
								"north": {"uv": [15.25, 27.75], "uv_size": [0.5, 0.25]},
								"east": {"uv": [15.25, 24.5], "uv_size": [1.25, 0.25]},
								"south": {"uv": [27.75, 15.5], "uv_size": [0.5, 0.25]},
								"west": {"uv": [24.5, 15.25], "uv_size": [1.25, 0.25]},
								"up": {"uv": [3, 23], "uv_size": [0.5, 1.25]},
								"down": {"uv": [3.5, 24.25], "uv_size": [0.5, -1.25]}
							}
						},
						{
							"origin": [0.74769, 1.01347, -9.10026],
							"size": [0.22919, 0.1384, 3.83122],
							"pivot": [0.6172, 1.09799, -7.35571],
							"rotation": [15.02392, -3.93913, -68.19569],
							"uv": {
								"north": {"uv": [23, 28.5], "uv_size": [0.25, 0.25]},
								"east": {"uv": [21.5, 13.75], "uv_size": [3, 0.25]},
								"south": {"uv": [28.5, 23], "uv_size": [0.25, 0.25]},
								"west": {"uv": [21.5, 14], "uv_size": [3, 0.25]},
								"up": {"uv": [15.25, 21.5], "uv_size": [0.25, 3]},
								"down": {"uv": [15.5, 24.5], "uv_size": [0.25, -3]}
							}
						},
						{
							"origin": [-0.45259, 0.62876, -6.71332],
							"size": [0.45977, 0.03958, 1.29484],
							"pivot": [-0.01866, 0.723, -7.35921],
							"rotation": [14.98833, -0.55842, 22.71111],
							"uv": {
								"north": {"uv": [23.25, 28.5], "uv_size": [0.25, 0.25]},
								"east": {"uv": [25.75, 20.5], "uv_size": [1, 0.25]},
								"south": {"uv": [28.5, 23.25], "uv_size": [0.25, 0.25]},
								"west": {"uv": [25.75, 21.5], "uv_size": [1, 0.25]},
								"up": {"uv": [25.75, 21.75], "uv_size": [0.25, 1]},
								"down": {"uv": [22, 26.75], "uv_size": [0.25, -1]}
							}
						},
						{
							"origin": [-0.59861, 0.56293, -9.13975],
							"size": [0.23516, 0.1384, 3.83122],
							"pivot": [-0.01866, 0.723, -7.35921],
							"rotation": [15.02392, 3.93913, 23.19569],
							"uv": {
								"north": {"uv": [23.5, 28.5], "uv_size": [0.25, 0.25]},
								"east": {"uv": [21.5, 14.25], "uv_size": [3, 0.25]},
								"south": {"uv": [28.5, 23.5], "uv_size": [0.25, 0.25]},
								"west": {"uv": [21.5, 14.5], "uv_size": [3, 0.25]},
								"up": {"uv": [15.75, 21.5], "uv_size": [0.25, 3]},
								"down": {"uv": [16, 24.5], "uv_size": [0.25, -3]}
							}
						},
						{
							"origin": [-0.51847, 0.62876, -8.30267],
							"size": [0.59153, 0.03958, 1.5913],
							"pivot": [-0.01866, 0.723, -7.35921],
							"rotation": [14.98833, -0.55842, 22.71111],
							"uv": {
								"north": {"uv": [15.75, 27.75], "uv_size": [0.5, 0.25]},
								"east": {"uv": [24.5, 15.5], "uv_size": [1.25, 0.25]},
								"south": {"uv": [27.75, 15.75], "uv_size": [0.5, 0.25]},
								"west": {"uv": [24.5, 15.75], "uv_size": [1.25, 0.25]},
								"up": {"uv": [4, 23], "uv_size": [0.5, 1.25]},
								"down": {"uv": [4.5, 24.25], "uv_size": [0.5, -1.25]}
							}
						},
						{
							"origin": [-0.51847, 0.56222, -9.09323],
							"size": [0.59153, 0.1384, 0.80074],
							"pivot": [-0.01866, 0.723, -7.35921],
							"rotation": [14.98833, -0.55842, 22.71111],
							"uv": {
								"north": {"uv": [16.25, 27.75], "uv_size": [0.5, 0.25]},
								"east": {"uv": [27.75, 16.75], "uv_size": [0.5, 0.25]},
								"south": {"uv": [27.75, 17], "uv_size": [0.5, 0.25]},
								"west": {"uv": [17.25, 27.75], "uv_size": [0.5, 0.25]},
								"up": {"uv": [22.25, 25.75], "uv_size": [0.5, 0.5]},
								"down": {"uv": [22.75, 26.25], "uv_size": [0.5, -0.5]}
							}
						},
						{
							"origin": [-0.0807, 0.56049, -9.11098],
							"size": [0.22919, 0.1384, 3.83122],
							"pivot": [-0.01866, 0.723, -7.35921],
							"rotation": [15.02392, -3.93913, 21.80431],
							"uv": {
								"north": {"uv": [23.75, 28.5], "uv_size": [0.25, 0.25]},
								"east": {"uv": [21.5, 14.75], "uv_size": [3, 0.25]},
								"south": {"uv": [28.5, 23.75], "uv_size": [0.25, 0.25]},
								"west": {"uv": [21.5, 15], "uv_size": [3, 0.25]},
								"up": {"uv": [16.25, 21.5], "uv_size": [0.25, 3]},
								"down": {"uv": [16.5, 24.5], "uv_size": [0.25, -3]}
							}
						},
						{
							"origin": [0.08784, 0.60719, -6.72388],
							"size": [0.32801, 0.03958, 1.29484],
							"pivot": [-0.01866, 0.723, -7.35921],
							"rotation": [14.98833, -0.55842, -22.28889],
							"uv": {
								"north": {"uv": [24, 28.5], "uv_size": [0.25, 0.25]},
								"east": {"uv": [25.75, 22.75], "uv_size": [1, 0.25]},
								"south": {"uv": [28.5, 24], "uv_size": [0.25, 0.25]},
								"west": {"uv": [25.75, 23], "uv_size": [1, 0.25]},
								"up": {"uv": [23.25, 25.75], "uv_size": [0.25, 1]},
								"down": {"uv": [23.5, 26.75], "uv_size": [0.25, -1]}
							}
						},
						{
							"origin": [-0.04392, 0.60719, -8.31324],
							"size": [0.59153, 0.03958, 1.5913],
							"pivot": [-0.01866, 0.723, -7.35921],
							"rotation": [14.98833, -0.55842, -22.28889],
							"uv": {
								"north": {"uv": [27.75, 17.25], "uv_size": [0.5, 0.25]},
								"east": {"uv": [16.5, 24.5], "uv_size": [1.25, 0.25]},
								"south": {"uv": [27.75, 17.5], "uv_size": [0.5, 0.25]},
								"west": {"uv": [17.75, 24.5], "uv_size": [1.25, 0.25]},
								"up": {"uv": [5, 23], "uv_size": [0.5, 1.25]},
								"down": {"uv": [5.5, 24.25], "uv_size": [0.5, -1.25]}
							}
						},
						{
							"origin": [-0.20862, 0.54065, -9.1038],
							"size": [0.92093, 0.1384, 0.80074],
							"pivot": [-0.01866, 0.723, -7.35921],
							"rotation": [14.98833, -0.55842, -22.28889],
							"uv": {
								"north": {"uv": [26.5, 9], "uv_size": [0.75, 0.25]},
								"east": {"uv": [17.75, 27.75], "uv_size": [0.5, 0.25]},
								"south": {"uv": [26.5, 9.25], "uv_size": [0.75, 0.25]},
								"west": {"uv": [27.75, 18.25], "uv_size": [0.5, 0.25]},
								"up": {"uv": [14.5, 24.25], "uv_size": [0.75, 0.5]},
								"down": {"uv": [24.25, 19.5], "uv_size": [0.75, -0.5]}
							}
						},
						{
							"origin": [-1.4203, 1.30712, -9.12725],
							"size": [0.92093, 0.1384, 0.80074],
							"pivot": [-0.55075, 1.60121, -7.35746],
							"rotation": [14.98833, -0.55842, 157.71111],
							"uv": {
								"north": {"uv": [9.75, 26.5], "uv_size": [0.75, 0.25]},
								"east": {"uv": [27.75, 18.5], "uv_size": [0.5, 0.25]},
								"south": {"uv": [11, 26.5], "uv_size": [0.75, 0.25]},
								"west": {"uv": [27.75, 18.75], "uv_size": [0.5, 0.25]},
								"up": {"uv": [24.25, 22], "uv_size": [0.75, 0.5]},
								"down": {"uv": [24.25, 23], "uv_size": [0.75, -0.5]}
							}
						},
						{
							"origin": [-1.22266, 1.37366, -8.33669],
							"size": [0.59153, 0.03958, 1.5913],
							"pivot": [-0.55075, 1.60121, -7.35746],
							"rotation": [14.98833, -0.55842, 157.71111],
							"uv": {
								"north": {"uv": [27.75, 19], "uv_size": [0.5, 0.25]},
								"east": {"uv": [19, 24.5], "uv_size": [1.25, 0.25]},
								"south": {"uv": [27.75, 19.25], "uv_size": [0.5, 0.25]},
								"west": {"uv": [20.25, 24.5], "uv_size": [1.25, 0.25]},
								"up": {"uv": [6, 23], "uv_size": [0.5, 1.25]},
								"down": {"uv": [6.5, 24.25], "uv_size": [0.5, -1.25]}
							}
						},
						{
							"origin": [-1.0909, 1.37366, -6.74734],
							"size": [0.32801, 0.03958, 1.29484],
							"pivot": [-0.55075, 1.60121, -7.35746],
							"rotation": [14.98833, -0.55842, 157.71111],
							"uv": {
								"north": {"uv": [24.25, 28.5], "uv_size": [0.25, 0.25]},
								"east": {"uv": [25.75, 23.25], "uv_size": [1, 0.25]},
								"south": {"uv": [28.5, 24.25], "uv_size": [0.25, 0.25]},
								"west": {"uv": [23.75, 25.75], "uv_size": [1, 0.25]},
								"up": {"uv": [25.75, 24.25], "uv_size": [0.25, 1]},
								"down": {"uv": [24.75, 26.75], "uv_size": [0.25, -1]}
							}
						},
						{
							"origin": [-0.3681, 1.45314, -9.12097],
							"size": [0.22919, 0.1384, 3.83122],
							"pivot": [-0.55075, 1.60121, -7.35746],
							"rotation": [15.02392, -3.93913, 111.80431],
							"uv": {
								"north": {"uv": [24.5, 28.5], "uv_size": [0.25, 0.25]},
								"east": {"uv": [21.5, 15.25], "uv_size": [3, 0.25]},
								"south": {"uv": [28.5, 24.5], "uv_size": [0.25, 0.25]},
								"west": {"uv": [21.5, 15.5], "uv_size": [3, 0.25]},
								"up": {"uv": [16.75, 21.5], "uv_size": [0.25, 3]},
								"down": {"uv": [17, 24.5], "uv_size": [0.25, -3]}
							}
						},
						{
							"origin": [-0.80561, 1.52142, -8.29771],
							"size": [0.59153, 0.03958, 1.5913],
							"pivot": [-0.55075, 1.60121, -7.35746],
							"rotation": [14.98833, -0.55842, 112.71111],
							"uv": {
								"north": {"uv": [19.5, 27.75], "uv_size": [0.5, 0.25]},
								"east": {"uv": [21.5, 24.5], "uv_size": [1.25, 0.25]},
								"south": {"uv": [27.75, 19.5], "uv_size": [0.5, 0.25]},
								"west": {"uv": [24.5, 24.25], "uv_size": [1.25, 0.25]},
								"up": {"uv": [8, 23], "uv_size": [0.5, 1.25]},
								"down": {"uv": [8.5, 24.25], "uv_size": [0.5, -1.25]}
							}
						},
						{
							"origin": [-0.80561, 1.45488, -9.08827],
							"size": [0.59153, 0.1384, 0.80074],
							"pivot": [-0.55075, 1.60121, -7.35746],
							"rotation": [14.98833, -0.55842, 112.71111],
							"uv": {
								"north": {"uv": [27.75, 20.25], "uv_size": [0.5, 0.25]},
								"east": {"uv": [20.5, 27.75], "uv_size": [0.5, 0.25]},
								"south": {"uv": [27.75, 20.5], "uv_size": [0.5, 0.25]},
								"west": {"uv": [27.75, 20.75], "uv_size": [0.5, 0.25]},
								"up": {"uv": [25, 25.75], "uv_size": [0.5, 0.5]},
								"down": {"uv": [25.5, 26.25], "uv_size": [0.5, -0.5]}
							}
						},
						{
							"origin": [-0.88659, 1.4526, -9.11569],
							"size": [0.23516, 0.1384, 3.83122],
							"pivot": [-0.55075, 1.60121, -7.35746],
							"rotation": [15.02392, 3.93913, 113.19569],
							"uv": {
								"north": {"uv": [24.75, 28.5], "uv_size": [0.25, 0.25]},
								"east": {"uv": [21.5, 15.75], "uv_size": [3, 0.25]},
								"south": {"uv": [28.5, 24.75], "uv_size": [0.25, 0.25]},
								"west": {"uv": [17.25, 21.5], "uv_size": [3, 0.25]},
								"up": {"uv": [20.25, 21.5], "uv_size": [0.25, 3]},
								"down": {"uv": [20.5, 24.5], "uv_size": [0.25, -3]}
							}
						},
						{
							"origin": [-0.73973, 1.52142, -6.70835],
							"size": [0.45977, 0.03958, 1.29484],
							"pivot": [-0.55075, 1.60121, -7.35746],
							"rotation": [14.98833, -0.55842, 112.71111],
							"uv": {
								"north": {"uv": [25, 28.5], "uv_size": [0.25, 0.25]},
								"east": {"uv": [26, 0], "uv_size": [1, 0.25]},
								"south": {"uv": [28.5, 25], "uv_size": [0.25, 0.25]},
								"west": {"uv": [26, 0.25], "uv_size": [1, 0.25]},
								"up": {"uv": [0, 26], "uv_size": [0.25, 1]},
								"down": {"uv": [0.25, 27], "uv_size": [0.25, -1]}
							}
						},
						{
							"origin": [-0.26059, 1.3282, -6.76425],
							"size": [0.32801, 0.03958, 1.29484],
							"pivot": [-0.55075, 1.60121, -7.35746],
							"rotation": [14.98833, -0.55842, 67.71111],
							"uv": {
								"north": {"uv": [25.25, 28.5], "uv_size": [0.25, 0.25]},
								"east": {"uv": [2.25, 26], "uv_size": [1, 0.25]},
								"south": {"uv": [28.5, 25.25], "uv_size": [0.25, 0.25]},
								"west": {"uv": [3.25, 26], "uv_size": [1, 0.25]},
								"up": {"uv": [4.25, 26], "uv_size": [0.25, 1]},
								"down": {"uv": [4.5, 27], "uv_size": [0.25, -1]}
							}
						},
						{
							"origin": [-0.39235, 1.3282, -8.35361],
							"size": [0.59153, 0.03958, 1.5913],
							"pivot": [-0.55075, 1.60121, -7.35746],
							"rotation": [14.98833, -0.55842, 67.71111],
							"uv": {
								"north": {"uv": [27.75, 21], "uv_size": [0.5, 0.25]},
								"east": {"uv": [24.5, 24.5], "uv_size": [1.25, 0.25]},
								"south": {"uv": [21.25, 27.75], "uv_size": [0.5, 0.25]},
								"west": {"uv": [0, 24.75], "uv_size": [1.25, 0.25]},
								"up": {"uv": [9, 23], "uv_size": [0.5, 1.25]},
								"down": {"uv": [9.5, 24.25], "uv_size": [0.5, -1.25]}
							}
						},
						{
							"origin": [-0.55705, 1.26166, -9.14417],
							"size": [0.92093, 0.1384, 0.80074],
							"pivot": [-0.55075, 1.60121, -7.35746],
							"rotation": [14.98833, -0.55842, 67.71111],
							"uv": {
								"north": {"uv": [11.75, 26.5], "uv_size": [0.75, 0.25]},
								"east": {"uv": [27.75, 21.5], "uv_size": [0.5, 0.25]},
								"south": {"uv": [12.5, 26.5], "uv_size": [0.75, 0.25]},
								"west": {"uv": [27.75, 21.75], "uv_size": [0.5, 0.25]},
								"up": {"uv": [23, 24.25], "uv_size": [0.75, 0.5]},
								"down": {"uv": [24.25, 23.5], "uv_size": [0.75, -0.5]}
							}
						}
					]
				}
			]
		}
	]
}