{
    "saafire": {
        "sounds": [
            {
                "name": "pointblank:saafire",
                "stream": false
            }
        ]
    },
    "saareload": {
        "sounds": [
            {
                "name": "pointblank:saareload",
                "stream": false
            }
        ]
    },
    "saareloadempty": {
        "sounds": [
            {
                "name": "pointblank:saareloadempty",
                "stream": false
            }
        ]
    }
}