{
    "ss2": {
        "sounds": [
            {
                "name": "pointblank:ss2",
                "stream": false
            }
        ]
    },
    "ss2_silenced": {
        "sounds": [
            {
                "name": "pointblank:ss2_silenced",
                "stream": true
            }
        ]
    },
    "pm3": {
        "sounds": [
            {
                "name": "pointblank:pm3",
                "stream": false
            }
        ]
    },
    "pm3_silenced": {
        "sounds": [
            {
                "name": "pointblank:pm3_silenced",
                "stream": true
            }
        ]
    },
    "ss3": {
        "sounds": [
            {
                "name": "pointblank:ss3",
                "stream": false
            }
        ]
    },
    "ss3_silenced": {
        "sounds": [
            {
                "name": "pointblank:ss3_silenced",
                "stream": true
            }
        ]
    },
    "ss2_action": {
        "sounds": [
            {
                "name": "pointblank:ss2_action",
                "stream": false
            }
        ]
    },
    "ss2_magin": {
        "sounds": [
            {
                "name": "pointblank:ss2_magin",
                "stream": false
            }
        ]
    },
    "ss2_magout": {
        "sounds": [
            {
                "name": "pointblank:ss2_magout",
                "stream": false
            }
        ]
    },
    "spr2": {
        "sounds": [
            {
                "name": "pointblank:spr2",
                "stream": false
            }
        ]
    },
    "spr2_silenced": {
        "sounds": [
            {
                "name": "pointblank:spr2_silenced",
                "stream": true
            }
        ]
    },
    "spr2_boltpull": {
        "sounds": [
            {
                "name": "pointblank:spr2_boltpull",
                "stream": false
            }
        ]
    },
    "spr2_boltpush": {
        "sounds": [
            {
                "name": "pointblank:spr2_boltpush",
                "stream": false
            }
        ]
    },
    "spr2_boltpullfast": {
        "sounds": [
            {
                "name": "pointblank:spr2_boltpullfast",
                "stream": false
            }
        ]
    },
    "spr2_boltpushfast": {
        "sounds": [
            {
                "name": "pointblank:spr2_boltpushfast",
                "stream": false
            }
        ]
    },
    "spr2_magout": {
        "sounds": [
            {
                "name": "pointblank:spr2_magout",
                "stream": false
            }
        ]
    },
    "spr2_magin": {
        "sounds": [
            {
                "name": "pointblank:spr2_magin",
                "stream": false
            }
        ]
    }
}