{
  "name" : "pm3",
  "type": "Gun",
  "maxAmmoCapacity" : 30,
  "compatibleAmmo" : ["ammocreative", "ammo9mm"],
  "damage" : 5.75,
  "rpm" : 850,
  "fireModes" : ["SINGLE", "AUTOMATIC"],
  "fireSound" : "pm3",
  "drawCooldownDuration" : 650,
  "aimingZoom" : 0.25,
  "gunRecoilInitialAmplitude" : 0.45,
  "shakeRecoilAmplitude" : 0.30,
  "shakeRecoilSpeed" : 1.65,
  "viewRecoilAmplitude" : 1.25,
  "inspectCooldownDuration": 6500,
  "compatibleAttachments": [
    "cantedrail"
  ],
  "compatibleAttachmentGroups": [
  	"ar_sightsandscopes",
 	"underbarrel",
	"grip_attachments",
	"ammo",
    "smg_muzzle"
  ],
  "phasedReloads": [
    {
      "phase": "RELOADING",
      "condition": "reloadIterationIndex == 0",
      "duration": 2400,
      "animation": "animation.model.reloadempty",
      "shakeEffects": [
        {
          "start": 0,
          "duration": 1500,
          "initialAmplitude": 0.2,
          "rateOfAmplitudeDecay": 0.8
        },
        {
          "start": 200,
          "duration": 1000,
          "initialAmplitude": 0.2,
          "rateOfAmplitudeDecay": 0.5
        },
        {
          "start": 1030,
          "duration": 1000,
          "initialAmplitude": 0.15,
          "rateOfAmplitudeDecay": 0.5
        },
        {
          "start": 1100,
          "duration": 600,
          "initialAmplitude": 0.2,
          "rateOfAmplitudeDecay": 0.3
        },
        {
          "start": 1600,
          "duration": 400,
          "initialAmplitude": 0.35,
          "rateOfAmplitudeDecay": 0.3
        }
      ]
    },
    {
      "phase": "RELOADING",
      "condition": "reloadIterationIndex > 0",
      "duration": 1700,
      "animation": "animation.model.reload",						
      "shakeEffects": [
        {
          "start": 0,
          "duration": 1500,
          "initialAmplitude": 0.2,
          "rateOfAmplitudeDecay": 0.8
        },
        {
          "start": 600,
          "duration": 1000,
          "initialAmplitude": 0.15,
          "rateOfAmplitudeDecay": 0.5
        },
        {
          "start": 900,
          "duration": 800,
          "initialAmplitude": 0.17,
          "rateOfAmplitudeDecay": 0.5
        },
        {
          "start": 1000,
          "duration": 400,
          "initialAmplitude": 0.22,
          "rateOfAmplitudeDecay": 0.6
        }
      ]
    }
  ],
  "effects": [
	{
		"phase": "hit_scan_acquired",
		"name": "tracer"
	},
	{
		"phase": "firing",
		"name": "muzzle_flash"
	}
   ],
"features": [
 {
 "type": "Aiming",
 "zoom": 0.25,
 "condition": {
 "doesNotHaveAttachmentGroup": "ar_sightsandscopes"
 }
 },
 {
 "type": "MuzzleFlash",
 "effects": [
 {
 "phase": "firing",
 "name": "muzzle_flash"
 }
 ],
 "condition": {
 "allOf": [
 {
 "isUsingDefaultMuzzle": true
 },
 {
 "doesNotHaveAttachmentGroup": "smg_muzzle"
 }
 ]
 }
 },
 {
  "type": "MuzzleFlash",
  "effects": [
  {
  "phase": "firing",
  "name": "muzzle_flash"
  }
  ],
  "condition": {
  "allOf": [
  {
  "isUsingDefaultMuzzle": true
  },
  {
  "doesNotHaveAttachmentGroup": "smg_suppressors"
  }
  ]
  }
  },
  {
    "type": "Sound",
    "fireSound": "pm3_silenced",
    "fireSoundVolume": 1,
    "condition": {
    "allOf": [
    {
    "hasAttachmentGroup": "smg_suppressors"
    },
    {
    "unselectedFireMode": "grenade_launcher"
    }
    ]
    }
    },
    {
      "type": "PartVisibility",
      "parts": [
      {
      "name": "rearsight",
      "visible": false,
      "condition": {
      "hasAttachmentGroup": "ar_sightsandscopes"
      }
      },
      {
      "name": "frontsight",
      "visible": false,
      "condition": {
      "hasAttachmentGroup": "ar_sightsandscopes"
      }
      }
    ]
  }
 ]
}
 