{
  "name" : "ss2v4a1",
  "type": "Gun",
  "maxAmmoCapacity" : 30,
  "compatibleAmmo" : ["ammocreative", "ammo556"],
  "damage" : 7.0,
  "rpm" : 750,
  "fireModes" : ["SINGLE", "AUTOMATIC"],
  "fireSound" : "ss2",
  "drawCooldownDuration" : 650,
  "aimingZoom" : 0.3,
  "gunRecoilInitialAmplitude" : 0.75,
  "shakeRecoilAmplitude" : 0.35,
  "shakeRecoilSpeed" : 1.45,
  "viewRecoilAmplitude" : 1.25,
  "inspectCooldownDuration": 6500,
  "compatibleAttachments": [
   "m203launcher",
   "cantedrail"
 ],
  "compatibleAttachmentGroups": [
  	"ar_sightsandscopes",
 	"underbarrel",
	"grip_attachments",
	"ammo",
  	"ar_muzzle"
  ],
  "reloadAnimation": "animation.model.reload",
 "phasedReloads": [
 {
 "phase": "RELOADING",
 "condition": {
 "allOf": [
 {
 "onEmptyReload": true
 },
 {
 "unselectedFireMode": "grenade_launcher"
 }
 ]
 },
 "duration": 2400,
 "animation": "animation.model.reloadempty",
 "shakeEffects": [
 ]
 },
 {
 "phase": "RELOADING",
 "condition": {
 "allOf": [
 {
 "onEmptyReload": false
 },
 {
 "unselectedFireMode": "grenade_launcher"
 }
 ]
 },
 "duration": 1700,
 "animation": "animation.model.reload",
 "shakeEffects": [
 ]
 },
 {
 "phase": "RELOADING",
 "condition": {
 "allOf": [
 {
 "onEmptyReload": true
 },
 {
 "selectedFireMode": "grenade_launcher"
 }
 ]
 },
 "duration": 1870,
 "animation": "animation.model.launcherreload",
 "shakeEffects": [
 {
 "start": 0,
 "duration": 800,
 "initialAmplitude": 0.21,
 "rateOfAmplitudeDecay": 0.4
 },
 {
 "start": 350,
 "duration": 1000,
 "initialAmplitude": 0.25,
 "rateOfAmplitudeDecay": 0.5
 },
 {
 "start": 1070,
 "duration": 500,
 "initialAmplitude": 0.3,
 "rateOfAmplitudeDecay": 0.5
 },
 {
 "start": 1400,
 "duration": 600,
 "initialAmplitude": 0.25,
 "rateOfAmplitudeDecay": 0.5
 },
 {
 "start": 1600,
 "duration": 400,
 "initialAmplitude": 0.35,
 "rateOfAmplitudeDecay": 0.3
 }
 ]
 }
 ],
  "effects": [
	{
		"phase": "hit_scan_acquired",
		"name": "tracer"
	},
	{
		"phase": "firing",
		"name": "muzzle_flash"
	}
   ],
"features": [
 {
 "type": "Aiming",
 "zoom": 0.3,
 "condition": {
 "doesNotHaveAttachmentGroup": "ar_sightsandscopes"
 }
 },
 {
 "type": "MuzzleFlash",
 "effects": [
 {
 "phase": "firing",
 "name": "muzzle_flash"
 }
 ],
 "condition": {
 "allOf": [
 {
 "isUsingDefaultMuzzle": true
 },
 {
 "doesNotHaveAttachmentGroup": "ar_muzzle"
 }
 ]
 }
 },
 {
  "type": "MuzzleFlash",
  "effects": [
  {
  "phase": "firing",
  "name": "muzzle_flash"
  }
  ],
  "condition": {
  "allOf": [
  {
  "isUsingDefaultMuzzle": true
  },
  {
  "doesNotHaveAttachmentGroup": "ar_suppressors"
  }
  ]
  }
  },
 {
  "type": "Sound",
  "fireSound": "ss2_silenced",
  "fireSoundVolume": 1,
  "condition": {
  "allOf": [
  {
  "hasAttachmentGroup": "ar_suppressors"
  },
  {
  "unselectedFireMode": "grenade_launcher"
  }
  ]
  }
  },
 {
 "type": "PartVisibility",
 "parts": [
 {
 "name": "rearsightflipped",
 "visible": true,
 "condition": {
 "hasAttachmentGroup": "ar_sightsandscopes"
 }
 },
 {
 "name": "frontsightflipped",
 "visible": true,
 "condition": {
 "hasAttachmentGroup": "ar_sightsandscopes"
 }
 },
 {
  "name": "frontsight",
  "visible": false,
  "condition": {
  "hasAttachmentGroup": "ar_sightsandscopes"
 }
 },
 {
  "name": "rearsight",
  "visible": false,
  "condition": {
  "hasAttachmentGroup": "ar_sightsandscopes"
 }
 },
 {
  "name": "launcher",
  "visible": true,
  "condition": {
  "allOf": [
 {
  "hasAttachment": "m203launcher"
 },
 {
  "isGunInHands": true
 }
 ]
 }
 }
 ]
 }
 ]
}
 