{
  "name" : "ss3",
  "type": "Gun",
  "maxAmmoCapacity" : 20,
  "compatibleAmmo" : ["ammocreative", "ammo762x51"],
  "damage" : 10,
  "rpm" : 700,
  "fireModes" : ["SINGLE", "AUTOMATIC"],
  "fireSound" : "ss3",
  "drawCooldownDuration" : 650,
  "aimingZoom" : 0.4,
  "gunRecoilInitialAmplitude" : 0.85,
  "shakeRecoilAmplitude" : 0.50,
  "shakeRecoilSpeed" : 1.25,
  "viewRecoilAmplitude" : 1.50,
  "inspectCooldownDuration": 6500,
  "compatibleAttachments": [
    "cantedrail"
  ],
  "compatibleAttachmentGroups": [
  	"ar_sightsandscopes",
  "snipers_sights",
 	"underbarrel",
	"grip_attachments",
	"ammo",
    "rf_muzzle"
  ],
  "phasedReloads": [
    {
      "phase": "RELOADING",
      "condition": "reloadIterationIndex == 0",
      "duration": 2400,
      "animation": "animation.model.reloadempty",
      "shakeEffects": [
        {
          "start": 0,
          "duration": 1500,
          "initialAmplitude": 0.2,
          "rateOfAmplitudeDecay": 0.8
        },
        {
          "start": 250,
          "duration": 1000,
          "initialAmplitude": 0.2,
          "rateOfAmplitudeDecay": 0.5
        },
        {
          "start": 800,
          "duration": 1000,
          "initialAmplitude": 0.15,
          "rateOfAmplitudeDecay": 0.5
        },
        {
          "start": 1100,
          "duration": 600,
          "initialAmplitude": 0.2,
          "rateOfAmplitudeDecay": 0.3
        },
        {
          "start": 1600,
          "duration": 400,
          "initialAmplitude": 0.35,
          "rateOfAmplitudeDecay": 0.3
        }
      ]
    },
    {
      "phase": "RELOADING",
      "condition": "reloadIterationIndex > 0",
      "duration": 1700,
      "animation": "animation.model.reload",						
      "shakeEffects": [
        {
          "start": 0,
          "duration": 1500,
          "initialAmplitude": 0.2,
          "rateOfAmplitudeDecay": 0.8
        },
        {
          "start": 600,
          "duration": 1000,
          "initialAmplitude": 0.15,
          "rateOfAmplitudeDecay": 0.5
        },
        {
          "start": 900,
          "duration": 800,
          "initialAmplitude": 0.17,
          "rateOfAmplitudeDecay": 0.5
        },
        {
          "start": 1000,
          "duration": 400,
          "initialAmplitude": 0.22,
          "rateOfAmplitudeDecay": 0.6
        }
      ]
    }
  ],
  "effects": [
	{
		"phase": "hit_scan_acquired",
		"name": "tracer"
	},
	{
		"phase": "firing",
		"name": "muzzle_flash"
	}
   ],
"features": [
 {
 "type": "Aiming",
 "zoom": 0.4,
 "condition": {
 "doesNotHaveAttachmentGroup": "ar_sightsandscopes"
 }
 },
 {
  "type": "Aiming",
  "zoom": 0.4,
  "condition": {
  "doesNotHaveAttachmentGroup": "snipers_sights"
 }
 },
   {
    "type": "MuzzleFlash",
    "effects": [
    {
    "phase": "firing",
    "name": "muzzle_flash"
    }
    ],
    "condition": {
    "allOf": [
    {
    "isUsingDefaultMuzzle": true
    },
    {
    "doesNotHaveAttachmentGroup": "rf_suppressors"
    }
    ]
    }
    },
  {
    "type": "Sound",
    "fireSound": "ss3_silenced",
    "fireSoundVolume": 1,
    "condition": {
    "allOf": [
    {
    "hasAttachmentGroup": "rf_suppressors"
    },
    {
    "unselectedFireMode": "grenade_launcher"
    }
    ]
    }
    },
 {
 "type": "PartVisibility",
 "parts": [
 {
 "name": "rearsightflipped",
 "visible": true,
 "condition": {
 "hasAttachmentGroup": "ar_sightsandscopes"
 }
 },
 {
 "name": "frontsightflipped",
 "visible": true,
 "condition": {
 "hasAttachmentGroup": "ar_sightsandscopes"
 }
 },
 {
  "name": "frontsight",
  "visible": false,
  "condition": {
  "hasAttachmentGroup": "ar_sightsandscopes"
 }
 },
 {
  "name": "rearsight",
  "visible": false,
  "condition": {
  "hasAttachmentGroup": "ar_sightsandscopes"
 }
 },
 {
  "name": "launcher",
  "visible": true,
  "condition": {
  "allOf": [
 {
  "hasAttachment": "m203launcher"
 },
 {
  "isGunInHands": true
 }
 ]
 }
 }
 ]
 },
 {
  "type": "PartVisibility",
  "parts": [
  {
  "name": "rearsightflipped",
  "visible": true,
  "condition": {
  "hasAttachmentGroup": "snipers_sights"
  }
  },
  {
  "name": "frontsightflipped",
  "visible": true,
  "condition": {
  "hasAttachmentGroup": "snipers_sights"
  }
  },
  {
    "name": "rearsight",
    "visible": false,
    "condition": {
    "hasAttachmentGroup": "snipers_sights"
  }
  },
  {
    "name": "frontsight",
    "visible": false,
    "condition": {
    "hasAttachmentGroup": "snipers_sights"
  }
  }
  ]
  }
 ]
}
 