{
	"fire_boltaction":	{"sounds": [{"name": "pointblank:fire_boltaction","stream":false}]},
	"fire_semiauto":		{"sounds": [{"name": "pointblank:fire_semiauto","stream":false}]},
	"fire_autorifle762":	{"sounds": [{"name": "pointblank:fire_autorifle762","stream":false}]},
	"fire_autorifle556":	{"sounds": [{"name": "pointblank:fire_autorifle556","stream":false}]},
	"fire_heavymachinegun":	{"sounds": [{"name": "pointblank:fire_heavymachinegun","stream":false}]},

	"m1_garand_clip_eject":{"sounds": [{"name": "pointblank:m1_garand_clip_eject","stream":false}]},

	"bolt_1_back":{"sounds": [{"name": "pointblank:bolt_1_back","stream":false}]},
	"bolt_1_forward":{"sounds": [{"name": "pointblank:bolt_1_forward","stream":false}]},
	"bolt_2_back":{"sounds": [{"name": "pointblank:bolt_2_back","stream":false}]},
	"bolt_2_forward":{"sounds": [{"name": "pointblank:bolt_2_forward","stream":false}]}
}