{
	"format_version": "1.12.0",
	"minecraft:geometry": [
		{
			"description": {
				"identifier": "geometry.unknown",
				"texture_width": 128,
				"texture_height": 128,
				"visible_bounds_width": 9,
				"visible_bounds_height": 4,
				"visible_bounds_offset": [0, 1, 0]
			},
			"bones": [
				{
					"name": "main",
					"pivot": [0, 20, 0]
				},
				{
					"name": "gun",
					"parent": "main",
					"pivot": [1, 11, -1],
					"cubes": [
						{
							"origin": [-1.75, 25.25, 1.2],
							"size": [4.5, 7.9, 2.4],
							"pivot": [1.25, 22, 3.9],
							"rotation": [90, 0, 0],
							"uv": {
								"north": {"uv": [23, 50], "uv_size": [5, 8]},
								"east": {"uv": [41, 64], "uv_size": [3, 8]},
								"south": {"uv": [29, 50], "uv_size": [5, 8]},
								"west": {"uv": [64, 63], "uv_size": [3, 8]},
								"up": {"uv": [13, 70], "uv_size": [5, 3]},
								"down": {"uv": [71, 23], "uv_size": [5, -3]}
							}
						},
						{
							"origin": [-0.05, 21.2, 1.2],
							"size": [1.1, 1, 1.8],
							"pivot": [0.5, 21.7, 2.1],
							"rotation": [67, 0, 0],
							"uv": {
								"north": {"uv": [9, 58], "uv_size": [3, 11]},
								"east": {"uv": [58, 24], "uv_size": [3, 11]},
								"south": {"uv": [58, 45], "uv_size": [2, 2]},
								"west": {"uv": [50, 58], "uv_size": [3, 11]},
								"up": {"uv": [23, 73], "uv_size": [3, 3]},
								"down": {"uv": [73, 27], "uv_size": [3, -3]}
							}
						}
					]
				},
				{
					"name": "grip",
					"parent": "gun",
					"pivot": [0.95, 22.3, 2.3],
					"cubes": [
						{
							"origin": [-1.55, 13.42, 2],
							"size": [4.1, 5, 3.8],
							"pivot": [0.95, 16.6, 6.6],
							"rotation": [13, 0, 0],
							"uv": {
								"north": {"uv": [13, 61], "uv_size": [4, 5]},
								"east": {"uv": [18, 61], "uv_size": [4, 5]},
								"south": {"uv": [62, 20], "uv_size": [4, 5]},
								"west": {"uv": [62, 26], "uv_size": [4, 5]},
								"up": {"uv": [27, 65], "uv_size": [4, 4]},
								"down": {"uv": [45, 69], "uv_size": [4, -4]}
							}
						},
						{
							"origin": [-1.46, 11.35468, 2.52629],
							"size": [3.92, 2, 4],
							"pivot": [0.45, 13.3, 6.5],
							"rotation": [-4.5, 0, 0],
							"uv": {
								"north": {"uv": [71, 53], "uv_size": [4, 2]},
								"east": {"uv": [73, 32], "uv_size": [4, 2]},
								"south": {"uv": [31, 75], "uv_size": [4, 2]},
								"west": {"uv": [75, 35], "uv_size": [4, 2]},
								"up": {"uv": [66, 0], "uv_size": [4, 4]},
								"down": {"uv": [66, 55], "uv_size": [4, -4]}
							}
						},
						{
							"origin": [-0.96, 13.72, 7.3],
							"size": [2.92, 5.7, 11.5],
							"uv": {
								"north": {"uv": [63, 12], "uv_size": [3, 6]},
								"east": {"uv": [36, 0], "uv_size": [11, 6]},
								"south": {"uv": [63, 44], "uv_size": [3, 6]},
								"west": {"uv": [36, 7], "uv_size": [11, 6]},
								"up": {"uv": [54, 30], "uv_size": [3, 11]},
								"down": {"uv": [54, 53], "uv_size": [3, -11]}
							}
						},
						{
							"origin": [-0.95, 11.86, 7.18],
							"size": [2.9, 2.7, 11.5],
							"pivot": [0.5, 13.17, 12.95],
							"rotation": [-7.5, 0, 0],
							"uv": {
								"north": {"uv": [71, 35], "uv_size": [3, 3]},
								"east": {"uv": [54, 54], "uv_size": [11, 3]},
								"south": {"uv": [71, 49], "uv_size": [3, 3]},
								"west": {"uv": [55, 8], "uv_size": [11, 3]},
								"up": {"uv": [55, 12], "uv_size": [3, 11]},
								"down": {"uv": [5, 69], "uv_size": [3, -11]}
							}
						},
						{
							"origin": [-0.95, 18.01281, 7.28791],
							"size": [2.9, 1.4, 0.5],
							"pivot": [0.5, 19.37, 7.35],
							"rotation": [-22.5, 0, 0],
							"uv": {
								"north": {"uv": [3, 77], "uv_size": [3, 1]},
								"east": {"uv": [19, 79], "uv_size": [1, 1]},
								"south": {"uv": [7, 77], "uv_size": [3, 1]},
								"west": {"uv": [21, 79], "uv_size": [1, 1]},
								"up": {"uv": [77, 15], "uv_size": [3, 1]},
								"down": {"uv": [77, 18], "uv_size": [3, -1]}
							}
						},
						{
							"origin": [-0.95, 11.09006, 17.74672],
							"size": [2.9, 2.8, 1.9],
							"pivot": [0.5, 14.29006, 17.89672],
							"rotation": [12, 0, 0],
							"uv": {
								"north": {"uv": [53, 71], "uv_size": [3, 3]},
								"east": {"uv": [55, 24], "uv_size": [2, 3]},
								"south": {"uv": [71, 63], "uv_size": [3, 3]},
								"west": {"uv": [59, 20], "uv_size": [2, 3]},
								"up": {"uv": [57, 75], "uv_size": [3, 2]},
								"down": {"uv": [75, 65], "uv_size": [3, -2]}
							}
						},
						{
							"origin": [-0.95, 14.09006, 17.54672],
							"size": [2.9, 2.7, 2.2],
							"pivot": [0.5, 14.29006, 17.89672],
							"rotation": [-2.5, 0, 0],
							"uv": {
								"north": {"uv": [71, 67], "uv_size": [3, 3]},
								"east": {"uv": [32, 59], "uv_size": [2, 3]},
								"south": {"uv": [71, 71], "uv_size": [3, 3]},
								"west": {"uv": [16, 74], "uv_size": [2, 3]},
								"up": {"uv": [75, 66], "uv_size": [3, 2]},
								"down": {"uv": [67, 77], "uv_size": [3, -2]}
							}
						},
						{
							"origin": [-0.95, 16.49006, 16.11],
							"size": [2.9, 2.7, 2.6],
							"pivot": [0.5, 14.29006, 17.89672],
							"rotation": [-30, 0, 0],
							"uv": {
								"north": {"uv": [0, 72], "uv_size": [3, 3]},
								"east": {"uv": [63, 72], "uv_size": [3, 3]},
								"south": {"uv": [4, 73], "uv_size": [3, 3]},
								"west": {"uv": [8, 73], "uv_size": [3, 3]},
								"up": {"uv": [73, 16], "uv_size": [3, 3]},
								"down": {"uv": [19, 76], "uv_size": [3, -3]}
							}
						},
						{
							"origin": [-0.95, 13.32, 3.3],
							"size": [2.9, 4.9, 4.5],
							"uv": {
								"north": {"uv": [67, 5], "uv_size": [3, 5]},
								"east": {"uv": [62, 32], "uv_size": [4, 5]},
								"south": {"uv": [67, 11], "uv_size": [3, 5]},
								"west": {"uv": [62, 38], "uv_size": [4, 5]},
								"up": {"uv": [27, 70], "uv_size": [3, 4]},
								"down": {"uv": [71, 7], "uv_size": [3, -4]}
							}
						},
						{
							"origin": [-1.55, 17.16217, -1.255],
							"size": [4.1, 5, 3.5],
							"pivot": [0.95, 22.3, 2.3],
							"rotation": [38, 0, 0],
							"uv": {
								"north": {"uv": [58, 48], "uv_size": [4, 5]},
								"east": {"uv": [27, 59], "uv_size": [4, 5]},
								"south": {"uv": [59, 58], "uv_size": [4, 5]},
								"west": {"uv": [61, 0], "uv_size": [4, 5]},
								"up": {"uv": [32, 64], "uv_size": [4, 4]},
								"down": {"uv": [37, 68], "uv_size": [4, -4]}
							}
						}
					]
				},
				{
					"name": "underbarrel",
					"parent": "gun",
					"pivot": [1.25, 21.9, 3.5],
					"cubes": [
						{
							"origin": [-1.55, 23.05, 0.25],
							"size": [4.1, 10.1, 3.5],
							"pivot": [1.25, 21.9, 3.5],
							"rotation": [90, 0, 0],
							"uv": {
								"north": {"uv": [50, 8], "uv_size": [4, 10]},
								"east": {"uv": [13, 50], "uv_size": [4, 10]},
								"south": {"uv": [18, 50], "uv_size": [4, 10]},
								"west": {"uv": [50, 19], "uv_size": [4, 10]},
								"up": {"uv": [64, 58], "uv_size": [4, 4]},
								"down": {"uv": [59, 68], "uv_size": [4, -4]}
							}
						},
						{
							"origin": [-1.55, 33.15, -1.75],
							"size": [4.1, 16, 3.7],
							"pivot": [1.25, 21.9, 3.5],
							"rotation": [90, 0, 0],
							"uv": {
								"north": {"uv": [45, 14], "uv_size": [4, 16]},
								"east": {"uv": [45, 31], "uv_size": [4, 16]},
								"south": {"uv": [45, 48], "uv_size": [4, 16]},
								"west": {"uv": [0, 50], "uv_size": [4, 16]},
								"up": {"uv": [54, 66], "uv_size": [4, 4]},
								"down": {"uv": [0, 71], "uv_size": [4, -4]}
							}
						},
						{
							"origin": [-1.54, 22.25, -10.45],
							"size": [4.08, 7, 2.7],
							"pivot": [0.25, 22.2, -7.7],
							"rotation": [105, 0, 0],
							"uv": {
								"north": {"uv": [56, 0], "uv_size": [4, 7]},
								"east": {"uv": [59, 12], "uv_size": [3, 7]},
								"south": {"uv": [54, 58], "uv_size": [4, 7]},
								"west": {"uv": [23, 59], "uv_size": [3, 7]},
								"up": {"uv": [71, 8], "uv_size": [4, 3]},
								"down": {"uv": [71, 15], "uv_size": [4, -3]}
							}
						},
						{
							"origin": [-1.54, 18.35, -8.65],
							"size": [4.08, 2, 2.4],
							"pivot": [0.25, 18.3, -6.7],
							"rotation": [60, 0, 0],
							"uv": {
								"north": {"uv": [75, 47], "uv_size": [4, 2]},
								"east": {"uv": [63, 51], "uv_size": [2, 2]},
								"south": {"uv": [75, 50], "uv_size": [4, 2]},
								"west": {"uv": [0, 76], "uv_size": [2, 2]},
								"up": {"uv": [52, 75], "uv_size": [4, 2]},
								"down": {"uv": [75, 58], "uv_size": [4, -2]}
							}
						}
					]
				},
				{
					"name": "barrel",
					"parent": "gun",
					"pivot": [1.05, 21.9, 0.9],
					"cubes": [
						{
							"origin": [-1.05, 8.85, -13.75],
							"size": [3.1, 11.4, 3.1],
							"pivot": [0.5, 21.05, -12.2],
							"rotation": [90, 0, 0],
							"uv": {
								"north": {"uv": [9, 58], "uv_size": [3, 11]},
								"east": {"uv": [58, 24], "uv_size": [3, 11]},
								"south": {"uv": [58, 36], "uv_size": [3, 11]},
								"west": {"uv": [50, 58], "uv_size": [3, 11]},
								"up": {"uv": [23, 73], "uv_size": [3, 3]},
								"down": {"uv": [73, 27], "uv_size": [3, -3]}
							}
						},
						{
							"origin": [-0.85, 14.95, -18.45],
							"size": [2.7, 13, 2.7],
							"pivot": [0.5, 20.65, -17.1],
							"rotation": [90, 0, 45],
							"uv": {
								"north": {"uv": [50, 30], "uv_size": [3, 13]},
								"east": {"uv": [35, 50], "uv_size": [3, 13]},
								"south": {"uv": [39, 50], "uv_size": [3, 13]},
								"west": {"uv": [50, 44], "uv_size": [3, 13]},
								"up": {"uv": [73, 28], "uv_size": [3, 3]},
								"down": {"uv": [36, 76], "uv_size": [3, -3]}
							}
						},
						{
							"origin": [-2.95, 19.9, -32.6],
							"size": [6.9, 1.5, 6.9],
							"pivot": [0.5, 20.65, -29.15],
							"rotation": [90, 0, 45],
							"uv": {
								"north": {"uv": [69, 60], "uv_size": [7, 2]},
								"east": {"uv": [5, 70], "uv_size": [7, 2]},
								"south": {"uv": [45, 70], "uv_size": [7, 2]},
								"west": {"uv": [71, 0], "uv_size": [7, 2]},
								"up": {"uv": [48, 0], "uv_size": [7, 7]},
								"down": {"uv": [5, 57], "uv_size": [7, -7]}
							}
						},
						{
							"origin": [1.66213, 23.3, -33.06482],
							"size": [2.7, 2.5, 4.7],
							"pivot": [2.8, 23.25, -28.35],
							"rotation": [153.5, 0, 45],
							"uv": {
								"north": {"uv": [73, 39], "uv_size": [3, 3]},
								"east": {"uv": [13, 67], "uv_size": [5, 3]},
								"south": {"uv": [40, 73], "uv_size": [3, 3]},
								"west": {"uv": [67, 17], "uv_size": [5, 3]},
								"up": {"uv": [19, 67], "uv_size": [3, 5]},
								"down": {"uv": [67, 26], "uv_size": [3, -5]}
							}
						},
						{
							"origin": [0.34762, 18.69762, -28.9406],
							"size": [2.7, 2.5, 4.7],
							"pivot": [1.69762, 19.44762, -26.5906],
							"rotation": [153.5, 0, 135],
							"uv": {
								"north": {"uv": [75, 3], "uv_size": [3, 3]},
								"east": {"uv": [36, 69], "uv_size": [5, 3]},
								"south": {"uv": [27, 75], "uv_size": [3, 3]},
								"west": {"uv": [69, 56], "uv_size": [5, 3]},
								"up": {"uv": [59, 69], "uv_size": [3, 5]},
								"down": {"uv": [67, 74], "uv_size": [3, -5]}
							}
						},
						{
							"origin": [-2.05238, 21.09762, -28.9406],
							"size": [2.7, 2.5, 4.7],
							"pivot": [-0.70238, 21.84762, -26.5906],
							"rotation": [153.5, 0, -45],
							"uv": {
								"north": {"uv": [73, 43], "uv_size": [3, 3]},
								"east": {"uv": [67, 27], "uv_size": [5, 3]},
								"south": {"uv": [44, 73], "uv_size": [3, 3]},
								"west": {"uv": [67, 31], "uv_size": [5, 3]},
								"up": {"uv": [23, 67], "uv_size": [3, 5]},
								"down": {"uv": [67, 40], "uv_size": [3, -5]}
							}
						},
						{
							"origin": [-2.05238, 18.69762, -28.9406],
							"size": [2.7, 2.5, 4.7],
							"pivot": [-0.70238, 19.44762, -26.5906],
							"rotation": [153.5, 0, -135],
							"uv": {
								"north": {"uv": [48, 73], "uv_size": [3, 3]},
								"east": {"uv": [67, 41], "uv_size": [5, 3]},
								"south": {"uv": [12, 74], "uv_size": [3, 3]},
								"west": {"uv": [67, 45], "uv_size": [5, 3]},
								"up": {"uv": [67, 63], "uv_size": [3, 5]},
								"down": {"uv": [32, 74], "uv_size": [3, -5]}
							}
						}
					]
				},
				{
					"name": "trigger_guard",
					"parent": "gun",
					"pivot": [0.45, 16.48232, -4.44143],
					"rotation": [3, 0, 0],
					"cubes": [
						{
							"origin": [-0.05, 18.63, -6.2],
							"size": [1, 0.7, 3.1],
							"pivot": [0.45, 18.2, -4.1],
							"rotation": [92.5, 0, 0],
							"uv": {
								"north": {"uv": [77, 61], "uv_size": [1, 1]},
								"east": {"uv": [67, 49], "uv_size": [3, 1]},
								"south": {"uv": [71, 77], "uv_size": [1, 1]},
								"west": {"uv": [61, 76], "uv_size": [3, 1]},
								"up": {"uv": [43, 55], "uv_size": [1, 3]},
								"down": {"uv": [43, 62], "uv_size": [1, -3]}
							}
						},
						{
							"origin": [-0.05, 15.03, -5.95],
							"size": [1, 0.7, 2.5],
							"pivot": [0.45, 14.6, -4.4],
							"rotation": [-47.5, 0, 0],
							"uv": {
								"north": {"uv": [50, 77], "uv_size": [1, 1]},
								"east": {"uv": [19, 77], "uv_size": [2, 1]},
								"south": {"uv": [77, 59], "uv_size": [1, 1]},
								"west": {"uv": [77, 19], "uv_size": [2, 1]},
								"up": {"uv": [65, 76], "uv_size": [1, 2]},
								"down": {"uv": [77, 23], "uv_size": [1, -2]}
							}
						}
					]
				},
				{
					"name": "lever1",
					"parent": "gun",
					"pivot": [2.75, 20.6, -4.3],
					"cubes": [
						{
							"origin": [2.75, 19.9499, -4.49564],
							"size": [1, 0.5, 4.05],
							"pivot": [3.75, 20.4, -4.2],
							"rotation": [92.5, 0, 0],
							"uv": {
								"north": {"uv": [15, 78], "uv_size": [1, 1]},
								"east": {"uv": [76, 13], "uv_size": [4, 1]},
								"south": {"uv": [17, 78], "uv_size": [1, 1]},
								"west": {"uv": [76, 53], "uv_size": [4, 1]},
								"up": {"uv": [48, 8], "uv_size": [1, 4]},
								"down": {"uv": [43, 54], "uv_size": [1, -4]}
							}
						},
						{
							"origin": [-1.95, 20.09, -4.84252],
							"size": [5.2, 1, 1],
							"pivot": [3, 20.77068, -1.54252],
							"rotation": [0, 0, 0],
							"uv": {
								"north": {"uv": [75, 73], "uv_size": [5, 1]},
								"east": {"uv": [79, 26], "uv_size": [1, 1]},
								"south": {"uv": [76, 7], "uv_size": [5, 1]},
								"west": {"uv": [27, 79], "uv_size": [1, 1]},
								"up": {"uv": [76, 9], "uv_size": [5, 1]},
								"down": {"uv": [76, 12], "uv_size": [5, -1]}
							}
						}
					]
				},
				{
					"name": "lever2",
					"parent": "gun",
					"pivot": [2.75, 20.5, -2],
					"rotation": [12.5, 0, 0],
					"cubes": [
						{
							"origin": [2.75, 16.39914, -3.54053],
							"size": [0.5, 0.5, 2],
							"pivot": [-2.95, 19.5261, -5.51064],
							"rotation": [75, 0, 0],
							"uv": {
								"north": {"uv": [31, 78], "uv_size": [1, 1]},
								"east": {"uv": [22, 77], "uv_size": [2, 1]},
								"south": {"uv": [78, 31], "uv_size": [1, 1]},
								"west": {"uv": [77, 24], "uv_size": [2, 1]},
								"up": {"uv": [25, 77], "uv_size": [1, 2]},
								"down": {"uv": [77, 28], "uv_size": [1, -2]}
							}
						},
						{
							"origin": [-1.95, 19.99904, -2.44489],
							"size": [5.2, 1, 1],
							"pivot": [3, 20.74904, -1.54489],
							"rotation": [-12.5, 0, 0],
							"uv": {
								"north": {"uv": [61, 6], "uv_size": [5, 1]},
								"east": {"uv": [79, 21], "uv_size": [1, 1]},
								"south": {"uv": [75, 69], "uv_size": [5, 1]},
								"west": {"uv": [23, 79], "uv_size": [1, 1]},
								"up": {"uv": [71, 75], "uv_size": [5, 1]},
								"down": {"uv": [75, 72], "uv_size": [5, -1]}
							}
						},
						{
							"origin": [2.75, 22.62358, -1.83835],
							"size": [0.5, 0.5, 0.7],
							"pivot": [2.7, 23.23799, -1.05243],
							"rotation": [89, 0, 0],
							"uv": {
								"north": {"uv": [33, 78], "uv_size": [1, 1]},
								"east": {"uv": [78, 33], "uv_size": [1, 1]},
								"south": {"uv": [52, 78], "uv_size": [1, 1]},
								"west": {"uv": [54, 78], "uv_size": [1, 1]},
								"up": {"uv": [56, 78], "uv_size": [1, 1]},
								"down": {"uv": [58, 79], "uv_size": [1, -1]}
							}
						},
						{
							"origin": [2.75, 23.11852, -1.6561],
							"size": [0.5, 0.5, 1.3],
							"pivot": [2.7, 23.23799, -1.05243],
							"rotation": [160, 0, 0],
							"uv": {
								"north": {"uv": [60, 78], "uv_size": [1, 1]},
								"east": {"uv": [62, 78], "uv_size": [1, 1]},
								"south": {"uv": [67, 78], "uv_size": [1, 1]},
								"west": {"uv": [69, 78], "uv_size": [1, 1]},
								"up": {"uv": [0, 79], "uv_size": [1, 1]},
								"down": {"uv": [79, 1], "uv_size": [1, -1]}
							}
						},
						{
							"origin": [2.75, 24.15855, -1.88102],
							"size": [0.5, 0.5, 1.5],
							"pivot": [2.7, 23.36147, -1.10601],
							"rotation": [171.5, 0, 0],
							"uv": {
								"north": {"uv": [2, 79], "uv_size": [1, 1]},
								"east": {"uv": [79, 2], "uv_size": [1, 1]},
								"south": {"uv": [4, 79], "uv_size": [1, 1]},
								"west": {"uv": [79, 4], "uv_size": [1, 1]},
								"up": {"uv": [6, 79], "uv_size": [1, 1]},
								"down": {"uv": [8, 80], "uv_size": [1, -1]}
							}
						}
					]
				},
				{
					"name": "trigger_lever",
					"parent": "gun",
					"pivot": [0.45, 18.6, -1.3],
					"cubes": [
						{
							"origin": [-0.05, 16.61, -2.58],
							"size": [1, 0.5, 1.3],
							"pivot": [0.45, 16.6, -2.3],
							"rotation": [38, 0, 0],
							"uv": {
								"north": {"uv": [73, 77], "uv_size": [1, 1]},
								"east": {"uv": [75, 77], "uv_size": [1, 1]},
								"south": {"uv": [77, 75], "uv_size": [1, 1]},
								"west": {"uv": [77, 77], "uv_size": [1, 1]},
								"up": {"uv": [11, 78], "uv_size": [1, 1]},
								"down": {"uv": [13, 79], "uv_size": [1, -1]}
							}
						},
						{
							"origin": [-0.05, 18.15, -2.2],
							"size": [1, 0.5, 2],
							"pivot": [0.45, 18.2, -1.2],
							"rotation": [70, 0, 0],
							"uv": {
								"north": {"uv": [46, 77], "uv_size": [1, 1]},
								"east": {"uv": [55, 28], "uv_size": [2, 1]},
								"south": {"uv": [48, 77], "uv_size": [1, 1]},
								"west": {"uv": [66, 56], "uv_size": [2, 1]},
								"up": {"uv": [71, 24], "uv_size": [1, 2]},
								"down": {"uv": [57, 73], "uv_size": [1, -2]}
							}
						}
					]
				},
				{
					"name": "muzzleflash",
					"parent": "main",
					"pivot": [0.5, 20.65, -18.25],
					"cubes": [
						{
							"origin": [0, 20.15, -30.75],
							"size": [1, 1, 1],
							"inflate": -0.4,
							"uv": {
								"north": {"uv": [71, 39], "uv_size": [1, 1]},
								"east": {"uv": [73, 47], "uv_size": [1, 1]},
								"south": {"uv": [77, 29], "uv_size": [1, 1]},
								"west": {"uv": [36, 77], "uv_size": [1, 1]},
								"up": {"uv": [38, 77], "uv_size": [1, 1]},
								"down": {"uv": [77, 39], "uv_size": [1, -1]}
							}
						}
					]
				},
				{
					"name": "scope",
					"parent": "main",
					"pivot": [0.5, 24.55, 4.95],
					"cubes": [
						{
							"origin": [0, 24.05, 4.45],
							"size": [1, 1, 1],
							"inflate": -0.4,
							"uv": {
								"north": {"uv": [40, 77], "uv_size": [1, 1]},
								"east": {"uv": [77, 40], "uv_size": [1, 1]},
								"south": {"uv": [42, 77], "uv_size": [1, 1]},
								"west": {"uv": [77, 42], "uv_size": [1, 1]},
								"up": {"uv": [44, 77], "uv_size": [1, 1]},
								"down": {"uv": [77, 45], "uv_size": [1, -1]}
							}
						}
					]
				},
				{
					"name": "rightarm",
					"parent": "main",
					"pivot": [-4.3, 9.8, 21.8],
					"rotation": [-101.81106, -12.40003, -2.46982],
					"cubes": [
						{
							"origin": [-8.3, -14.2, 17.8],
							"size": [8, 24, 8],
							"uv": {
								"north": {"uv": [0, 0], "uv_size": [8, 24]},
								"east": {"uv": [9, 0], "uv_size": [8, 24]},
								"south": {"uv": [18, 0], "uv_size": [8, 24]},
								"west": {"uv": [0, 25], "uv_size": [8, 24]},
								"up": {"uv": [36, 14], "uv_size": [8, 8]},
								"down": {"uv": [36, 31], "uv_size": [8, -8]}
							}
						}
					]
				},
				{
					"name": "leftarm",
					"parent": "main",
					"pivot": [10.7, 7.3, 5.4],
					"rotation": [-88.83734, 26.3376, 47.85353],
					"cubes": [
						{
							"origin": [6.7, -16.7, 1.4],
							"size": [8, 24, 8],
							"uv": {
								"north": {"uv": [9, 25], "uv_size": [8, 24]},
								"east": {"uv": [18, 25], "uv_size": [8, 24]},
								"south": {"uv": [27, 0], "uv_size": [8, 24]},
								"west": {"uv": [27, 25], "uv_size": [8, 24]},
								"up": {"uv": [36, 32], "uv_size": [8, 8]},
								"down": {"uv": [36, 49], "uv_size": [8, -8]}
							}
						}
					]
				}
			]
		}
	]
}