{
	"format_version": "1.12.0",
	"minecraft:geometry": [
		{
			"description": {
				"identifier": "geometry.unknown",
				"texture_width": 128,
				"texture_height": 128,
				"visible_bounds_width": 9,
				"visible_bounds_height": 5,
				"visible_bounds_offset": [0, 1.5, 0]
			},
			"bones": [
				{
					"name": "main",
					"pivot": [0.5, 20, 0]
				},
				{
					"name": "gun",
					"parent": "main",
					"pivot": [1, 11, -1],
					"cubes": [
						{
							"origin": [-1.45, 25.25, 0.9],
							"size": [3.9, 6, 2.4],
							"pivot": [1.25, 22, 3.9],
							"rotation": [90, 0, 0],
							"uv": {
								"north": {"uv": [46, 38], "uv_size": [4, 6]},
								"east": {"uv": [57, 19], "uv_size": [2, 6]},
								"south": {"uv": [50, 38], "uv_size": [4, 6]},
								"west": {"uv": [20, 57], "uv_size": [2, 6]},
								"up": {"uv": [43, 58], "uv_size": [4, 2]},
								"down": {"uv": [58, 47], "uv_size": [4, -2]}
							}
						},
						{
							"origin": [-0.15, 29.05, 10.9],
							"size": [1.3, 2, 1],
							"pivot": [1.25, 21.8, 13.9],
							"rotation": [90, 0, 0],
							"uv": {
								"north": {"uv": [63, 59], "uv_size": [1, 2]},
								"east": {"uv": [62, 63], "uv_size": [1, 2]},
								"south": {"uv": [63, 63], "uv_size": [1, 2]},
								"west": {"uv": [0, 64], "uv_size": [1, 2]},
								"up": {"uv": [64, 40], "uv_size": [1, 1]},
								"down": {"uv": [41, 65], "uv_size": [1, -1]}
							}
						},
						{
							"origin": [-0.15, 21.95, 10.9],
							"size": [1.3, 2, 1],
							"pivot": [1.25, 14.7, 13.9],
							"rotation": [90, 0, 0],
							"uv": {
								"north": {"uv": [64, 0], "uv_size": [1, 2]},
								"east": {"uv": [1, 64], "uv_size": [1, 2]},
								"south": {"uv": [2, 64], "uv_size": [1, 2]},
								"west": {"uv": [64, 2], "uv_size": [1, 2]},
								"up": {"uv": [64, 41], "uv_size": [1, 1]},
								"down": {"uv": [42, 65], "uv_size": [1, -1]}
							}
						}
					]
				},
				{
					"name": "grip",
					"parent": "gun",
					"pivot": [0.95, 22.3, 2.3],
					"cubes": [
						{
							"origin": [-1.26, 13.22, -1.3],
							"size": [3.52, 8.5, 3.5],
							"pivot": [0.95, 22.3, 2.3],
							"rotation": [30.5, 0, 0],
							"uv": {
								"north": {"uv": [24, 48], "uv_size": [4, 8]},
								"east": {"uv": [28, 48], "uv_size": [4, 8]},
								"south": {"uv": [40, 50], "uv_size": [4, 8]},
								"west": {"uv": [44, 50], "uv_size": [4, 8]},
								"up": {"uv": [56, 15], "uv_size": [4, 4]},
								"down": {"uv": [24, 60], "uv_size": [4, -4]}
							}
						},
						{
							"origin": [-1.25, 12.66217, 3.81939],
							"size": [3.5, 6.1, 14],
							"uv": {
								"north": {"uv": [54, 39], "uv_size": [4, 6]},
								"east": {"uv": [40, 44], "uv_size": [14, 6]},
								"south": {"uv": [54, 45], "uv_size": [4, 6]},
								"west": {"uv": [46, 0], "uv_size": [14, 6]},
								"up": {"uv": [0, 48], "uv_size": [4, 14]},
								"down": {"uv": [4, 62], "uv_size": [4, -14]}
							}
						},
						{
							"origin": [-1.25, 10.66217, 17.81939],
							"size": [3.5, 9.1, 1.5],
							"uv": {
								"north": {"uv": [16, 48], "uv_size": [4, 9]},
								"east": {"uv": [54, 51], "uv_size": [2, 9]},
								"south": {"uv": [20, 48], "uv_size": [4, 9]},
								"west": {"uv": [56, 6], "uv_size": [2, 9]},
								"up": {"uv": [60, 4], "uv_size": [4, 2]},
								"down": {"uv": [12, 62], "uv_size": [4, -2]}
							}
						},
						{
							"origin": [-1.241, 18.54, 17.46],
							"size": [3.49, 1.1, 2.4],
							"pivot": [0.5, 15.11217, 18.56939],
							"rotation": [25, 0, 0],
							"uv": {
								"north": {"uv": [63, 7], "uv_size": [3, 1]},
								"east": {"uv": [57, 63], "uv_size": [2, 1]},
								"south": {"uv": [63, 8], "uv_size": [3, 1]},
								"west": {"uv": [63, 58], "uv_size": [2, 1]},
								"up": {"uv": [40, 61], "uv_size": [3, 2]},
								"down": {"uv": [61, 42], "uv_size": [3, -2]}
							}
						},
						{
							"origin": [-1.241, 11.58175, 14.85234],
							"size": [3.49, 1.7, 3.6],
							"pivot": [0.5, 12.13175, 16.65234],
							"rotation": [-35, 0, 0],
							"uv": {
								"north": {"uv": [61, 42], "uv_size": [3, 2]},
								"east": {"uv": [60, 15], "uv_size": [4, 2]},
								"south": {"uv": [56, 61], "uv_size": [3, 2]},
								"west": {"uv": [16, 60], "uv_size": [4, 2]},
								"up": {"uv": [57, 31], "uv_size": [3, 4]},
								"down": {"uv": [57, 39], "uv_size": [3, -4]}
							}
						}
					]
				},
				{
					"name": "underbarrel",
					"parent": "gun",
					"pivot": [1.25, 21.9, 3.5],
					"cubes": [
						{
							"origin": [-1.25, 22.9, 0.25],
							"size": [3.5, 8.8, 3.1],
							"pivot": [1.25, 21.9, 3.5],
							"rotation": [90, 0, 0],
							"uv": {
								"north": {"uv": [8, 48], "uv_size": [4, 9]},
								"east": {"uv": [54, 21], "uv_size": [3, 9]},
								"south": {"uv": [12, 48], "uv_size": [4, 9]},
								"west": {"uv": [54, 30], "uv_size": [3, 9]},
								"up": {"uv": [12, 57], "uv_size": [4, 3]},
								"down": {"uv": [16, 60], "uv_size": [4, -3]}
							}
						},
						{
							"origin": [-1.25, 31.7, -1.75],
							"size": [3.5, 38.6, 3.2],
							"pivot": [1.25, 21.9, 3.5],
							"rotation": [90, 0, 0],
							"uv": {
								"north": {"uv": [32, 0], "uv_size": [4, 39]},
								"east": {"uv": [32, 39], "uv_size": [3, 39]},
								"south": {"uv": [36, 0], "uv_size": [4, 39]},
								"west": {"uv": [35, 39], "uv_size": [3, 39]},
								"up": {"uv": [57, 25], "uv_size": [4, 3]},
								"down": {"uv": [57, 31], "uv_size": [4, -3]}
							}
						},
						{
							"origin": [-1.245, 17.39, -8.24],
							"size": [3.49, 2.7, 1.4],
							"pivot": [0.5, 18.75, -6.6],
							"rotation": [137.5, 0, 0],
							"uv": {
								"north": {"uv": [58, 6], "uv_size": [3, 3]},
								"east": {"uv": [64, 59], "uv_size": [2, 3]},
								"south": {"uv": [58, 9], "uv_size": [3, 3]},
								"west": {"uv": [65, 62], "uv_size": [2, 3]},
								"up": {"uv": [62, 62], "uv_size": [3, 1]},
								"down": {"uv": [63, 7], "uv_size": [3, -1]}
							}
						},
						{
							"origin": [-0.95, 9.65, -22.55],
							"size": [2.9, 2.4, 2.9],
							"pivot": [0.5, 19.85, -21.1],
							"rotation": [90, 0, 45],
							"uv": {
								"north": {"uv": [8, 61], "uv_size": [3, 2]},
								"east": {"uv": [61, 9], "uv_size": [3, 2]},
								"south": {"uv": [61, 11], "uv_size": [3, 2]},
								"west": {"uv": [61, 13], "uv_size": [3, 2]},
								"up": {"uv": [58, 12], "uv_size": [3, 3]},
								"down": {"uv": [58, 42], "uv_size": [3, -3]}
							}
						},
						{
							"origin": [-0.95, 9.65, -35.55],
							"size": [2.9, 2.4, 2.9],
							"pivot": [0.5, 19.85, -34.1],
							"rotation": [90, 0, 45],
							"uv": {
								"north": {"uv": [61, 25], "uv_size": [3, 2]},
								"east": {"uv": [61, 27], "uv_size": [3, 2]},
								"south": {"uv": [61, 29], "uv_size": [3, 2]},
								"west": {"uv": [61, 38], "uv_size": [3, 2]},
								"up": {"uv": [40, 58], "uv_size": [3, 3]},
								"down": {"uv": [58, 45], "uv_size": [3, -3]}
							}
						},
						{
							"origin": [-1.55, 16.65, -13.6],
							"size": [4.1, 2.4, 3.5],
							"pivot": [0.5, 17.85, -12.1],
							"rotation": [90, 0, 0],
							"uv": {
								"north": {"uv": [58, 47], "uv_size": [4, 2]},
								"east": {"uv": [58, 49], "uv_size": [4, 2]},
								"south": {"uv": [59, 19], "uv_size": [4, 2]},
								"west": {"uv": [59, 21], "uv_size": [4, 2]},
								"up": {"uv": [28, 56], "uv_size": [4, 4]},
								"down": {"uv": [56, 55], "uv_size": [4, -4]}
							}
						},
						{
							"origin": [-1.55, 16.65, -26.6],
							"size": [4.1, 2.4, 3.5],
							"pivot": [0.5, 17.85, -25.1],
							"rotation": [90, 0, 0],
							"uv": {
								"north": {"uv": [59, 23], "uv_size": [4, 2]},
								"east": {"uv": [56, 59], "uv_size": [4, 2]},
								"south": {"uv": [60, 0], "uv_size": [4, 2]},
								"west": {"uv": [60, 2], "uv_size": [4, 2]},
								"up": {"uv": [56, 55], "uv_size": [4, 4]},
								"down": {"uv": [8, 61], "uv_size": [4, -4]}
							}
						}
					]
				},
				{
					"name": "barrel",
					"parent": "gun",
					"pivot": [1.05, 21.9, 0.9],
					"cubes": [
						{
							"origin": [-0.55, 8.95, -18.15],
							"size": [2.1, 44, 2.1],
							"pivot": [0.5, 19.75, -17.1],
							"rotation": [90, 0, 45],
							"uv": {
								"north": {"uv": [38, 39], "uv_size": [2, 44]},
								"east": {"uv": [40, 0], "uv_size": [2, 44]},
								"south": {"uv": [42, 0], "uv_size": [2, 44]},
								"west": {"uv": [44, 0], "uv_size": [2, 44]},
								"up": {"uv": [0, 62], "uv_size": [2, 2]},
								"down": {"uv": [2, 64], "uv_size": [2, -2]}
							}
						}
					]
				},
				{
					"name": "trigger_guard",
					"parent": "gun",
					"pivot": [0.45, 15.98232, -3.54143],
					"rotation": [3, 0, 0],
					"cubes": [
						{
							"origin": [-0.05, 18.13, -3.3],
							"size": [1, 0.7, 2.1],
							"pivot": [0.45, 17.7, -2.2],
							"rotation": [92.5, 0, 0],
							"uv": {
								"north": {"uv": [12, 64], "uv_size": [1, 1]},
								"east": {"uv": [30, 63], "uv_size": [2, 1]},
								"south": {"uv": [64, 12], "uv_size": [1, 1]},
								"west": {"uv": [63, 31], "uv_size": [2, 1]},
								"up": {"uv": [63, 32], "uv_size": [1, 2]},
								"down": {"uv": [40, 65], "uv_size": [1, -2]}
							}
						},
						{
							"origin": [-0.05, 16.03, -4.25],
							"size": [1, 0.7, 2.5],
							"pivot": [0.45, 14.1, -2.5],
							"rotation": [-24.5, 0, 0],
							"uv": {
								"north": {"uv": [11, 64], "uv_size": [1, 1]},
								"east": {"uv": [62, 37], "uv_size": [3, 1]},
								"south": {"uv": [64, 11], "uv_size": [1, 1]},
								"west": {"uv": [62, 50], "uv_size": [3, 1]},
								"up": {"uv": [19, 62], "uv_size": [1, 3]},
								"down": {"uv": [27, 65], "uv_size": [1, -3]}
							}
						}
					]
				},
				{
					"name": "lever1",
					"parent": "gun",
					"pivot": [2.45, 20.4, -3.7],
					"rotation": [-2, 0, 0],
					"cubes": [
						{
							"origin": [2.45, 20.04828, -3.98859],
							"size": [0.5, 0.5, 2.55],
							"pivot": [3.45, 20.49663, -3.19296],
							"rotation": [92.5, 0, 0],
							"uv": {
								"north": {"uv": [16, 64], "uv_size": [1, 1]},
								"east": {"uv": [63, 34], "uv_size": [2, 1]},
								"south": {"uv": [64, 16], "uv_size": [1, 1]},
								"west": {"uv": [41, 63], "uv_size": [2, 1]},
								"up": {"uv": [43, 63], "uv_size": [1, 2]},
								"down": {"uv": [44, 65], "uv_size": [1, -2]}
							}
						},
						{
							"origin": [-1.75, 20.54828, -3.98859],
							"size": [4.7, 1, 1],
							"pivot": [3.45, 20.49663, -3.19296],
							"rotation": [92.5, 0, 0],
							"uv": {
								"north": {"uv": [64, 22], "uv_size": [1, 1]},
								"east": {"uv": [23, 64], "uv_size": [1, 1]},
								"south": {"uv": [25, 64], "uv_size": [1, 1]},
								"west": {"uv": [64, 25], "uv_size": [1, 1]},
								"up": {"uv": [26, 64], "uv_size": [1, 1]},
								"down": {"uv": [64, 27], "uv_size": [1, -1]}
							}
						}
					]
				},
				{
					"name": "lever2",
					"parent": "gun",
					"pivot": [2.45, 20.4, -1.2],
					"rotation": [15.5, 0, 0],
					"cubes": [
						{
							"origin": [2.45, 21.43894, -2.85987],
							"size": [0.5, 0.5, 2.1],
							"pivot": [2.7, 21.9872, -0.35988],
							"rotation": [75, 0, 0],
							"uv": {
								"north": {"uv": [17, 64], "uv_size": [1, 1]},
								"east": {"uv": [45, 63], "uv_size": [2, 1]},
								"south": {"uv": [64, 17], "uv_size": [1, 1]},
								"west": {"uv": [63, 51], "uv_size": [2, 1]},
								"up": {"uv": [63, 52], "uv_size": [1, 2]},
								"down": {"uv": [54, 65], "uv_size": [1, -2]}
							}
						},
						{
							"origin": [2.45, 21.88995, -0.90618],
							"size": [0.5, 0.5, 1.4],
							"pivot": [2.7, 21.9872, -0.35988],
							"rotation": [165, 0, 0],
							"uv": {
								"north": {"uv": [64, 27], "uv_size": [1, 1]},
								"east": {"uv": [64, 28], "uv_size": [1, 1]},
								"south": {"uv": [64, 29], "uv_size": [1, 1]},
								"west": {"uv": [30, 64], "uv_size": [1, 1]},
								"up": {"uv": [64, 30], "uv_size": [1, 1]},
								"down": {"uv": [31, 65], "uv_size": [1, -1]}
							}
						},
						{
							"origin": [-1.75, 19.74415, -1.84095],
							"size": [4.7, 1, 1],
							"pivot": [2.7, 20.24241, -1.24756],
							"rotation": [75, 0, 0],
							"uv": {
								"north": {"uv": [64, 32], "uv_size": [1, 1]},
								"east": {"uv": [64, 33], "uv_size": [1, 1]},
								"south": {"uv": [64, 35], "uv_size": [1, 1]},
								"west": {"uv": [64, 36], "uv_size": [1, 1]},
								"up": {"uv": [64, 38], "uv_size": [1, 1]},
								"down": {"uv": [64, 40], "uv_size": [1, -1]}
							}
						}
					]
				},
				{
					"name": "trigger_lever",
					"parent": "gun",
					"pivot": [0.45, 18.7, -0.5],
					"cubes": [
						{
							"origin": [-0.05, 16.91, -1.58],
							"size": [1, 0.5, 1],
							"pivot": [0.45, 16.9, -1.6],
							"rotation": [38, 0, 0],
							"uv": {
								"north": {"uv": [13, 64], "uv_size": [1, 1]},
								"east": {"uv": [64, 13], "uv_size": [1, 1]},
								"south": {"uv": [14, 64], "uv_size": [1, 1]},
								"west": {"uv": [64, 14], "uv_size": [1, 1]},
								"up": {"uv": [15, 64], "uv_size": [1, 1]},
								"down": {"uv": [64, 16], "uv_size": [1, -1]}
							}
						},
						{
							"origin": [-0.05, 18.45, -1.5],
							"size": [1, 0.5, 1.5],
							"pivot": [0.45, 18.5, -0.5],
							"rotation": [70, 0, 0],
							"uv": {
								"north": {"uv": [64, 9], "uv_size": [1, 1]},
								"east": {"uv": [63, 23], "uv_size": [2, 1]},
								"south": {"uv": [64, 10], "uv_size": [1, 1]},
								"west": {"uv": [63, 24], "uv_size": [2, 1]},
								"up": {"uv": [56, 19], "uv_size": [1, 2]},
								"down": {"uv": [29, 65], "uv_size": [1, -2]}
							}
						}
					]
				},
				{
					"name": "scope2",
					"parent": "gun",
					"pivot": [0.5, 19.85, -17.1],
					"cubes": [
						{
							"origin": [0.05, 20.05, -8.55],
							"size": [0.9, 3.1, 0.9],
							"pivot": [0.5, 19.85, -8.1],
							"rotation": [0, 45, 0],
							"uv": {
								"north": {"uv": [8, 63], "uv_size": [1, 3]},
								"east": {"uv": [9, 63], "uv_size": [1, 3]},
								"south": {"uv": [10, 63], "uv_size": [1, 3]},
								"west": {"uv": [63, 17], "uv_size": [1, 3]},
								"up": {"uv": [18, 64], "uv_size": [1, 1]},
								"down": {"uv": [64, 19], "uv_size": [1, -1]}
							}
						},
						{
							"origin": [0.05, 20.05, -19.05],
							"size": [0.9, 3.1, 0.9],
							"pivot": [0.5, 19.85, -18.6],
							"rotation": [0, 45, 0],
							"uv": {
								"north": {"uv": [20, 63], "uv_size": [1, 3]},
								"east": {"uv": [63, 20], "uv_size": [1, 3]},
								"south": {"uv": [21, 63], "uv_size": [1, 3]},
								"west": {"uv": [28, 63], "uv_size": [1, 3]},
								"up": {"uv": [64, 19], "uv_size": [1, 1]},
								"down": {"uv": [64, 21], "uv_size": [1, -1]}
							}
						},
						{
							"origin": [-0.75, 9.65, -18.35],
							"size": [2.5, 2.4, 2.5],
							"pivot": [0.5, 19.85, -17.1],
							"rotation": [90, 0, 45],
							"uv": {
								"north": {"uv": [4, 62], "uv_size": [2, 2]},
								"east": {"uv": [60, 17], "uv_size": [3, 2]},
								"south": {"uv": [6, 62], "uv_size": [2, 2]},
								"west": {"uv": [25, 60], "uv_size": [3, 2]},
								"up": {"uv": [28, 60], "uv_size": [2, 3]},
								"down": {"uv": [30, 63], "uv_size": [2, -3]}
							}
						},
						{
							"origin": [-0.75, 9.65, -28.85],
							"size": [2.5, 2.4, 2.5],
							"pivot": [0.5, 19.85, -27.6],
							"rotation": [90, 0, 45],
							"uv": {
								"north": {"uv": [11, 62], "uv_size": [2, 2]},
								"east": {"uv": [60, 31], "uv_size": [3, 2]},
								"south": {"uv": [13, 62], "uv_size": [2, 2]},
								"west": {"uv": [60, 33], "uv_size": [3, 2]},
								"up": {"uv": [60, 35], "uv_size": [2, 3]},
								"down": {"uv": [43, 63], "uv_size": [2, -3]}
							}
						},
						{
							"origin": [-0.75, 14.05, -28.85],
							"size": [2.5, 2.4, 2.5],
							"pivot": [0.5, 24.25, -27.6],
							"rotation": [90, 0, 45],
							"uv": {
								"north": {"uv": [15, 62], "uv_size": [2, 2]},
								"east": {"uv": [60, 51], "uv_size": [3, 2]},
								"south": {"uv": [17, 62], "uv_size": [2, 2]},
								"west": {"uv": [60, 53], "uv_size": [3, 2]},
								"up": {"uv": [45, 60], "uv_size": [2, 3]},
								"down": {"uv": [54, 63], "uv_size": [2, -3]}
							}
						},
						{
							"origin": [-0.65, 3.05, -28.75],
							"size": [2.3, 15, 2.3],
							"pivot": [0.5, 24.25, -27.6],
							"rotation": [90, 0, 45],
							"uv": {
								"north": {"uv": [48, 50], "uv_size": [2, 15]},
								"east": {"uv": [50, 50], "uv_size": [2, 15]},
								"south": {"uv": [52, 50], "uv_size": [2, 15]},
								"west": {"uv": [54, 6], "uv_size": [2, 15]},
								"up": {"uv": [62, 44], "uv_size": [2, 2]},
								"down": {"uv": [62, 48], "uv_size": [2, -2]}
							}
						},
						{
							"origin": [-0.05, 5.05, -19.15],
							"size": [1.1, 7, 1.1],
							"pivot": [0.5, 24.25, -18.6],
							"rotation": [90, 0, 45],
							"uv": {
								"north": {"uv": [22, 57], "uv_size": [1, 7]},
								"east": {"uv": [24, 57], "uv_size": [-2, 7]},
								"south": {"uv": [49, 58], "uv_size": [-2, 7]},
								"west": {"uv": [24, 60], "uv_size": [1, 7]},
								"up": {"uv": [64, 21], "uv_size": [1, 1]},
								"down": {"uv": [22, 65], "uv_size": [1, -1]}
							}
						},
						{
							"origin": [-0.25, 3.05, -19.35],
							"size": [1.5, 2, 1.5],
							"pivot": [0.5, 24.25, -18.6],
							"rotation": [90, 0, 45],
							"uv": {
								"north": {"uv": [63, 54], "uv_size": [1, 2]},
								"east": {"uv": [62, 48], "uv_size": [2, 2]},
								"south": {"uv": [57, 63], "uv_size": [-2, 2]},
								"west": {"uv": [59, 62], "uv_size": [2, 2]},
								"up": {"uv": [56, 63], "uv_size": [1, 2]},
								"down": {"uv": [63, 58], "uv_size": [2, -2]}
							}
						},
						{
							"origin": [-0.75, 14.05, -18.35],
							"size": [2.5, 2.4, 2.5],
							"pivot": [0.5, 24.25, -17.1],
							"rotation": [90, 0, 45],
							"uv": {
								"north": {"uv": [25, 62], "uv_size": [2, 2]},
								"east": {"uv": [60, 55], "uv_size": [3, 2]},
								"south": {"uv": [62, 35], "uv_size": [2, 2]},
								"west": {"uv": [60, 57], "uv_size": [3, 2]},
								"up": {"uv": [60, 59], "uv_size": [2, 3]},
								"down": {"uv": [61, 9], "uv_size": [2, -3]}
							}
						}
					]
				},
				{
					"name": "muzzleflash",
					"parent": "main",
					"pivot": [0.5, 19.75, -51.25],
					"cubes": [
						{
							"origin": [0, 19.25, -51.75],
							"size": [1, 1, 1],
							"inflate": -0.4,
							"uv": {
								"north": {"uv": [60, 38], "uv_size": [1, 1]},
								"east": {"uv": [11, 61], "uv_size": [1, 1]},
								"south": {"uv": [61, 44], "uv_size": [1, 1]},
								"west": {"uv": [59, 61], "uv_size": [1, 1]},
								"up": {"uv": [63, 61], "uv_size": [1, 1]},
								"down": {"uv": [3, 65], "uv_size": [1, -1]}
							}
						}
					]
				},
				{
					"name": "scope",
					"parent": "main",
					"pivot": [0.5, 24.25, 2.95],
					"cubes": [
						{
							"origin": [0, 23.75, 2.45],
							"size": [1, 1, 1],
							"inflate": -0.4,
							"uv": {
								"north": {"uv": [4, 64], "uv_size": [1, 1]},
								"east": {"uv": [64, 4], "uv_size": [1, 1]},
								"south": {"uv": [5, 64], "uv_size": [1, 1]},
								"west": {"uv": [64, 5], "uv_size": [1, 1]},
								"up": {"uv": [6, 64], "uv_size": [1, 1]},
								"down": {"uv": [7, 65], "uv_size": [1, -1]}
							}
						}
					]
				},
				{
					"name": "rightarm",
					"parent": "main",
					"pivot": [-4.3, 9.8, 21.8],
					"rotation": [-101.81106, -12.40003, -2.46982],
					"cubes": [
						{
							"origin": [-8.3, -14.2, 17.8],
							"size": [8, 24, 8],
							"uv": {
								"north": {"uv": [0, 0], "uv_size": [8, 24]},
								"east": {"uv": [8, 0], "uv_size": [8, 24]},
								"south": {"uv": [16, 0], "uv_size": [8, 24]},
								"west": {"uv": [0, 24], "uv_size": [8, 24]},
								"up": {"uv": [46, 6], "uv_size": [8, 8]},
								"down": {"uv": [46, 22], "uv_size": [8, -8]}
							}
						}
					]
				},
				{
					"name": "leftarm",
					"parent": "main",
					"pivot": [10.7, 7.3, -0.6],
					"rotation": [-88.83734, 26.3376, 47.85353],
					"cubes": [
						{
							"origin": [6.7, -16.7, -4.6],
							"size": [8, 24, 8],
							"uv": {
								"north": {"uv": [24, 0], "uv_size": [8, 24]},
								"east": {"uv": [8, 24], "uv_size": [8, 24]},
								"south": {"uv": [16, 24], "uv_size": [8, 24]},
								"west": {"uv": [24, 24], "uv_size": [8, 24]},
								"up": {"uv": [46, 22], "uv_size": [8, 8]},
								"down": {"uv": [46, 38], "uv_size": [8, -8]}
							}
						}
					]
				}
			]
		}
	]
}