{
	"format_version": "1.12.0",
	"minecraft:geometry": [
		{
			"description": {
				"identifier": "geometry.unknown",
				"texture_width": 128,
				"texture_height": 128,
				"visible_bounds_width": 9,
				"visible_bounds_height": 4,
				"visible_bounds_offset": [0, 1, 0]
			},
			"bones": [
				{
					"name": "main",
					"pivot": [0, 20, 0]
				},
				{
					"name": "gun",
					"parent": "main",
					"pivot": [1, 18, -1],
					"cubes": [
						{
							"origin": [-1.26, 11.89746, -1.93557],
							"size": [3.52, 9.7, 4.5],
							"pivot": [0.95, 20.9, 1.5],
							"rotation": [15.5, 0, 0],
							"uv": {
								"north": {"uv": [49, 38], "uv_size": [4, 10]},
								"east": {"uv": [49, 27], "uv_size": [5, 10]},
								"south": {"uv": [49, 49], "uv_size": [4, 10]},
								"west": {"uv": [36, 49], "uv_size": [5, 10]},
								"up": {"uv": [50, 11], "uv_size": [4, 5]},
								"down": {"uv": [14, 55], "uv_size": [4, -5]}
							}
						},
						{
							"origin": [-1.25, 23.07, 0.25],
							"size": [3.5, 19.1, 3.2],
							"pivot": [1.25, 21.9, 3.5],
							"rotation": [90, 0, 0],
							"uv": {
								"north": {"uv": [36, 0], "uv_size": [4, 19]},
								"east": {"uv": [45, 27], "uv_size": [3, 19]},
								"south": {"uv": [36, 20], "uv_size": [4, 19]},
								"west": {"uv": [45, 47], "uv_size": [3, 19]},
								"up": {"uv": [50, 17], "uv_size": [4, 3]},
								"down": {"uv": [50, 24], "uv_size": [4, -3]}
							}
						},
						{
							"origin": [-0.95, 19.25, -5.95],
							"size": [2.9, 3.7, 1.6],
							"pivot": [0.5, 22.9, -4.4],
							"rotation": [90, 0, 0],
							"uv": {
								"north": {"uv": [22, 50], "uv_size": [3, 4]},
								"east": {"uv": [54, 38], "uv_size": [2, 4]},
								"south": {"uv": [26, 50], "uv_size": [3, 4]},
								"west": {"uv": [54, 43], "uv_size": [2, 4]},
								"up": {"uv": [54, 48], "uv_size": [3, 2]},
								"down": {"uv": [54, 53], "uv_size": [3, -2]}
							}
						},
						{
							"origin": [-0.65, 15.15, -11.75],
							"size": [2.3, 13, 2.3],
							"pivot": [0.5, 21.3, -10.6],
							"rotation": [90, 0, 45],
							"uv": {
								"north": {"uv": [42, 49], "uv_size": [3, 13]},
								"east": {"uv": [5, 50], "uv_size": [3, 13]},
								"south": {"uv": [8, 50], "uv_size": [3, 13]},
								"west": {"uv": [11, 50], "uv_size": [3, 13]},
								"up": {"uv": [54, 21], "uv_size": [4, 4]},
								"down": {"uv": [26, 57], "uv_size": [2, -2]}
							}
						},
						{
							"origin": [-0.15, 20.17, -0.84],
							"size": [1.3, 2.7, 2.3],
							"pivot": [0.5, 21.4, 0.3],
							"rotation": [72.5, 0, 0],
							"uv": {
								"north": {"uv": [58, 0], "uv_size": [1, 3]},
								"east": {"uv": [54, 54], "uv_size": [2, 3]},
								"south": {"uv": [14, 58], "uv_size": [2, 3]},
								"west": {"uv": [55, 0], "uv_size": [2, 3]},
								"up": {"uv": [16, 60], "uv_size": [1, 2]},
								"down": {"uv": [60, 20], "uv_size": [1, -2]}
							}
						},
						{
							"origin": [-1.45, 24.25, 1.2],
							"size": [3.9, 9.9, 2.4],
							"pivot": [1.25, 22, 3.9],
							"rotation": [90, 0, 0],
							"uv": {
								"north": {"uv": [0, 50], "uv_size": [4, 10]},
								"east": {"uv": [41, 26], "uv_size": [3, 11]},
								"south": {"uv": [50, 0], "uv_size": [4, 10]},
								"west": {"uv": [18, 49], "uv_size": [3, 11]},
								"up": {"uv": [30, 50], "uv_size": [4, 2]},
								"down": {"uv": [30, 55], "uv_size": [4, -2]}
							}
						}
					]
				},
				{
					"name": "trigger_guard",
					"parent": "gun",
					"pivot": [1, 11, -1],
					"cubes": [
						{
							"origin": [-0.05, 19.03, -2.8],
							"size": [1, 0.7, 2.7],
							"pivot": [0.45, 18.6, -1.1],
							"rotation": [82.5, 0, 0],
							"uv": {
								"north": {"uv": [51, 60], "uv_size": [1, 1]},
								"east": {"uv": [41, 38], "uv_size": [3, 1]},
								"south": {"uv": [60, 51], "uv_size": [1, 1]},
								"west": {"uv": [55, 27], "uv_size": [3, 1]},
								"up": {"uv": [55, 29], "uv_size": [1, 3]},
								"down": {"uv": [55, 36], "uv_size": [1, -3]}
							}
						},
						{
							"origin": [-0.05, 19.03, -5.7],
							"size": [1, 0.7, 2.7],
							"pivot": [0.45, 18.6, -4],
							"rotation": [92.5, 0, 0],
							"uv": {
								"north": {"uv": [61, 5], "uv_size": [1, 1]},
								"east": {"uv": [14, 56], "uv_size": [3, 1]},
								"south": {"uv": [61, 7], "uv_size": [1, 1]},
								"west": {"uv": [56, 25], "uv_size": [3, 1]},
								"up": {"uv": [29, 56], "uv_size": [1, 3]},
								"down": {"uv": [31, 59], "uv_size": [1, -3]}
							}
						},
						{
							"origin": [-0.05, 17.93, -8],
							"size": [1, 0.7, 3],
							"uv": {
								"north": {"uv": [61, 9], "uv_size": [1, 1]},
								"east": {"uv": [57, 29], "uv_size": [3, 1]},
								"south": {"uv": [61, 11], "uv_size": [1, 1]},
								"west": {"uv": [57, 31], "uv_size": [3, 1]},
								"up": {"uv": [33, 56], "uv_size": [1, 3]},
								"down": {"uv": [57, 36], "uv_size": [1, -3]}
							}
						},
						{
							"origin": [-0.05, 16.45, -3.3],
							"size": [1, 0.7, 2],
							"pivot": [0.45, 16, -2.3],
							"rotation": [37.5, 0, 0],
							"uv": {
								"north": {"uv": [56, 60], "uv_size": [1, 1]},
								"east": {"uv": [58, 47], "uv_size": [2, 1]},
								"south": {"uv": [0, 61], "uv_size": [1, 1]},
								"west": {"uv": [58, 49], "uv_size": [2, 1]},
								"up": {"uv": [58, 51], "uv_size": [1, 2]},
								"down": {"uv": [54, 60], "uv_size": [1, -2]}
							}
						},
						{
							"origin": [-0.05, 16.33, -5.45],
							"size": [1, 0.7, 2],
							"pivot": [0.45, 15.9, -4.4],
							"rotation": [-32.5, 0, 0],
							"uv": {
								"north": {"uv": [2, 61], "uv_size": [1, 1]},
								"east": {"uv": [56, 58], "uv_size": [2, 1]},
								"south": {"uv": [61, 3], "uv_size": [1, 1]},
								"west": {"uv": [59, 27], "uv_size": [2, 1]},
								"up": {"uv": [59, 33], "uv_size": [1, 2]},
								"down": {"uv": [59, 43], "uv_size": [1, -2]}
							}
						}
					]
				},
				{
					"name": "lever1",
					"parent": "gun",
					"pivot": [-1.45, 20.5, -5.3],
					"cubes": [
						{
							"origin": [-2.45, 19.9499, -4.89564],
							"size": [1, 0.5, 4.25],
							"pivot": [-1.45, 20.4, -4.9],
							"rotation": [92.5, 0, 0],
							"uv": {
								"north": {"uv": [61, 31], "uv_size": [1, 1]},
								"east": {"uv": [55, 18], "uv_size": [4, 1]},
								"south": {"uv": [61, 33], "uv_size": [1, 1]},
								"west": {"uv": [55, 20], "uv_size": [4, 1]},
								"up": {"uv": [22, 55], "uv_size": [1, 4]},
								"down": {"uv": [24, 59], "uv_size": [1, -4]}
							}
						},
						{
							"origin": [-1.95, 20.0499, -5.79564],
							"size": [4.6, 1, 1],
							"uv": {
								"north": {"uv": [50, 25], "uv_size": [5, 1]},
								"east": {"uv": [32, 62], "uv_size": [1, 1]},
								"south": {"uv": [55, 4], "uv_size": [5, 1]},
								"west": {"uv": [34, 62], "uv_size": [1, 1]},
								"up": {"uv": [55, 6], "uv_size": [5, 1]},
								"down": {"uv": [55, 9], "uv_size": [5, -1]}
							}
						}
					]
				},
				{
					"name": "lever2",
					"parent": "gun",
					"pivot": [-1.55, 20.5, -1.4],
					"rotation": [-5, 0, 0],
					"cubes": [
						{
							"origin": [-1.95, 16.10618, -3.34401],
							"size": [0.5, 0.5, 3],
							"pivot": [-2.45, 19.13324, -5.30976],
							"rotation": [75, 0, 0],
							"uv": {
								"north": {"uv": [61, 35], "uv_size": [1, 1]},
								"east": {"uv": [57, 37], "uv_size": [3, 1]},
								"south": {"uv": [61, 37], "uv_size": [1, 1]},
								"west": {"uv": [57, 39], "uv_size": [3, 1]},
								"up": {"uv": [57, 41], "uv_size": [1, 3]},
								"down": {"uv": [57, 57], "uv_size": [1, -3]}
							}
						},
						{
							"origin": [-1.95, 17.98685, -5.39037],
							"size": [0.5, 0.5, 1.5],
							"pivot": [-2.45, 21.53324, -4.40976],
							"rotation": [131.5, 0, 0],
							"uv": {
								"north": {"uv": [61, 39], "uv_size": [1, 1]},
								"east": {"uv": [59, 54], "uv_size": [2, 1]},
								"south": {"uv": [61, 41], "uv_size": [1, 1]},
								"west": {"uv": [59, 56], "uv_size": [2, 1]},
								"up": {"uv": [59, 58], "uv_size": [1, 2]},
								"down": {"uv": [60, 2], "uv_size": [1, -2]}
							}
						},
						{
							"origin": [-1.95, 23.12944, -1.49441],
							"size": [0.5, 0.5, 1],
							"pivot": [-1.75, 23.79128, -1.69962],
							"rotation": [-146.5, 0, 0],
							"uv": {
								"north": {"uv": [61, 46], "uv_size": [1, 1]},
								"east": {"uv": [61, 48], "uv_size": [1, 1]},
								"south": {"uv": [53, 61], "uv_size": [1, 1]},
								"west": {"uv": [58, 61], "uv_size": [1, 1]},
								"up": {"uv": [61, 58], "uv_size": [1, 1]},
								"down": {"uv": [60, 62], "uv_size": [1, -1]}
							}
						},
						{
							"origin": [-1.95, 23.54139, -8.28733],
							"size": [0.5, 0.5, 1],
							"pivot": [-2.45, 22.53324, -4.60976],
							"rotation": [-124, 0, 0],
							"uv": {
								"north": {"uv": [62, 0], "uv_size": [1, 1]},
								"east": {"uv": [14, 62], "uv_size": [1, 1]},
								"south": {"uv": [62, 17], "uv_size": [1, 1]},
								"west": {"uv": [62, 19], "uv_size": [1, 1]},
								"up": {"uv": [62, 21], "uv_size": [1, 1]},
								"down": {"uv": [22, 63], "uv_size": [1, -1]}
							}
						},
						{
							"origin": [-1.95, 20.18864, -8.19232],
							"size": [0.5, 0.5, 1],
							"pivot": [-2.45, 21.73324, -4.30976],
							"rotation": [179, 0, 0],
							"uv": {
								"north": {"uv": [62, 23], "uv_size": [1, 1]},
								"east": {"uv": [24, 62], "uv_size": [1, 1]},
								"south": {"uv": [62, 25], "uv_size": [1, 1]},
								"west": {"uv": [62, 27], "uv_size": [1, 1]},
								"up": {"uv": [28, 62], "uv_size": [1, 1]},
								"down": {"uv": [30, 63], "uv_size": [1, -1]}
							}
						},
						{
							"origin": [-1.95, 19.75862, -1.89602],
							"size": [4.6, 1, 1],
							"pivot": [-1.45, 20.40872, -4.90038],
							"rotation": [5, 0, 0],
							"uv": {
								"north": {"uv": [55, 10], "uv_size": [5, 1]},
								"east": {"uv": [36, 62], "uv_size": [1, 1]},
								"south": {"uv": [55, 12], "uv_size": [5, 1]},
								"west": {"uv": [38, 62], "uv_size": [1, 1]},
								"up": {"uv": [55, 14], "uv_size": [5, 1]},
								"down": {"uv": [55, 17], "uv_size": [5, -1]}
							}
						}
					]
				},
				{
					"name": "trigger_lever",
					"parent": "gun",
					"pivot": [0.45, 18.7, -2.8],
					"cubes": [
						{
							"origin": [-0.05, 17.1, -3.61],
							"size": [1, 0.5, 1],
							"pivot": [0.45, 17.1, -3.6],
							"rotation": [38, 0, 0],
							"uv": {
								"north": {"uv": [61, 13], "uv_size": [1, 1]},
								"east": {"uv": [61, 15], "uv_size": [1, 1]},
								"south": {"uv": [18, 61], "uv_size": [1, 1]},
								"west": {"uv": [20, 61], "uv_size": [1, 1]},
								"up": {"uv": [26, 61], "uv_size": [1, 1]},
								"down": {"uv": [61, 30], "uv_size": [1, -1]}
							}
						},
						{
							"origin": [-0.05, 18.15, -3.2],
							"size": [1, 0.5, 1.5],
							"pivot": [0.45, 18.2, -2.7],
							"rotation": [70, 0, 0],
							"uv": {
								"north": {"uv": [60, 44], "uv_size": [1, 1]},
								"east": {"uv": [57, 45], "uv_size": [2, 1]},
								"south": {"uv": [49, 60], "uv_size": [1, 1]},
								"west": {"uv": [16, 58], "uv_size": [2, 1]},
								"up": {"uv": [58, 22], "uv_size": [1, 2]},
								"down": {"uv": [26, 60], "uv_size": [1, -2]}
							}
						}
					]
				},
				{
					"name": "leftarm",
					"parent": "main",
					"pivot": [19.24181, -3.85701, 48.57633],
					"rotation": [-90, 0, 0],
					"cubes": [
						{
							"origin": [15.51261, -27.925, 44.34324],
							"size": [8, 24, 8],
							"uv": {
								"north": {"uv": [9, 25], "uv_size": [8, 24]},
								"east": {"uv": [18, 25], "uv_size": [8, 24]},
								"south": {"uv": [27, 0], "uv_size": [8, 24]},
								"west": {"uv": [27, 25], "uv_size": [8, 24]},
								"up": {"uv": [41, 9], "uv_size": [8, 8]},
								"down": {"uv": [41, 26], "uv_size": [8, -8]}
							}
						}
					]
				},
				{
					"name": "muzzleflash",
					"parent": "main",
					"pivot": [0.5, 21.35, -18.25],
					"cubes": [
						{
							"origin": [0, 20.8, -18.75],
							"size": [1, 1, 1],
							"inflate": -0.4,
							"uv": {
								"north": {"uv": [60, 21], "uv_size": [1, 1]},
								"east": {"uv": [22, 60], "uv_size": [1, 1]},
								"south": {"uv": [60, 23], "uv_size": [1, 1]},
								"west": {"uv": [24, 60], "uv_size": [1, 1]},
								"up": {"uv": [60, 25], "uv_size": [1, 1]},
								"down": {"uv": [28, 61], "uv_size": [1, -1]}
							}
						}
					]
				},
				{
					"name": "rightarm",
					"parent": "main",
					"pivot": [-1.3, 9.8, 19.8],
					"rotation": [-101.56459, -4.55564, -1.55827],
					"cubes": [
						{
							"origin": [-5.3, -14.2, 15.8],
							"size": [8, 24, 8],
							"uv": {
								"north": {"uv": [0, 0], "uv_size": [8, 24]},
								"east": {"uv": [9, 0], "uv_size": [8, 24]},
								"south": {"uv": [18, 0], "uv_size": [8, 24]},
								"west": {"uv": [0, 25], "uv_size": [8, 24]},
								"up": {"uv": [36, 40], "uv_size": [8, 8]},
								"down": {"uv": [41, 8], "uv_size": [8, -8]}
							}
						}
					]
				},
				{
					"name": "scope",
					"parent": "main",
					"pivot": [0.5, 23.25, 5.95],
					"rotation": [-90, 0, 0],
					"cubes": [
						{
							"origin": [0, 22.75, 5.45],
							"size": [1, 1, 1],
							"inflate": -0.4,
							"uv": {
								"north": {"uv": [30, 60], "uv_size": [1, 1]},
								"east": {"uv": [32, 60], "uv_size": [1, 1]},
								"south": {"uv": [34, 60], "uv_size": [1, 1]},
								"west": {"uv": [36, 60], "uv_size": [1, 1]},
								"up": {"uv": [38, 60], "uv_size": [1, 1]},
								"down": {"uv": [40, 61], "uv_size": [1, -1]}
							}
						}
					]
				}
			]
		}
	]
}