{
    "type": "create:mechanical_crafting",
    "acceptMirrored": false,
    "key": {
      "A": {
        "item": "minecraft:iron_ingot"
      },
      "B": {
        "item": "kinetic_pixel:specialsteelingot"
      },
      "C": {
        "item": "create:cogwheel"
      },
      "D": {
        "item": "kinetic_pixel:componenttemplate"
      }
    },
    "pattern": [
      "AB ",
      "CDB",
      "B B"
    ],
    "result": {
      "item": "pointblank:assaultgripii"
    }
  }