{
  "type": "kinetic_pixel:firearmforgecr",
  "ingredients": [
    {
      "tag": "kinetic_pixel:jei_empty_tag"
    },
    {
      "item": "kinetic_pixel:brasscompressionsheet"
    },
    {
      "item": "kinetic_pixel:brasscompressionsheet"
    },
    {
      "item": "kinetic_pixel:brasscompressionsheet"
    },
    {
      "item": "create:iron_sheet"
    },
    {
      "item": "create:iron_sheet"
    },
    {
      "tag": "kinetic_pixel:jei_empty_tag"
    },
    {
      "tag": "kinetic_pixel:jei_empty_tag"
    },
    {
      "item": "kinetic_pixel:barrel"
    },
    {
      "item": "kinetic_pixel:barrel"
    },
    {
      "item": "kinetic_pixel:barrel"
    },
    {
      "item": "minecraft:tripwire_hook"
    },
    {
      "item": "create:cogwheel"
    },
    {
      "item": "minecraft:iron_ingot"
    },
    {
      "item": "create:iron_sheet"
    },
    {
      "tag": "kinetic_pixel:jei_empty_tag"
    },
    {
      "tag": "kinetic_pixel:jei_empty_tag"
    },
    {
      "item": "kinetic_pixel:brasscompressionsheet"
    },
    {
      "item": "kinetic_pixel:brasscompressionsheet"
    },
    {
      "item": "kinetic_pixel:ammunitionbox"
    },
    {
      "item": "kinetic_pixel:strikerexciter"
    },
    {
      "item": "minecraft:iron_ingot"
    },
    {
      "tag": "kinetic_pixel:jei_empty_tag"
    },
    {
      "item": "kinetic_pixel:brasscompressionsheet"
    },
    {
      "tag": "kinetic_pixel:jei_empty_tag"
    },
    {
      "tag": "kinetic_pixel:jei_empty_tag"
    },
    {
      "tag": "kinetic_pixel:jei_empty_tag"
    },
    {
      "tag": "kinetic_pixel:jei_empty_tag"
    },
    {
      "tag": "kinetic_pixel:jei_empty_tag"
    },
    {
      "tag": "kinetic_pixel:jei_empty_tag"
    },
    {
      "item": "minecraft:iron_ingot"
    },
    {
      "tag": "kinetic_pixel:jei_empty_tag"
    }
  ],
  "output": {
    "item": "pointblank:cr_demeanour",
    "count": 1
  }
}