{
  "name" : "drakesincher",
  "type": "Gun",
  "compatibleAttachments": [
    "moa_hg",
    "drake_scope"
  ],
 "compatibleAttachmentGroups": [
  	"smg_muzzle"
  ],
  "features": [
    {
      "type": "Aiming",
      "zoom": 0.25,
      "condition": {
        "doesNotHaveAttachment": "moa_hg"
      }
    },
    {
      "type": "Aiming",
      "zoom": 0.25,
      "condition": {
        "doesNotHaveAttachment": "drake_scope"
      }
    },
    {
      "type": "MuzzleFlash",
      "effects": [
        {
          "phase": "firing",
          "name": "muzzle_flash_small"
        }
      ],
      "condition": {
        "allOf": [
          {
            "isUsingDefaultMuzzle": true
          },
          {
            "doesNotHaveAttachment": "smg_suppressor"
          }
        ]
      }
    },
    {
      "type": "PartVisibility",
      "parts": [
        {
          "name": "sight",
          "visible": false,
          "condition": {
            "hasAttachment": "moa_hg"
          }
        }
      ]
    },
    {
      "type": "PartVisibility",
      "parts": [
        {
          "name": "sight",
          "visible": false,
          "condition": {
            "hasAttachment": "drake_scope"
          }
        }
      ]
    },
    {
      "type": "Sound",
      "fireSound": "glock_suppressed",
      "fireSoundVolume": 1,
      "condition": {
        "allOf": [
          {
            "hasAttachment": "smg_suppressor"
          }
        ]
      }
    }
  ],
  "maxAmmoCapacity" : 50,
  "compatibleAmmo" : ["ammocreative", "ammo45acp"],
  "damage" : 19.5,
  "rpm" : 1000,
  "fireModes" : ["SINGLE", "AUTOMATIC"],
  "fireSound" : "drakesincher",
  "drawCooldownDuration" : 650,
  "aimingZoom" : 0.2,
  "gunRecoilInitialAmplitude" : 1.1,
  "shakeRecoilAmplitude" : 0.55,
  "shakeRecoilSpeed" : 2.2,
  "viewRecoilAmplitude" : 5,
  "inspectCooldownDuration": 6400,
    "glowingParts": [
        {
            "name": "glowy"
        }
    ],
  "phasedReloads": [
    {
      "phase": "RELOADING",
      "condition": "reloadIterationIndex == 0",
      "duration": 2400,
      "animation": "animation.model.reloadempty",
      "shakeEffects": [
        {
          "start": 0,
          "duration": 1500,
          "initialAmplitude": 0.03,
          "rateOfAmplitudeDecay": 0.4
        },
        {
          "start": 250,
          "duration": 1000,
          "initialAmplitude": 0.02,
          "rateOfAmplitudeDecay": 0.2
        },
        {
          "start": 800,
          "duration": 1000,
          "initialAmplitude": 0.15,
          "rateOfAmplitudeDecay": 0.5
        },
        {
          "start": 1100,
          "duration": 600,
          "initialAmplitude": 0.2,
          "rateOfAmplitudeDecay": 0.3
        }
      ]
    },
    {
      "phase": "RELOADING",
      "condition": "reloadIterationIndex > 0",
      "duration": 2080,
      "animation": "animation.model.reload",						
      "shakeEffects": [
        {
          "start": 0,
          "duration": 1500,
          "initialAmplitude": 0.2,
          "rateOfAmplitudeDecay": 0.8
        },
        {
          "start": 600,
          "duration": 1000,
          "initialAmplitude": 0.15,
          "rateOfAmplitudeDecay": 0.5
        },
        {
          "start": 900,
          "duration": 800,
          "initialAmplitude": 0.17,
          "rateOfAmplitudeDecay": 0.5
        },
        {
          "start": 1000,
          "duration": 400,
          "initialAmplitude": 0.22,
          "rateOfAmplitudeDecay": 0.6

        }
      ]
    }
  ],
  "effects": [
        {
                "phase": "hit_scan_acquired",
                "name": "tracer"
        },
        {
                "phase": "firing",
                "name": "muzzle_flash"
        }
  ]
}