{
  "name" : "fatmac",
  "type": "Gun",
  "compatibleAttachments": [
  ],
  "compatibleAttachmentGroups": [
    "snipers_sights",
    "ar_sightsandscopes"
  ],
  "features": [
    {
        "type": "Aiming",
        "zoom": 0.25,
        "condition": {
          "allOf": [
            {
              "doesNotHaveAttachmentGroup": "snipers_sights"
            },
            {
              "doesNotHaveAttachmentGroup": "ar_sightsandscopes"
            }
          ]
        }
    },
    {
      "type": "PIP",
      "overlayTexture": "textures/gui/scope_pip.png",
      "zoom": 0.9
    },
    {
      "type": "PartVisibility",
      "parts": [
        {
          "name": "sight",
          "visible": true,
          "condition": {
          "allOf": [
            {
              "doesNotHaveAttachmentGroup": "snipers_sights"
            },
            {
              "doesNotHaveAttachmentGroup": "ar_sightsandscopes"
            }
          ]
        }
        }
      ]
    },
    {
      "type": "MuzzleFlash",
      "effects": [
        {
          "phase": "firing",
          "name": "launcher_muzzle"
        }
      ],
        "condition": {
          "allOf": [
            {
              "isUsingDefaultMuzzle": true
            },
            {
              "doesNotHaveAttachment": "smg_suppressor"
            },
            {
              "doesNotHaveAttachment": "smg_muzzlebrake"
            }
          ]
        }
    }
  ],
  "maxAmmoCapacity" : 1,
  "compatibleAmmo" : ["ammocreative", "ammo950jdj"],
  "damage" : 75,
  "rpm" : 45,
  "fireModes" : ["SINGLE"],
  "fireSound" : "fatmac",
  "drawCooldownDuration" : 1200,
  "gunRecoilInitialAmplitude" : 0.9,
  "shakeRecoilAmplitude" : 0.95,
  "shakeRecoilSpeed" : 7,
  "viewRecoilAmplitude" : 8,
  "inspectCooldownDuration": 6120,
  "effects": [
    {
      "phase": "hit_scan_acquired",
      "name": "tracer"
    }
  ],
  "phasedReloads": [
    {
      "phase": "RELOADING",
      "condition": "reloadIterationIndex == 0",
      "duration": 3300,
      "animation": "animation.model.reload"
    }
  ]
}
