{
  "name" : "oa93",
  "type": "Gun",
  "compatibleAttachments": [
    "cantedrail"
  ],
  "compatibleAttachmentGroups": [
    "ar_sightsandscopes",
    "ar_muzzle"
  ],
  "features": [
    {
      "type": "Aiming",
      "zoom": 0.25,
      "condition": {
        "doesNotHaveAttachmentGroup": "ar_sightsandscopes"
      }
    },
    {
      "type": "MuzzleFlash",
      "effects": [
        {
          "phase": "firing",
          "name": "muzzle_flash_small"
        }
      ],
      "condition": {
        "allOf": [
          {
            "isUsingDefaultMuzzle": true
          },
          {
            "doesNotHaveAttachmentGroup": "ar_suppressors"
          }
        ]
      }
    },
    {
      "type": "PartVisibility",
      "parts": [
        {
          "name": "sights",
          "visible": false,
          "condition": {
            "hasAttachmentGroup": "ar_sightsandscopes"
          }
        }
      ]
    },
    {
      "type": "Sound",
      "fireSound": "oa93_silenced",
      "fireSoundVolume": 1,
      "condition": {
        "allOf": [
          {
            "hasAttachmentGroup": "ar_suppressors"
          }
        ]
      }
    }
  ],
  "maxAmmoCapacity" : 30,
  "compatibleAmmo" : ["ammocreative", "ammo556"],
  "damage" : 5.0,
  "rpm" : 800,
  "fireModes" : ["SINGLE"],
  "fireSound" : "oa93",
  "drawCooldownDuration" : 670,
  "aimingZoom" : 0.25,
  "gunRecoilInitialAmplitude" : 0.8,
  "shakeRecoilAmplitude" : 0.35,
  "shakeRecoilSpeed" : 2,
  "viewRecoilAmplitude" : 2,
  "inspectCooldownDuration": 6270,
  "phasedReloads": [
    {
      "phase": "RELOADING",
      "condition": "reloadIterationIndex == 0",
      "duration": 2470,
      "animation": "animation.model.reloadempty",
      "shakeEffects": [
        {
          "start": 230,
          "duration": 800,
          "initialAmplitude": 0.2,
          "rateOfAmplitudeDecay": 0.8
        },
        {
          "start": 930,
          "duration": 650,
          "initialAmplitude": 0.2,
          "rateOfAmplitudeDecay": 0.5
        },
        {
          "start": 1100,
          "duration": 600,
          "initialAmplitude": 0.2,
          "rateOfAmplitudeDecay": 0.5
        },
        {
          "start": 1430,
          "duration": 600,
          "initialAmplitude": 0.2,
          "rateOfAmplitudeDecay": 0.5
        },
        {
          "start": 1870,
          "duration": 600,
          "initialAmplitude": 0.2,
          "rateOfAmplitudeDecay": 0.5
        },
        {
          "start": 2030,
          "duration": 440,
          "initialAmplitude": 0.1,
          "rateOfAmplitudeDecay": 0.25
        }
      ]
    },
    {
      "phase": "RELOADING",
      "condition": "reloadIterationIndex > 0",
      "duration": 1670,
      "animation": "animation.model.reload",						
      "shakeEffects": [
        {
          "start": 0,
          "duration": 1500,
          "initialAmplitude": 0.2,
          "rateOfAmplitudeDecay": 0.8
        },
        {
          "start": 600,
          "duration": 1000,
          "initialAmplitude": 0.15,
          "rateOfAmplitudeDecay": 0.5
        },
        {
          "start": 900,
          "duration": 800,
          "initialAmplitude": 0.17,
          "rateOfAmplitudeDecay": 0.5
        },
        {
          "start": 1000,
          "duration": 400,
          "initialAmplitude": 0.22,
          "rateOfAmplitudeDecay": 0.6
        }
      ]            
    }
  ],
  "effects": [
        {
                   "phase": "hit_scan_acquired",
                   "name": "tracer"
        },
        {
                   "phase": "firing",
                   "name": "muzzle_flash"
        }
  ]
}