{
  "type": "pointblank:default",
  "ingredients": [
    {
      "count": 30,
      "item": "pointblank:gunmetal_ingot"
    },
    {
      "count": 20,
      "item": "pointblank:guninternals"
    },
    {
      "count": 15,
      "tag": "forge:ingots/iron"
    },
    {
      "count": 15,
      "tag": "forge:ingots/copper"
    },
    {
      "count": 2,
      "tag": "forge:glass"
    },
    {
      "count": 1,
      "item": "minecraft:conduit"
    }
  ],
  "result": {
    "item": "pointblank:s_gauss"
  }
}