{
	"format_version": "1.8.0",
	"animations": {
		"animation.model.draw": {
			"loop": true,
			"animation_length": 1.2,
			"bones": {
				"main": {
					"rotation": {
						"0.0": {
							"vector": [32.09413, -54.38778, -8.29667]
						},
						"0.35": {
							"vector": [0.50518, -5.08075, 6.8716],
							"easing": "easeOutSine"
						},
						"0.5": {
							"vector": [0.32389, -0.60235, -2.1558],
							"easing": "linear"
						},
						"0.6": {
							"vector": [0, 0, 0],
							"easing": "linear"
						}
					},
					"position": {
						"0.0": {
							"vector": [0, -17.3, 0]
						},
						"0.25": {
							"vector": [-0.4, -2.525, -1.625],
							"easing": "linear"
						},
						"0.4": {
							"vector": [-0.05, 0, -2.49],
							"easing": "linear"
						},
						"0.55": {
							"vector": [0, 0, 0],
							"easing": "linear"
						}
					}
				},
				"leftarm": {
					"rotation": {
						"0.0": {
							"vector": [0, 0, 0]
						},
						"0.2": {
							"vector": [1, 0, -22]
						},
						"0.4": {
							"vector": [0, 0, 0]
						}
					},
					"position": {
						"0.0": {
							"vector": [0, 0, 0]
						},
						"0.2": {
							"vector": [3.53901, 3.6754, 5.59783]
						},
						"0.4": {
							"vector": [0, 0, 0]
						}
					}
				}
			}
		},
		"animation.model.inspect": {
			"loop": true,
			"animation_length": 4.2667,
			"bones": {
				"main": {
					"rotation": {
						"0.0": {
							"vector": [0, 0, 0]
						},
						"0.1667": {
							"vector": [-8.41746, -13.59608, -21.21259],
							"easing": "linear"
						},
						"0.3": {
							"vector": [-8.39812, -20.10111, -31.77688]
						},
						"0.4333": {
							"vector": [-9.55676, -20.88889, -28.55629]
						},
						"0.5333": {
							"vector": [-8.77652, -21.21647, -30.72851]
						},
						"0.7667": {
							"vector": [-9.4227, -20.94881, -28.93303]
						},
						"1.0": {
							"vector": [-3.1216, -20.98207, -46.44405]
						},
						"1.1333": {
							"vector": [-4.564, -20.73064, -42.44007]
						},
						"1.2333": {
							"vector": [-4.86325, -20.9153, -41.60203]
						},
						"1.3333": {
							"vector": [-4.58308, -20.97575, -42.38574]
						},
						"1.4667": {
							"vector": [-4.01131, -21.08802, -43.97908]
						},
						"1.6": {
							"vector": [-4.38767, -21.01662, -42.9316]
						},
						"1.7": {
							"vector": [-4.18847, -21.05622, -43.48691],
							"easing": "linear"
						},
						"2.0333": {
							"vector": [-16.91438, 5.38499, 54.40399],
							"easing": "linear"
						},
						"2.1667": {
							"vector": [-15.22513, 5.80082, 60.04554]
						},
						"2.3": {
							"vector": [-15.70981, 5.86025, 59.48558]
						},
						"2.4333": {
							"vector": [-15.93602, 7.03904, 62.69373]
						},
						"2.5667": {
							"vector": [-15.60896, 7.75082, 65.23442]
						},
						"2.7333": {
							"vector": [-15.71675, 7.52491, 64.42194]
						},
						"2.9": {
							"vector": [-15.56389, 7.84019, 65.55973]
						},
						"3.1": {
							"vector": [-15.61778, 7.73186, 65.16659]
						},
						"3.2667": {
							"vector": [-15.9801, 6.93689, 62.33342]
						},
						"3.4": {
							"vector": [-8.86998, 2.42135, 33.56191]
						},
						"3.5333": {
							"vector": [0, -1.75, -2.75]
						},
						"3.7": {
							"vector": [0, 0, 0]
						}
					},
					"position": {
						"0.0": {
							"vector": [0, 0, 0]
						},
						"0.3": {
							"vector": [-0.475, 1.475, -8.7]
						},
						"0.4": {
							"vector": [-0.195, 1, -7.7]
						},
						"0.5333": {
							"vector": [-0.03, 0.725, -7.7]
						},
						"0.7": {
							"vector": [0, 1.125, -7.7]
						},
						"0.9": {
							"vector": [0.125, 1.4, -8.275]
						},
						"1.2": {
							"vector": [-0.02, 1.475, -8]
						},
						"1.4": {
							"vector": [0.11, 1.425, -8.175]
						},
						"1.6667": {
							"vector": [0.275, 1.25, -7.975]
						},
						"1.8": {
							"vector": [-0.13, -1.19, -8.65]
						},
						"1.9667": {
							"vector": [-0.545, -1.325, -11.15]
						},
						"2.1333": {
							"vector": [-0.415, -1.395, -10.545]
						},
						"2.2667": {
							"vector": [-0.525, -1.455, -9.17]
						},
						"2.4": {
							"vector": [-0.49, -1.43, -9.85]
						},
						"2.5667": {
							"vector": [-0.455, -1.5, -9.24]
						},
						"2.7667": {
							"vector": [-0.53, -1.5, -9.27]
						},
						"3.0": {
							"vector": [-0.49, -1.41, -9.3]
						},
						"3.2333": {
							"vector": [-0.545, -1.325, -9.325]
						},
						"3.3667": {
							"vector": [-1.005, -0.61, -7.41]
						},
						"3.6333": {
							"vector": [0, 0, 0]
						}
					}
				},
				"leftarm": {
					"rotation": {
						"0.0": {
							"vector": [0, 0, 0]
						},
						"0.1667": {
							"vector": [0, 0, -2.5]
						},
						"1.7333": {
							"vector": [0, 0, -2.5]
						},
						"2.0333": {
							"vector": [-20, 0, -45]
						},
						"3.3": {
							"vector": [-20, 0, -45]
						},
						"3.5667": {
							"vector": [0, 0, 0]
						}
					},
					"position": {
						"0.0": {
							"vector": [0, 0, 0]
						},
						"0.1667": {
							"vector": [11.23986, -30.20851, 24.64864]
						},
						"1.7333": {
							"vector": [11.23986, -30.20851, 24.64864]
						},
						"2.0333": {
							"vector": [22.35, 6.25, 2.33]
						},
						"3.3": {
							"vector": [22.35, 6.25, 2.33]
						},
						"3.4333": {
							"vector": [20.18, 3.13, 1.17]
						},
						"3.5667": {
							"vector": [0, 0, 0]
						}
					}
				}
			}
		},
		"animation.model.reloadempty": {
			"loop": true,
			"animation_length": 2.8,
			"bones": {
				"main": {
					"rotation": {
						"0.0": {
							"vector": [0, 0, 0]
						},
						"0.1333": {
							"vector": [-5.21485, -2.95862, -15.29475]
						},
						"0.2": {
							"vector": [-5.32661, -2.7519, -13.05148]
						},
						"0.3": {
							"vector": [-6.02889, 0.16976, 5.24751]
						},
						"0.4333": {
							"vector": [-6.11925, -1.74187, -5.35916]
						},
						"0.5667": {
							"vector": [-6.17486, -1.00371, -3.17504]
						},
						"0.7667": {
							"vector": [-8.43337, -6.1007, -23.37101]
						},
						"0.8333": {
							"vector": [-8.80848, -5.94362, -25.94893]
						},
						"0.9333": {
							"vector": [-9.07014, -7.63227, -28.74648]
						},
						"1.0": {
							"vector": [-6.70888, -8.74921, -39.37529]
						},
						"1.0667": {
							"vector": [-6.67274, -8.47385, -33.47033]
						},
						"1.2": {
							"vector": [-5.86289, -2.40977, -11.40369]
						},
						"1.2667": {
							"vector": [-4.2087, -2.63592, -10.37925]
						},
						"1.3": {
							"vector": [-4.58987, -3.21883, -6.56827]
						},
						"1.3667": {
							"vector": [-4.11046, -4.49378, -15.26629]
						},
						"1.4667": {
							"vector": [-4.45759, -3.23557, -8.57663]
						},
						"1.5667": {
							"vector": [-2.20403, -1.87632, -8.36146]
						},
						"1.7333": {
							"vector": [0.65978, 0.18913, -3.84963]
						},
						"1.8667": {
							"vector": [0, 0, 0]
						}
					},
					"position": {
						"0.0": {
							"vector": [0, 0, 0]
						},
						"0.0667": {
							"vector": [-0.575, 0, 0]
						},
						"0.1667": {
							"vector": [-0.38, 0.875, 0.35]
						},
						"0.3": {
							"vector": [-0.705, -3.5, -0.675]
						},
						"0.4333": {
							"vector": [-0.975, -3.035, -1.605]
						},
						"0.5333": {
							"vector": [-0.705, -2.1, -1.575]
						},
						"0.7": {
							"vector": [-0.55, -0.67, -3.6]
						},
						"0.8": {
							"vector": [-0.7, -0.55, -1.85]
						},
						"0.9": {
							"vector": [-1.025, -0.3, -1.3]
						},
						"1.0": {
							"vector": [-1.15, 0.125, -1.3]
						},
						"1.1": {
							"vector": [-1.075, -0.55, -1.025]
						},
						"1.2": {
							"vector": [-0.18, -0.51, -0.98]
						},
						"1.2667": {
							"vector": [-0.505, -0.985, -1.855]
						},
						"1.3": {
							"vector": [-0.66, -0.96, -1.81]
						},
						"1.3667": {
							"vector": [-2.04, -0.92, -1.73]
						},
						"1.4667": {
							"vector": [-0.44, -0.85, -1.97]
						},
						"1.5333": {
							"vector": [-0.405, -0.81, -2.13]
						},
						"1.6667": {
							"vector": [0.34, -0.865, -2.46]
						},
						"1.8": {
							"vector": [0, 0, 0]
						}
					}
				},
				"bolt": {
					"position": {
						"vector": [0, 0, 7.6]
					}
				},
				"action": {
					"rotation": {
						"vector": [0, 0, 0]
					},
					"position": {
						"vector": [0, 0, 0]
					}
				},
				"leftarm": {
					"rotation": {
						"0.0": {
							"vector": [0, 0, 0]
						},
						"0.0667": {
							"vector": [-19.45644, -5.86858, 7.49224]
						},
						"0.1333": {
							"vector": [-19.1063, -9.63723, 4.18713]
						},
						"0.2333": {
							"vector": [-15.03103, -13.37925, 0.82083]
						},
						"0.3333": {
							"vector": [43.07804, 15.85303, 7.64839]
						},
						"0.8": {
							"vector": [9.84584, 4.15599, 15.03241]
						},
						"0.8333": {
							"vector": [9.77665, 5.80251, 14.43551]
						},
						"0.9": {
							"vector": [6.85598, 4.18921, 15.11822]
						},
						"0.9667": {
							"vector": [0.91192, 3.09309, 15.72168]
						},
						"1.1": {
							"vector": [0.91192, 3.09309, 15.72168]
						},
						"1.2333": {
							"vector": [-48.57817, 0.69189, 29.90321]
						},
						"1.3": {
							"vector": [-46.60787, 0.05437, 33.3448]
						},
						"1.3333": {
							"vector": [-60.86554, 0.6507, 22.89744]
						},
						"1.4333": {
							"vector": [-60.87005, 0.98081, 27.88654]
						},
						"1.5": {
							"vector": [-60.87005, 0.98081, 27.88654]
						},
						"1.7667": {
							"vector": [0, 0, 0]
						}
					},
					"position": {
						"0.0": {
							"vector": [0, 0, 0]
						},
						"0.0667": {
							"vector": [0, -8.975, 1.45]
						},
						"0.1333": {
							"vector": [0.625, -16.075, 0.475]
						},
						"0.2333": {
							"vector": [0.625, -16.075, 0.475]
						},
						"0.2667": {
							"vector": [-0.58, -9.97, 12.84]
						},
						"0.3": {
							"vector": [-1.505, -7.095, 19.375]
						},
						"0.5667": {
							"vector": [-2.63, -17.725, 17.63]
						},
						"0.6": {
							"vector": [-2.77, -15.865, 17.41]
						},
						"0.6333": {
							"vector": [-2.91, -13.69, 17.2]
						},
						"0.6667": {
							"vector": [-3.055, -12.545, 16.98]
						},
						"0.8": {
							"vector": [-3.435, -16.77, 14.98]
						},
						"0.8333": {
							"vector": [-3.78, -16.42, 14.23]
						},
						"0.9": {
							"vector": [-3.9, -16.575, 14.76]
						},
						"0.9667": {
							"vector": [-3.9, -13.175, 14.76]
						},
						"1.1": {
							"vector": [-3.9, -13.175, 14.76]
						},
						"1.2333": {
							"vector": [2.7375, -6.19901, -5.37471]
						},
						"1.3": {
							"vector": [2.39413, -5.52984, -3.05292]
						},
						"1.3333": {
							"vector": [-2.35, -2.325, -9.275]
						},
						"1.4333": {
							"vector": [-2.35, -2.325, -9.275]
						},
						"1.5": {
							"vector": [-2.35, -2.325, -9.275]
						},
						"1.6333": {
							"vector": [5.58, -7.25, -1.7]
						},
						"1.7667": {
							"vector": [0, 0, 0]
						}
					}
				},
				"magazine": {
					"rotation": {
						"0.0": {
							"vector": [0, 0, 0]
						},
						"0.2333": {
							"vector": [0, 0, 0]
						},
						"0.5333": {
							"vector": [0, 0, 0]
						},
						"0.6667": {
							"vector": [-8.5, -2, 1.25]
						},
						"0.7667": {
							"vector": [-8.44764, 1.25068, -0.24794]
						},
						"0.8333": {
							"vector": [0.10142, 1.24766, 2.00259]
						},
						"0.9": {
							"vector": [0, 0, -0.75]
						},
						"0.9667": {
							"vector": [0, 0, 0]
						}
					},
					"position": {
						"0.0": {
							"vector": [0, 0, 0]
						},
						"0.2333": {
							"vector": [0, 0, 0]
						},
						"0.2667": {
							"vector": [0, -2.015, -0.73]
						},
						"0.3333": {
							"vector": [0, -18.745, -2.2]
						},
						"0.5333": {
							"vector": [0, -23, 0]
						},
						"0.6667": {
							"vector": [0.725, -7.55, -1.9]
						},
						"0.7667": {
							"vector": [0.125, -7.605, -2.075]
						},
						"0.8333": {
							"vector": [-0.645, -7.1, 0]
						},
						"0.9": {
							"vector": [0, -6.025, 0]
						},
						"0.9667": {
							"vector": [0, 0, 0]
						}
					}
				},
				"bullet": {
					"position": {
						"0.0": {
							"vector": [0, -1, 0]
						},
						"0.4333": {
							"vector": [0, -1, 0]
						},
						"0.4667": {
							"vector": [0, 0, 0]
						}
					}
				},
				"bone8": {
					"rotation": {
						"0.0": {
							"vector": [0, 0, 0]
						},
						"0.1333": {
							"vector": [-14.59597, -7.90238, -2.59699]
						},
						"1.5333": {
							"vector": [-14.59597, -7.90238, -2.59699]
						},
						"1.8": {
							"vector": [0, 0, 0]
						}
					},
					"position": {
						"0.0": {
							"vector": [0, 0, 0]
						},
						"0.1333": {
							"vector": [0, 1.025, 0]
						},
						"0.7667": {
							"vector": [-0.625, 2.595, 0]
						},
						"1.5333": {
							"vector": [0, 1.025, 0]
						},
						"1.8": {
							"vector": [0, 0, 0]
						}
					}
				},
				"bone9": {
					"rotation": {
						"0.0": {
							"vector": [0, 0, 0]
						},
						"1.8333": {
							"vector": [0, 0, 0]
						}
					},
					"position": {
						"0.0": {
							"vector": [0, 0, 0]
						},
						"0.3": {
							"vector": [-1, 0, 4.525]
						},
						"1.5667": {
							"vector": [-1, 0, 4.525]
						},
						"1.8333": {
							"vector": [0, 0, 0]
						}
					}
				}
			},
			"sound_effects": {
				"0.0": {
					"effect": "foley_start"
				},
				"0.2333": {
					"effect": "m4_magout_throw"
				},
				"0.4667": {
					"effect": "mp5_magin"
				},
				"1.2667": {
					"effect": "m4_hit"
				},
				"1.3667": {
					"effect": "foley_end"
				}
			}
		},
		"animation.model.reload": {
			"loop": true,
			"animation_length": 2.8,
			"bones": {
				"main": {
					"rotation": {
						"0.0": {
							"vector": [0, 0, 0]
						},
						"0.1333": {
							"vector": [-5.21485, -2.95862, -15.29475]
						},
						"0.2": {
							"vector": [-5.32661, -2.7519, -13.05148]
						},
						"0.3": {
							"vector": [-6.02889, 0.16976, 5.24751]
						},
						"0.4333": {
							"vector": [-6.11925, -1.74187, -5.35916]
						},
						"0.5667": {
							"vector": [-6.17486, -1.00371, -3.17504]
						},
						"0.7667": {
							"vector": [-8.43337, -6.1007, -23.37101]
						},
						"0.8333": {
							"vector": [-8.80848, -5.94362, -25.94893]
						},
						"0.9333": {
							"vector": [-9.07014, -7.63227, -28.74648]
						},
						"1.0": {
							"vector": [-6.70888, -8.74921, -39.37529]
						},
						"1.0667": {
							"vector": [-6.67274, -8.47385, -33.47033]
						},
						"1.3": {
							"vector": [0.65978, 0.18913, -3.84963]
						},
						"1.4333": {
							"vector": [0, 0, 0]
						}
					},
					"position": {
						"0.0": {
							"vector": [0, 0, 0]
						},
						"0.0667": {
							"vector": [-0.575, 0, 0]
						},
						"0.1667": {
							"vector": [-0.38, 0.875, 0.35]
						},
						"0.3": {
							"vector": [-0.705, -3.5, -0.675]
						},
						"0.4333": {
							"vector": [-0.975, -3.035, -1.605]
						},
						"0.5333": {
							"vector": [-0.705, -2.1, -1.575]
						},
						"0.7": {
							"vector": [-0.55, -0.67, -3.6]
						},
						"0.8": {
							"vector": [-0.7, -0.55, -1.85]
						},
						"0.9": {
							"vector": [-1.025, -0.3, -1.3]
						},
						"1.0": {
							"vector": [-1.15, 0.125, -1.3]
						},
						"1.1": {
							"vector": [-1.075, -0.55, -1.025]
						},
						"1.2333": {
							"vector": [0.34, -0.865, -2.46]
						},
						"1.3667": {
							"vector": [0, 0, 0]
						}
					}
				},
				"bolt": {
					"position": {
						"vector": [0, 0, 7.6]
					}
				},
				"action": {
					"rotation": {
						"vector": [0, 0, 0]
					},
					"position": {
						"vector": [0, 0, 0]
					}
				},
				"leftarm": {
					"rotation": {
						"0.0": {
							"vector": [0, 0, 0]
						},
						"0.0667": {
							"vector": [-19.45644, -5.86858, 7.49224]
						},
						"0.1333": {
							"vector": [-19.1063, -9.63723, 4.18713]
						},
						"0.2333": {
							"vector": [-15.03103, -13.37925, 0.82083]
						},
						"0.3333": {
							"vector": [43.07804, 15.85303, 7.64839]
						},
						"0.8": {
							"vector": [9.84584, 4.15599, 15.03241]
						},
						"0.8333": {
							"vector": [9.77665, 5.80251, 14.43551]
						},
						"0.9": {
							"vector": [6.85598, 4.18921, 15.11822]
						},
						"0.9667": {
							"vector": [0.91192, 3.09309, 15.72168]
						},
						"1.1": {
							"vector": [0.91192, 3.09309, 15.72168]
						},
						"1.3333": {
							"vector": [0, 0, 0]
						}
					},
					"position": {
						"0.0": {
							"vector": [0, 0, 0]
						},
						"0.0667": {
							"vector": [0, -8.975, 1.45]
						},
						"0.1333": {
							"vector": [0.625, -16.075, 0.475]
						},
						"0.2333": {
							"vector": [0.625, -16.075, 0.475]
						},
						"0.2667": {
							"vector": [-0.58, -9.97, 12.84]
						},
						"0.3": {
							"vector": [-1.505, -7.095, 19.375]
						},
						"0.5667": {
							"vector": [-2.63, -17.725, 17.63]
						},
						"0.6": {
							"vector": [-2.77, -15.865, 17.41]
						},
						"0.6333": {
							"vector": [-2.91, -13.69, 17.2]
						},
						"0.6667": {
							"vector": [-3.055, -12.545, 16.98]
						},
						"0.8": {
							"vector": [-3.435, -16.77, 14.98]
						},
						"0.8333": {
							"vector": [-3.78, -16.42, 14.23]
						},
						"0.9": {
							"vector": [-3.9, -16.575, 14.76]
						},
						"0.9667": {
							"vector": [-3.9, -13.175, 14.76]
						},
						"1.1": {
							"vector": [-3.9, -13.175, 14.76]
						},
						"1.2": {
							"vector": [2.15186, -6.51808, 9.11749]
						},
						"1.3333": {
							"vector": [0, 0, 0]
						}
					}
				},
				"magazine": {
					"rotation": {
						"0.0": {
							"vector": [0, 0, 0]
						},
						"0.2333": {
							"vector": [0, 0, 0]
						},
						"0.5333": {
							"vector": [0, 0, 0]
						},
						"0.6667": {
							"vector": [-8.5, -2, 1.25]
						},
						"0.7667": {
							"vector": [-8.44764, 1.25068, -0.24794]
						},
						"0.8333": {
							"vector": [0.10142, 1.24766, 2.00259]
						},
						"0.9": {
							"vector": [0, 0, -0.75]
						},
						"0.9667": {
							"vector": [0, 0, 0]
						}
					},
					"position": {
						"0.0": {
							"vector": [0, 0, 0]
						},
						"0.2333": {
							"vector": [0, 0, 0]
						},
						"0.2667": {
							"vector": [0, -2.015, -0.73]
						},
						"0.3333": {
							"vector": [0, -18.745, -2.2]
						},
						"0.5333": {
							"vector": [0, -23, 0]
						},
						"0.6667": {
							"vector": [0.725, -7.55, -1.9]
						},
						"0.7667": {
							"vector": [0.125, -7.605, -2.075]
						},
						"0.8333": {
							"vector": [-0.645, -7.1, 0]
						},
						"0.9": {
							"vector": [0, -6.025, 0]
						},
						"0.9667": {
							"vector": [0, 0, 0]
						}
					}
				},
				"bullet": {
					"position": {
						"0.0": {
							"vector": [0, -1, 0]
						},
						"0.4333": {
							"vector": [0, -1, 0]
						},
						"0.4667": {
							"vector": [0, 0, 0]
						}
					}
				},
				"bone8": {
					"rotation": {
						"0.0": {
							"vector": [0, 0, 0]
						},
						"0.1333": {
							"vector": [-14.59597, -7.90238, -2.59699]
						},
						"1.2": {
							"vector": [-14.59597, -7.90238, -2.59699]
						},
						"1.4667": {
							"vector": [0, 0, 0]
						}
					},
					"position": {
						"0.0": {
							"vector": [0, 0, 0]
						},
						"0.1333": {
							"vector": [0, 1.025, 0]
						},
						"0.7667": {
							"vector": [-0.625, 2.595, 0]
						},
						"1.2": {
							"vector": [0, 1.025, 0]
						},
						"1.4667": {
							"vector": [0, 0, 0]
						}
					}
				},
				"bone9": {
					"rotation": {
						"0.0": {
							"vector": [0, 0, 0]
						},
						"1.4333": {
							"vector": [0, 0, 0]
						}
					},
					"position": {
						"0.0": {
							"vector": [0, 0, 0]
						},
						"0.3": {
							"vector": [-1, 0, 4.525]
						},
						"1.1667": {
							"vector": [-1, 0, 4.525]
						},
						"1.4333": {
							"vector": [0, 0, 0]
						}
					}
				}
			},
			"sound_effects": {
				"0.0": {
					"effect": "foley_start"
				},
				"0.2333": {
					"effect": "m4_magout_throw"
				},
				"0.4667": {
					"effect": "mp5_magin"
				},
				"0.9": {
					"effect": "foley_end"
				}
			}
		},
		"animation.model.fire": {
			"animation_length": 0.25,
			"bones": {
				"bone9": {
					"rotation": {
						"0.0": {
							"vector": [0, 0, 0]
						},
						"0.0833": {
							"vector": [0, 0, 0]
						}
					},
					"position": {
						"0.0": {
							"vector": [0, 0, 0]
						},
						"0.0417": {
							"vector": [0, 0, 2]
						},
						"0.0833": {
							"vector": [0, 0, 0]
						}
					}
				}
			}
		}
	},
	"geckolib_format_version": 2
}