{
	"format_version": "1.8.0",
	"animations": {
		"animation.model.reloadempty": {
			"animation_length": 3.6667,
			"bones": {
				"main": {
					"rotation": {
						"0.0": {
							"vector": [0, 0, 0]
						},
						"0.2667": {
							"vector": [-2.02704, 5.29616, 39.71496]
						},
						"0.4": {
							"vector": [-1.05722, 5.42643, 44.73519]
						},
						"0.5": {
							"vector": [-1.83979, 5.33749, 41.72323]
						},
						"0.5667": {
							"vector": [-1.97212, 5.51134, 48.25017]
						},
						"0.6667": {
							"vector": [-1.84753, 5.32872, 42.34036]
						},
						"0.7667": {
							"vector": [-1.00853, 5.40058, 45.23857]
						},
						"0.8667": {
							"vector": [-0.72369, 5.44594, 48.25171]
						},
						"0.9667": {
							"vector": [-3.45963, 0.91181, 20.60114]
						},
						"1.1333": {
							"vector": [-3.82997, -0.22622, -12.57958]
						},
						"1.3": {
							"vector": [-2.99314, -0.3451, -4.90401]
						},
						"1.4": {
							"vector": [-2.26611, -2.3067, -26.09218]
						},
						"1.5": {
							"vector": [-1.32173, 3.14073, 8.47746]
						},
						"1.6": {
							"vector": [-1.02943, 1.16716, 35.53071]
						},
						"1.7333": {
							"vector": [-1.15372, 0.17744, 22.2964]
						},
						"1.8667": {
							"vector": [-0.9269, -0.13064, 19.55546]
						},
						"2.0333": {
							"vector": [-4.78927, -5.06685, -7.47028]
						},
						"2.1667": {
							"vector": [-9.69587, -6.81659, -23.77392]
						},
						"2.3": {
							"vector": [-8.4828, -8.28104, -32.98754]
						},
						"2.4333": {
							"vector": [-9.07014, -7.63227, -28.74648]
						},
						"2.5333": {
							"vector": [-6.70888, -8.74921, -39.37529]
						},
						"2.6333": {
							"vector": [-6.67274, -8.47385, -33.47033]
						},
						"2.7667": {
							"vector": [-5.35749, -3.38984, -21.36846]
						},
						"2.8667": {
							"vector": [-3.68785, -3.32623, -20.36901]
						},
						"2.9333": {
							"vector": [-4.01371, -3.91418, -15.81009]
						},
						"3.0333": {
							"vector": [-3.22245, -5.16713, -25.78219]
						},
						"3.1333": {
							"vector": [-3.82888, -3.95992, -18.57018]
						},
						"3.3667": {
							"vector": [0.66015, 1.93901, -3.82947]
						},
						"3.5": {
							"vector": [0, 0, 0]
						}
					},
					"position": {
						"0.0": {
							"vector": [0, 0, 0]
						},
						"0.0667": {
							"vector": [0.3, -0.5, -0.9]
						},
						"0.2": {
							"vector": [2.9, -2.7, 4.3]
						},
						"0.3667": {
							"vector": [2.65, -2.95, 6.6]
						},
						"0.4667": {
							"vector": [2.9, -2.95, 8]
						},
						"0.6": {
							"vector": [2.9, -2.7, 10.675]
						},
						"0.7333": {
							"vector": [2.75, -2.7, 8.27]
						},
						"1.0": {
							"vector": [1.98, -7.2, 3.59]
						},
						"1.1667": {
							"vector": [-1.45, -4.5, -3.13]
						},
						"1.2667": {
							"vector": [-1.975, -2.875, -2.13]
						},
						"1.4": {
							"vector": [-1.325, -1.7, -1.03]
						},
						"1.5": {
							"vector": [-0.325, -3.675, -3.38]
						},
						"1.6333": {
							"vector": [-1.095, -5, -3.38]
						},
						"1.7667": {
							"vector": [-0.445, -4.645, -3.38]
						},
						"1.9667": {
							"vector": [0.62, -3.49, -2.72]
						},
						"2.1333": {
							"vector": [1.145, -2.65, -2.18]
						},
						"2.2333": {
							"vector": [0.3, -1.55, -1.85]
						},
						"2.3333": {
							"vector": [0.15, -1.45, -1.3]
						},
						"2.4": {
							"vector": [-0.025, -1.475, -1.3]
						},
						"2.5": {
							"vector": [-0.075, -1.2, -1.3]
						},
						"2.5667": {
							"vector": [-0.575, -0.5, -0.775]
						},
						"2.6667": {
							"vector": [-0.075, -1.225, -1.025]
						},
						"2.8": {
							"vector": [0.57, -1.51, -0.98]
						},
						"2.9": {
							"vector": [0.495, -1.985, -1.855]
						},
						"2.9333": {
							"vector": [0.34, -1.96, -1.96]
						},
						"3.0": {
							"vector": [0.035, -1.92, -3.705]
						},
						"3.1333": {
							"vector": [0.48, -1.85, -1.58]
						},
						"3.2": {
							"vector": [0.77, -1.81, -2.13]
						},
						"3.3333": {
							"vector": [0.34, -0.865, -2.46]
						},
						"3.4333": {
							"vector": [0, 0, 0]
						}
					}
				},
				"leftarm": {
					"rotation": {
						"0.0": {
							"vector": [0, 0, 0]
						},
						"0.1": {
							"vector": [-0.96238, -5.64259, -8.85938]
						},
						"0.2": {
							"vector": [-14.39129, 2.01523, -20.09643]
						},
						"0.2667": {
							"vector": [-14.39129, 2.01523, -20.09643]
						},
						"0.3667": {
							"vector": [-10.31472, -6.6592, -26.86753]
						},
						"0.4": {
							"vector": [-10.31472, -6.6592, -26.86753]
						},
						"0.4667": {
							"vector": [-14.31472, -6.6592, -26.86753]
						},
						"0.5": {
							"vector": [-16.31472, -6.6592, -26.86753]
						},
						"0.6": {
							"vector": [-28.11914, -10.30884, -28.51655]
						},
						"0.7": {
							"vector": [-27.71983, -14.86041, -30.62485]
						},
						"0.8": {
							"vector": [-22.13956, -4.10948, -30.11456]
						},
						"0.8667": {
							"vector": [-22.13956, -4.10948, -30.11456]
						},
						"1.1": {
							"vector": [-27.24583, -9.65718, 22.26068]
						},
						"1.1667": {
							"vector": [-27.24583, -9.65718, 22.26068]
						},
						"1.2333": {
							"vector": [-26.24759, -11.46951, 13.80926]
						},
						"1.3": {
							"vector": [-26.24759, -11.46951, 13.80926]
						},
						"1.5": {
							"vector": [39.82148, 22.01614, 8.9869]
						},
						"1.9": {
							"vector": [39.82148, 22.01614, 8.9869]
						},
						"2.1333": {
							"vector": [-4.11557, 5.91622, 13.80556]
						},
						"2.2333": {
							"vector": [-4.42591, 3.41205, 10.9968]
						},
						"2.2667": {
							"vector": [-4.63468, 0.39164, 7.65415]
						},
						"2.3333": {
							"vector": [-4.5362, 1.1796, 9.64129]
						},
						"2.4": {
							"vector": [-1.99366, -0.16826, 10.75827]
						},
						"2.4667": {
							"vector": [-1.98349, -0.74612, 11.23648]
						},
						"2.5333": {
							"vector": [-1.98349, -0.74612, 11.23648]
						},
						"2.6333": {
							"vector": [-1.98349, -0.74612, 11.23648]
						},
						"2.8": {
							"vector": [-23.69816, -7.17553, 22.8374]
						},
						"2.9": {
							"vector": [-22.94816, -7.17553, 22.8374]
						},
						"2.9667": {
							"vector": [-23.05817, -8.32284, 13.00795]
						},
						"3.0667": {
							"vector": [-23.05817, -8.32284, 13.00795]
						},
						"3.4": {
							"vector": [0, 0, 0]
						}
					},
					"position": {
						"0.0": {
							"vector": [0, 0, 0]
						},
						"0.1": {
							"vector": [1.03854, 1.58288, -1.91727]
						},
						"0.2": {
							"vector": [8.39666, 6.87873, -18.93978]
						},
						"0.2667": {
							"vector": [8.39666, 6.87873, -18.93978]
						},
						"0.3667": {
							"vector": [9.4, 6.88, -17.34]
						},
						"0.4": {
							"vector": [9.4, 6.88, -17.34]
						},
						"0.4667": {
							"vector": [10.2, 6.88, -17.54]
						},
						"0.5": {
							"vector": [10.8, 6.88, -18.04]
						},
						"0.6": {
							"vector": [13.1, 6.48, -13.54]
						},
						"0.7": {
							"vector": [13.1, 6.48, -13.54]
						},
						"0.8": {
							"vector": [10.9846, 7.31604, -13.75473]
						},
						"0.8667": {
							"vector": [10.9846, 7.31604, -13.75473]
						},
						"0.9667": {
							"vector": [8.08711, -2.98473, -7.26543]
						},
						"1.1": {
							"vector": [-4.27389, -13.51801, 5.05025]
						},
						"1.1667": {
							"vector": [-4.27389, -13.51801, 5.05025]
						},
						"1.2333": {
							"vector": [-3.6699, -12.78231, 5.00593]
						},
						"1.3": {
							"vector": [-3.6699, -12.78231, 5.00593]
						},
						"1.4": {
							"vector": [-2.78726, -14.12244, 18.97425]
						},
						"1.5": {
							"vector": [1.73109, -25.21634, 13.53548]
						},
						"1.9": {
							"vector": [1.73109, -25.21634, 13.53548]
						},
						"2.1333": {
							"vector": [-1.42, -22.445, 5.015]
						},
						"2.2": {
							"vector": [-1.87, -23.42, 5.015]
						},
						"2.2667": {
							"vector": [-2.52, -22.42, 5.01]
						},
						"2.3333": {
							"vector": [-3.145, -22.42, 5.01]
						},
						"2.4": {
							"vector": [-3.15, -21.47, 8.185]
						},
						"2.4667": {
							"vector": [-3.475, -18.27, 7.68]
						},
						"2.5333": {
							"vector": [-3.475, -13.995, 7.68]
						},
						"2.6333": {
							"vector": [-3.475, -13.995, 7.68]
						},
						"2.7": {
							"vector": [-0.03, -12.6, 6.36]
						},
						"2.8": {
							"vector": [-4.48, -9.015, 4.38]
						},
						"2.9": {
							"vector": [-4.48, -9.015, 5.955]
						},
						"2.9667": {
							"vector": [-2.905, -9.01, 5.63]
						},
						"3.0667": {
							"vector": [-2.905, -9.01, 5.63]
						},
						"3.2333": {
							"vector": [3.45, -8, 2.81]
						},
						"3.4": {
							"vector": [0, 0, 0]
						}
					}
				},
				"action": {
					"rotation": {
						"0.0": {
							"vector": [0, 0, 0]
						},
						"0.4": {
							"vector": [0, 0, 0]
						},
						"0.4667": {
							"vector": [0, 0, 0]
						},
						"2.9667": {
							"vector": [0, 0, 0]
						}
					},
					"position": {
						"0.0": {
							"vector": [0, 0, -0.1]
						},
						"0.4": {
							"vector": [0, 0, -0.1]
						},
						"0.4667": {
							"vector": [-0.03, 0.01, 0.77]
						},
						"0.5": {
							"vector": [-0.07, 0.02, 1.4]
						},
						"0.5667": {
							"vector": [-0.07, 0.02, 6.15]
						},
						"2.9333": {
							"vector": [-0.07, 0.02, 6.15]
						},
						"2.9667": {
							"vector": [0, 0, -0.1]
						}
					}
				},
				"ammo": {
					"rotation": {
						"0.0": {
							"vector": [0, 0, 0]
						},
						"1.3": {
							"vector": [0, 0, 0]
						},
						"1.5": {
							"vector": [0, 0, 0]
						},
						"1.6": {
							"vector": [0, 0, 11.25]
						},
						"1.9": {
							"vector": [0, 0, 11.25]
						},
						"2.1333": {
							"vector": [-6.24622, 0.21769, 3.98812]
						},
						"2.2": {
							"vector": [-6.24994, 0.02722, 2.24851]
						},
						"2.2667": {
							"vector": [-6.25096, 1.60353, 0.56691]
						},
						"2.3333": {
							"vector": [-6.2071, 1.76629, 2.0587]
						},
						"2.4": {
							"vector": [0, 0, 0]
						},
						"2.4667": {
							"vector": [0, 0, 0]
						},
						"2.5333": {
							"vector": [0, 0, 0]
						}
					},
					"position": {
						"0.0": {
							"vector": [0, 0, 0]
						},
						"1.3": {
							"vector": [0, 0, 0]
						},
						"1.4333": {
							"vector": [0, -1.925, 0]
						},
						"1.5": {
							"vector": [0, -15.02, 0]
						},
						"1.6": {
							"vector": [-3.125, -33.52, 0]
						},
						"1.9": {
							"vector": [-3.125, -33.52, 0]
						},
						"2.1333": {
							"vector": [0.38, -6.67, -2.825]
						},
						"2.2": {
							"vector": [-0.12, -8.195, -2.82]
						},
						"2.2667": {
							"vector": [-0.77, -6.99, -2.82]
						},
						"2.3333": {
							"vector": [-1.045, -6.615, -2.82]
						},
						"2.4": {
							"vector": [0, -6.675, 0]
						},
						"2.4667": {
							"vector": [0, -4.325, 0]
						},
						"2.5333": {
							"vector": [0, 0, 0]
						}
					}
				},
				"cockinghandlepin": {
					"rotation": {
						"0.0": {
							"vector": [0, 0, 0]
						},
						"0.2667": {
							"vector": [0, 0, 0]
						}
					},
					"position": {
						"0.0": {
							"vector": [0, 0, 0]
						},
						"0.2667": {
							"vector": [0, 0, 0]
						},
						"0.3667": {
							"vector": [0, 0, 0]
						},
						"0.4": {
							"vector": [0, 0, 0]
						},
						"0.4667": {
							"vector": [0, 0, 1]
						},
						"0.5": {
							"vector": [0, 0, 1.25]
						},
						"0.6": {
							"vector": [0, 0, 11]
						},
						"0.7": {
							"vector": [0, 0, 11]
						},
						"0.8": {
							"vector": [0, 0, 11]
						},
						"2.9333": {
							"vector": [0, 0, 11]
						},
						"2.9667": {
							"vector": [0, 0, 0]
						}
					}
				},
				"carryinghandle": {
					"rotation": {
						"0.0": {
							"vector": [0, 0, 0]
						},
						"0.3": {
							"vector": [0, 0, 10]
						},
						"0.4333": {
							"vector": [0, 0, 0]
						},
						"0.5333": {
							"vector": [0, 0, 15]
						},
						"0.6333": {
							"vector": [0, 0, 0]
						},
						"0.7333": {
							"vector": [0, 0, 15]
						},
						"1.4333": {
							"vector": [0, 0, 0]
						},
						"1.5333": {
							"vector": [0, 0, 15]
						},
						"1.6333": {
							"vector": [0, 0, 0]
						},
						"1.7333": {
							"vector": [0, 0, 15]
						},
						"2.9": {
							"vector": [0, 0, 0]
						},
						"3.0": {
							"vector": [0, 0, 15]
						},
						"3.1": {
							"vector": [0, 0, 0]
						},
						"3.2": {
							"vector": [0, 0, 15]
						},
						"3.2667": {
							"vector": [0, 0, 0]
						}
					},
					"position": {
						"vector": [0, 0, 0]
					}
				},
				"ammo2": {
					"rotation": {
						"0.0": {
							"vector": [0, 0, 0]
						},
						"1.3": {
							"vector": [0, 0, 0]
						},
						"1.5": {
							"vector": [0, 0, 0]
						},
						"1.6": {
							"vector": [0, 0, 11.25]
						},
						"1.9": {
							"vector": [0, 0, 11.25]
						},
						"2.1333": {
							"vector": [-6.24622, 0.21769, 3.98812]
						},
						"2.2": {
							"vector": [-6.24994, 0.02722, 2.24851]
						},
						"2.2667": {
							"vector": [-6.25096, 1.60353, 0.56691]
						},
						"2.3333": {
							"vector": [-6.2071, 1.76629, 2.0587]
						},
						"2.4": {
							"vector": [0, 0, 0]
						},
						"2.4667": {
							"vector": [0, 0, 0]
						},
						"2.5333": {
							"vector": [0, 0, 0]
						}
					},
					"position": {
						"0.0": {
							"vector": [0, 0, 0]
						},
						"1.3": {
							"vector": [0, 0, 0]
						},
						"1.4333": {
							"vector": [0, -1.925, 0]
						},
						"1.5": {
							"vector": [0, -15.02, 0]
						},
						"1.6": {
							"vector": [-3.125, -33.52, 0]
						},
						"1.9": {
							"vector": [-3.125, -33.52, 0]
						},
						"2.1333": {
							"vector": [0.38, -6.67, -2.825]
						},
						"2.2": {
							"vector": [-0.12, -8.195, -2.82]
						},
						"2.2667": {
							"vector": [-0.77, -6.99, -2.82]
						},
						"2.3333": {
							"vector": [-1.045, -6.615, -2.82]
						},
						"2.4": {
							"vector": [0, -6.675, 0]
						},
						"2.4667": {
							"vector": [0, -4.325, 0]
						},
						"2.5333": {
							"vector": [0, 0, 0]
						}
					}
				},
				"bone": {
					"rotation": {
						"0.0": {
							"vector": [0, 0, 0]
						},
						"1.0": {
							"vector": [0, 0, 0]
						}
					},
					"position": {
						"0.0": {
							"vector": [0, 0, 0]
						},
						"0.2333": {
							"vector": [1.025, 0, 16.2]
						},
						"0.8": {
							"vector": [1.025, 0, 16.2]
						},
						"1.0": {
							"vector": [0, 0, 0]
						}
					}
				}
			},
			"sound_effects": {
				"0.1667": {
					"effect": "mp5_actionup"
				},
				"0.4": {
					"effect": "mp5_actionback"
				},
				"0.5333": {
					"effect": "mp5_actionup"
				},
				"0.6": {
					"effect": "foley_start"
				},
				"0.9667": {
					"effect": "ak_magout"
				},
				"1.3667": {
					"effect": "m4_magout"
				},
				"2.0333": {
					"effect": "mp5_magin"
				},
				"2.2333": {
					"effect": "m4_magin"
				},
				"2.9333": {
					"effect": "m4_press"
				},
				"2.9667": {
					"effect": "ak_actionforward"
				},
				"3.0": {
					"effect": "foley_end"
				}
			}
		},
		"animation.model.draw": {
			"animation_length": 1.2,
			"bones": {
				"main": {
					"rotation": {
						"0.0": {
							"vector": [32.09413, -54.38778, -8.29667]
						},
						"0.25": {
							"vector": [1.77698, -9.99529, -4.30852]
						},
						"0.45": {
							"vector": [0.58201, -1.04064, 2.6563]
						},
						"0.55": {
							"vector": [0.34258, 0.38164, 0.59987]
						},
						"0.65": {
							"vector": [0, 0, 0]
						}
					},
					"position": {
						"0.0": {
							"vector": [0, -17.3, 0]
						},
						"0.1": {
							"vector": [0, -7.41, -4.07]
						},
						"0.25": {
							"vector": [-0.4, 0, -2.75]
						},
						"0.4": {
							"vector": [0.4, 0, 0.5]
						},
						"0.6": {
							"vector": [0, 0, 0]
						}
					}
				},
				"leftarm": {
					"rotation": {
						"0.0": {
							"vector": [0, 0, 0]
						},
						"0.2": {
							"vector": [1, 0, -22]
						},
						"0.4": {
							"vector": [0, 0, 0]
						}
					},
					"position": {
						"0.0": {
							"vector": [0, 0, 0]
						},
						"0.2": {
							"vector": [5.23901, 1.8754, 5.59783]
						},
						"0.4": {
							"vector": [0, 0, 0]
						}
					}
				},
				"carryinghandle": {
					"rotation": {
						"0.25": {
							"vector": [0, 0, 0]
						},
						"0.35": {
							"vector": [0, 0, 15]
						},
						"0.45": {
							"vector": [0, 0, 0]
						},
						"0.55": {
							"vector": [0, 0, 15]
						},
						"0.6": {
							"vector": [0, 0, 0]
						}
					}
				}
			},
			"sound_effects": {
				"0.0": {
					"effect": "draw"
				}
			}
		},
		"animation.model.inspect": {
			"animation_length": 4.2667,
			"bones": {
				"main": {
					"rotation": {
						"0.0": {
							"vector": [0, 0, 0]
						},
						"0.1667": {
							"vector": [-8.41746, -13.59608, -21.21259],
							"easing": "linear"
						},
						"0.3": {
							"vector": [-8.39812, -20.10111, -31.77688]
						},
						"0.4333": {
							"vector": [-9.55676, -20.88889, -28.55629]
						},
						"0.5333": {
							"vector": [-8.77652, -21.21647, -30.72851]
						},
						"0.7667": {
							"vector": [-9.4227, -20.94881, -28.93303]
						},
						"1.0": {
							"vector": [-3.1216, -20.98207, -46.44405]
						},
						"1.1333": {
							"vector": [-4.564, -20.73064, -42.44007]
						},
						"1.2333": {
							"vector": [-4.86325, -20.9153, -41.60203]
						},
						"1.3333": {
							"vector": [-4.58308, -20.97575, -42.38574]
						},
						"1.4667": {
							"vector": [-4.01131, -21.08802, -43.97908]
						},
						"1.6": {
							"vector": [-4.38767, -21.01662, -42.9316]
						},
						"1.7": {
							"vector": [-4.18847, -21.05622, -43.48691],
							"easing": "linear"
						},
						"2.0333": {
							"vector": [-16.91438, 5.38499, 54.40399],
							"easing": "linear"
						},
						"2.1667": {
							"vector": [-15.22513, 5.80082, 60.04554]
						},
						"2.3": {
							"vector": [-15.70981, 5.86025, 59.48558]
						},
						"2.4333": {
							"vector": [-15.93602, 7.03904, 62.69373]
						},
						"2.5667": {
							"vector": [-15.60896, 7.75082, 65.23442]
						},
						"2.7333": {
							"vector": [-15.71675, 7.52491, 64.42194]
						},
						"2.9": {
							"vector": [-15.56389, 7.84019, 65.55973]
						},
						"3.1": {
							"vector": [-15.61778, 7.73186, 65.16659]
						},
						"3.2667": {
							"vector": [-15.9801, 6.93689, 62.33342]
						},
						"3.4": {
							"vector": [-8.86998, 2.42135, 33.56191]
						},
						"3.5333": {
							"vector": [0, -1.75, -2.75]
						},
						"3.7": {
							"vector": [0, 0, 0]
						}
					},
					"position": {
						"0.0": {
							"vector": [0, 0, 0]
						},
						"0.3": {
							"vector": [-0.475, 1.475, -8.7]
						},
						"0.4": {
							"vector": [-0.195, 1, -7.7]
						},
						"0.5333": {
							"vector": [-0.03, 0.725, -7.7]
						},
						"0.7": {
							"vector": [0, 1.125, -7.7]
						},
						"0.9": {
							"vector": [0.125, 1.4, -8.275]
						},
						"1.2": {
							"vector": [-0.02, 1.475, -8]
						},
						"1.4": {
							"vector": [0.11, 1.425, -8.175]
						},
						"1.6667": {
							"vector": [0.275, 1.25, -7.975]
						},
						"1.8": {
							"vector": [-0.13, -1.19, -8.65]
						},
						"1.9667": {
							"vector": [-0.545, -1.325, -11.15]
						},
						"2.1333": {
							"vector": [-0.415, -1.395, -10.545]
						},
						"2.2667": {
							"vector": [-0.525, -1.455, -9.17]
						},
						"2.4": {
							"vector": [-0.49, -1.43, -9.85]
						},
						"2.5667": {
							"vector": [-0.455, -1.5, -9.24]
						},
						"2.7667": {
							"vector": [-0.53, -1.5, -9.27]
						},
						"3.0": {
							"vector": [-0.49, -1.41, -9.3]
						},
						"3.2333": {
							"vector": [-0.545, -1.325, -9.325]
						},
						"3.3667": {
							"vector": [-1.005, -0.61, -7.41]
						},
						"3.6333": {
							"vector": [0, 0, 0]
						}
					}
				},
				"leftarm": {
					"rotation": {
						"0.0": {
							"vector": [0, 0, 0]
						},
						"0.1667": {
							"vector": [0, 0, -2.5]
						},
						"1.7333": {
							"vector": [0, 0, -2.5]
						},
						"2.0333": {
							"vector": [-20, 0, -45]
						},
						"3.3": {
							"vector": [-20, 0, -45]
						},
						"3.5667": {
							"vector": [0, 0, 0]
						}
					},
					"position": {
						"0.0": {
							"vector": [0, 0, 0]
						},
						"0.1667": {
							"vector": [-0.76014, -48.20851, 24.64864]
						},
						"1.7333": {
							"vector": [-0.76014, -48.20851, 24.64864]
						},
						"2.0333": {
							"vector": [7.35, 6.25, -1.67]
						},
						"3.3": {
							"vector": [7.35, 6.25, -1.67]
						},
						"3.5667": {
							"vector": [0, 0, 0]
						}
					}
				},
				"carryinghandle": {
					"rotation": {
						"0.2": {
							"vector": [0, 0, 0]
						},
						"0.3": {
							"vector": [0, 0, 15]
						},
						"0.4": {
							"vector": [0, 0, 0]
						},
						"0.5": {
							"vector": [0, 0, 15]
						},
						"0.5667": {
							"vector": [0, 0, 0]
						},
						"0.9": {
							"vector": [0, 0, 0]
						},
						"1.0333": {
							"vector": [0, 0, 17.5]
						},
						"1.8": {
							"vector": [0, 0, 17.5]
						},
						"1.9": {
							"vector": [0, 0, 15]
						},
						"2.0333": {
							"vector": [0, 0, 15]
						},
						"2.1667": {
							"vector": [0, 0, 0]
						}
					}
				}
			},
			"sound_effects": {
				"0.0": {
					"effect": "inspect_up"
				},
				"0.8": {
					"effect": "inspect_foley"
				},
				"1.3667": {
					"effect": "inspect_turn"
				},
				"3.2667": {
					"effect": "inspect_down"
				}
			}
		},
		"animation.model.reload": {
			"animation_length": 2.15,
			"blend_weight": "1",
			"bones": {
				"main": {
					"rotation": {
						"0.0": {
							"vector": [0, 0, 0]
						},
						"0.2": {
							"vector": [-8.18218, -3.77511, -17.83048]
						},
						"0.3": {
							"vector": [-8.9758, -5.24554, -20.43274]
						},
						"0.4": {
							"vector": [-9.72359, -6.43125, -25.71808]
						},
						"0.4667": {
							"vector": [-9.75295, -5.6966, -20.76629]
						},
						"0.6": {
							"vector": [-8.80249, -6.26387, -22.83997]
						},
						"0.7667": {
							"vector": [-10.3315, -4.87039, -14.88503]
						},
						"0.8667": {
							"vector": [-9.05721, -6.15432, -29.03892]
						},
						"0.9667": {
							"vector": [-8.78496, -7.85085, -36.36814]
						},
						"1.0667": {
							"vector": [-8.4828, -8.28104, -42.98754]
						},
						"1.1667": {
							"vector": [-9.07014, -7.63227, -38.74648]
						},
						"1.2667": {
							"vector": [-6.70888, -8.74921, -49.37529]
						},
						"1.3333": {
							"vector": [-6.67274, -8.47385, -43.47033]
						},
						"1.4333": {
							"vector": [-7.94606, -7.2944, -34.20792]
						},
						"1.5667": {
							"vector": [-1.77897, -0.90446, -11.20517]
						},
						"1.6667": {
							"vector": [0.65978, 0.18913, -3.84963]
						},
						"1.7667": {
							"vector": [0, 0, 0]
						}
					},
					"position": {
						"0.0": {
							"vector": [0, 0, 0]
						},
						"0.1333": {
							"vector": [-0.55, -1.27, -6.6]
						},
						"0.2667": {
							"vector": [-0.875, -1.495, -5.6]
						},
						"0.3667": {
							"vector": [-0.565, -1.53, -3.35]
						},
						"0.5": {
							"vector": [-0.835, -2, -3.05]
						},
						"0.7333": {
							"vector": [-0.55, -1.795, -3.6]
						},
						"0.8667": {
							"vector": [-0.7, -1.325, -1.85]
						},
						"0.9667": {
							"vector": [-0.895, -0.675, -1.58]
						},
						"1.0667": {
							"vector": [-0.85, -0.45, -1.3]
						},
						"1.1667": {
							"vector": [-1.025, -0.475, -1.3]
						},
						"1.2333": {
							"vector": [-1.425, 0.15, -1.3]
						},
						"1.3333": {
							"vector": [-1.275, -0.35, -0.775]
						},
						"1.4": {
							"vector": [-1.075, -0.775, -1.025]
						},
						"1.5": {
							"vector": [-0.23, -0.81, -1.255]
						},
						"1.6": {
							"vector": [0.34, -0.865, -3.335]
						},
						"1.7": {
							"vector": [0, 0, 0]
						}
					}
				},
				"leftarm": {
					"rotation": {
						"0.0": {
							"vector": [0, 0, 0]
						},
						"0.1333": {
							"vector": [20.7545, 6.23781, -12.10268]
						},
						"0.2667": {
							"vector": [34.00422, 19.3818, 12.82924]
						},
						"0.4333": {
							"vector": [-20.96319, -3.65402, 9.67668]
						},
						"0.5667": {
							"vector": [-20.96319, -3.65402, 9.67668]
						},
						"0.7333": {
							"vector": [-20.92965, -2.54227, 8.32476]
						},
						"0.9": {
							"vector": [10.45147, 11.66703, 7.23928]
						},
						"1.0": {
							"vector": [13.90283, 13.07233, 12.18586]
						},
						"1.0667": {
							"vector": [12.4265, 10.84128, 13.34668]
						},
						"1.1333": {
							"vector": [11.82237, 9.36596, 10.38842]
						},
						"1.2": {
							"vector": [4.45827, 10.36016, 13.50411]
						},
						"1.3333": {
							"vector": [4.45827, 10.36016, 13.50411]
						},
						"1.4667": {
							"vector": [16.95827, 10.36016, 13.50411]
						},
						"1.6667": {
							"vector": [0, 0, 0]
						}
					},
					"position": {
						"0.0": {
							"vector": [0, 0, 0]
						},
						"0.1333": {
							"vector": [2.50449, -30.06503, 13.75553]
						},
						"0.2667": {
							"vector": [-0.05593, -29.52815, 15.57997]
						},
						"0.4333": {
							"vector": [3.06835, -8.14166, 5.37728]
						},
						"0.5667": {
							"vector": [3.03788, -7.07129, 5.37071]
						},
						"0.7333": {
							"vector": [2.99945, -21.85485, 4.37648]
						},
						"0.8": {
							"vector": [2.73107, -23.29886, 8.40761]
						},
						"0.8333": {
							"vector": [0.70963, -21.27447, 8.971]
						},
						"0.9": {
							"vector": [-0.93948, -15.5497, 12.48214]
						},
						"1.0": {
							"vector": [-1.76129, -13.81309, 12.70928]
						},
						"1.0667": {
							"vector": [-2.70611, -13.7989, 11.46001]
						},
						"1.1333": {
							"vector": [-2.40122, -12.07629, 12.08491]
						},
						"1.2": {
							"vector": [-1.78701, -9.80564, 10.63029]
						},
						"1.3333": {
							"vector": [-1.81943, -9.69472, 10.62047]
						},
						"1.4667": {
							"vector": [-4.5006, -28.39595, 22.36689]
						},
						"1.5333": {
							"vector": [6.595, -20.8, 21.23]
						},
						"1.6667": {
							"vector": [0, 0, 0]
						}
					}
				},
				"ammo": {
					"rotation": {
						"0.0": {
							"vector": [0, 0, 0]
						},
						"0.4333": {
							"vector": [0, 0, 0]
						},
						"0.5667": {
							"vector": [0, 0, 0]
						},
						"0.7333": {
							"vector": [-0.26089, -1.15045, -1.56793]
						},
						"0.9": {
							"vector": [-70.70042, -2.16252, -4.56501]
						},
						"1.0": {
							"vector": [-70.80176, -2.13657, -0.84623]
						},
						"1.0667": {
							"vector": [-70.80176, -2.13657, -0.84623]
						},
						"1.2": {
							"vector": [-70.80176, -2.13657, -0.84623]
						},
						"1.3333": {
							"vector": [-70.80176, -2.13657, -0.84623]
						}
					},
					"position": {
						"0.0": {
							"vector": [0, 0, 0]
						},
						"0.4333": {
							"vector": [0, 0, 0]
						},
						"0.5667": {
							"vector": [0, 0, 0]
						},
						"0.7333": {
							"vector": [0.3, -8.425, -0.2]
						},
						"0.8": {
							"vector": [-0.15, -12.605, -4.275]
						},
						"0.8333": {
							"vector": [-1.77, -10.16, -8.625]
						},
						"0.9": {
							"vector": [-3.65, -3.605, -10.525]
						},
						"0.9333": {
							"vector": [-3.45, -1.61, -10.52]
						},
						"1.0": {
							"vector": [-3.45, -1.61, -10.52]
						},
						"1.0667": {
							"vector": [-3.65, -0.735, -10.52]
						},
						"1.1333": {
							"vector": [-3.65, 0.745, -10.52]
						},
						"1.2": {
							"vector": [-3.65, 4.39, -10.52]
						},
						"1.3333": {
							"vector": [-3.65, 4.39, -10.52]
						},
						"1.5": {
							"vector": [-3.65, -26.21, 0.73]
						}
					}
				},
				"carryinghandle": {
					"rotation": {
						"0.3333": {
							"vector": [0, 0, 0]
						},
						"0.4333": {
							"vector": [0, 0, 15]
						},
						"0.5333": {
							"vector": [0, 0, 0]
						},
						"0.6333": {
							"vector": [0, 0, 15]
						},
						"0.7": {
							"vector": [0, 0, 0]
						},
						"1.1333": {
							"vector": [0, 0, 0]
						},
						"1.2333": {
							"vector": [0, 0, 15]
						},
						"1.3333": {
							"vector": [0, 0, 0]
						},
						"1.4333": {
							"vector": [0, 0, 15]
						},
						"1.5": {
							"vector": [0, 0, 0]
						}
					}
				},
				"ammo2": {
					"rotation": {
						"0.0": {
							"vector": [0, 0, 0]
						},
						"0.2667": {
							"vector": [0, 0, 0]
						},
						"0.4333": {
							"vector": [50.80984, -7.91946, 4.4519]
						},
						"0.5667": {
							"vector": [50.53428, -10.04684, 6.21628]
						},
						"0.7333": {
							"vector": [51.25129, 0.29183, -2.51212]
						},
						"0.9": {
							"vector": [-5.0289, -7.32168, -3.37272]
						},
						"1.0": {
							"vector": [-0.26089, -1.15045, -1.56793]
						},
						"1.0667": {
							"vector": [-4.75, 0, 0]
						},
						"1.1333": {
							"vector": [-4.74838, 0.1242, 1.49485]
						},
						"1.2": {
							"vector": [0, 0, 0]
						}
					},
					"position": {
						"0.0": {
							"vector": [0, 0, 0]
						},
						"0.2667": {
							"vector": [2.03814, -27.89287, 1.3615]
						},
						"0.4333": {
							"vector": [4.55, 11.65, 6.025]
						},
						"0.5667": {
							"vector": [3.95, 12.95, 5.675]
						},
						"0.7333": {
							"vector": [4.35, -2.125, 4.725]
						},
						"0.8": {
							"vector": [3.4, -7.32, 2.72]
						},
						"0.8333": {
							"vector": [1.7, -8.335, 0.71]
						},
						"0.9": {
							"vector": [0, -8.35, -1.3]
						},
						"1.0": {
							"vector": [0.3, -6.875, -0.2]
						},
						"1.0667": {
							"vector": [0, -6.65, -1.75]
						},
						"1.1333": {
							"vector": [-0.475, -5.15, -1.75]
						},
						"1.2": {
							"vector": [0, 0, 0]
						}
					},
					"scale": {
						"0.0": {
							"vector": [-0.01, 0, 0]
						},
						"0.2667": {
							"vector": [1, 1, 1]
						}
					}
				}
			},
			"sound_effects": {
				"0.0": {
					"effect": "foley_start"
				},
				"0.4667": {
					"effect": "m4_magout"
				},
				"0.7333": {
					"effect": "ak_magin"
				},
				"0.8": {
					"effect": "m4_magin"
				},
				"1.1667": {
					"effect": "foley_end"
				}
			}
		}
	},
	"geckolib_format_version": 2
}