{
	"format_version": "1.8.0",
	"animations": {
		"animation.model.inspect": {
			"loop": true,
			"animation_length": 4.26667,
			"bones": {
				"main": {
					"rotation": {
						"0.0": {
							"vector": [0, 0, 0]
						},
						"0.1667": {
							"vector": [-8.41746, -13.59608, -21.21259]
						},
						"0.3": {
							"vector": [-8.39812, -20.10111, -31.77688]
						},
						"0.4333": {
							"vector": [-9.55676, -20.88889, -28.55629]
						},
						"0.5333": {
							"vector": [-8.77652, -21.21647, -30.72851]
						},
						"0.7667": {
							"vector": [-9.4227, -20.94881, -28.93303]
						},
						"1.0": {
							"vector": [-3.1216, -20.98207, -46.44405]
						},
						"1.1333": {
							"vector": [-4.564, -20.73064, -42.44007]
						},
						"1.2333": {
							"vector": [-4.86325, -20.9153, -41.60203]
						},
						"1.3333": {
							"vector": [-4.58308, -20.97575, -42.38574]
						},
						"1.4667": {
							"vector": [-4.01131, -21.08802, -43.97908]
						},
						"1.6": {
							"vector": [-4.38767, -21.01662, -42.9316]
						},
						"1.7": {
							"vector": [-4.18847, -21.05622, -43.48691]
						},
						"2.0333": {
							"vector": [-16.91438, 5.38499, 54.40399]
						},
						"2.1667": {
							"vector": [-15.22513, 5.80082, 60.04554]
						},
						"2.3": {
							"vector": [-15.70981, 5.86025, 59.48558]
						},
						"2.4333": {
							"vector": [-15.93602, 7.03904, 62.69373]
						},
						"2.5667": {
							"vector": [-15.60896, 7.75082, 65.23442]
						},
						"2.7333": {
							"vector": [-15.71675, 7.52491, 64.42194]
						},
						"2.9": {
							"vector": [-15.56389, 7.84019, 65.55973]
						},
						"3.1": {
							"vector": [-15.61778, 7.73186, 65.16659]
						},
						"3.2667": {
							"vector": [-15.9801, 6.93689, 62.33342]
						},
						"3.4": {
							"vector": [-8.86998, 2.42135, 33.56191]
						},
						"3.5333": {
							"vector": [0, -1.75, -2.75]
						},
						"3.7": {
							"vector": [0, 0, 0]
						}
					},
					"position": {
						"0.0": {
							"vector": [0, 0, 0]
						},
						"0.3": {
							"vector": [-0.475, 1.475, -8.7]
						},
						"0.4": {
							"vector": [-0.195, 1, -7.7]
						},
						"0.5333": {
							"vector": [-0.03, 0.725, -7.7]
						},
						"0.7": {
							"vector": [0, 1.125, -7.7]
						},
						"0.9": {
							"vector": [0.125, 1.4, -8.275]
						},
						"1.2": {
							"vector": [-0.02, 1.475, -8]
						},
						"1.4": {
							"vector": [0.11, 1.425, -8.175]
						},
						"1.6667": {
							"vector": [0.275, 1.25, -7.975]
						},
						"1.8": {
							"vector": [-0.13, -1.19, -8.65]
						},
						"1.9667": {
							"vector": [-0.545, -1.325, -11.15]
						},
						"2.1333": {
							"vector": [-0.415, -1.395, -10.545]
						},
						"2.2667": {
							"vector": [-0.525, -1.455, -9.17]
						},
						"2.4": {
							"vector": [-0.49, -1.43, -9.85]
						},
						"2.5667": {
							"vector": [-0.455, -1.5, -9.24]
						},
						"2.7667": {
							"vector": [-0.53, -1.5, -9.27]
						},
						"3.0": {
							"vector": [-0.49, -1.41, -9.3]
						},
						"3.2333": {
							"vector": [-0.545, -1.325, -9.325]
						},
						"3.3667": {
							"vector": [-1.005, -0.61, -7.41]
						},
						"3.6333": {
							"vector": [0, 0, 0]
						}
					}
				},
				"leftarm": {
					"rotation": {
						"0.0": {
							"vector": [0, 0, 0]
						},
						"0.1667": {
							"vector": [0, 0, -2.5]
						},
						"1.7333": {
							"vector": [0, 0, -2.5]
						},
						"2.0333": {
							"vector": [-20, 0, -45]
						},
						"3.3": {
							"vector": [-20, 0, -45]
						},
						"3.5667": {
							"vector": [0, 0, 0]
						}
					},
					"position": {
						"0.0": {
							"vector": [0, 0, 0]
						},
						"0.1667": {
							"vector": [11.23986, -30.20851, 24.64864]
						},
						"1.7333": {
							"vector": [11.23986, -30.20851, 24.64864]
						},
						"2.0333": {
							"vector": [7.35, 6.25, 2.33]
						},
						"3.3": {
							"vector": [7.35, 6.25, 2.33]
						},
						"3.5667": {
							"vector": [0, 0, 0]
						}
					}
				}
			}
		},
		"animation.model.draw": {
			"animation_length": 1.2,
			"bones": {
				"main": {
					"rotation": {
						"0.0": {
							"vector": [18.3516, -10.6923, 15.19687]
						},
						"0.2": {
							"vector": [1.75167, -2.49883, -4.07639]
						},
						"0.35": {
							"vector": [0.58201, -1.04064, 2.6563]
						},
						"0.45": {
							"vector": [0.34258, 0.38164, 0.59987]
						},
						"0.55": {
							"vector": [0, 0, 0]
						}
					},
					"position": {
						"0.0": {
							"vector": [0, -17.3, 10]
						},
						"0.1": {
							"vector": [0, -7.41, -4.07]
						},
						"0.2": {
							"vector": [-0.4, -1.2, -7.75]
						},
						"0.3": {
							"vector": [0.4, 0, 1.6]
						},
						"0.5": {
							"vector": [0, 0, 0]
						}
					}
				},
				"leftarm": {
					"rotation": {
						"0.0": {
							"vector": [0, 0, 0]
						},
						"0.2": {
							"vector": [1, 0, -22]
						},
						"0.4": {
							"vector": [0, 0, 0]
						}
					},
					"position": {
						"0.0": {
							"vector": [0, 0, 0]
						},
						"0.2": {
							"vector": [3.53901, 3.6754, 5.59783]
						},
						"0.4": {
							"vector": [0, 0, 0]
						}
					}
				}
			}
		},
		"animation.model.reload": {
			"animation_length": 4.1,
			"blend_weight": "1",
			"bones": {
				"main": {
					"rotation": {
						"0.0": {
							"vector": [0, 0, 0]
						},
						"0.1333": {
							"vector": [-4.99101, -5.1396, -9.03954],
							"easing": "linear"
						},
						"0.2333": {
							"vector": [-5.43923, -5.93005, -9.47469]
						},
						"0.3333": {
							"vector": [-4.62266, -6.27466, -7.67741]
						},
						"0.4333": {
							"vector": [-4.04005, -6.32804, -8.43006]
						},
						"0.5333": {
							"vector": [-3.62203, -5.6169, -5.20628]
						},
						"0.6667": {
							"vector": [-3.42352, -5.7398, -7.21234]
						},
						"0.7667": {
							"vector": [-3.64653, -5.60105, -4.95558]
						},
						"0.8667": {
							"vector": [-3.42352, -5.7398, -7.21234]
						},
						"0.9333": {
							"vector": [-4.62266, -6.27466, -7.67741]
						},
						"1.0333": {
							"vector": [-4.04005, -6.32804, -8.43006]
						},
						"1.1333": {
							"vector": [-3.62203, -5.6169, -5.20628]
						},
						"1.2667": {
							"vector": [-3.42352, -5.7398, -7.21234]
						},
						"1.3667": {
							"vector": [-3.64653, -5.60105, -4.95558]
						},
						"1.5333": {
							"vector": [-3.325, -5.31484, -8.49552]
						},
						"1.6667": {
							"vector": [-0.39714, -5.03308, -19.04289],
							"easing": "linear"
						},
						"1.8667": {
							"vector": [-0.14324, -5.20836, -21.63521]
						},
						"2.0667": {
							"vector": [-1.32616, -5.37586, -8.49303],
							"easing": "easeInSine"
						},
						"2.1667": {
							"vector": [-1.01019, -5.44245, -11.84064]
						},
						"2.2333": {
							"vector": [-1.63037, -5.59698, -7.60091]
						},
						"2.3333": {
							"vector": [-1.19666, -5.55256, -11.42778]
						},
						"2.3667": {
							"vector": [-1.15272, -5.41414, -10.33415]
						},
						"2.4667": {
							"vector": [-0.5915, -2.26814, -7.96356]
						},
						"2.6667": {
							"vector": [0, 0, 0]
						},
						"2.7333": {
							"vector": [-1.32616, -5.37586, -8.49303],
							"easing": "easeInSine"
						},
						"2.8333": {
							"vector": [-1.01019, -5.44245, -11.84064]
						},
						"2.9": {
							"vector": [-3.325, -5.31484, -8.49552]
						},
						"3.0333": {
							"vector": [-0.39714, -5.03308, -19.04289],
							"easing": "linear"
						},
						"3.4667": {
							"vector": [0, 0, 0]
						}
					},
					"position": {
						"0.0": {
							"vector": [0, 0, 0]
						},
						"0.1": {
							"vector": [-0.3, -2, -2.7],
							"easing": "easeOutSine"
						},
						"0.2333": {
							"vector": [-0.225, -2.47, -1.5]
						},
						"0.3333": {
							"vector": [0.095, -2.72, -0.7]
						},
						"0.4333": {
							"vector": [-0.13, -2.59, -0.7]
						},
						"0.5333": {
							"vector": [0.05, -2.095, -0.325]
						},
						"0.6667": {
							"vector": [0.05, -2.85, -0.7]
						},
						"0.8": {
							"vector": [0.05, -2.85, -0.7]
						},
						"0.9333": {
							"vector": [0.095, -2.72, -0.7]
						},
						"1.0333": {
							"vector": [-0.13, -2.59, -0.7]
						},
						"1.1333": {
							"vector": [0.05, -2.095, -0.325]
						},
						"1.2667": {
							"vector": [0.05, -2.85, -0.7]
						},
						"1.5667": {
							"vector": [-0.075, -2.525, -0.4]
						},
						"1.7333": {
							"vector": [-0.48, -2.52, -0.075]
						},
						"1.9333": {
							"vector": [-0.23, -2.52, -1.05]
						},
						"2.1333": {
							"vector": [-0.23, -2.52, -0.55]
						},
						"2.2333": {
							"vector": [-0.23, -2.795, -0.55]
						},
						"2.2667": {
							"vector": [-0.23, -3.175, -0.55]
						},
						"2.3667": {
							"vector": [-0.23, -2.69, -0.55]
						},
						"2.4667": {
							"vector": [-0.14, -1.935, 0.745]
						},
						"2.6333": {
							"vector": [0, 0, 0]
						},
						"2.8": {
							"vector": [-0.23, -2.52, -0.55]
						},
						"2.9333": {
							"vector": [-0.075, -2.525, -0.4]
						},
						"3.1": {
							"vector": [-0.48, -2.52, -0.075]
						},
						"3.4667": {
							"vector": [0, 0, 0]
						}
					}
				},
				"leftarm": {
					"rotation": {
						"0.4667": {
							"vector": [0, 0, 0]
						},
						"0.5667": {
							"vector": [1.68187, -11.94388, -16.71475]
						},
						"0.7667": {
							"vector": [-6.56985, -19.25195, -33.46479]
						},
						"0.9": {
							"vector": [-6.56985, -19.25195, -33.46479]
						},
						"1.1333": {
							"vector": [-6.56985, -19.25195, -33.46479]
						},
						"1.2": {
							"vector": [-11.89973, -24.67964, -13.88454]
						},
						"1.3": {
							"vector": [-9.73683, -20.18892, -1.85483]
						},
						"1.4333": {
							"vector": [11.64271, -13.85856, 10.81236]
						},
						"1.5667": {
							"vector": [21.11393, -11.9921, 26.24671]
						},
						"1.8333": {
							"vector": [21.11393, -11.9921, 26.24671]
						},
						"1.9667": {
							"vector": [11.64271, -13.85856, 10.81236]
						},
						"2.1": {
							"vector": [-9.73683, -20.18892, -1.85483]
						},
						"2.2": {
							"vector": [-11.89973, -24.67964, -13.88454]
						},
						"2.2667": {
							"vector": [-6.56985, -19.25195, -33.46479]
						},
						"2.3667": {
							"vector": [-6.56985, -19.25195, -33.46479]
						},
						"2.5": {
							"vector": [-6.56985, -19.25195, -33.46479]
						},
						"2.6333": {
							"vector": [-3.77873, -19.40539, -25.38236]
						},
						"3.4667": {
							"vector": [1.68187, -11.94388, -16.71475]
						},
						"3.6333": {
							"vector": [0, 0, 0]
						}
					},
					"position": {
						"0.4667": {
							"vector": [0, 0, 0]
						},
						"0.6333": {
							"vector": [6, 10.4, 0]
						},
						"0.7667": {
							"vector": [4.45, 11.85, 4.725]
						},
						"0.9": {
							"vector": [4.45, 11.85, 4.725]
						},
						"0.9667": {
							"vector": [4.45, 11.85, 0.555]
						},
						"1.3": {
							"vector": [5.825, 11.85, 0.56]
						},
						"1.4": {
							"vector": [7.08, 4.525, 0.56]
						},
						"1.6": {
							"vector": [16.78, -54.38, 0.56]
						},
						"1.8": {
							"vector": [16.78, -54.38, 0.56]
						},
						"2.0": {
							"vector": [7.08, 4.525, 0.56]
						},
						"2.1": {
							"vector": [5.825, 11.85, 0.56]
						},
						"2.2667": {
							"vector": [4.23, 11.85, 0.56]
						},
						"2.3667": {
							"vector": [5.83, 12.675, 0.56]
						},
						"2.5": {
							"vector": [4.28, 10.025, 8.36]
						},
						"2.6333": {
							"vector": [4.28, 10.025, 8.36]
						},
						"2.7667": {
							"vector": [8.82, 10.07, 19.205]
						},
						"2.9": {
							"vector": [4.09, 2.275, 31.12]
						},
						"3.3667": {
							"vector": [4.09, 2.275, 31.12]
						},
						"3.5333": {
							"vector": [6, 10.4, 0]
						},
						"3.6333": {
							"vector": [0, 0, 0]
						}
					}
				},
				"magazine": {
					"rotation": {
						"0.0": {
							"vector": [0, 0, 0]
						},
						"0.5": {
							"vector": [0, 0, 0]
						},
						"0.6": {
							"vector": [5.75, 0, 0]
						},
						"0.7": {
							"vector": [9.18111, -2.67425, -17.33213]
						},
						"0.8": {
							"vector": [-8.38822, -11.22702, -29.15127]
						},
						"0.9667": {
							"vector": [-31.8604, -21.0944, -22.99217]
						},
						"1.1667": {
							"vector": [-31.8604, -21.0944, -22.99217]
						},
						"1.3": {
							"vector": [-8.38822, -11.22702, -29.15127]
						},
						"1.4": {
							"vector": [9.18111, -2.67425, -17.33213]
						},
						"1.5": {
							"vector": [4.94193, 1.49299, -2.363]
						},
						"1.6": {
							"vector": [6.52744, -0.49511, -2.56265]
						},
						"1.7": {
							"vector": [7, 0, 0]
						},
						"1.7667": {
							"vector": [0, 0, 0]
						}
					},
					"position": {
						"0.0": {
							"vector": [0, 0, 0]
						},
						"0.5": {
							"vector": [0, 0, 0]
						},
						"0.6": {
							"vector": [0.32536, 0.89696, 1.702]
						},
						"0.7": {
							"vector": [1.43591, 2.85485, 9.38512],
							"easing": "easeInSine"
						},
						"0.8": {
							"vector": [-7.3317, 5.79103, 24.20379],
							"easing": "linear"
						},
						"0.9667": {
							"vector": [-15.2444, -0.54944, 44.90566]
						},
						"1.1667": {
							"vector": [-15.2444, -0.54944, 44.90566]
						},
						"1.3": {
							"vector": [-7.3317, 5.79103, 24.20379],
							"easing": "linear"
						},
						"1.4": {
							"vector": [1.43591, 2.85485, 9.38512],
							"easing": "easeInSine"
						},
						"1.5": {
							"vector": [0.20984, 0.81031, 0.71248]
						},
						"1.6": {
							"vector": [0.20984, 0.81031, 0.71248]
						},
						"1.7": {
							"vector": [0.20984, 0.81031, 0.71248]
						},
						"1.7667": {
							"vector": [0, 0, 0]
						}
					}
				},
				"rightarm": {
					"rotation": {
						"0.0": {
							"vector": [0, 0, 0]
						},
						"0.1667": {
							"vector": [0, 0, 0]
						},
						"0.3667": {
							"vector": [24.1147, -12.23505, -2.7067]
						},
						"0.4": {
							"vector": [22.51601, -12.93337, 1.07715]
						},
						"0.4667": {
							"vector": [20.77574, -13.93499, 7.93232]
						},
						"2.5": {
							"vector": [20.77574, -13.93499, 7.93232]
						},
						"2.5667": {
							"vector": [22.51601, -12.93337, 1.07715]
						},
						"2.6": {
							"vector": [24.1147, -12.23505, -2.7067]
						},
						"2.8667": {
							"vector": [0, 0, 0]
						},
						"3.0333": {
							"vector": [0, 0, 0]
						}
					},
					"position": {
						"0.0": {
							"vector": [0, 0, 0]
						},
						"0.1667": {
							"vector": [0, 0, 0]
						},
						"0.2": {
							"vector": [-3.86295, 6.54784, 7.11764]
						},
						"0.2667": {
							"vector": [-6.30411, 11.48248, 0.72768]
						},
						"0.3667": {
							"vector": [-7.80982, 21.80188, 7.56255]
						},
						"0.4": {
							"vector": [-7.80982, 21.80188, 7.56255]
						},
						"0.4667": {
							"vector": [-7.80982, 21.80188, 7.56255]
						},
						"2.5": {
							"vector": [-7.80982, 21.80188, 7.56255]
						},
						"2.5667": {
							"vector": [-7.80982, 21.80188, 7.56255]
						},
						"2.6": {
							"vector": [-7.80982, 21.80188, 7.56255]
						},
						"2.7": {
							"vector": [-6.30411, 11.48248, 0.72768]
						},
						"2.7667": {
							"vector": [-3.86295, 6.54784, 7.11764]
						},
						"2.8667": {
							"vector": [0, 0, 0]
						},
						"3.0333": {
							"vector": [0, 0, 0]
						}
					}
				},
				"mag": {
					"rotation": {
						"0.9": {
							"vector": [0, 0, 0]
						},
						"1.1333": {
							"vector": [0, 0, 0]
						},
						"1.1667": {
							"vector": [0, 0, -23.5]
						},
						"1.2": {
							"vector": [0, 0, -31.75]
						},
						"1.3667": {
							"vector": [0, 0, -42]
						},
						"1.5": {
							"vector": [0, 0, -58.75]
						},
						"1.9": {
							"vector": [0, 0, -58.75]
						},
						"2.0333": {
							"vector": [0, 0, -42]
						},
						"2.2": {
							"vector": [0, 0, -31.75]
						},
						"2.2333": {
							"vector": [0, 0, -23.5]
						},
						"2.2667": {
							"vector": [0, 0, 0]
						},
						"2.3667": {
							"vector": [0, 0, 0]
						},
						"2.6333": {
							"vector": [0, 0, 0]
						}
					},
					"position": {
						"0.9": {
							"vector": [0, 0, 0]
						},
						"0.9667": {
							"vector": [0, 0, 2.525]
						},
						"1.1333": {
							"vector": [0, 0, 2.525]
						},
						"1.1667": {
							"vector": [-1.025, 3.55, 1.73]
						},
						"1.2": {
							"vector": [-2.195, 6.225, 1.455]
						},
						"1.2333": {
							"vector": [-2.69, 6.62, 0.95]
						},
						"1.2667": {
							"vector": [-3.765, 7.395, 0.95]
						},
						"1.3": {
							"vector": [-4.66, 8.1, 0.025]
						},
						"1.3333": {
							"vector": [-7.26, 8.1, 0.02]
						},
						"1.3667": {
							"vector": [-11.96, 8.1, -1.13]
						},
						"1.4": {
							"vector": [-14.02, 3.9, -0.68]
						},
						"1.4667": {
							"vector": [-18.135, -7.8, 0.22]
						},
						"1.5": {
							"vector": [-19.755, -13.425, 0.22]
						},
						"1.5333": {
							"vector": [-21.91, -18.87, 0.22]
						},
						"1.5667": {
							"vector": [-25.01, -24.245, 0.22]
						},
						"1.6": {
							"vector": [-26.685, -57.45, 0.22]
						},
						"1.8": {
							"vector": [-26.685, -57.45, 0.22]
						},
						"1.8333": {
							"vector": [-25.01, -24.245, 0.22]
						},
						"1.8667": {
							"vector": [-21.91, -18.87, 0.22]
						},
						"1.9": {
							"vector": [-19.755, -13.425, 0.22]
						},
						"1.9333": {
							"vector": [-18.135, -7.8, 0.22]
						},
						"2.0": {
							"vector": [-14.02, 3.9, -0.68]
						},
						"2.0333": {
							"vector": [-11.96, 8.1, -1.13]
						},
						"2.0667": {
							"vector": [-7.26, 8.1, 0.02]
						},
						"2.1": {
							"vector": [-4.66, 8.1, 0.025]
						},
						"2.1333": {
							"vector": [-3.765, 7.395, 0.95]
						},
						"2.1667": {
							"vector": [-2.69, 6.62, 0.95]
						},
						"2.2": {
							"vector": [-2.195, 6.225, 1.455]
						},
						"2.2333": {
							"vector": [-1.025, 3.55, 1.73]
						},
						"2.2667": {
							"vector": [0, 0, 2.525]
						},
						"2.3667": {
							"vector": [0, 0, 2.525]
						},
						"2.6333": {
							"vector": [0, 0, 0]
						}
					}
				},
				"bone": {
					"rotation": {
						"0.0": {
							"vector": [0, 0, 0]
						},
						"0.2": {
							"vector": [-22.25, -13.75, -1.75]
						},
						"2.2667": {
							"vector": [-22.25, -13.75, -1.75]
						},
						"3.2333": {
							"vector": [-22.25, -13.75, -1.75]
						},
						"3.3667": {
							"vector": [-15.09591, -6.98014, 5.7236]
						},
						"3.5333": {
							"vector": [-4.31545, -2.7422, 1.69178]
						},
						"3.6333": {
							"vector": [0, 0, 0]
						},
						"3.7333": {
							"vector": [0.02618, 1.49977, 1.00034]
						},
						"3.8667": {
							"vector": [0, 0, 0]
						},
						"3.9667": {
							"vector": [0, 0, 0]
						}
					},
					"position": {
						"0.0": {
							"vector": [0, 0, 0]
						},
						"0.2": {
							"vector": [-4.5, -2, 0.9]
						},
						"2.2667": {
							"vector": [-4.5, -2, 0.9]
						},
						"2.5667": {
							"vector": [-4.5, -2, -14.225]
						},
						"3.2333": {
							"vector": [-4.5, -2, -14.225]
						},
						"3.6": {
							"vector": [0, 0, 0]
						},
						"3.8": {
							"vector": [0.15, -0.575, 0]
						},
						"3.9667": {
							"vector": [0, 0, 0]
						}
					}
				},
				"bone6": {
					"rotation": {
						"2.9": {
							"vector": [0, 0, 0]
						},
						"3.0": {
							"vector": [0, 0, 0]
						},
						"3.0667": {
							"vector": [0, 0, -25.5]
						},
						"3.1333": {
							"vector": [0.62396, -2.69684, -40.72862]
						},
						"3.2": {
							"vector": [0.62396, -2.69684, -40.72862]
						},
						"3.2667": {
							"vector": [-23.46326, -20.54651, -61.66524]
						},
						"3.3": {
							"vector": [-23.46326, -20.54651, -61.66524]
						},
						"3.3667": {
							"vector": [-1.76119, -46.32915, -104.98808]
						},
						"3.4667": {
							"vector": [0, 0, 0]
						}
					},
					"position": {
						"2.9": {
							"vector": [0, 0, 0]
						},
						"3.0": {
							"vector": [0, 0, 0]
						},
						"3.0667": {
							"vector": [0.8, 2.025, 0]
						},
						"3.1333": {
							"vector": [0.8, 2.03, 0]
						},
						"3.2": {
							"vector": [0.8, 2.03, 0]
						},
						"3.2667": {
							"vector": [1.05, 2.03, -2.95]
						},
						"3.3": {
							"vector": [1.05, 2.03, -2.95]
						},
						"3.3667": {
							"vector": [-2.775, 0.455, -2.95]
						},
						"3.4667": {
							"vector": [0, 0, 0]
						},
						"3.5667": {
							"vector": [5.625, 0, 0]
						}
					}
				}
			},
			"sound_effects": {
				"0.0": {
					"effect": "g11_reload"
				}
			}
		},
		"animation.model.fire": {
			"animation_length": 0.29167,
			"bones": {
				"main": {
					"rotation": {
						"0.0": {
							"post": {
								"vector": [0, 0, 0.25]
							},
							"lerp_mode": "catmullrom"
						},
						"0.0833": {
							"post": {
								"vector": [0, 0, 0.25]
							},
							"lerp_mode": "catmullrom"
						}
					},
					"position": {
						"0.0": {
							"vector": [0, 0, 0]
						},
						"0.0417": {
							"pre": {
								"vector": [0, 0, 2]
							},
							"post": {
								"vector": [0, 0, 2]
							},
							"lerp_mode": "catmullrom"
						},
						"0.0833": {
							"post": {
								"vector": [0, 0, 0]
							},
							"lerp_mode": "catmullrom"
						}
					}
				}
			}
		}
	},
	"geckolib_format_version": 2
}