{
	"format_version": "1.8.0",
	"animations": {
		"animation.model.draw": {
			"loop": true,
			"animation_length": 1.2,
			"bones": {
				"main": {
					"rotation": {
						"0.0": {
							"vector": [32.09413, -54.38778, -8.29667]
						},
						"0.35": {
							"vector": [0.50518, -5.08075, 6.8716]
						},
						"0.5": {
							"vector": [0.32389, -0.60235, -2.1558]
						},
						"0.6": {
							"vector": [0, 0, 0]
						}
					},
					"position": {
						"0.0": {
							"vector": [0, -17.3, 0]
						},
						"0.25": {
							"vector": [-0.4, -2.525, -1.625]
						},
						"0.4": {
							"vector": [-0.05, 0, -2.49]
						},
						"0.55": {
							"vector": [0, 0, 0]
						}
					}
				},
				"leftarm": {
					"rotation": {
						"0.0": {
							"vector": [0, 0, 0]
						},
						"0.2": {
							"vector": [1, 0, -22]
						},
						"0.4": {
							"vector": [0, 0, 0]
						}
					},
					"position": {
						"0.0": {
							"vector": [0, 0, 0]
						},
						"0.2": {
							"vector": [3.53901, 3.6754, 5.59783]
						},
						"0.4": {
							"vector": [0, 0, 0]
						}
					}
				}
			}
		},
		"animation.model.inspect": {
			"loop": true,
			"animation_length": 4.2667,
			"bones": {
				"main": {
					"rotation": {
						"0.0": {
							"vector": [0, 0, 0]
						},
						"0.1667": {
							"vector": [-8.41746, -13.59608, -21.21259]
						},
						"0.3": {
							"vector": [-8.39812, -20.10111, -31.77688]
						},
						"0.4333": {
							"vector": [-9.55676, -20.88889, -28.55629]
						},
						"0.5333": {
							"vector": [-8.77652, -21.21647, -30.72851]
						},
						"0.7667": {
							"vector": [-9.4227, -20.94881, -28.93303]
						},
						"1.0": {
							"vector": [-3.1216, -20.98207, -46.44405]
						},
						"1.1333": {
							"vector": [-4.564, -20.73064, -42.44007]
						},
						"1.2333": {
							"vector": [-4.86325, -20.9153, -41.60203]
						},
						"1.3333": {
							"vector": [-4.58308, -20.97575, -42.38574]
						},
						"1.4667": {
							"vector": [-4.01131, -21.08802, -43.97908]
						},
						"1.6": {
							"vector": [-4.38767, -21.01662, -42.9316]
						},
						"1.7": {
							"vector": [-4.18847, -21.05622, -43.48691]
						},
						"2.0333": {
							"vector": [-16.91438, 5.38499, 54.40399]
						},
						"2.1667": {
							"vector": [-15.22513, 5.80082, 60.04554]
						},
						"2.3": {
							"vector": [-15.70981, 5.86025, 59.48558]
						},
						"2.4333": {
							"vector": [-15.93602, 7.03904, 62.69373]
						},
						"2.5667": {
							"vector": [-15.60896, 7.75082, 65.23442]
						},
						"2.7333": {
							"vector": [-15.71675, 7.52491, 64.42194]
						},
						"2.9": {
							"vector": [-15.56389, 7.84019, 65.55973]
						},
						"3.1": {
							"vector": [-15.61778, 7.73186, 65.16659]
						},
						"3.2667": {
							"vector": [-15.9801, 6.93689, 62.33342]
						},
						"3.4": {
							"vector": [-8.86998, 2.42135, 33.56191]
						},
						"3.5333": {
							"vector": [0, -1.75, -2.75]
						},
						"3.7": {
							"vector": [0, 0, 0]
						}
					},
					"position": {
						"0.0": {
							"vector": [0, 0, 0]
						},
						"0.3": {
							"vector": [-0.475, 1.475, -8.7]
						},
						"0.4": {
							"vector": [-0.195, 1, -7.7]
						},
						"0.5333": {
							"vector": [-0.03, 0.725, -7.7]
						},
						"0.7": {
							"vector": [0, 1.125, -7.7]
						},
						"0.9": {
							"vector": [0.125, 1.4, -8.275]
						},
						"1.2": {
							"vector": [-0.02, 1.475, -8]
						},
						"1.4": {
							"vector": [0.11, 1.425, -8.175]
						},
						"1.6667": {
							"vector": [0.275, 1.25, -7.975]
						},
						"1.8": {
							"vector": [-0.13, -1.19, -8.65]
						},
						"1.9667": {
							"vector": [-0.545, -1.325, -11.15]
						},
						"2.1333": {
							"vector": [-0.415, -1.395, -10.545]
						},
						"2.2667": {
							"vector": [-0.525, -1.455, -9.17]
						},
						"2.4": {
							"vector": [-0.49, -1.43, -9.85]
						},
						"2.5667": {
							"vector": [-0.455, -1.5, -9.24]
						},
						"2.7667": {
							"vector": [-0.53, -1.5, -9.27]
						},
						"3.0": {
							"vector": [-0.49, -1.41, -9.3]
						},
						"3.2333": {
							"vector": [-0.545, -1.325, -9.325]
						},
						"3.3667": {
							"vector": [-1.005, -0.61, -7.41]
						},
						"3.6333": {
							"vector": [0, 0, 0]
						}
					}
				},
				"leftarm": {
					"rotation": {
						"0.0": {
							"vector": [0, 0, 0]
						},
						"0.1667": {
							"vector": [0, 0, -2.5]
						},
						"1.7333": {
							"vector": [0, 0, -2.5]
						},
						"2.0333": {
							"vector": [-20, 0, -45]
						},
						"3.3": {
							"vector": [-20, 0, -45]
						},
						"3.5667": {
							"vector": [0, 0, 0]
						}
					},
					"position": {
						"0.0": {
							"vector": [0, 0, 0]
						},
						"0.1667": {
							"vector": [11.23986, -30.20851, 24.64864]
						},
						"1.7333": {
							"vector": [11.23986, -30.20851, 24.64864]
						},
						"2.0333": {
							"vector": [22.35, 6.25, 2.33]
						},
						"3.3": {
							"vector": [22.35, 6.25, 2.33]
						},
						"3.4333": {
							"vector": [20.18, 3.13, 1.17]
						},
						"3.5667": {
							"vector": [0, 0, 0]
						}
					}
				},
				"tige": {
					"rotation": {
						"vector": [0, 0, 0]
					},
					"position": {
						"vector": [0, 0, 0]
					}
				}
			}
		},
		"animation.model.reload": {
			"loop": true,
			"animation_length": 2.8333,
			"blend_weight": "1",
			"bones": {
				"main": {
					"rotation": {
						"0.0": {
							"vector": [0, 0, 0]
						},
						"0.2": {
							"vector": [1.74195, -0.1677, -5.25255]
						},
						"0.3": {
							"vector": [1.71938, -0.33756, -1.4099]
						},
						"0.4": {
							"vector": [1.74137, -0.21023, -7.39619]
						},
						"0.4667": {
							"vector": [1.50142, -0.1188, -10.89501]
						},
						"0.5667": {
							"vector": [1.75216, -0.08062, -11.64423]
						},
						"0.7667": {
							"vector": [1.75773, -0.09047, -14.87072]
						},
						"0.8667": {
							"vector": [3.00128, 0.24539, -21.74591]
						},
						"0.9333": {
							"vector": [1.99354, 0.33386, -33.22869]
						},
						"1.0333": {
							"vector": [2.6616, 0.78652, -28.2028]
						},
						"1.1667": {
							"vector": [3.47834, -0.24767, -17.49625]
						},
						"1.3667": {
							"vector": [2.97875, 0.38602, -23.96968]
						},
						"1.4333": {
							"vector": [2.98503, 0.334, -22.97102]
						},
						"1.5": {
							"vector": [3.50313, -0.05827, -11.98165]
						},
						"1.7": {
							"vector": [0, 0, 0]
						},
						"1.8333": {
							"vector": [0, 0, 0]
						},
						"2.0": {
							"vector": [1.74195, -0.1677, -5.25255]
						},
						"2.1667": {
							"vector": [1.71938, -0.33756, -1.4099]
						},
						"2.3": {
							"vector": [0, 0, 0]
						}
					},
					"position": {
						"0.0": {
							"vector": [0, 0, 0]
						},
						"0.1333": {
							"vector": [-1.325, -1.825, -3.175],
							"easing": "easeInSine"
						},
						"0.2667": {
							"vector": [-1.675, -1.375, -5.1],
							"easing": "easeInSine"
						},
						"0.3667": {
							"vector": [-1.57, -1.21, -3.855]
						},
						"0.4333": {
							"vector": [-1.57, -1.21, -1.925]
						},
						"0.5333": {
							"vector": [-1.57, -1.21, -2.455]
						},
						"0.7": {
							"vector": [-1.07, -0.42, -3.875],
							"easing": "easeInSine"
						},
						"0.8333": {
							"vector": [-1.07, -0.295, -8.445],
							"easing": "easeInSine"
						},
						"0.9333": {
							"vector": [-1.07, -0.07, -8.87]
						},
						"1.0667": {
							"vector": [-1.27, -0.27, -7.815]
						},
						"1.1667": {
							"vector": [-1.07, -0.52, -7.01]
						},
						"1.2333": {
							"vector": [-1.07, -0.67, -7.56]
						},
						"1.3333": {
							"vector": [-1.07, -0.67, -7.96]
						},
						"1.4333": {
							"vector": [-1.195, -0.67, -7.885]
						},
						"1.5": {
							"vector": [-1.09, -0.72, -6.985]
						},
						"1.6667": {
							"vector": [0, 0, 0],
							"easing": "easeOutSine"
						},
						"1.8": {
							"vector": [-1.675, -1.375, -5.1],
							"easing": "easeInSine"
						},
						"2.0667": {
							"vector": [0, 0, 0]
						}
					}
				},
				"leftarm": {
					"rotation": {
						"0.0": {
							"vector": [0, 0, 0]
						},
						"0.1667": {
							"vector": [-0.14434, -0.55483, 3.15431]
						},
						"0.4": {
							"vector": [-0.14434, -0.55483, 3.15431]
						},
						"0.5333": {
							"vector": [14.54032, 1.93778, -15.1221]
						},
						"0.6333": {
							"vector": [14.54032, 1.93778, -15.1221]
						},
						"0.7667": {
							"vector": [11.25941, -21.85168, -21.40694]
						},
						"0.8333": {
							"vector": [18.63239, -26.24523, -31.26199]
						},
						"0.9": {
							"vector": [28.06208, -20.90301, -32.73639]
						},
						"0.9667": {
							"vector": [30.56208, -20.90301, -32.73639]
						},
						"1.1": {
							"vector": [22.12554, -3.44801, -11.61915]
						},
						"1.2333": {
							"vector": [-3.90725, 0.16817, 2.48475]
						},
						"1.3333": {
							"vector": [-3.23411, -1.59143, 3.56231]
						},
						"1.4333": {
							"vector": [-3.47516, -3.71861, 5.69156]
						},
						"1.5": {
							"vector": [24.89698, 0.59273, 4.39618]
						},
						"1.7": {
							"vector": [0, 0, 0]
						}
					},
					"position": {
						"0.0": {
							"vector": [0, 0, 0]
						},
						"0.1667": {
							"vector": [-0.99104, -0.63564, 2.36208]
						},
						"0.4": {
							"vector": [-0.99104, -0.63564, 2.36208]
						},
						"0.5333": {
							"vector": [18.17852, -20.55037, 33.7765]
						},
						"0.6333": {
							"vector": [18.17852, -20.55037, 33.7765]
						},
						"0.7667": {
							"vector": [6.75347, -14.25586, 26.74785]
						},
						"0.8333": {
							"vector": [7.1572, -12.10711, 27.2485]
						},
						"0.9": {
							"vector": [2.39512, -11.10195, 23.87921]
						},
						"0.9667": {
							"vector": [4.01293, -9.33505, 16.08026]
						},
						"1.1": {
							"vector": [1.79051, -11.5269, 16.46339]
						},
						"1.1667": {
							"vector": [1.43203, -12.46043, 9.75943]
						},
						"1.2333": {
							"vector": [-1.01518, -15.80956, 10.6516]
						},
						"1.3333": {
							"vector": [-0.35685, -15.90454, 9.62163]
						},
						"1.4333": {
							"vector": [-2.14425, -16.45162, 9.60315]
						},
						"1.5": {
							"vector": [-5.7527, -8.00718, 19.61531]
						},
						"1.7": {
							"vector": [0, 0, 0]
						}
					}
				},
				"rightarm": {
					"rotation": {
						"0.0": {
							"vector": [0, 0, 0]
						},
						"0.1": {
							"vector": [1.36471, 2.12722, -1.89153]
						},
						"0.2667": {
							"vector": [-5.82102, -17.37461, -31.55764]
						},
						"0.3667": {
							"vector": [-9.2311, -20.70418, -30.29272]
						},
						"0.4333": {
							"vector": [-5.48152, -28.11499, -35.99407]
						},
						"0.5333": {
							"vector": [-0.47761, -30.13329, -43.57433]
						},
						"1.4667": {
							"vector": [-0.47761, -30.13329, -43.57433]
						},
						"1.7": {
							"vector": [-30.72761, -58.47458, -18.78634]
						},
						"2.1": {
							"vector": [0, 0, 0]
						}
					},
					"position": {
						"0.0": {
							"vector": [0, 0, 0]
						},
						"0.1": {
							"vector": [-3.86617, -0.95193, 2.99611]
						},
						"0.2667": {
							"vector": [-6.21042, 0.59544, -27.98991],
							"easing": "easeOutSine"
						},
						"0.3": {
							"vector": [-6.21042, 0.59544, -27.98991]
						},
						"0.3667": {
							"vector": [-6.11, -0.825, -27.59]
						},
						"0.4333": {
							"vector": [-7.035, -1.52, -20.115]
						},
						"0.5333": {
							"vector": [-9.26, 1.455, -20.115]
						},
						"1.4667": {
							"vector": [-9.26, 1.455, -20.115]
						},
						"1.6667": {
							"vector": [-10.105, -6.87, -6.495]
						},
						"1.8667": {
							"vector": [-14.575, -12.22, -4.07]
						},
						"2.0333": {
							"vector": [0, 0, 0]
						}
					}
				},
				"bone8": {
					"rotation": {
						"0.0": {
							"vector": [0, 0, 0]
						},
						"0.3": {
							"vector": [-27.44993, -8.88666, -8.91758]
						},
						"1.5333": {
							"vector": [-27.44993, -8.88666, -8.91758]
						},
						"1.7": {
							"vector": [-13.97269, -4.84727, -4.86413]
						},
						"1.8": {
							"vector": [-9.23635, -2.42364, -2.43207]
						},
						"1.9": {
							"vector": [0, 0, 0]
						},
						"1.9667": {
							"vector": [1.25, 0, 0]
						},
						"2.3": {
							"vector": [0, 0, 0]
						}
					},
					"position": {
						"0.0": {
							"vector": [0, 0, 0]
						},
						"1.8": {
							"vector": [0, 0, 0]
						}
					}
				},
				"magazine3": {
					"rotation": {
						"0.0": {
							"vector": [0, 0, 0]
						},
						"0.8333": {
							"vector": [0, 0, 0]
						},
						"0.8667": {
							"vector": [-10.48085, -0.63744, -3.44153]
						},
						"0.9": {
							"vector": [-11.85924, 0.04053, -12.61654]
						},
						"0.9667": {
							"vector": [-20.21848, -15.66557, -3.91563]
						},
						"1.0333": {
							"vector": [-4.61249, -32.40953, -23.63269]
						},
						"1.1333": {
							"vector": [-20.79153, 4.27759, 30.76498]
						},
						"1.4333": {
							"vector": [-20.79153, 4.27759, 30.76498]
						},
						"1.5": {
							"vector": [0, 0, 0]
						}
					},
					"position": {
						"0.0": {
							"vector": [0, 0, 0]
						},
						"0.8333": {
							"vector": [0, 0, 0]
						},
						"0.8667": {
							"vector": [0, 0.01145, -0.37483]
						},
						"0.9": {
							"vector": [-0.27046, -1.25585, -5.58609]
						},
						"0.9667": {
							"vector": [4.98611, -1.55047, -28.75968]
						},
						"1.0333": {
							"vector": [8.01868, -12.21913, -52.5219],
							"easing": "easeInSine"
						},
						"1.1333": {
							"vector": [16.00198, -60.59647, -94.46691]
						},
						"1.2667": {
							"vector": [16.43657, -86.28657, -95.81602]
						},
						"1.3667": {
							"vector": [7.44, -34.09, 44.78]
						},
						"1.4333": {
							"vector": [1.43657, 0.71343, 20.18398]
						},
						"1.5": {
							"vector": [0, 0, 0]
						}
					},
					"scale": {
						"0.0": {
							"vector": [1, 1, 1]
						},
						"1.3333": {
							"vector": [1, 1, 1]
						},
						"1.3667": {
							"vector": [0, 0, 0]
						},
						"1.5": {
							"vector": [0, 0, 0]
						}
					}
				},
				"magazine": {
					"rotation": {
						"0.0": {
							"vector": [0, 0, 0]
						},
						"0.8333": {
							"vector": [0, 0, 0]
						},
						"0.8667": {
							"vector": [-10.48085, -0.63744, -3.44153]
						},
						"0.9": {
							"vector": [-11.85924, 0.04053, -12.61654]
						},
						"0.9667": {
							"vector": [-20.21848, -15.66557, -3.91563]
						},
						"1.0333": {
							"vector": [-4.61249, -32.40953, -23.63269]
						},
						"1.1333": {
							"vector": [-20.79153, 4.27759, 30.76498]
						},
						"1.4333": {
							"vector": [-20.79153, 4.27759, 30.76498]
						},
						"1.5": {
							"vector": [0, 0, 0]
						}
					},
					"position": {
						"0.0": {
							"vector": [0, 0, 0]
						},
						"0.8333": {
							"vector": [0, 0, 0]
						},
						"0.8667": {
							"vector": [0, 0.01145, -0.37483]
						},
						"0.9": {
							"vector": [-0.27046, -1.25585, -5.58609]
						},
						"0.9667": {
							"vector": [4.98611, -1.55047, -28.75968]
						},
						"1.0333": {
							"vector": [8.01868, -12.21913, -52.5219],
							"easing": "easeInSine"
						},
						"1.1333": {
							"vector": [16.00198, -60.59647, -94.46691]
						},
						"1.2667": {
							"vector": [16.43657, -86.28657, -95.81602]
						},
						"1.3667": {
							"vector": [7.44, -34.09, 44.78]
						},
						"1.4333": {
							"vector": [1.43657, 0.71343, 20.18398]
						},
						"1.5": {
							"vector": [0, 0, 0]
						}
					},
					"scale": {
						"0.0": {
							"vector": [1, 1, 1]
						},
						"1.3333": {
							"vector": [1, 1, 1]
						},
						"1.3667": {
							"vector": [0, 0, 0]
						},
						"1.5": {
							"vector": [0, 0, 0]
						}
					}
				},
				"magazine2": {
					"rotation": {
						"0.0": {
							"vector": [0, 0, 0]
						},
						"0.0667": {
							"vector": [0, 0, 0]
						},
						"0.1667": {
							"vector": [27.5, 0, -45]
						},
						"0.5667": {
							"vector": [27.5, 0, -45]
						},
						"0.7667": {
							"vector": [21.41048, -27.63271, -69.06824]
						},
						"0.8333": {
							"vector": [19.23844, -24.99723, -76.00279]
						},
						"0.9": {
							"vector": [30.95125, -32.30859, -67.9511]
						},
						"0.9667": {
							"vector": [49.76601, -19.9133, -69.90027]
						},
						"1.1667": {
							"vector": [-18.58505, -4.17756, -13.61963]
						},
						"1.2333": {
							"vector": [-11.70207, 1.06769, 5.14058]
						},
						"1.3333": {
							"vector": [-17.98702, -0.69513, -2.13998]
						},
						"1.4333": {
							"vector": [-18, 0, 0]
						},
						"1.5": {
							"vector": [0, 0, 0]
						}
					},
					"position": {
						"0.0": {
							"vector": [0, 0, 0]
						},
						"0.0333": {
							"vector": [0, 0, 46]
						},
						"0.0667": {
							"vector": [18, -28, 46]
						},
						"0.1667": {
							"vector": [12.33112, -18.09429, 10.24052]
						},
						"0.5667": {
							"vector": [12.33112, -18.09429, 10.24052]
						},
						"0.7667": {
							"vector": [1.56798, -7.06264, 9.52643],
							"easing": "easeOutSine"
						},
						"0.8333": {
							"vector": [1.56798, -7.06264, 9.52643],
							"easing": "easeOutSine"
						},
						"0.9": {
							"vector": [1.81248, -5.52918, 1.24789]
						},
						"0.9667": {
							"vector": [4.63422, -5.17833, -10.31966]
						},
						"1.1": {
							"vector": [1.69903, -5.81953, -5.25576]
						},
						"1.2333": {
							"vector": [-0.28445, -0.79754, -0.04575],
							"easing": "easeOutSine"
						},
						"1.3333": {
							"vector": [-0.17253, -0.90834, -0.02775],
							"easing": "linear"
						},
						"1.4333": {
							"vector": [-0.17253, -0.90834, -0.02775],
							"easing": "easeOutSine"
						},
						"1.5": {
							"vector": [0, 0, 0]
						}
					},
					"scale": {
						"0.0": {
							"vector": [0, 0, 0]
						},
						"0.0667": {
							"vector": [1, 1, 1]
						}
					}
				},
				"magazine4": {
					"rotation": {
						"0.0": {
							"vector": [0, 0, 0]
						},
						"0.0667": {
							"vector": [0, 0, 0]
						},
						"0.1667": {
							"vector": [27.5, 0, -45]
						},
						"0.5667": {
							"vector": [27.5, 0, -45]
						},
						"0.7667": {
							"vector": [21.41048, -27.63271, -69.06824]
						},
						"0.8333": {
							"vector": [19.23844, -24.99723, -76.00279]
						},
						"0.9": {
							"vector": [30.95125, -32.30859, -67.9511]
						},
						"0.9667": {
							"vector": [49.76601, -19.9133, -69.90027]
						},
						"1.1667": {
							"vector": [-18.58505, -4.17756, -13.61963]
						},
						"1.2333": {
							"vector": [-11.70207, 1.06769, 5.14058]
						},
						"1.3333": {
							"vector": [-17.98702, -0.69513, -2.13998]
						},
						"1.4333": {
							"vector": [-18, 0, 0]
						},
						"1.5": {
							"vector": [0, 0, 0]
						}
					},
					"position": {
						"0.0": {
							"vector": [0, 0, 0]
						},
						"0.0333": {
							"vector": [0, 0, 46]
						},
						"0.0667": {
							"vector": [18, -28, 46]
						},
						"0.1667": {
							"vector": [12.33112, -18.09429, 10.24052]
						},
						"0.5667": {
							"vector": [12.33112, -18.09429, 10.24052]
						},
						"0.7667": {
							"vector": [1.56798, -7.06264, 9.52643],
							"easing": "easeOutSine"
						},
						"0.8333": {
							"vector": [1.56798, -7.06264, 9.52643],
							"easing": "easeOutSine"
						},
						"0.9": {
							"vector": [1.81248, -5.52918, 1.24789]
						},
						"0.9667": {
							"vector": [4.63422, -5.17833, -10.31966]
						},
						"1.1": {
							"vector": [1.69903, -5.81953, -5.25576]
						},
						"1.2": {
							"vector": [-0.13, -1.18, -1.815]
						},
						"1.2333": {
							"vector": [-1.48445, -0.79754, -0.04575],
							"easing": "easeOutSine"
						},
						"1.3": {
							"vector": [-0.61, -0.87, -2.705]
						},
						"1.3667": {
							"vector": [-0.3, -0.9, -2.06]
						},
						"1.4": {
							"vector": [-0.21, -0.91, -1.27]
						},
						"1.4333": {
							"vector": [-0.17253, -0.90834, -1.37775],
							"easing": "easeOutSine"
						},
						"1.5": {
							"vector": [0, 0, 0]
						}
					},
					"scale": {
						"0.0": {
							"vector": [0, 0, 0]
						},
						"0.0667": {
							"vector": [1, 1, 1]
						}
					}
				},
				"action": {
					"rotation": {
						"0.0": {
							"vector": [0, 0, 0]
						},
						"0.2667": {
							"vector": [0, 0, 0]
						},
						"1.8333": {
							"vector": [0, 0, 0]
						}
					},
					"position": {
						"0.0": {
							"vector": [0, 0, 0]
						},
						"0.2667": {
							"vector": [0, 0, 0]
						},
						"0.3667": {
							"vector": [0, 0, 2]
						},
						"0.4333": {
							"vector": [0, 0, 11]
						},
						"1.8": {
							"vector": [0, 0, 11]
						},
						"1.8333": {
							"vector": [0, 0, 0]
						}
					}
				},
				"bullet": {
					"position": {
						"vector": [0, -1, 0]
					}
				}
			},
			"sound_effects": {
				"0.2333": {
					"effect": "galil_reloadempty"
				}
			}
		},
		"animation.model.reloadempty": {
			"animation_length": 3.1667,
			"blend_weight": "1",
			"bones": {
				"main": {
					"rotation": {
						"0.0": {
							"vector": [0, 0, 0]
						},
						"0.2": {
							"vector": [1.74461, 0.13728, -15.24791]
						},
						"0.3333": {
							"vector": [1.75773, -0.09047, -14.87072]
						},
						"0.4333": {
							"vector": [3.00128, 0.24539, -21.74591]
						},
						"0.5": {
							"vector": [1.99354, 0.33386, -33.22869]
						},
						"0.6": {
							"vector": [2.6616, 0.78652, -28.2028]
						},
						"0.7333": {
							"vector": [3.47834, -0.24767, -17.49625]
						},
						"0.9333": {
							"vector": [2.99485, 0.22967, -20.97372]
						},
						"1.0": {
							"vector": [2.98503, 0.334, -22.97102]
						},
						"1.0667": {
							"vector": [3.50345, 0.03339, -13.47884]
						},
						"1.2": {
							"vector": [3.73366, 0.53142, -18.45848]
						},
						"1.3333": {
							"vector": [3.11794, -1.28879, -11.95966],
							"easing": "easeOutSine"
						},
						"1.4667": {
							"vector": [2.19717, -2.8875, 4.55501]
						},
						"1.5667": {
							"vector": [1.91381, -3.36755, 3.36757]
						},
						"1.7": {
							"vector": [0.83527, -3.38727, 12.88739]
						},
						"1.8333": {
							"vector": [0.3939, -3.11353, 11.89203]
						},
						"1.9": {
							"vector": [1.52942, -2.79345, 9.14566]
						},
						"2.0333": {
							"vector": [1.60205, -2.75246, 7.64446]
						},
						"2.1667": {
							"vector": [0.57123, -1.64048, 13.12849]
						},
						"2.4667": {
							"vector": [0, 0, 0]
						}
					},
					"position": {
						"0.0": {
							"vector": [0, 0, 0]
						},
						"0.1333": {
							"vector": [-1.675, -1.375, -4.3],
							"easing": "easeInSine"
						},
						"0.3": {
							"vector": [-1.07, -0.42, -7.05],
							"easing": "easeInSine"
						},
						"0.4": {
							"vector": [-1.07, -0.295, -8.445],
							"easing": "easeInSine"
						},
						"0.5": {
							"vector": [-1.07, -0.07, -8.87]
						},
						"0.6333": {
							"vector": [-1.27, -0.27, -7.815]
						},
						"0.7333": {
							"vector": [-1.07, -0.52, -7.01]
						},
						"0.8": {
							"vector": [-1.07, -0.67, -7.56]
						},
						"0.9": {
							"vector": [-1.07, -0.67, -7.96]
						},
						"1.0": {
							"vector": [-1.195, -0.67, -7.885]
						},
						"1.0667": {
							"vector": [-1.09, -0.72, -6.985]
						},
						"1.2333": {
							"vector": [-1.74, -1.02, -6.355],
							"easing": "easeOutSine"
						},
						"1.3667": {
							"vector": [-0.94, -1.615, -4.405],
							"easing": "easeInSine"
						},
						"1.5333": {
							"vector": [-0.94, -2.41, -2.855]
						},
						"1.6333": {
							"vector": [-0.94, -2.41, -2.25]
						},
						"1.7333": {
							"vector": [-0.94, -2.41, -0.5]
						},
						"1.8": {
							"vector": [-0.815, -2.41, 0.075]
						},
						"1.8667": {
							"vector": [-0.81, -2.41, -2.15]
						},
						"2.0667": {
							"vector": [0.15, -1.27, 0.885],
							"easing": "easeInSine"
						},
						"2.2333": {
							"vector": [0.04, -0.37, 1.21]
						},
						"2.4333": {
							"vector": [0, 0, 0],
							"easing": "easeOutSine"
						}
					}
				},
				"leftarm": {
					"rotation": {
						"0.0": {
							"vector": [0, 0, 0]
						},
						"0.1667": {
							"vector": [14.54032, 1.93778, -15.1221]
						},
						"0.3333": {
							"vector": [11.25941, -21.85168, -21.40694]
						},
						"0.4": {
							"vector": [18.63239, -26.24523, -31.26199]
						},
						"0.4667": {
							"vector": [28.06208, -20.90301, -32.73639]
						},
						"0.5333": {
							"vector": [30.56208, -20.90301, -32.73639]
						},
						"0.6667": {
							"vector": [22.12554, -3.44801, -11.61915]
						},
						"0.8": {
							"vector": [-3.90725, 0.16817, 2.48475]
						},
						"0.9": {
							"vector": [-3.23411, -1.59143, 3.56231]
						},
						"1.0": {
							"vector": [-3.47516, -3.71861, 5.69156]
						},
						"1.0667": {
							"vector": [24.89698, 0.59273, 4.39618]
						},
						"1.2333": {
							"vector": [24.89698, 0.59273, 4.39618]
						},
						"1.4": {
							"vector": [-0.28573, 7.26335, -2.62087]
						},
						"2.0667": {
							"vector": [-0.28573, 7.26335, -2.62087]
						},
						"2.2333": {
							"vector": [0, 0, 0]
						}
					},
					"position": {
						"0.0": {
							"vector": [0, 0, 0]
						},
						"0.1667": {
							"vector": [18.17852, -20.55037, 33.7765]
						},
						"0.3333": {
							"vector": [6.75347, -14.25586, 26.74785]
						},
						"0.4": {
							"vector": [7.1572, -12.10711, 27.2485]
						},
						"0.4667": {
							"vector": [2.39512, -11.10195, 23.87921]
						},
						"0.5333": {
							"vector": [4.01293, -9.33505, 16.08026]
						},
						"0.6667": {
							"vector": [1.79051, -11.5269, 16.46339]
						},
						"0.7333": {
							"vector": [1.64262, -13.90771, 13.55274]
						},
						"0.8": {
							"vector": [-1.01518, -15.80956, 10.6516]
						},
						"0.9": {
							"vector": [-0.35685, -15.90454, 9.62163]
						},
						"1.0": {
							"vector": [-2.14425, -16.45162, 9.60315]
						},
						"1.0667": {
							"vector": [-5.7527, -5.48218, 17.44031]
						},
						"1.2333": {
							"vector": [-5.7527, -8.00718, 19.61531]
						},
						"1.4": {
							"vector": [2.42381, 0.80304, 7.65057]
						},
						"2.0667": {
							"vector": [2.42381, 0.80304, 7.65057]
						},
						"2.2333": {
							"vector": [0, 0, 0]
						}
					}
				},
				"action": {
					"rotation": {
						"0.0": {
							"vector": [0, 0, 0]
						},
						"1.5333": {
							"vector": [0, 0, 0]
						},
						"1.8667": {
							"vector": [0, 0, 0]
						}
					},
					"position": {
						"0.0": {
							"vector": [0, 0, 0]
						},
						"1.5333": {
							"vector": [0, 0, 0]
						},
						"1.6333": {
							"vector": [0, 0, 2]
						},
						"1.7333": {
							"vector": [0, 0, 11]
						},
						"1.8333": {
							"vector": [0, 0, 11]
						},
						"1.8667": {
							"vector": [0, 0, 0]
						}
					}
				},
				"rightarm": {
					"rotation": {
						"0.0": {
							"vector": [0, 0, 0]
						},
						"1.2333": {
							"vector": [0, 0, 0]
						},
						"1.3333": {
							"vector": [1.36471, 2.12722, -1.89153]
						},
						"1.8": {
							"vector": [-5.82102, -17.37461, -31.55764]
						},
						"1.9333": {
							"vector": [-9.2311, -20.70418, -30.29272]
						},
						"2.0333": {
							"vector": [-5.48152, -28.11499, -35.99407]
						},
						"2.1333": {
							"vector": [-0.47761, -30.13329, -43.57433]
						},
						"2.2333": {
							"vector": [-30.72761, -58.47458, -18.78634]
						},
						"2.4667": {
							"vector": [0, 0, 0]
						}
					},
					"position": {
						"0.0": {
							"vector": [0, 0, 0]
						},
						"1.2333": {
							"vector": [0, 0, 0]
						},
						"1.3333": {
							"vector": [-3.86617, -0.95193, 2.99611]
						},
						"1.8": {
							"vector": [-6.21042, 0.59544, -27.98991],
							"easing": "easeOutSine"
						},
						"1.8333": {
							"vector": [-6.21042, 0.59544, -27.98991]
						},
						"1.9333": {
							"vector": [-6.11, -0.825, -27.59]
						},
						"2.0333": {
							"vector": [-7.035, -1.52, -20.115]
						},
						"2.1333": {
							"vector": [-7.035, -1.87, -20.115]
						},
						"2.2": {
							"vector": [-10.105, -6.87, -6.495]
						},
						"2.2667": {
							"vector": [-14.575, -12.22, -4.07]
						},
						"2.4667": {
							"vector": [0, 0, 0]
						}
					}
				},
				"magazine": {
					"rotation": {
						"0.0": {
							"vector": [0, 0, 0]
						},
						"0.4": {
							"vector": [0, 0, 0]
						},
						"0.4333": {
							"vector": [-10.48085, -0.63744, -3.44153]
						},
						"0.4667": {
							"vector": [-11.85924, 0.04053, -12.61654]
						},
						"0.5333": {
							"vector": [-20.21848, -15.66557, -3.91563]
						},
						"0.6": {
							"vector": [-4.61249, -32.40953, -23.63269]
						},
						"0.7": {
							"vector": [-20.79153, 4.27759, 30.76498]
						},
						"1.0": {
							"vector": [-20.79153, 4.27759, 30.76498]
						},
						"1.0667": {
							"vector": [0, 0, 0]
						}
					},
					"position": {
						"0.0": {
							"vector": [0, 0, 0]
						},
						"0.4": {
							"vector": [0, 0, 0]
						},
						"0.4333": {
							"vector": [0, 0.01145, -0.37483]
						},
						"0.4667": {
							"vector": [-0.27046, -1.25585, -5.58609]
						},
						"0.5333": {
							"vector": [4.98611, -1.55047, -28.75968]
						},
						"0.6": {
							"vector": [8.01868, -12.21913, -52.5219],
							"easing": "easeInSine"
						},
						"0.7": {
							"vector": [16.00198, -60.59647, -94.46691]
						},
						"0.8333": {
							"vector": [16.43657, -86.28657, -95.81602]
						},
						"0.9333": {
							"vector": [7.44, -34.09, 44.78]
						},
						"1.0": {
							"vector": [1.43657, 0.71343, 20.18398]
						},
						"1.0667": {
							"vector": [0, 0, 0]
						}
					},
					"scale": {
						"0.0": {
							"vector": [1, 1, 1]
						},
						"0.9": {
							"vector": [1, 1, 1]
						},
						"0.9333": {
							"vector": [0, 0, 0]
						},
						"1.0667": {
							"vector": [0, 0, 0]
						}
					}
				},
				"bullet": {
					"position": {
						"vector": [0, -1, 0]
					}
				},
				"magazine2": {
					"rotation": {
						"0.0": {
							"vector": [0, 0, 0]
						},
						"0.0667": {
							"vector": [0, 0, 0]
						},
						"0.1667": {
							"vector": [27.5, 0, -45]
						},
						"0.3333": {
							"vector": [21.41048, -27.63271, -69.06824]
						},
						"0.4": {
							"vector": [19.23844, -24.99723, -76.00279]
						},
						"0.4667": {
							"vector": [30.95125, -32.30859, -67.9511]
						},
						"0.5333": {
							"vector": [49.76601, -19.9133, -69.90027]
						},
						"0.8": {
							"vector": [-11.70207, 1.06769, 5.14058]
						},
						"0.9": {
							"vector": [-17.98702, -0.69513, -2.13998]
						},
						"1.0": {
							"vector": [-18, 0, 0]
						},
						"1.0667": {
							"vector": [0, 0, 0]
						}
					},
					"position": {
						"0.0": {
							"vector": [0, 0, 0]
						},
						"0.0333": {
							"vector": [0, 0, 46]
						},
						"0.0667": {
							"vector": [18, -28, 46]
						},
						"0.1667": {
							"vector": [12.33112, -18.09429, 10.24052]
						},
						"0.3333": {
							"vector": [1.56798, -7.06264, 9.52643],
							"easing": "easeOutSine"
						},
						"0.4": {
							"vector": [1.56798, -7.06264, 9.52643],
							"easing": "easeOutSine"
						},
						"0.4667": {
							"vector": [1.81248, -5.52918, 1.24789]
						},
						"0.5333": {
							"vector": [4.63422, -5.17833, -10.31966]
						},
						"0.6667": {
							"vector": [1.69903, -5.81953, -5.25576]
						},
						"0.8": {
							"vector": [-0.28445, -0.79754, -0.04575],
							"easing": "easeOutSine"
						},
						"0.9": {
							"vector": [-0.17253, -0.90834, -0.02775],
							"easing": "linear"
						},
						"1.0": {
							"vector": [-0.17253, -0.90834, -0.02775],
							"easing": "easeOutSine"
						},
						"1.0667": {
							"vector": [0, 0, 0]
						}
					},
					"scale": {
						"0.0": {
							"vector": [0, 0, 0]
						},
						"0.0667": {
							"vector": [1, 1, 1]
						}
					}
				},
				"bone9": {
					"position": {
						"1.8667": {
							"vector": [0, 0, 0]
						},
						"1.9333": {
							"vector": [0, 0, 2.925]
						},
						"2.1333": {
							"vector": [0, 0, 2.925]
						},
						"2.2667": {
							"vector": [0, 0, 0]
						}
					}
				},
				"bone8": {
					"rotation": {
						"0.0": {
							"vector": [0, 0, 0]
						},
						"0.3": {
							"vector": [-27.44993, -8.88666, -8.91758]
						},
						"1.2": {
							"vector": [-27.44993, -8.88666, -8.91758]
						},
						"1.3667": {
							"vector": [-13.97269, -4.84727, -4.86413]
						},
						"1.4667": {
							"vector": [-9.23635, -2.42364, -2.43207]
						},
						"1.5667": {
							"vector": [0, 0, 0]
						},
						"1.6333": {
							"vector": [1.25, 0, 0]
						},
						"2.3333": {
							"vector": [1.25, 0, 0]
						},
						"2.6667": {
							"vector": [0, 0, 0]
						}
					},
					"position": {
						"0.0": {
							"vector": [0, 0, 0]
						},
						"1.4667": {
							"vector": [0, 0, 0]
						}
					}
				},
				"bone3": {
					"position": {
						"1.9333": {
							"vector": [0, 0, 0]
						},
						"2.0333": {
							"vector": [0, 0, 10.05]
						},
						"2.1333": {
							"vector": [0, 0, 10.05]
						},
						"2.2333": {
							"vector": [0, 0, 0]
						}
					}
				},
				"magazine3": {
					"rotation": {
						"0.0": {
							"vector": [0, 0, 0]
						},
						"0.4": {
							"vector": [0, 0, 0]
						},
						"0.4333": {
							"vector": [-10.48085, -0.63744, -3.44153]
						},
						"0.4667": {
							"vector": [-11.85924, 0.04053, -12.61654]
						},
						"0.5333": {
							"vector": [-20.21848, -15.66557, -3.91563]
						},
						"0.6": {
							"vector": [-4.61249, -32.40953, -23.63269]
						},
						"0.7": {
							"vector": [-20.79153, 4.27759, 30.76498]
						},
						"1.0": {
							"vector": [-20.79153, 4.27759, 30.76498]
						},
						"1.0667": {
							"vector": [0, 0, 0]
						}
					},
					"position": {
						"0.0": {
							"vector": [0, 0, 0]
						},
						"0.4": {
							"vector": [0, 0, 0]
						},
						"0.4333": {
							"vector": [0, 0.01145, -0.37483]
						},
						"0.4667": {
							"vector": [-0.27046, -1.25585, -5.58609]
						},
						"0.5333": {
							"vector": [4.98611, -1.55047, -28.75968]
						},
						"0.6": {
							"vector": [8.01868, -12.21913, -52.5219],
							"easing": "easeInSine"
						},
						"0.7": {
							"vector": [16.00198, -60.59647, -94.46691]
						},
						"0.8333": {
							"vector": [16.43657, -86.28657, -95.81602]
						},
						"0.9333": {
							"vector": [7.44, -34.09, 44.78]
						},
						"1.0": {
							"vector": [1.43657, 0.71343, 20.18398]
						},
						"1.0667": {
							"vector": [0, 0, 0]
						}
					},
					"scale": {
						"0.0": {
							"vector": [1, 1, 1]
						},
						"0.9": {
							"vector": [1, 1, 1]
						},
						"0.9333": {
							"vector": [0, 0, 0]
						},
						"1.0667": {
							"vector": [0, 0, 0]
						}
					}
				},
				"magazine4": {
					"rotation": {
						"0.0": {
							"vector": [0, 0, 0]
						},
						"0.0667": {
							"vector": [0, 0, 0]
						},
						"0.1667": {
							"vector": [27.5, 0, -45]
						},
						"0.3333": {
							"vector": [21.41048, -27.63271, -69.06824]
						},
						"0.4": {
							"vector": [19.23844, -24.99723, -76.00279]
						},
						"0.4667": {
							"vector": [30.95125, -32.30859, -67.9511]
						},
						"0.5333": {
							"vector": [49.76601, -19.9133, -69.90027]
						},
						"0.8": {
							"vector": [-11.70207, 1.06769, 5.14058]
						},
						"0.9": {
							"vector": [-17.98702, -0.69513, -2.13998]
						},
						"1.0": {
							"vector": [-18, 0, 0]
						},
						"1.0667": {
							"vector": [0, 0, 0]
						}
					},
					"position": {
						"0.0": {
							"vector": [0, 0, 0]
						},
						"0.0333": {
							"vector": [0, 0, 46]
						},
						"0.0667": {
							"vector": [18, -28, 46]
						},
						"0.1667": {
							"vector": [12.33112, -18.09429, 10.24052]
						},
						"0.3333": {
							"vector": [1.56798, -7.06264, 9.52643],
							"easing": "easeOutSine"
						},
						"0.4": {
							"vector": [1.56798, -7.06264, 9.52643],
							"easing": "easeOutSine"
						},
						"0.4667": {
							"vector": [1.81248, -5.52918, 1.24789]
						},
						"0.5333": {
							"vector": [4.63422, -5.17833, -10.31966]
						},
						"0.6667": {
							"vector": [1.69903, -5.81953, -5.25576]
						},
						"0.8": {
							"vector": [-0.13, -1.18, -1.815]
						},
						"0.9": {
							"vector": [-0.17, -0.91, -2.105]
						},
						"1.0": {
							"vector": [-0.17253, -0.90834, -2.90275],
							"easing": "easeOutSine"
						},
						"1.0667": {
							"vector": [0, 0, 0]
						}
					},
					"scale": {
						"0.0": {
							"vector": [0, 0, 0]
						},
						"0.0667": {
							"vector": [1, 1, 1]
						}
					}
				},
				"ff2": {
					"position": {
						"0.0": {
							"vector": [0, 0, 0]
						},
						"1.2333": {
							"vector": [0, 0, 0]
						},
						"1.8": {
							"vector": [-1.6, 8.125, 6.25]
						},
						"2.2333": {
							"vector": [-1.6, 8.125, 6.25]
						},
						"2.4667": {
							"vector": [0, 0, 0]
						}
					}
				}
			},
			"sound_effects": {
				"0.0": {
					"effect": "galil_reload"
				}
			}
		},
		"animation.model.fire": {
			"animation_length": 0.25,
			"bones": {
				"bone9": {
					"rotation": {
						"0.0": {
							"vector": [0, 0, 0]
						},
						"0.0833": {
							"vector": [0, 0, 0]
						}
					},
					"position": {
						"0.0": {
							"vector": [0, 0, 0]
						},
						"0.0417": {
							"vector": [0, 0, 2]
						},
						"0.0833": {
							"vector": [0, 0, 0]
						}
					}
				},
				"scope": {
					"position": {
						"vector": [0, -1, 0]
					}
				},
				"tige": {
					"rotation": {
						"0.0": {
							"vector": [0, 0, 0]
						},
						"0.0417": {
							"vector": [0, 0, -10.5]
						},
						"0.1667": {
							"vector": [0, 0, 0]
						}
					},
					"position": {
						"vector": [0, 0, 0]
					}
				},
				"bone3": {
					"position": {
						"0.0": {
							"vector": [0, 0, 0]
						},
						"0.0417": {
							"vector": [0, 0, 3]
						},
						"0.125": {
							"vector": [0, 0, 0]
						}
					}
				}
			}
		}
	},
	"geckolib_format_version": 2
}