{
	"format_version": "1.8.0",
	"animations": {
		"animation.model.inspect": {
			"loop": true,
			"animation_length": 4.26667,
			"bones": {
				"fgjh": {
					"rotation": {
						"0.0": {
							"vector": [0, 0, 0]
						},
						"0.1667": {
							"vector": [0, 0, -2.5]
						},
						"1.7333": {
							"vector": [0, 0, -2.5]
						},
						"2.0333": {
							"vector": [-20, 0, -45]
						},
						"3.3": {
							"vector": [-20, 0, -45]
						},
						"3.5667": {
							"vector": [0, 0, 0]
						}
					},
					"position": {
						"0.0": {
							"vector": [0, 0, 0]
						},
						"0.1667": {
							"vector": [11.23986, -30.20851, 24.64864]
						},
						"1.7333": {
							"vector": [11.23986, -30.20851, 24.64864]
						},
						"2.0333": {
							"vector": [22.35, 6.25, 2.33]
						},
						"3.3": {
							"vector": [22.35, 6.25, 2.33]
						},
						"3.4333": {
							"vector": [20.18, 3.13, 1.17]
						},
						"3.5667": {
							"vector": [0, 0, 0]
						}
					}
				},
				"handle": {
					"rotation": {
						"1.9667": {
							"vector": [0, 0, 0]
						},
						"2.1333": {
							"vector": [17.5, 0, 0]
						},
						"2.2333": {
							"vector": [15, 0, 0]
						},
						"2.3": {
							"vector": [17.5, 0, 0]
						},
						"3.4333": {
							"vector": [17.5, 0, 0]
						},
						"3.6333": {
							"vector": [0, 0, 0]
						}
					},
					"position": {
						"1.9667": {
							"vector": [0, 0, 0]
						},
						"3.6333": {
							"vector": [0, 0, 0]
						}
					}
				},
				"standmain": {
					"rotation": {
						"0.0": {
							"vector": [0, 0, 0]
						},
						"0.3667": {
							"vector": [40, 0, 0]
						},
						"0.6": {
							"vector": [37.5, 0, 0]
						},
						"0.7333": {
							"vector": [40, 0, 0]
						},
						"0.9": {
							"vector": [40, 0, 0]
						},
						"1.2": {
							"vector": [52.5, 0, 0]
						},
						"1.7333": {
							"vector": [52.5, 0, 0]
						},
						"2.1333": {
							"vector": [-17.49524, -9.84655, -28.48124]
						},
						"2.3667": {
							"vector": [-29.59434, -11.08895, -30.68744]
						},
						"3.2": {
							"vector": [-29.59434, -11.08895, -30.68744]
						},
						"3.4333": {
							"vector": [-6.3598, -2.16046, -15.51869]
						},
						"3.5667": {
							"vector": [0, 0, 0]
						}
					},
					"position": {
						"0.0": {
							"vector": [0, 0, 0]
						},
						"0.0333": [0, 0.08344, 0.04478],
						"0.0667": [0, 0.29372, 0.15763],
						"0.1": [0, 0.58635, 0.31468],
						"0.1333": [0, 0.92886, 0.4985],
						"0.2": [0, 1.66114, 0.8915],
						"0.2333": [0, 2.00365, 1.07532],
						"0.2667": [0, 2.29628, 1.23237],
						"0.3": [0, 2.50656, 1.34522],
						"0.3333": {
							"vector": [0, 2.59, 1.39]
						},
						"0.3667": [0, 2.59517, 1.39769],
						"0.8": [0, 2.72507, 1.59096],
						"1.2333": [0, 2.86493, 1.79904],
						"1.6667": [0, 2.99483, 1.99231],
						"1.7": {
							"vector": [0, 3, 2]
						},
						"1.7333": [0, 2.97456, 1.92046],
						"1.7667": [0, 2.92389, 1.76197],
						"1.8": [0, 2.86181, 1.56783],
						"1.8333": [0, 2.79315, 1.35313],
						"2.0667": [0, 2.25522, -0.32914],
						"2.1333": [0, 2.10685, -0.79313],
						"2.1667": [0, 2.03819, -1.00783],
						"2.2": [0, 1.97611, -1.20197],
						"2.2333": [0, 1.92544, -1.36046],
						"2.2667": {
							"vector": [0, 1.9, -1.44]
						},
						"2.3": [0, 1.9, -1.44],
						"2.6333": {
							"vector": [0, 1.9, -1.44]
						},
						"2.6667": [0, 1.9, -1.44],
						"3.1": {
							"vector": [0, 1.9, -1.44]
						},
						"3.1333": [-0.5, 1.98, -1.965],
						"3.1667": {
							"vector": [-1, 2.06, -2.49]
						},
						"3.2": [-0.95201, 2.00913, -2.46649],
						"3.2333": [-0.72701, 1.77063, -2.35623],
						"3.2667": [-0.27299, 1.28937, -2.13377],
						"3.3": [-0.04799, 1.05087, -2.02351],
						"3.3333": {
							"vector": [0, 1, -2]
						},
						"3.3667": [0, 0.9603, -1.92059],
						"3.4": [0, 0.83316, -1.66631],
						"3.4333": [0, 0.62328, -1.24657],
						"3.4667": [0, 0.37672, -0.75343],
						"3.5": [0, 0.16684, -0.33369],
						"3.5333": [0, 0.0397, -0.07941],
						"3.5667": {
							"vector": [0, 0, 0]
						}
					}
				},
				"bone8": {
					"rotation": {
						"0.0": {
							"vector": [0, 0, 0]
						},
						"0.1667": {
							"vector": [-8.41746, -13.59608, -21.21259]
						},
						"0.3": {
							"vector": [-8.39812, -20.10111, -31.77688]
						},
						"0.4333": {
							"vector": [-9.55676, -20.88889, -28.55629]
						},
						"0.5333": {
							"vector": [-8.77652, -21.21647, -30.72851]
						},
						"0.7667": {
							"vector": [-9.4227, -20.94881, -28.93303]
						},
						"1.0": {
							"vector": [-3.1216, -20.98207, -46.44405]
						},
						"1.1333": {
							"vector": [-4.564, -20.73064, -42.44007]
						},
						"1.2333": {
							"vector": [-4.86325, -20.9153, -41.60203]
						},
						"1.3333": {
							"vector": [-4.58308, -20.97575, -42.38574]
						},
						"1.4667": {
							"vector": [-4.01131, -21.08802, -43.97908]
						},
						"1.6": {
							"vector": [-4.38767, -21.01662, -42.9316]
						},
						"1.7": {
							"vector": [-4.18847, -21.05622, -43.48691]
						},
						"2.0333": {
							"vector": [-16.91438, 5.38499, 54.40399]
						},
						"2.1667": {
							"vector": [-15.22513, 5.80082, 60.04554]
						},
						"2.3": {
							"vector": [-15.70981, 5.86025, 59.48558]
						},
						"2.4333": {
							"vector": [-15.93602, 7.03904, 62.69373]
						},
						"2.5667": {
							"vector": [-15.60896, 7.75082, 65.23442]
						},
						"2.7333": {
							"vector": [-15.71675, 7.52491, 64.42194]
						},
						"2.9": {
							"vector": [-15.56389, 7.84019, 65.55973]
						},
						"3.1": {
							"vector": [-15.61778, 7.73186, 65.16659]
						},
						"3.2667": {
							"vector": [-15.9801, 6.93689, 62.33342]
						},
						"3.4": {
							"vector": [-8.86998, 2.42135, 33.56191]
						},
						"3.5333": {
							"vector": [0, -1.75, -2.75]
						},
						"3.7": {
							"vector": [0, 0, 0]
						}
					},
					"position": {
						"0.0": {
							"vector": [0, 0, 0]
						},
						"0.3": {
							"vector": [-0.475, 1.475, -8.7]
						},
						"0.4": {
							"vector": [-0.195, 1, -7.7]
						},
						"0.5333": {
							"vector": [-0.03, 0.725, -7.7]
						},
						"0.7": {
							"vector": [0, 1.125, -7.7]
						},
						"0.9": {
							"vector": [0.125, 1.4, -8.275]
						},
						"1.2": {
							"vector": [-0.02, 1.475, -8]
						},
						"1.4": {
							"vector": [0.11, 1.425, -8.175]
						},
						"1.6667": {
							"vector": [0.275, 1.25, -7.975]
						},
						"1.8": {
							"vector": [-0.13, -1.19, -8.65]
						},
						"1.9667": {
							"vector": [-0.545, -1.325, -11.15]
						},
						"2.1333": {
							"vector": [-0.415, -1.395, -10.545]
						},
						"2.2667": {
							"vector": [-0.525, -1.455, -9.17]
						},
						"2.4": {
							"vector": [-0.49, -1.43, -9.85]
						},
						"2.5667": {
							"vector": [-0.455, -1.5, -9.24]
						},
						"2.7667": {
							"vector": [-0.53, -1.5, -9.27]
						},
						"3.0": {
							"vector": [-0.49, -1.41, -9.3]
						},
						"3.2333": {
							"vector": [-0.545, -1.325, -9.325]
						},
						"3.3667": {
							"vector": [-1.005, -0.61, -7.41]
						},
						"3.6333": {
							"vector": [0, 0, 0]
						}
					}
				},
				"bone9": {
					"rotation": {
						"0.0": {
							"post": {
								"vector": [0, 0, 0]
							},
							"lerp_mode": "catmullrom"
						},
						"0.3": {
							"post": {
								"vector": [0, -7.5, 0]
							},
							"lerp_mode": "catmullrom"
						},
						"1.7667": {
							"post": {
								"vector": [0, -7.5, 0]
							},
							"lerp_mode": "catmullrom"
						},
						"2.2667": {
							"post": {
								"vector": [-24.47914, 11.84825, 0]
							},
							"lerp_mode": "catmullrom"
						},
						"3.1667": {
							"post": {
								"vector": [-24.47914, 11.84825, 0]
							},
							"lerp_mode": "catmullrom"
						},
						"3.5667": {
							"post": {
								"vector": [0, 0, 0]
							},
							"lerp_mode": "catmullrom"
						}
					},
					"position": {
						"0.0": {
							"post": {
								"vector": [0, 0, 0]
							},
							"lerp_mode": "catmullrom"
						},
						"0.3": {
							"post": {
								"vector": [12, 0, -11]
							},
							"lerp_mode": "catmullrom"
						},
						"1.7667": {
							"post": {
								"vector": [12, 0, -11]
							},
							"lerp_mode": "catmullrom"
						},
						"2.1333": {
							"post": {
								"vector": [-1, 5, -24]
							},
							"lerp_mode": "catmullrom"
						},
						"3.0333": {
							"post": {
								"vector": [-1, 5, -24]
							},
							"lerp_mode": "catmullrom"
						},
						"3.5667": {
							"post": {
								"vector": [0, 0, 0]
							},
							"lerp_mode": "catmullrom"
						}
					}
				},
				"leftarm": {
					"rotation": {
						"0.0": {
							"vector": [0, 0, 0]
						},
						"0.1667": {
							"vector": [0, 0, -2.5]
						},
						"3.3333": {
							"vector": [0, 0, -2.5]
						},
						"3.7667": {
							"vector": [0, 0, 0]
						}
					},
					"position": {
						"0.0": {
							"vector": [0, 0, 0]
						},
						"0.1667": {
							"vector": [11.23986, -30.20851, 24.64864]
						},
						"0.8": {
							"vector": [11.24, -87.21, 24.65]
						},
						"2.3333": {
							"vector": [11.24, -96.41, 75.65]
						},
						"3.3333": {
							"vector": [11.23986, -102.20851, 24.64864]
						},
						"3.7667": {
							"vector": [0, 0, 0]
						}
					}
				}
			}
		},
		"animation.model.draw": {
			"loop": true,
			"animation_length": 1.2,
			"bones": {
				"main": {
					"rotation": {
						"0.0": {
							"vector": [32.09413, -54.38778, -8.29667]
						},
						"0.4": {
							"vector": [1.77698, -9.99529, -4.30852]
						},
						"0.55": {
							"vector": [0.58201, -1.04064, 2.6563]
						},
						"0.7": {
							"vector": [0.32388, 0.39763, -2.15014]
						},
						"0.8": {
							"vector": [0, 0, 0]
						}
					},
					"position": {
						"0.0": {
							"vector": [0, -17.3, 0]
						},
						"0.25": {
							"vector": [0, -7.41, -4.07]
						},
						"0.4": {
							"vector": [-0.4, -1.2, -2.75]
						},
						"0.5": {
							"vector": [0.4, 0, -2.6]
						},
						"0.65": {
							"vector": [0.16, -0.15, 0.6]
						},
						"0.75": {
							"vector": [0, 0, 0]
						}
					}
				},
				"leftarm": {
					"rotation": {
						"0.0": {
							"vector": [0, 0, 0]
						},
						"0.2": {
							"vector": [1, 0, -22]
						},
						"0.4": {
							"vector": [0, 0, 0]
						}
					},
					"position": {
						"0.0": {
							"vector": [0, 0, 0]
						},
						"0.2": {
							"vector": [3.53901, 3.6754, 5.59783]
						},
						"0.4": {
							"vector": [0, 0, 0]
						}
					}
				}
			},
			"sound_effects": {
				"0.05": {
					"effect": "draw"
				}
			}
		},
		"animation.model.reloadempty": {
			"loop": true,
			"animation_length": 5.85,
			"blend_weight": "1",
			"bones": {
				"main": {
					"rotation": {
						"0.0": {
							"vector": [0, 0, 0]
						},
						"0.15": {
							"vector": [-2.30558, -0.82198, -11.96379]
						},
						"0.3": {
							"vector": [-2.96747, -1.49088, -10.6939]
						},
						"0.5": {
							"vector": [-0.67024, -2.24488, -18.69075]
						},
						"0.55": {
							"vector": [-0.50196, -2.28838, -22.94386]
						},
						"0.7": {
							"vector": [-0.12718, -1.81009, -6.18594]
						},
						"0.85": {
							"vector": [0.06002, -1.78352, -4.18512]
						},
						"1.0": {
							"vector": [-0.58697, -1.8386, -7.43641]
						},
						"1.1": {
							"vector": [-0.57326, -1.78088, -7.83702]
						},
						"1.2": {
							"vector": [-0.59364, -1.68198, -7.18732]
						},
						"1.45": {
							"vector": [-0.50196, -2.28838, -22.94386]
						},
						"1.55": {
							"vector": [0.1154, -1.8971, -21.1936],
							"easing": "easeInSine"
						},
						"1.65": {
							"vector": [-0.35577, -1.95853, -21.94389]
						},
						"1.8": {
							"vector": [0.17009, -1.67083, -19.56465]
						},
						"1.95": {
							"vector": [1.50298, -1.6461, -14.75111]
						},
						"2.1": {
							"vector": [0.72886, -1.88553, -1.30805],
							"easing": "linear"
						},
						"2.7": {
							"vector": [-31.68, -7.11, 24.44]
						},
						"2.75": {
							"vector": [-31.87, -7.18, 25.04]
						},
						"2.8": {
							"vector": [-31.94, -7.18, 25.31]
						},
						"2.85": {
							"vector": [-31.92, -7.15, 25.31]
						},
						"2.9": {
							"vector": [-31.75, -7.07, 24.89]
						},
						"2.95": {
							"vector": [-31.69, -7.07, 24.63]
						},
						"3.0": {
							"vector": [-31.68, -7.11, 24.44]
						},
						"3.05": {
							"vector": [-31.87, -7.85, 23.28]
						},
						"3.1": {
							"vector": [-32.18, -8.2, 22.74]
						},
						"3.15": {
							"vector": [-33.26, -6.93, 24.83]
						},
						"3.2": {
							"vector": [-31.68, -7.11, 24.44]
						},
						"3.25": {
							"vector": [-31.83, -7.67, 23.57]
						},
						"3.3": {
							"vector": [-32.18, -8.2, 22.74]
						},
						"3.35": {
							"vector": [-33.27, -8.01, 23.1]
						},
						"3.4": {
							"vector": [-29.13, -9.32, 21.61]
						},
						"3.45": {
							"vector": [-24.74, -11.01, 20.03]
						},
						"3.55": {
							"vector": [-19.87, -12.31, 17.97]
						},
						"3.65": {
							"vector": [-15.37, -12.28, 15.39]
						},
						"3.8": {
							"vector": [-11.07, -10.06, 11.62]
						},
						"4.0": {
							"vector": [0, 0, 0]
						},
						"4.2": {
							"vector": [1.08, 0.44, 2.14]
						},
						"4.65": {
							"vector": [0, 0, 0]
						},
						"5.0": {
							"vector": [0, 0, 0]
						}
					},
					"position": {
						"0.0": {
							"vector": [0, 0, 0]
						},
						"0.25": {
							"vector": [-1.62, -2.17, -0.02]
						},
						"0.45": {
							"vector": [-1.395, -1.29, -0.02]
						},
						"0.55": {
							"vector": [-1.17, -1.29, -0.52],
							"easing": "easeOutSine"
						},
						"0.65": {
							"vector": [-1.89, -1.99, -0.77],
							"easing": "easeInSine"
						},
						"0.85": {
							"vector": [-2.4, -2.455, -0.77]
						},
						"1.05": {
							"vector": [-1.915, -1.41, -0.02]
						},
						"1.25": {
							"vector": [-1.64, -0.74, -0.02]
						},
						"1.45": {
							"vector": [-1.89, -1.99, -0.77],
							"easing": "easeInSine"
						},
						"1.6": {
							"vector": [-1.17, 0.91, -0.52],
							"easing": "easeOutSine"
						},
						"1.8": {
							"vector": [-1.51, -0.565, -0.02]
						},
						"1.9": {
							"vector": [-1.585, -0.185, -0.02]
						},
						"2.1": {
							"vector": [-1.51, -0.43, -2.02]
						},
						"2.25": {
							"vector": [0, -0.5, -2.625],
							"easing": "easeOutSine"
						},
						"2.55": {
							"vector": [5.26, -2.03, 3.94]
						},
						"2.65": {
							"vector": [7.49, -2.73, 5.03]
						},
						"2.7": {
							"vector": [8.21, -2.97, 5.38]
						},
						"2.75": {
							"vector": [8.66, -3.12, 5.59]
						},
						"2.8": {
							"vector": [8.83, -3.19, 5.68]
						},
						"2.85": {
							"vector": [8.81, -3.18, 5.67]
						},
						"2.9": {
							"vector": [8.46, -3.06, 5.5]
						},
						"2.95": {
							"vector": [8.28, -3, 5.42]
						},
						"3.0": {
							"vector": [8.21, -2.97, 5.38]
						},
						"3.05": {
							"vector": [8.21, -2.82, 5.38]
						},
						"3.1": {
							"vector": [8.21, -2.97, 5.38]
						},
						"3.3": {
							"vector": [8.21, -2.97, 5.38]
						},
						"3.35": {
							"vector": [8.21, -2.88, 5.38]
						},
						"3.4": {
							"vector": [8.41, -3.03, 5.71]
						},
						"3.45": {
							"vector": [8.73, -3.13, 6.27]
						},
						"3.5": {
							"vector": [8.8, -3.15, 6.38]
						},
						"3.6": {
							"vector": [8.21, -2.97, 5.38]
						},
						"3.7": {
							"vector": [6.52, -2.47, 2.23]
						},
						"3.8": {
							"vector": [1.56, -1.01, -6.75]
						},
						"3.9": {
							"vector": [-0.12, -0.47, -8.91]
						},
						"4.0": {
							"vector": [-0.7, -0.15, -6.76]
						},
						"4.1": {
							"vector": [-0.34, -0.05, -1.86]
						},
						"4.2": {
							"vector": [0, 0, 1.69]
						},
						"4.35": {
							"vector": [0, 0.02, 0.89]
						},
						"4.45": {
							"vector": [0, 0, 0]
						},
						"4.55": {
							"vector": [0, 0, 0]
						},
						"4.65": {
							"vector": [0, 0, 0]
						},
						"4.85": {
							"vector": [0, 0, 0]
						}
					}
				},
				"bolt1": {
					"rotation": {
						"vector": [0, 0, 0]
					},
					"position": {
						"vector": [0, 0, 0]
					}
				},
				"bolt2": {
					"rotation": {
						"0.0": {
							"vector": [0, 0, 0]
						},
						"3.2": {
							"vector": [0, 0, 0]
						},
						"3.55": {
							"vector": [0, 0, 0]
						}
					},
					"position": {
						"0.0": {
							"vector": [0, 0, 0]
						},
						"3.2": {
							"vector": [0, 0, 0]
						},
						"3.3": {
							"vector": [8, 0, 0]
						},
						"3.4": {
							"vector": [8, 0, 0]
						},
						"3.55": {
							"vector": [0, 0, 0]
						}
					}
				},
				"rightarm": {
					"rotation": {
						"vector": [0, 0, 0]
					},
					"position": {
						"vector": [0, 0, 0]
					}
				},
				"leftarm": {
					"rotation": {
						"0.0": {
							"vector": [0, 0, 0]
						},
						"0.2": {
							"vector": [-4.31324, -2.81676, -6.56459]
						},
						"0.35": {
							"vector": [-4.31324, -2.81676, -6.56459]
						},
						"0.55": {
							"vector": [-12.9863, 3.79651, -1.17685]
						},
						"0.65": {
							"vector": [-6.36222, 2.25283, 0.63254]
						},
						"0.75": {
							"vector": [-19.73814, 0.70916, 2.44192]
						},
						"1.3": {
							"vector": [1.77905, 6.00084, -3.22539]
						},
						"1.4": {
							"vector": [0.44787, 3.17028, -8.54809]
						},
						"1.65": {
							"vector": [-14.24882, -8.10355, 0.52832]
						},
						"1.8": {
							"vector": [-14.24882, -8.10355, 0.52832]
						},
						"1.9": {
							"vector": [8.54842, 3.10094, -6.93637]
						},
						"2.0": {
							"vector": [8.54842, 3.10094, -6.93637]
						},
						"2.15": {
							"vector": [-4.39864, -5.39979, -1.20373]
						},
						"2.3": {
							"vector": [0, 0, 0]
						},
						"2.75": {
							"vector": [0, 0, 0]
						},
						"2.95": {
							"vector": [4.16804, -20.83519, -15.80701]
						},
						"3.15": {
							"vector": [-0.3488, -13.12597, -19.52233]
						},
						"3.3": {
							"vector": [-1.43674, -9.31436, -12.97104]
						},
						"3.4": {
							"vector": [-1.43674, -9.31436, -12.97104]
						},
						"3.55": {
							"vector": [-6.08301, -11.49572, 6.56916]
						},
						"3.7": {
							"vector": [1.72768, -7.79678, 23.03244]
						},
						"3.9": {
							"vector": [6.83013, -5.58598, 21.86067]
						},
						"4.1": {
							"vector": [0, 0, 0]
						}
					},
					"position": {
						"0.0": {
							"vector": [0, 0, 0]
						},
						"0.2": {
							"vector": [0.36816, -11.13717, 15.87417]
						},
						"0.35": {
							"vector": [0.36816, -11.13717, 15.87417]
						},
						"0.55": {
							"vector": [0.36816, -11.13717, 15.87417]
						},
						"0.65": {
							"vector": [0.36816, -11.13717, 15.87417]
						},
						"0.8": {
							"vector": [4.89091, -29.70215, 6.23515]
						},
						"1.15": {
							"vector": [4.89091, -29.70215, 6.23515]
						},
						"1.3": {
							"vector": [0.36816, -11.13717, 15.87417]
						},
						"1.4": {
							"vector": [0.37, -10.215, 15.87]
						},
						"1.65": {
							"vector": [0.36816, -11.13717, 15.87417]
						},
						"1.8": {
							"vector": [0.36816, -11.13717, 15.87417]
						},
						"1.9": {
							"vector": [-1.31602, -0.36872, 15.73122]
						},
						"1.95": {
							"vector": [-1.32, -0.37, 13.73]
						},
						"2.15": {
							"vector": [-0.37, -1.37, 5.83]
						},
						"2.3": {
							"vector": [0, 0, 0]
						},
						"2.75": {
							"vector": [0, 0, 0]
						},
						"2.9": {
							"vector": [4.95, 6.225, 0]
						},
						"3.05": {
							"vector": [4.95, 6.23, -12.425]
						},
						"3.2": {
							"vector": [3.4, 8.46, -14.89]
						},
						"3.3": {
							"vector": [2.4, 8.46, -2.89]
						},
						"3.4": {
							"vector": [2.4, 8.46, -2.89]
						},
						"3.6": {
							"vector": [3.4, 8.46, -14.89]
						},
						"3.7": {
							"vector": [3.4, 8.46, -11.89]
						},
						"4.1": {
							"vector": [0, 0, 0]
						}
					}
				},
				"magazine": {
					"rotation": {
						"0.0": {
							"vector": [0, 0, 0]
						},
						"0.4": {
							"vector": [0, 0, 0]
						},
						"0.55": {
							"vector": [-9.08849, 0.06728, 0.14596]
						},
						"1.7": {
							"vector": [0, 0, 0]
						},
						"1.9": {
							"vector": [0, 0, 0]
						}
					},
					"position": {
						"0.0": {
							"vector": [0, 0, 0]
						},
						"0.35": {
							"vector": [0, 0, 0]
						},
						"0.5": {
							"vector": [0, 0, 0]
						},
						"0.55": {
							"vector": [0, -1.25, -0.6]
						},
						"0.65": {
							"vector": [0.13096, -4.1265, -1.08619]
						},
						"0.8": {
							"vector": [3.68068, -21.17381, -2.43504]
						},
						"1.15": {
							"vector": [3.68068, -21.17381, -2.43504]
						},
						"1.45": {
							"vector": [-0.0486, -1.4857, -0.25344]
						},
						"1.55": {
							"vector": [-0.04249, -1.11079, -0.3088]
						},
						"1.65": {
							"vector": [-0.04249, -1.11079, 0.0162]
						},
						"1.8": {
							"vector": [-0.04249, -1.11079, -0.2338]
						},
						"1.9": {
							"vector": [0, 0, 0]
						}
					}
				},
				"bone9": {
					"rotation": {
						"0.0": {
							"vector": [0, 0, 0]
						},
						"0.3": {
							"vector": [-7.02495, -5.54584, -2.08832]
						},
						"0.45": {
							"vector": [-11.78825, -9.66558, -2.25155]
						},
						"0.95": {
							"vector": [-11.78825, -9.66558, -2.25155]
						},
						"1.7": {
							"vector": [-11.78825, -9.66558, -2.25155]
						},
						"2.05": {
							"vector": [-11.75279, -8.5922, -2.47793]
						},
						"2.6": {
							"vector": [-11.75279, -8.5922, -2.47793]
						},
						"2.9": {
							"vector": [-13.79924, -8.27381, -1.1449]
						},
						"4.35": {
							"vector": [0, 0, 0]
						}
					},
					"position": {
						"0.0": {
							"vector": [0, 0, 0]
						},
						"0.25": {
							"vector": [-0.55, 0.45, -5]
						},
						"1.65": {
							"vector": [-2.155, 0.45, -7.7]
						},
						"2.9": {
							"vector": [-4.55, 0.45, -5]
						},
						"4.35": {
							"vector": [0, 0, 0]
						}
					}
				},
				"bone8": {
					"rotation": {
						"0.55": {
							"vector": [0, 0, 0]
						},
						"1.4": {
							"vector": [0, 0, 0]
						},
						"3.2": {
							"vector": [0, 0, 0]
						},
						"3.55": {
							"vector": [0, 0, 0]
						}
					},
					"position": {
						"0.55": {
							"vector": [0, 0, 0]
						},
						"0.7": {
							"vector": [0, -3.4, 0]
						},
						"1.0": {
							"vector": [0, -1.9, 0]
						},
						"1.4": {
							"vector": [0, 0, 0]
						},
						"3.2": {
							"vector": [0, 0, 0]
						},
						"3.3": {
							"vector": [0, -4, 7]
						},
						"3.45": {
							"vector": [0, -4, 7]
						},
						"3.55": {
							"vector": [0, 0, 0]
						}
					}
				}
			},
			"sound_effects": {
				"0.0": {
					"effect": "hk21_reloadempty"
				}
			}
		},
		"animation.model.reload": {
			"loop": true,
			"animation_length": 3.5,
			"blend_weight": "1",
			"bones": {
				"main": {
					"rotation": {
						"0.0": {
							"vector": [0, 0, 0]
						},
						"0.15": {
							"vector": [-2.30558, -0.82198, -11.96379]
						},
						"0.3": {
							"vector": [-2.96747, -1.49088, -10.6939]
						},
						"0.5": {
							"vector": [-0.67024, -2.24488, -18.69075]
						},
						"0.55": {
							"vector": [-0.50196, -2.28838, -22.94386]
						},
						"0.7": {
							"vector": [-0.12718, -1.81009, -6.18594]
						},
						"0.85": {
							"vector": [0.06002, -1.78352, -4.18512]
						},
						"1.0": {
							"vector": [-0.58697, -1.8386, -7.43641]
						},
						"1.1": {
							"vector": [-0.57326, -1.78088, -7.83702]
						},
						"1.2": {
							"vector": [-0.59364, -1.68198, -7.18732]
						},
						"1.45": {
							"vector": [0.02399, -1.7893, -22.81966],
							"easing": "easeInSine"
						},
						"1.55": {
							"vector": [0.1154, -1.8971, -21.1936],
							"easing": "easeInSine"
						},
						"1.65": {
							"vector": [-0.35577, -1.95853, -21.94389]
						},
						"1.8": {
							"vector": [0.17009, -1.67083, -19.56465]
						},
						"1.85": {
							"vector": [1.78199, -1.66252, -11.68845]
						},
						"1.95": {
							"vector": [1.50298, -1.6461, -14.75111]
						},
						"2.1": {
							"vector": [0.72886, -1.88553, -1.30805]
						},
						"2.55": {
							"vector": [0, 0, 0]
						}
					},
					"position": {
						"0.0": {
							"vector": [0, 0, 0]
						},
						"0.25": {
							"vector": [-1.62, -2.17, -0.02]
						},
						"0.45": {
							"vector": [-1.395, -1.29, -0.02]
						},
						"0.55": {
							"vector": [-1.17, -1.29, -0.52],
							"easing": "easeOutSine"
						},
						"0.65": {
							"vector": [-1.89, -1.99, -0.77],
							"easing": "easeInSine"
						},
						"0.85": {
							"vector": [-2.4, -2.455, -0.77]
						},
						"1.05": {
							"vector": [-1.915, -1.41, -0.02]
						},
						"1.25": {
							"vector": [-1.64, -0.74, -0.02]
						},
						"1.5": {
							"vector": [-1.56, -1.095, -0.02]
						},
						"1.6": {
							"vector": [-1.76, -0.89, -0.02]
						},
						"1.7": {
							"vector": [-1.76, -0.44, -0.02]
						},
						"1.8": {
							"vector": [-1.51, -0.565, -0.02]
						},
						"1.9": {
							"vector": [-1.585, -0.185, -0.02]
						},
						"2.1": {
							"vector": [-1.51, -0.43, -2.02]
						},
						"2.25": {
							"vector": [0, -0.5, -2.625],
							"easing": "easeOutSine"
						},
						"2.4": {
							"vector": [0, 0, 0]
						}
					}
				},
				"bolt1": {
					"rotation": {
						"vector": [0, 0, 0]
					},
					"position": {
						"vector": [0, 0, 0]
					}
				},
				"bolt2": {
					"rotation": {
						"vector": [0, 0, 0]
					},
					"position": {
						"vector": [0, 0, 0]
					}
				},
				"rightarm": {
					"rotation": {
						"vector": [0, 0, 0]
					},
					"position": {
						"vector": [0, 0, 0]
					}
				},
				"leftarm": {
					"rotation": {
						"0.0": {
							"vector": [0, 0, 0]
						},
						"0.2": {
							"vector": [-4.31324, -2.81676, -6.56459]
						},
						"0.35": {
							"vector": [-4.31324, -2.81676, -6.56459]
						},
						"0.55": {
							"vector": [-12.9863, 3.79651, -1.17685]
						},
						"0.65": {
							"vector": [-6.36222, 2.25283, 0.63254]
						},
						"0.75": {
							"vector": [-19.73814, 0.70916, 2.44192]
						},
						"1.3": {
							"vector": [1.77905, 6.00084, -3.22539]
						},
						"1.4": {
							"vector": [0.44787, 3.17028, -8.54809]
						},
						"1.65": {
							"vector": [-14.24882, -8.10355, 0.52832]
						},
						"1.8": {
							"vector": [-14.24882, -8.10355, 0.52832]
						},
						"1.9": {
							"vector": [8.54842, 3.10094, -6.93637]
						},
						"2.0": {
							"vector": [8.54842, 3.10094, -6.93637]
						},
						"2.15": {
							"vector": [-4.39864, -5.39979, -1.20373]
						},
						"2.3": {
							"vector": [0, 0, 0]
						}
					},
					"position": {
						"0.0": {
							"vector": [0, 0, 0]
						},
						"0.2": {
							"vector": [0.36816, -11.13717, 15.87417]
						},
						"0.35": {
							"vector": [0.36816, -11.13717, 15.87417]
						},
						"0.55": {
							"vector": [0.36816, -11.13717, 15.87417]
						},
						"0.65": {
							"vector": [0.36816, -11.13717, 15.87417]
						},
						"0.8": {
							"vector": [4.89091, -29.70215, 6.23515]
						},
						"1.15": {
							"vector": [4.89091, -29.70215, 6.23515]
						},
						"1.3": {
							"vector": [0.36816, -11.13717, 15.87417]
						},
						"1.4": {
							"vector": [0.37, -10.215, 15.87]
						},
						"1.65": {
							"vector": [0.36816, -11.13717, 15.87417]
						},
						"1.8": {
							"vector": [0.36816, -11.13717, 15.87417]
						},
						"1.9": {
							"vector": [-1.31602, -0.36872, 15.73122]
						},
						"1.95": {
							"vector": [-1.32, -0.37, 13.73]
						},
						"2.15": {
							"vector": [-0.37, -1.37, 5.83]
						},
						"2.3": {
							"vector": [0, 0, 0]
						}
					}
				},
				"magazine": {
					"rotation": {
						"0.0": {
							"vector": [0, 0, 0]
						},
						"0.4": {
							"vector": [0, 0, 0]
						},
						"0.55": {
							"vector": [-9.08849, 0.06728, 0.14596]
						},
						"1.7": {
							"vector": [0, 0, 0]
						},
						"1.9": {
							"vector": [0, 0, 0]
						}
					},
					"position": {
						"0.0": {
							"vector": [0, 0, 0]
						},
						"0.35": {
							"vector": [0, 0, 0]
						},
						"0.5": {
							"vector": [0, 0, 0]
						},
						"0.55": {
							"vector": [0, -1.25, -0.6]
						},
						"0.65": {
							"vector": [0.13096, -4.1265, -1.08619]
						},
						"0.8": {
							"vector": [3.68068, -21.17381, -2.43504]
						},
						"1.15": {
							"vector": [3.68068, -21.17381, -2.43504]
						},
						"1.45": {
							"vector": [-0.0486, -1.4857, -0.25344]
						},
						"1.55": {
							"vector": [-0.04249, -1.11079, -0.3088]
						},
						"1.65": {
							"vector": [-0.04249, -1.11079, 0.0162]
						},
						"1.8": {
							"vector": [-0.04249, -1.11079, -0.2338]
						},
						"1.9": {
							"vector": [0, 0, 0]
						}
					}
				},
				"bone9": {
					"rotation": {
						"0.0": {
							"vector": [0, 0, 0]
						},
						"0.3": {
							"vector": [-7.02495, -5.54584, -2.08832]
						},
						"1.25": {
							"vector": [-11.78825, -9.66558, -2.25155]
						},
						"1.35": {
							"vector": [-11.78, -9.33, -2.32]
						},
						"1.55": {
							"vector": [-15.02417, -9.1719, -2.35384]
						},
						"1.9": {
							"vector": [-11.78, -9.33, -2.32]
						},
						"2.05": {
							"vector": [-11.75279, -8.5922, -2.47793]
						},
						"2.3": {
							"vector": [0, 0, 0]
						}
					},
					"position": {
						"0.0": {
							"vector": [0, 0, 0]
						},
						"0.25": {
							"vector": [-0.55, 0.45, -5]
						},
						"1.25": {
							"vector": [-0.24, 0.2, -2.23]
						},
						"1.35": {
							"vector": [-0.21, 0.18, -1.95]
						},
						"1.55": {
							"vector": [-0.18, 3.5, 0.46]
						},
						"1.9": {
							"vector": [-0.21, 0.18, -1.95]
						},
						"2.3": {
							"vector": [0, 0, 0]
						}
					}
				},
				"bone8": {
					"rotation": {
						"0.55": {
							"vector": [0, 0, 0]
						},
						"1.4": {
							"vector": [0, 0, 0]
						},
						"2.3": {
							"vector": [0, 0, 0]
						}
					},
					"position": {
						"0.55": {
							"vector": [0, 0, 0]
						},
						"0.7": {
							"vector": [0, -3.4, 0]
						},
						"1.0": {
							"vector": [0, -1.9, 0]
						},
						"1.4": {
							"vector": [0, 0, 0]
						},
						"2.3": {
							"vector": [0, 0, 0]
						}
					}
				}
			},
			"sound_effects": {
				"0.0": {
					"effect": "hk21_reload"
				}
			}
		},
		"animation.model.fire": {
			"animation_length": 0.16667,
			"bones": {
				"bone9": {
					"rotation": {
						"0.0": {
							"vector": [0, 0, 0]
						},
						"0.1667": {
							"vector": [0, 0, 0]
						}
					},
					"position": {
						"0.0": {
							"vector": [0, 0, 0]
						},
						"0.0417": {
							"vector": [0, 0, 1]
						},
						"0.1667": {
							"vector": [0, 0, 0]
						}
					}
				},
				"handle": {
					"rotation": {
						"0.0": {
							"vector": [0, 0, 0]
						},
						"0.0417": {
							"vector": [7.5, 0, 0]
						},
						"0.0833": {
							"vector": [17.5, 0, 0]
						},
						"0.125": {
							"vector": [0, 0, 0]
						}
					},
					"position": {
						"0.0": {
							"vector": [0, 0, 0]
						},
						"0.125": {
							"vector": [0, 0, 0]
						}
					}
				}
			}
		}
	},
	"geckolib_format_version": 2
}