{
	"format_version": "1.8.0",
	"animations": {
		"animation.model.draw": {
			"animation_length": 1.2,
			"bones": {
				"carryinghandle": {
					"rotation": {
						"0.25": {
							"vector": [0, 0, 0]
						},
						"0.35": {
							"vector": [0, 0, 15]
						},
						"0.45": {
							"vector": [0, 0, 0]
						},
						"0.55": {
							"vector": [0, 0, 15]
						},
						"0.6": {
							"vector": [0, 0, 0]
						}
					}
				},
				"bone2": {
					"position": {
						"0.0": {
							"vector": [-12.725, 0, 0]
						},
						"0.25": {
							"vector": [0.67, -2.925, 0]
						},
						"0.55": {
							"vector": [0, 0, 0]
						}
					}
				},
				"main": {
					"rotation": {
						"0.0": {
							"vector": [32.09413, -54.38778, -8.29667]
						},
						"0.25": {
							"vector": [1.77698, -9.99529, -4.30852]
						},
						"0.45": {
							"vector": [0.58201, -1.04064, 2.6563]
						},
						"0.55": {
							"vector": [0.34258, 0.38164, 0.59987]
						},
						"0.65": {
							"vector": [0, 0, 0]
						}
					},
					"position": {
						"0.0": {
							"vector": [0, -17.3, 0]
						},
						"0.1": {
							"vector": [0, -7.41, -4.07]
						},
						"0.25": {
							"vector": [-0.4, 0, -2.75]
						},
						"0.4": {
							"vector": [0.4, 0, 0.5]
						},
						"0.6": {
							"vector": [0, 0, 0]
						}
					}
				},
				"leftarm": {
					"rotation": {
						"0.0": {
							"vector": [0, 0, 0]
						},
						"0.2": {
							"vector": [1, 0, -22]
						},
						"0.4": {
							"vector": [0, 0, 0]
						}
					},
					"position": {
						"0.0": {
							"vector": [0, 0, 0]
						},
						"0.2": {
							"vector": [5.23901, 1.8754, 5.59783]
						},
						"0.4": {
							"vector": [0, 0, 0]
						}
					}
				}
			},
			"sound_effects": {
				"0.0": {
					"effect": "draw"
				}
			}
		},
		"animation.model.fire": {
			"loop": true,
			"animation_length": 0.2083,
			"bones": {
				"main": {
					"rotation": {
						"vector": [0, 0, 0]
					},
					"position": {
						"0.0": {
							"vector": [0, 0, 0]
						},
						"0.0417": {
							"vector": [0, 0, 2]
						},
						"0.0833": {
							"vector": [0, 0, 1]
						},
						"0.125": {
							"vector": [0, 0, -1]
						}
					}
				},
				"crick": {
					"position": {
						"0.0": {
							"vector": [0, 0, 0]
						},
						"0.0417": {
							"pre": {
								"vector": [4, 0, 0]
							},
							"post": {
								"vector": [4, 0, 0]
							},
							"lerp_mode": "catmullrom"
						},
						"0.0833": {
							"post": {
								"vector": [2, 0, 0]
							},
							"lerp_mode": "catmullrom"
						},
						"0.2083": {
							"vector": [0, 0, 0]
						}
					}
				}
			}
		},
		"animation.model.reload": {
			"animation_length": 3.6667,
			"bones": {
				"bone2": {
					"rotation": {
						"0.5": {
							"vector": [0, 0, 0]
						},
						"0.625": {
							"pre": {
								"vector": [-6, 0, 0]
							},
							"post": {
								"vector": [-6, 0, 0]
							},
							"lerp_mode": "catmullrom"
						},
						"1.875": {
							"vector": [0, 0, 0]
						},
						"2.625": {
							"vector": [0, 0, 0]
						}
					},
					"position": {
						"0.5": {
							"vector": [0, 0, 0]
						},
						"0.5833": {
							"vector": [-1, 1.86, -4]
						},
						"1.75": {
							"vector": [0, -4, 0]
						},
						"2.7917": {
							"vector": [0, 0, 0]
						}
					}
				},
				"main": {
					"rotation": {
						"0.0": {
							"vector": [0, 0, 0]
						},
						"0.1667": {
							"pre": {
								"vector": [-89.99998, 6.25, 82.49998]
							},
							"post": {
								"vector": [-89.99998, 6.25, 82.49998]
							},
							"lerp_mode": "catmullrom"
						},
						"0.3333": {
							"post": {
								"vector": [-118.06875, 7.02617, 103.20411]
							},
							"lerp_mode": "catmullrom"
						},
						"0.4583": {
							"post": {
								"vector": [-190.3171, 7.27117, 175.41491]
							},
							"lerp_mode": "catmullrom"
						},
						"0.7083": {
							"post": {
								"vector": [-177.96904, 16.86731, 161.7631]
							},
							"lerp_mode": "catmullrom"
						},
						"1.5833": {
							"post": {
								"vector": [-183.42, 16.01, 166.62]
							},
							"lerp_mode": "catmullrom"
						},
						"1.6667": {
							"vector": [-175.97993, 14.88406, 159.00249]
						},
						"1.75": {
							"pre": {
								"vector": [-191.08006, 13.92808, 174.70699]
							},
							"post": {
								"vector": [-191.08006, 13.92808, 174.70699]
							},
							"lerp_mode": "catmullrom"
						},
						"1.875": {
							"post": {
								"vector": [-140.59211, 24.90815, 120.57976]
							},
							"lerp_mode": "catmullrom"
						},
						"2.2917": {
							"post": {
								"vector": [-147.62028, 13.27678, 129.89177]
							},
							"lerp_mode": "catmullrom"
						},
						"2.6667": {
							"post": {
								"vector": [0, 0, 0]
							},
							"lerp_mode": "catmullrom"
						},
						"2.7917": {
							"vector": [0, 0, 0]
						}
					},
					"position": {
						"0.0": {
							"vector": [0, 0, 0]
						},
						"0.1667": {
							"pre": {
								"vector": [1, 0, -1]
							},
							"post": {
								"vector": [1, 0, -1]
							},
							"lerp_mode": "catmullrom"
						},
						"0.3333": {
							"post": {
								"vector": [4, 0, -1]
							},
							"lerp_mode": "catmullrom"
						},
						"0.4583": {
							"post": {
								"vector": [4, -5, 1]
							},
							"lerp_mode": "catmullrom"
						},
						"0.8333": {
							"post": {
								"vector": [2.07, -0.61, 0.78]
							},
							"lerp_mode": "catmullrom"
						},
						"1.5833": {
							"post": {
								"vector": [0.9, 2.32, 0.5]
							},
							"lerp_mode": "catmullrom"
						},
						"1.75": {
							"post": {
								"vector": [0.9, 1.4, 0.5]
							},
							"lerp_mode": "catmullrom"
						},
						"1.875": {
							"post": {
								"vector": [0.9, 12.4, -4]
							},
							"lerp_mode": "catmullrom"
						},
						"2.4583": {
							"post": {
								"vector": [0, 0, 0]
							},
							"lerp_mode": "catmullrom"
						},
						"2.7917": {
							"vector": [0, 0, 0]
						}
					}
				},
				"chargeur": {
					"rotation": {
						"0.0": {
							"vector": [0, 0, 0]
						},
						"0.375": {
							"vector": [0, 0, 0]
						},
						"0.4583": {
							"vector": [-10, 0, 0]
						},
						"1.7083": {
							"vector": [-13.03, 0, 0]
						},
						"1.7917": {
							"vector": [0, 0, 0]
						}
					},
					"position": {
						"0.0": {
							"vector": [0, 0, 0]
						},
						"0.375": {
							"vector": [0, 0, 0]
						},
						"0.4583": {
							"vector": [1.67, -3.75, -2.67]
						},
						"0.5417": {
							"vector": [1.67, -12.92, -2.67]
						},
						"0.5833": {
							"vector": [1.67, -14.5, -2.67]
						},
						"0.625": {
							"vector": [1.67, -27.095, -4.37]
						},
						"0.6667": {
							"vector": [1.67, -39.25, -2.67]
						},
						"0.7917": {
							"vector": [1.67, -39.25, -2.67]
						},
						"1.0417": {
							"vector": [57.67, -39.25, -2.67]
						},
						"1.2917": {
							"vector": [57.67, -39.25, -2.67]
						},
						"1.5": {
							"vector": [1.67, -39.25, -2.67]
						},
						"1.625": {
							"vector": [1.67, -13.57, -4.63]
						},
						"1.6667": {
							"vector": [1.67, -9.97, -4.35]
						},
						"1.7083": {
							"vector": [1.67, -4.65, -3.77]
						},
						"1.7917": {
							"vector": [0, 0, 0]
						}
					}
				},
				"leftarm": {
					"rotation": {
						"0.0": {
							"vector": [0, 0, 0]
						},
						"0.2083": {
							"vector": [0, -17.5, 0]
						},
						"2.0417": {
							"vector": [0, -1.51, 0]
						},
						"2.25": {
							"vector": [21.55533, -23.5463, -5.0822]
						},
						"2.4167": {
							"vector": [2.98356, -14.32045, 4.97252]
						},
						"2.6667": {
							"vector": [0, 0, 0]
						}
					},
					"position": {
						"0.0": {
							"vector": [0, 0, 0]
						},
						"0.1667": {
							"vector": [0, 0, -2]
						},
						"0.2917": {
							"vector": [-2, -4, 1]
						},
						"0.4167": {
							"vector": [-2, -4, 1]
						},
						"0.5417": {
							"vector": [-2, -19, 1]
						},
						"0.6667": {
							"vector": [-2, -45.9, 1]
						},
						"0.7917": {
							"vector": [-2, -45.9, 1]
						},
						"1.0417": {
							"vector": [52, -45.9, 1]
						},
						"1.2917": {
							"vector": [52, -45.9, 1]
						},
						"1.5": {
							"vector": [-2, -45.9, 1]
						},
						"1.5417": {
							"vector": [-2, -38.5, 1]
						},
						"1.625": {
							"vector": [-2, -21.67, 1]
						},
						"1.7917": {
							"vector": [-2, -7.82, 1]
						},
						"1.9583": {
							"vector": [-2, -7.82, 1]
						},
						"2.0417": {
							"vector": [-2, -5, 1]
						},
						"2.2917": {
							"vector": [-1.25, -3.13, -2.37]
						},
						"2.5417": {
							"vector": [0, 0, 0]
						}
					}
				},
				"bone4": {
					"rotation": {
						"0.0": {
							"vector": [0, 0, 0]
						},
						"0.5417": {
							"pre": {
								"vector": [-46.81616, -20.43621, -17.86956]
							},
							"post": {
								"vector": [-46.81616, -20.43621, -17.86956]
							},
							"lerp_mode": "catmullrom"
						},
						"1.25": {
							"post": {
								"vector": [-37.43814, -22.26202, -19.53429]
							},
							"lerp_mode": "catmullrom"
						},
						"2.0": {
							"post": {
								"vector": [-46.81616, -20.43621, -17.86956]
							},
							"lerp_mode": "catmullrom"
						},
						"2.3333": {
							"post": {
								"vector": [-29.9334, -9.32142, -6.18016]
							},
							"lerp_mode": "catmullrom"
						},
						"2.6667": {
							"vector": [0, 0, 0]
						},
						"2.7917": {
							"vector": [0, 0, 0]
						}
					},
					"position": {
						"0.0": {
							"vector": [0, 0, 0]
						},
						"0.3333": {
							"pre": {
								"vector": [1.3, 0, -3.3]
							},
							"post": {
								"vector": [1.3, 0, -3.3]
							},
							"lerp_mode": "catmullrom"
						},
						"0.7917": {
							"post": {
								"vector": [1.52, 0, -3.54]
							},
							"lerp_mode": "catmullrom"
						},
						"2.0833": {
							"post": {
								"vector": [1.3, 0, -3.3]
							},
							"lerp_mode": "catmullrom"
						},
						"2.5": {
							"post": {
								"vector": [-1.7, 0, -3.3]
							},
							"lerp_mode": "catmullrom"
						},
						"2.7917": {
							"vector": [0, 0, 0]
						}
					}
				}
			},
			"sound_effects": {
				"0.0833": {
					"effect": "mp40_reload"
				}
			}
		},
		"animation.model.inspect": {
			"animation_length": 4.2667,
			"bones": {
				"carryinghandle": {
					"rotation": {
						"0.2": {
							"vector": [0, 0, 0]
						},
						"0.3": {
							"vector": [0, 0, 15]
						},
						"0.4": {
							"vector": [0, 0, 0]
						},
						"0.5": {
							"vector": [0, 0, 15]
						},
						"0.5667": {
							"vector": [0, 0, 0]
						},
						"0.9": {
							"vector": [0, 0, 0]
						},
						"1.0333": {
							"vector": [0, 0, 17.5]
						},
						"1.8": {
							"vector": [0, 0, 17.5]
						},
						"1.9": {
							"vector": [0, 0, 15]
						},
						"2.0333": {
							"vector": [0, 0, 15]
						},
						"2.1667": {
							"vector": [0, 0, 0]
						}
					}
				},
				"main": {
					"rotation": {
						"0.0": {
							"vector": [0, 0, 0]
						},
						"0.1667": {
							"vector": [-8.41746, -13.59608, -21.21259],
							"easing": "linear"
						},
						"0.3": {
							"vector": [-8.39812, -20.10111, -31.77688]
						},
						"0.4333": {
							"vector": [-9.55676, -20.88889, -28.55629]
						},
						"0.5333": {
							"vector": [-8.77652, -21.21647, -30.72851]
						},
						"0.7667": {
							"vector": [-9.4227, -20.94881, -28.93303]
						},
						"1.0": {
							"vector": [-3.1216, -20.98207, -46.44405]
						},
						"1.1333": {
							"vector": [-4.564, -20.73064, -42.44007]
						},
						"1.2333": {
							"vector": [-4.86325, -20.9153, -41.60203]
						},
						"1.3333": {
							"vector": [-4.58308, -20.97575, -42.38574]
						},
						"1.4667": {
							"vector": [-4.01131, -21.08802, -43.97908]
						},
						"1.6": {
							"vector": [-4.38767, -21.01662, -42.9316]
						},
						"1.7": {
							"vector": [-4.18847, -21.05622, -43.48691],
							"easing": "linear"
						},
						"2.0333": {
							"vector": [-16.91438, 5.38499, 54.40399],
							"easing": "linear"
						},
						"2.1667": {
							"vector": [-15.22513, 5.80082, 60.04554]
						},
						"2.3": {
							"vector": [-15.70981, 5.86025, 59.48558]
						},
						"2.4333": {
							"vector": [-15.93602, 7.03904, 62.69373]
						},
						"2.5667": {
							"vector": [-15.60896, 7.75082, 65.23442]
						},
						"2.7333": {
							"vector": [-15.71675, 7.52491, 64.42194]
						},
						"2.9": {
							"vector": [-15.56389, 7.84019, 65.55973]
						},
						"3.1": {
							"vector": [-15.61778, 7.73186, 65.16659]
						},
						"3.2667": {
							"vector": [-15.9801, 6.93689, 62.33342]
						},
						"3.4": {
							"vector": [-8.86998, 2.42135, 33.56191]
						},
						"3.5333": {
							"vector": [0, -1.75, -2.75]
						},
						"3.7": {
							"vector": [0, 0, 0]
						}
					},
					"position": {
						"0.0": {
							"vector": [0, 0, 0]
						},
						"0.3": {
							"vector": [-0.475, 1.475, -8.7]
						},
						"0.4": {
							"vector": [-0.195, 1, -7.7]
						},
						"0.5333": {
							"vector": [-0.03, 0.725, -7.7]
						},
						"0.7": {
							"vector": [0, 1.125, -7.7]
						},
						"0.9": {
							"vector": [0.125, 1.4, -8.275]
						},
						"1.2": {
							"vector": [-0.02, 1.475, -8]
						},
						"1.4": {
							"vector": [0.11, 1.425, -8.175]
						},
						"1.6667": {
							"vector": [0.275, 1.25, -7.975]
						},
						"1.8": {
							"vector": [-0.13, -1.19, -8.65]
						},
						"1.9667": {
							"vector": [-0.545, -1.325, -11.15]
						},
						"2.1333": {
							"vector": [-0.415, -1.395, -10.545]
						},
						"2.2667": {
							"vector": [-0.525, -1.455, -9.17]
						},
						"2.4": {
							"vector": [-0.49, -1.43, -9.85]
						},
						"2.5667": {
							"vector": [-0.455, -1.5, -9.24]
						},
						"2.7667": {
							"vector": [-0.53, -1.5, -9.27]
						},
						"3.0": {
							"vector": [-0.49, -1.41, -9.3]
						},
						"3.2333": {
							"vector": [-0.545, -1.325, -9.325]
						},
						"3.3667": {
							"vector": [-1.005, -0.61, -7.41]
						},
						"3.6333": {
							"vector": [0, 0, 0]
						}
					}
				},
				"leftarm": {
					"rotation": {
						"0.0": {
							"vector": [0, 0, 0]
						},
						"0.1667": {
							"vector": [0, 0, -2.5]
						},
						"3.3": {
							"vector": [0, 0, -2.5]
						},
						"3.5667": {
							"vector": [0, 0, 0]
						}
					},
					"position": {
						"0.0": {
							"vector": [0, 0, 0]
						},
						"0.1667": {
							"vector": [-0.76014, -86.20851, 24.64864]
						},
						"3.3": {
							"vector": [-0.76014, -86.20851, 24.64864]
						},
						"3.5667": {
							"vector": [0, 0, 0]
						}
					}
				},
				"bone2": {
					"rotation": {
						"0.0": {
							"vector": [0, 0, 0]
						},
						"0.2667": {
							"vector": [-16, 0, 0]
						},
						"1.8333": {
							"vector": [-16, 0, 0]
						},
						"2.2": {
							"vector": [-20.1905, 6.55156, 4.23022]
						},
						"3.2": {
							"vector": [-20.1905, 6.55156, 4.23022]
						},
						"3.6667": {
							"vector": [0, 0, 0]
						}
					},
					"position": {
						"0.0": {
							"vector": [0, 0, 0]
						},
						"0.2667": {
							"vector": [12.125, 8.25, -4.375]
						},
						"0.7333": {
							"vector": [12.12, 9.125, -5.87]
						},
						"1.8333": {
							"vector": [12.12, 9.125, -5.87]
						},
						"2.1667": {
							"vector": [0.095, 9.13, -5.87]
						},
						"3.2": {
							"vector": [0.095, 9.13, -5.87]
						},
						"3.6667": {
							"vector": [0, 0, 0]
						}
					}
				},
				"rightarm": {
					"rotation": {
						"0.0": {
							"vector": [0, 0, 0]
						},
						"0.2": {
							"vector": [0, 100, 0]
						},
						"3.5": {
							"vector": [0, 100, 0]
						},
						"3.7333": {
							"vector": [0, 0, 0]
						}
					},
					"position": {
						"0.0": {
							"vector": [0, 0, 0]
						},
						"0.2": {
							"vector": [49.75, 0, -3.2]
						},
						"3.5": {
							"vector": [49.75, 0, -3.2]
						},
						"3.7333": {
							"vector": [0, 0, 0]
						}
					}
				}
			},
			"sound_effects": {
				"0.0": {
					"effect": "inspect_up"
				},
				"0.8": {
					"effect": "inspect_foley"
				},
				"1.3667": {
					"effect": "inspect_turn"
				},
				"3.2667": {
					"effect": "inspect_down"
				}
			}
		},
		"animation.model.reloadempty": {
			"animation_length": 3.2917,
			"bones": {
				"bone2": {
					"rotation": {
						"0.5": {
							"vector": [0, 0, 0]
						},
						"0.6667": {
							"pre": {
								"vector": [-19.86108, 2.55402, -11.42757]
							},
							"post": {
								"vector": [-19.86108, 2.55402, -11.42757]
							},
							"lerp_mode": "catmullrom"
						},
						"0.875": {
							"post": {
								"vector": [-19.86108, 2.55402, -11.42757]
							},
							"lerp_mode": "catmullrom"
						},
						"1.5": {
							"vector": [0, 0, 0]
						},
						"1.9167": {
							"vector": [0.43439, 2.462, 10.00933]
						},
						"2.2917": {
							"vector": [-22.06561, 2.462, 10.00933]
						},
						"2.75": {
							"pre": {
								"vector": [-8.42059, 1.57359, 3.27136]
							},
							"post": {
								"vector": [-8.42059, 1.57359, 3.27136]
							},
							"lerp_mode": "catmullrom"
						},
						"3.2083": {
							"post": {
								"vector": [0, 0, 0]
							},
							"lerp_mode": "catmullrom"
						}
					},
					"position": {
						"0.5": {
							"vector": [0, 0, 0]
						},
						"0.625": {
							"vector": [-1, 1.86, -4]
						},
						"1.375": {
							"vector": [0, -4, 0]
						},
						"2.0": {
							"vector": [2, 0, -1]
						},
						"2.25": {
							"vector": [2, 0, -1]
						},
						"2.3333": {
							"vector": [2, -1, 7]
						},
						"2.4583": {
							"vector": [2, -1, 7]
						},
						"2.5833": {
							"pre": {
								"vector": [2, 0, -3.31]
							},
							"post": {
								"vector": [2, 0, -3.31]
							},
							"lerp_mode": "catmullrom"
						},
						"2.8333": {
							"post": {
								"vector": [2, 0, -1]
							},
							"lerp_mode": "catmullrom"
						},
						"3.0833": {
							"post": {
								"vector": [0, 0, 0]
							},
							"lerp_mode": "catmullrom"
						}
					}
				},
				"main": {
					"rotation": {
						"0.0": {
							"vector": [0, 0, 0]
						},
						"0.1667": {
							"pre": {
								"vector": [-89.99998, 6.25, 82.49998]
							},
							"post": {
								"vector": [-89.99998, 6.25, 82.49998]
							},
							"lerp_mode": "catmullrom"
						},
						"0.3333": {
							"post": {
								"vector": [-118.06875, 7.02617, 103.20411]
							},
							"lerp_mode": "catmullrom"
						},
						"0.4583": {
							"post": {
								"vector": [-190.3171, 7.27117, 175.41491]
							},
							"lerp_mode": "catmullrom"
						},
						"0.7083": {
							"post": {
								"vector": [-177.96904, 16.86731, 161.7631]
							},
							"lerp_mode": "catmullrom"
						},
						"1.0833": {
							"post": {
								"vector": [-183.42, 16.01, 166.62]
							},
							"lerp_mode": "catmullrom"
						},
						"1.1667": {
							"vector": [-175.97993, 14.88406, 159.00249]
						},
						"1.25": {
							"pre": {
								"vector": [-191.08006, 13.92808, 174.70699]
							},
							"post": {
								"vector": [-191.08006, 13.92808, 174.70699]
							},
							"lerp_mode": "catmullrom"
						},
						"1.4583": {
							"post": {
								"vector": [-134.26657, 27.78837, 113.52487]
							},
							"lerp_mode": "catmullrom"
						},
						"1.75": {
							"post": {
								"vector": [-147.62028, 13.27678, 129.89177]
							},
							"lerp_mode": "catmullrom"
						},
						"2.2917": {
							"post": {
								"vector": [0, 0, 0]
							},
							"lerp_mode": "catmullrom"
						},
						"2.6667": {
							"post": {
								"vector": [0, 0, 0]
							},
							"lerp_mode": "catmullrom"
						},
						"2.875": {
							"post": {
								"vector": [0, 0, 0]
							},
							"lerp_mode": "catmullrom"
						},
						"3.1667": {
							"post": {
								"vector": [0, 0, 0]
							},
							"lerp_mode": "catmullrom"
						}
					},
					"position": {
						"0.0": {
							"vector": [0, 0, 0]
						},
						"0.1667": {
							"pre": {
								"vector": [1, 0, -1]
							},
							"post": {
								"vector": [1, 0, -1]
							},
							"lerp_mode": "catmullrom"
						},
						"0.3333": {
							"post": {
								"vector": [4, 0, -1]
							},
							"lerp_mode": "catmullrom"
						},
						"0.4583": {
							"post": {
								"vector": [4, -5, 1]
							},
							"lerp_mode": "catmullrom"
						},
						"0.8333": {
							"post": {
								"vector": [2.07, -0.61, 0.78]
							},
							"lerp_mode": "catmullrom"
						},
						"1.0833": {
							"post": {
								"vector": [0.9, 2.32, 0.5]
							},
							"lerp_mode": "catmullrom"
						},
						"1.25": {
							"post": {
								"vector": [0.9, 1.4, 0.5]
							},
							"lerp_mode": "catmullrom"
						},
						"1.4583": {
							"post": {
								"vector": [0.9, 12.4, -4]
							},
							"lerp_mode": "catmullrom"
						},
						"2.0833": {
							"post": {
								"vector": [0, 0, 0]
							},
							"lerp_mode": "catmullrom"
						},
						"2.625": {
							"post": {
								"vector": [0, 0, 0]
							},
							"lerp_mode": "catmullrom"
						},
						"2.75": {
							"post": {
								"vector": [0, 0, 0]
							},
							"lerp_mode": "catmullrom"
						},
						"2.9167": {
							"post": {
								"vector": [0, 0, 0]
							},
							"lerp_mode": "catmullrom"
						},
						"3.0": {
							"post": {
								"vector": [0, 0, 0]
							},
							"lerp_mode": "catmullrom"
						},
						"3.25": {
							"post": {
								"vector": [0, 0, 0]
							},
							"lerp_mode": "catmullrom"
						}
					}
				},
				"chargeur": {
					"rotation": {
						"0.0": {
							"vector": [0, 0, 0]
						},
						"0.375": {
							"vector": [0, 0, 0]
						},
						"0.4583": {
							"vector": [-10, 0, 0]
						},
						"1.3333": {
							"vector": [-13.03, 0, 0]
						},
						"1.4167": {
							"vector": [0, 0, 0]
						}
					},
					"position": {
						"0.0": {
							"vector": [0, 0, 0]
						},
						"0.375": {
							"vector": [0, 0, 0]
						},
						"0.4583": {
							"vector": [1.67, -3.75, -2.67]
						},
						"0.5417": {
							"vector": [1.67, -12.92, -2.67]
						},
						"0.5833": {
							"vector": [1.67, -14.5, -2.67]
						},
						"0.625": {
							"vector": [1.67, -12.75, -2.67]
						},
						"0.6667": {
							"vector": [1.67, -39.25, -2.67]
						},
						"1.125": {
							"vector": [1.67, -39.25, -2.67]
						},
						"1.25": {
							"vector": [1.67, -13.57, -4.63]
						},
						"1.2917": {
							"vector": [1.67, -9.97, -4.35]
						},
						"1.3333": {
							"vector": [1.67, -4.65, -3.77]
						},
						"1.4167": {
							"vector": [0, 0, 0]
						}
					}
				},
				"leftarm": {
					"rotation": {
						"0.0": {
							"vector": [0, 0, 0]
						},
						"0.2083": {
							"vector": [0, -17.5, 0]
						},
						"1.6667": {
							"vector": [0, -1.51, 0]
						},
						"1.875": {
							"vector": [21.55533, -23.5463, -5.0822]
						},
						"2.0833": {
							"vector": [6.05289, -2.30523, 20.33273]
						},
						"2.2083": {
							"vector": [2.26241, -18.59229, 23.45623]
						},
						"2.4167": {
							"vector": [2.26241, -18.59229, 23.45623]
						},
						"2.5833": {
							"vector": [2.72591, 17.64156, 10.25056]
						},
						"2.7917": {
							"vector": [2.72591, 17.64156, 10.25056]
						},
						"3.0833": {
							"vector": [0, 0, 0]
						}
					},
					"position": {
						"0.0": {
							"vector": [0, 0, 0]
						},
						"0.1667": {
							"vector": [0, 0, -2]
						},
						"0.2917": {
							"vector": [-2, -4, 1]
						},
						"0.4167": {
							"vector": [-2, -4, 1]
						},
						"0.5417": {
							"vector": [-2, -19, 1]
						},
						"0.6667": {
							"vector": [-2, -45.9, 1]
						},
						"1.125": {
							"vector": [-2, -45.9, 1]
						},
						"1.1667": {
							"vector": [-2, -38.5, 1]
						},
						"1.25": {
							"vector": [-2, -21.67, 1]
						},
						"1.4167": {
							"vector": [-2, -7.82, 1]
						},
						"1.5833": {
							"vector": [-2, -7.82, 1]
						},
						"1.6667": {
							"vector": [-2, -5, 1]
						},
						"1.9167": {
							"vector": [-1.25, -3.13, -2.37]
						},
						"2.0833": {
							"vector": [9.75, -3.13, -1.37]
						},
						"2.2083": {
							"vector": [17.7, 7.345, -2.345]
						},
						"2.2917": {
							"vector": [23.85, 7.345, -2.345]
						},
						"2.4167": {
							"vector": [20.75, -0.13, -0.37]
						},
						"2.5833": {
							"vector": [24.75, -0.13, -0.37]
						},
						"2.7917": {
							"vector": [24.75, -0.13, -0.37]
						},
						"3.0": {
							"pre": {
								"vector": [8.75, -2.13, -2.37]
							},
							"post": {
								"vector": [8.75, -2.13, -2.37]
							},
							"lerp_mode": "catmullrom"
						},
						"3.1667": {
							"vector": [0, 0, 0]
						}
					}
				},
				"crick": {
					"rotation": {
						"2.2083": {
							"vector": [0, 0, 0]
						},
						"2.5833": {
							"vector": [0, 0, 0]
						}
					},
					"position": {
						"2.2083": {
							"vector": [0, 0, 0]
						},
						"2.2917": {
							"vector": [6, 0, 0]
						},
						"2.4167": {
							"vector": [6, 0, 0]
						},
						"2.5833": {
							"vector": [0, 0, 0]
						}
					}
				},
				"bone4": {
					"rotation": {
						"0.0": {
							"vector": [0, 0, 0]
						},
						"0.2083": {
							"vector": [-8.18218, -3.77511, -17.83048]
						},
						"0.2917": {
							"vector": [-8.9758, -5.24554, -20.43274]
						},
						"0.4167": {
							"vector": [-9.72359, -6.43125, -25.71808]
						},
						"0.4583": {
							"vector": [-9.75295, -5.6966, -20.76629]
						},
						"0.5833": {
							"vector": [-9.89286, 0.41551, -11.51979]
						},
						"0.9583": {
							"vector": [-9.89286, 0.41551, -11.51979]
						},
						"1.2083": {
							"vector": [-8.4828, -8.28104, -42.98754]
						},
						"1.3333": {
							"vector": [-9.07014, -7.63227, -38.74648]
						},
						"1.5833": {
							"vector": [-9.05721, -6.15432, -29.03892]
						},
						"2.1667": {
							"vector": [0, 0, 0]
						},
						"3.0417": {
							"vector": [0, 0, 0]
						}
					},
					"position": {
						"0.0": {
							"vector": [0, 0, 0]
						},
						"0.125": {
							"vector": [-0.55, -1.27, -6.6]
						},
						"0.25": {
							"vector": [-0.875, -1.495, -5.6]
						},
						"0.375": {
							"vector": [-0.565, -1.53, -3.35]
						},
						"0.5": {
							"vector": [-0.835, -2, -3.05]
						},
						"0.75": {
							"vector": [-0.55, -1.795, -3.6]
						},
						"0.875": {
							"vector": [-0.7, -1.325, -1.85]
						},
						"0.9583": {
							"vector": [-0.895, -0.675, -1.58]
						},
						"1.125": {
							"vector": [-0.85, -0.45, -1.3]
						},
						"1.2083": {
							"vector": [-1.025, -0.475, -1.3]
						},
						"1.375": {
							"vector": [-1.425, 0.15, -1.3]
						},
						"1.5": {
							"vector": [-1.275, -0.35, -0.775]
						},
						"1.625": {
							"vector": [-1.075, -0.775, -1.025]
						},
						"1.7917": {
							"vector": [-0.55, -1.795, -3.6]
						},
						"1.9167": {
							"vector": [-0.7, -1.325, -1.85]
						},
						"2.0": {
							"vector": [-0.895, -0.675, -1.58]
						},
						"2.125": {
							"vector": [-0.85, -0.45, -1.3]
						},
						"2.2083": {
							"vector": [-1.025, -0.475, -1.3]
						},
						"2.2917": {
							"vector": [-1.425, 0.15, -1.3]
						},
						"2.375": {
							"vector": [-0.85, -0.45, -1.3]
						},
						"2.4583": {
							"vector": [-1.025, -0.475, -1.3]
						},
						"2.5417": {
							"vector": [-1.425, 0.15, -1.3]
						},
						"2.625": {
							"vector": [-1.275, -0.35, -0.775]
						},
						"2.7083": {
							"vector": [-1.075, -0.775, -1.025]
						},
						"2.7917": {
							"vector": [-0.23, -0.81, -1.255]
						},
						"2.875": {
							"vector": [0.34, -0.865, -3.335]
						},
						"3.0": {
							"vector": [0, 0, 0]
						}
					}
				}
			},
			"sound_effects": {
				"0.0": {
					"effect": "mp40_reloadempty"
				}
			}
		}
	},
	"geckolib_format_version": 2
}