{
	"format_version": "1.8.0",
	"animations": {
		"animation.model.draw": {
			"animation_length": 1.2,
			"bones": {
				"leftarm": {
					"rotation": {
						"0.0": {
							"vector": [0, 0, 0]
						},
						"0.2": {
							"vector": [1, 0, -22]
						},
						"0.4": {
							"vector": [0, 0, 0]
						}
					},
					"position": {
						"0.0": {
							"vector": [0, 0, 0]
						},
						"0.2": {
							"vector": [3.53901, 3.6754, 5.59783]
						},
						"0.4": {
							"vector": [0, 0, 0]
						}
					}
				},
				"scope": {
					"position": {
						"vector": [0, 0, 10]
					}
				},
				"main": {
					"rotation": {
						"0.0": {
							"vector": [18.3516, -10.6923, 15.19687]
						},
						"0.2": {
							"vector": [1.75167, -2.49883, -4.07639]
						},
						"0.35": {
							"vector": [0.58201, -1.04064, 2.6563]
						},
						"0.45": {
							"vector": [0.34258, 0.38164, 0.59987]
						},
						"0.55": {
							"vector": [0, 0, 0]
						}
					},
					"position": {
						"0.0": {
							"vector": [0, -17.3, 10]
						},
						"0.1": {
							"vector": [0, -7.41, -4.07]
						},
						"0.2": {
							"vector": [-0.4, -1.2, -7.75]
						},
						"0.3": {
							"vector": [0.4, 0, 1.6]
						},
						"0.5": {
							"vector": [0, 0, 0]
						}
					}
				}
			}
		},
		"animation.model.reloadempty": {
			"loop": true,
			"animation_length": 3.8,
			"bones": {
				"main": {
					"rotation": {
						"0.0": {
							"vector": [0, 0, 0]
						},
						"0.1": {
							"vector": [-0.0975, -0.79404, 9.00068]
						},
						"0.1667": {
							"vector": [-0.04365, -1.99952, 6.25076]
						},
						"0.2667": {
							"vector": [-0.17003, -1.99276, 9.87796]
						},
						"0.3333": {
							"vector": [-0.03492, -1.9997, 6.00061]
						},
						"0.4333": {
							"vector": [-0.54326, -1.97989, 6.25066]
						},
						"0.5667": {
							"vector": [-1.17438, -1.99239, 10.00303]
						},
						"0.6667": {
							"vector": [-1.10412, -2.03216, 8.00219]
						},
						"0.8": {
							"vector": [-9.98676, -6.89132, -14.08316]
						},
						"0.8667": {
							"vector": [-10.18022, -9.22871, -26.99844]
						},
						"0.9333": {
							"vector": [-6.92552, -10.0784, -34.56059]
						},
						"1.0667": {
							"vector": [-8.97766, -8.30715, -21.76871]
						},
						"1.2": {
							"vector": [-8.40396, -7.84901, -25.41547]
						},
						"1.3333": {
							"vector": [-8.86943, -7.07265, -20.17909]
						},
						"1.4667": {
							"vector": [-8.1199, -7.09858, -20.1753]
						},
						"1.6": {
							"vector": [-8.05341, -7.33514, -21.67254]
						},
						"1.8": {
							"vector": [-6.08328, -9.19015, -36.20121]
						},
						"1.9667": {
							"vector": [-6.5615, -9.10818, -33.15315]
						},
						"2.1": {
							"vector": [-5.43301, -10.0891, -40.18712]
						},
						"2.1667": {
							"vector": [-5.93347, -9.54189, -37.18366]
						},
						"2.2333": {
							"vector": [-5.63371, -9.4709, -38.97353]
						},
						"2.3": {
							"vector": [-5.13564, -10.14402, -46.29931]
						},
						"2.3667": {
							"vector": [-5.08495, -9.77454, -42.25551]
						},
						"2.4333": {
							"vector": [-5.32319, -9.60854, -40.74581]
						},
						"2.5": {
							"vector": [-6.55698, -8.85982, -33.18206]
						},
						"2.6": {
							"vector": [-1.06251, -2.15841, -12.75256]
						},
						"2.6667": {
							"vector": [6.62959, 8.20091, 32.8986]
						},
						"2.7": {
							"vector": [6.7717, 8.08423, 33.90189]
						},
						"2.7667": {
							"vector": [17.78491, 6.68891, 41.84806]
						},
						"2.9": {
							"vector": [14.62705, 8.13174, 32.88924]
						},
						"3.0": {
							"vector": [13.86623, 6.68512, 34.60861]
						},
						"3.1": {
							"vector": [7.30767, 2.41159, 26.25579]
						},
						"3.2667": {
							"vector": [0, 0, 3]
						},
						"3.3667": {
							"vector": [0, 0, -2.5]
						},
						"3.4667": {
							"vector": [0, 0, 0]
						}
					},
					"position": {
						"0.0": {
							"vector": [0, 0, 0]
						},
						"0.0667": {
							"vector": [0.3, -0.5, -0.9]
						},
						"0.2667": {
							"vector": [0, 0, 4.6]
						},
						"0.4": {
							"vector": [0, 0.13, 5.3]
						},
						"0.5": {
							"vector": [0, -0.1, 5.3]
						},
						"0.7": {
							"vector": [-0.51, -1.03, 1.59]
						},
						"0.9": {
							"vector": [0.1, -2, -0.1]
						},
						"1.0": {
							"vector": [-0.1, -2.6, -0.1]
						},
						"1.1667": {
							"vector": [-0.1, -2.3, -0.1]
						},
						"1.3667": {
							"vector": [-0.3, -3.1, -0.1]
						},
						"1.6667": {
							"vector": [0, -3.3, -0.1]
						},
						"1.8": {
							"vector": [-0.2, -2.15, -0.1]
						},
						"1.9": {
							"vector": [-0.2, -2.4, -0.1]
						},
						"2.0": {
							"vector": [0.1, -3.2, -0.1]
						},
						"2.1667": {
							"vector": [0.3, -2.8, -0.1]
						},
						"2.2333": {
							"vector": [-1.05, -1.75, -0.1]
						},
						"2.3333": {
							"vector": [-0.45, -2.45, -0.1]
						},
						"2.4333": {
							"vector": [-0.225, -2.97, -0.1]
						},
						"2.5667": {
							"vector": [0.2, -3.35, -0.1]
						},
						"2.7": {
							"vector": [1.2, -5.2, -0.1]
						},
						"2.8": {
							"vector": [0.9, -5.9, -1.3]
						},
						"2.9667": {
							"vector": [0.14, -6.66, -1.82]
						},
						"3.0667": {
							"vector": [-0.93, -5.08, -1.91]
						},
						"3.2": {
							"vector": [0, -0.7, -2.9]
						},
						"3.3": {
							"vector": [0, -0.15, 0.5]
						},
						"3.4": {
							"vector": [0, 0, 0]
						}
					}
				},
				"bolt": {
					"rotation": {
						"0.0": {
							"vector": [0, 0, 0]
						},
						"0.2333": {
							"vector": [0, 0, 0]
						},
						"0.3": {
							"vector": [0, 0, 0]
						},
						"0.4": {
							"vector": [0, 0, 0]
						},
						"0.5": {
							"vector": [0, 0, -35]
						},
						"2.7": {
							"vector": [0, 0, -35]
						},
						"2.7667": {
							"vector": [0, 0, 0]
						}
					},
					"position": {
						"0.0": {
							"vector": [0, 0, 0]
						},
						"0.2333": {
							"vector": [0, 0, 0]
						},
						"0.3": {
							"vector": [0, 0, 10.5]
						},
						"0.4": {
							"vector": [0, 0, 10.5]
						},
						"0.5": {
							"vector": [-0.2, 0.5, 10.5]
						},
						"2.7": {
							"vector": [-0.2, 0.5, 10.5]
						},
						"2.7667": {
							"vector": [0, 0, 0]
						}
					}
				},
				"magazine": {
					"rotation": {
						"0.0": {
							"vector": [0, 0, 0]
						},
						"0.9": {
							"vector": [0, 0, 0]
						},
						"1.0": {
							"vector": [0, 0, -1]
						},
						"1.0667": {
							"vector": [-5.90093, -0.3094, -12.4975]
						},
						"1.2": {
							"vector": [-5.9095, -1.04004, -18.94632]
						},
						"1.3": {
							"vector": [-5.73962, -1.7513, -25.9122]
						},
						"1.5": {
							"vector": [0, 0, -12]
						},
						"1.7667": {
							"vector": [0, 0, 1]
						},
						"1.8667": {
							"vector": [-1, -4, 1]
						},
						"2.0": {
							"vector": [1, 6, 3.5]
						},
						"2.1": {
							"vector": [-0.13982, -3.99756, 1.00488]
						},
						"2.2": {
							"vector": [0, 0, -1]
						},
						"2.2667": {
							"vector": [0, 0, 0]
						}
					},
					"position": {
						"0.0": {
							"vector": [0, 0, 0]
						},
						"0.9": {
							"vector": [0, 0, 0]
						},
						"1.0": {
							"vector": [0, -4.9, -1.1]
						},
						"1.0667": {
							"vector": [2.8, -5.83, -1.53]
						},
						"1.1667": {
							"vector": [5.4, -7.7, -2.4]
						},
						"1.3": {
							"vector": [0.87819, -21.88529, -5.38511]
						},
						"1.4": {
							"vector": [-4.43165, -40.7956, -1.10847]
						},
						"1.5": {
							"vector": [8.3, -26.3, 11.6]
						},
						"1.6667": {
							"vector": [3.67, -11.17, 3.13]
						},
						"1.7": {
							"vector": [3.79, -7.38, 1.01]
						},
						"1.7667": {
							"vector": [3.5, -4.3, -1.1]
						},
						"1.8667": {
							"vector": [3.9, -3.2, -1.1]
						},
						"1.9667": {
							"vector": [2.43, -6.55, -1.1]
						},
						"2.1": {
							"vector": [0, -4.9, -1.1]
						},
						"2.2": {
							"vector": [0, -4.6, -1.1]
						},
						"2.2667": {
							"vector": [0, 0, 0]
						}
					}
				},
				"leftarm": {
					"rotation": {
						"0.0": {
							"vector": [0, 0, 0]
						},
						"0.1667": {
							"vector": [-4.25958, -15.27704, -0.31176]
						},
						"0.2333": {
							"vector": [-4.25958, -15.27704, -0.31176]
						},
						"0.3": {
							"vector": [-18.65778, -18.61587, -2.59555]
						},
						"0.4": {
							"vector": [-17.68876, -22.75167, -5.56833]
						},
						"0.5": {
							"vector": [-15.36655, -25.04902, -11.35634]
						},
						"0.6": {
							"vector": [-15.36655, -25.04902, -11.35634]
						},
						"0.8": {
							"vector": [-7.37475, -5.89101, -3.92749]
						},
						"0.9": {
							"vector": [-7.37475, -5.89101, -3.92749]
						},
						"1.0": {
							"vector": [-0.07371, -8.34542, -7.1005]
						},
						"1.1667": {
							"vector": [11.48694, -6.15963, -2.5819]
						},
						"1.2667": {
							"vector": [12.07041, 3.5687, 6.03056]
						},
						"1.4": {
							"vector": [25.04057, -1.72561, 1.90934]
						},
						"1.6667": {
							"vector": [6.7788, 10.01037, 16.94311]
						},
						"1.8667": {
							"vector": [6.97433, 8.2913, 17.98383]
						},
						"1.9667": {
							"vector": [9.97433, 8.2913, 17.98383]
						},
						"2.1": {
							"vector": [8.97137, 4.51312, 10.86007]
						},
						"2.2": {
							"vector": [9.29079, 5.9441, 13.51612]
						},
						"2.2667": {
							"vector": [7.29079, 5.9441, 13.51612]
						},
						"2.4": {
							"vector": [7.29079, 5.9441, 13.51612]
						},
						"2.5667": {
							"vector": [-30.07631, -18.37551, 22.98329]
						},
						"2.6667": {
							"vector": [-47.38153, -17.72606, -7.80309]
						},
						"2.7": {
							"vector": [-50.51592, -10.75196, -7.18634]
						},
						"2.7667": {
							"vector": [50.87561, -5.24952, -26.2262]
						},
						"2.9": {
							"vector": [54.21826, -6.99874, -13.06122]
						},
						"3.0667": {
							"vector": [12.05475, -22.39115, -35.17726]
						},
						"3.3": {
							"vector": [0, 0, 0]
						}
					},
					"position": {
						"0.0": {
							"vector": [0, 0, 0]
						},
						"0.1667": {
							"vector": [1.4, 3, -7.4]
						},
						"0.2333": {
							"vector": [3.4, 9, -2.4]
						},
						"0.3": {
							"vector": [3.4, 9, -2.4]
						},
						"0.3333": {
							"vector": [5.47, 7.9, 0.13]
						},
						"0.4": {
							"vector": [3.6, -0.3, -3.8]
						},
						"0.5": {
							"vector": [3.4, 1.8, -3.1]
						},
						"0.6": {
							"vector": [3.4, 1.8, -3.1]
						},
						"0.7": {
							"vector": [3.97, -3.99, 2.46]
						},
						"0.8": {
							"vector": [0.73736, -9.77888, 7.01904]
						},
						"0.9": {
							"vector": [0.73736, -9.77888, 7.01904]
						},
						"0.9667": {
							"vector": [0.07, -12.075, 7.95]
						},
						"1.0": {
							"vector": [-0.26, -13.18, 8.42]
						},
						"1.0333": {
							"vector": [0.79, -13.145, 8.94]
						},
						"1.0667": {
							"vector": [3.88, -14.03, 9.46]
						},
						"1.1": {
							"vector": [4.975, -14.825, 9.77]
						},
						"1.1333": {
							"vector": [7.585, -14.675, 9.04]
						},
						"1.1667": {
							"vector": [8.115, -14.68, 9.845]
						},
						"1.2": {
							"vector": [6.74, -19.155, 8.695]
						},
						"1.2333": {
							"vector": [6.415, -23.595, 7.085]
						},
						"1.2667": {
							"vector": [4.565, -27.195, 7.085]
						},
						"1.3": {
							"vector": [3.55, -30.56, 5.53]
						},
						"1.4": {
							"vector": [7.09083, -11.23527, 33.26489]
						},
						"1.6667": {
							"vector": [0.69, -27.84, 10.76]
						},
						"1.7667": {
							"vector": [0.49, -20.94, 6.26]
						},
						"1.8667": {
							"vector": [0.69, -20.04, 6.56]
						},
						"1.9667": {
							"vector": [-1.61, -22.14, 7.06]
						},
						"2.0": {
							"vector": [-2.94, -22.14, 7.06]
						},
						"2.1": {
							"vector": [-3.21, -21.44, 7.06]
						},
						"2.2": {
							"vector": [-3.71, -20.74, 6.96]
						},
						"2.2667": {
							"vector": [-3.41, -16.94, 7.76]
						},
						"2.4": {
							"vector": [-3.41, -16.94, 7.76]
						},
						"2.6667": {
							"vector": [4.49, 14.96, 5.76],
							"easing": "easeInSine"
						},
						"2.7": {
							"vector": [4.49, 14.96, 5.76]
						},
						"2.7667": {
							"vector": [4.79, 12.46, 5.76]
						},
						"2.8667": {
							"vector": [7.41461, 7.51961, 5.08]
						},
						"3.0667": {
							"vector": [11.62496, 3.61434, 13.44868]
						},
						"3.3": {
							"vector": [0, 0, 0]
						}
					}
				},
				"action": {
					"rotation": {
						"0.0": {
							"vector": [0, 0, 0]
						},
						"2.7": {
							"vector": [0, 0, 0]
						},
						"2.7667": {
							"vector": [0, 0, 0]
						}
					},
					"position": {
						"0.0": {
							"vector": [0, 0, 4.9]
						},
						"2.7": {
							"vector": [0, 0, 4.9]
						},
						"2.7667": {
							"vector": [0, 0, 0]
						}
					}
				},
				"bone": {
					"rotation": {
						"0.0": {
							"vector": [0, 0, 0]
						},
						"0.2": {
							"vector": [-23.30971, -8.64519, 1.54904]
						},
						"3.0333": {
							"vector": [-23.30971, -8.64519, 1.54904]
						},
						"3.3333": {
							"vector": [0, 0, 0]
						}
					},
					"position": {
						"0.0": {
							"vector": [0, 0, 0]
						},
						"0.2": {
							"vector": [0, 4.525, -4.375]
						},
						"3.0333": {
							"vector": [0, 4.525, -4.375]
						},
						"3.3333": {
							"vector": [0, 0, 0]
						}
					}
				},
				"magazine2": {
					"rotation": {
						"0.0": {
							"vector": [0, 0, 0]
						},
						"0.9": {
							"vector": [0, 0, 0]
						},
						"1.0": {
							"vector": [0, 0, -1]
						},
						"1.0667": {
							"vector": [-5.90093, -0.3094, -12.4975]
						},
						"1.2": {
							"vector": [-5.9095, -1.04004, -18.94632]
						},
						"1.3": {
							"vector": [-5.73962, -1.7513, -25.9122]
						},
						"1.5": {
							"vector": [0, 0, -12]
						},
						"1.7667": {
							"vector": [0, 0, 1]
						},
						"1.8667": {
							"vector": [-1, -4, 1]
						},
						"2.0": {
							"vector": [1, 6, 3.5]
						},
						"2.1": {
							"vector": [-0.13982, -3.99756, 1.00488]
						},
						"2.2": {
							"vector": [0, 0, -1]
						},
						"2.2667": {
							"vector": [0, 0, 0]
						}
					},
					"position": {
						"0.0": {
							"vector": [0, 0, 0]
						},
						"0.9": {
							"vector": [0, 0, 0]
						},
						"1.0": {
							"vector": [0, -4.9, -1.1]
						},
						"1.0667": {
							"vector": [2.8, -5.83, -1.53]
						},
						"1.1667": {
							"vector": [5.4, -7.7, -2.4]
						},
						"1.3": {
							"vector": [0.87819, -21.88529, -5.38511]
						},
						"1.4": {
							"vector": [-4.43165, -40.7956, -1.10847]
						},
						"1.5": {
							"vector": [8.3, -26.3, 11.6]
						},
						"1.6667": {
							"vector": [3.67, -11.17, 3.13]
						},
						"1.7": {
							"vector": [3.79, -7.38, 1.01]
						},
						"1.7667": {
							"vector": [3.5, -4.3, -1.1]
						},
						"1.8667": {
							"vector": [3.9, -3.2, -1.1]
						},
						"1.9667": {
							"vector": [2.43, -6.55, -1.1]
						},
						"2.0": {
							"vector": [1.82, -8.29, -1.1]
						},
						"2.0333": {
							"vector": [1.21, -7.535, -1.1]
						},
						"2.0667": {
							"vector": [0.6, -7.345, -1.1]
						},
						"2.1": {
							"vector": [0, -4.9, -1.1]
						},
						"2.2": {
							"vector": [0, -4.6, -1.1]
						},
						"2.2667": {
							"vector": [0, 0, 0]
						}
					}
				},
				"lever": {
					"rotation": {
						"0.0": {
							"vector": [0, 0, 0]
						},
						"0.2333": {
							"vector": [0, 0, 0]
						},
						"0.3": {
							"vector": [0, 0, 0]
						},
						"0.4": {
							"vector": [0, 0, 0]
						},
						"0.5": {
							"vector": [0, 0, -35]
						},
						"2.7": {
							"vector": [0, 0, -35]
						},
						"2.7667": {
							"vector": [0, 0, 0]
						}
					},
					"position": {
						"0.0": {
							"vector": [0, 0, 0]
						},
						"0.2333": {
							"vector": [0, 0, 0]
						},
						"0.3": {
							"vector": [0, 0, 4.525]
						},
						"0.4": {
							"vector": [0, 0, 4.525]
						},
						"0.5": {
							"vector": [0, 0, 4.525]
						},
						"2.7": {
							"vector": [0, 0, 4.525]
						},
						"2.7667": {
							"vector": [0, 0, 0]
						}
					}
				}
			},
			"sound_effects": {
				"0.0": {
					"effect": "mp5k_reloadempty"
				}
			}
		},
		"animation.model.reload": {
			"loop": true,
			"animation_length": 2.85,
			"bones": {
				"main": {
					"rotation": {
						"0.0": {
							"vector": [0, 0, 0]
						},
						"0.1333": {
							"vector": [-9.98676, -6.89132, -14.08316]
						},
						"0.2": {
							"vector": [-10.18022, -9.22871, -26.99844]
						},
						"0.2667": {
							"vector": [-6.92552, -10.0784, -34.56059]
						},
						"0.4": {
							"vector": [-8.97766, -8.30715, -21.76871]
						},
						"0.5333": {
							"vector": [-8.40396, -7.84901, -25.41547]
						},
						"0.6667": {
							"vector": [-8.86943, -7.07265, -20.17909]
						},
						"0.7667": {
							"vector": [-8.1199, -7.09858, -20.1753]
						},
						"0.9333": {
							"vector": [-8.05341, -7.33514, -21.67254]
						},
						"1.0667": {
							"vector": [-6.19202, -8.66174, -34.57108]
						},
						"1.1667": {
							"vector": [-5.43301, -10.0891, -40.18712]
						},
						"1.2333": {
							"vector": [-5.93347, -9.54189, -37.18366]
						},
						"1.3": {
							"vector": [-5.63371, -9.4709, -38.97353]
						},
						"1.3667": {
							"vector": [-5.13564, -10.14402, -46.29931]
						},
						"1.4333": {
							"vector": [-5.08495, -9.77454, -42.25551]
						},
						"1.5": {
							"vector": [-5.32319, -9.60854, -40.74581]
						},
						"1.5667": {
							"vector": [-6.55698, -8.85982, -33.18206]
						},
						"1.6667": {
							"vector": [-6.60899, -10.59121, -37.6]
						},
						"1.7667": {
							"vector": [-8.59134, -10.23767, -40.25062]
						},
						"1.8667": {
							"vector": [-8.55566, -9.36276, -35.75421]
						},
						"2.1": {
							"vector": [0, 0, 3]
						},
						"2.2667": {
							"vector": [0, 0, 0]
						}
					},
					"position": {
						"0.0": {
							"vector": [0, 0, 0]
						},
						"0.2333": {
							"vector": [0.1, -2, -0.1]
						},
						"0.3333": {
							"vector": [-0.1, -2.6, -0.1]
						},
						"0.4667": {
							"vector": [-0.1, -2.3, -0.1]
						},
						"0.7": {
							"vector": [-0.3, -3.1, -0.1]
						},
						"1.0": {
							"vector": [0, -3.3, -0.1]
						},
						"1.1": {
							"vector": [-0.16, -3.16, -0.1]
						},
						"1.2333": {
							"vector": [0.3, -2.8, -0.1]
						},
						"1.3": {
							"vector": [-0.675, -2.225, -0.1]
						},
						"1.3667": {
							"vector": [-0.425, -2.725, -0.1]
						},
						"1.5": {
							"vector": [-0.225, -3.32, -0.1]
						},
						"1.7": {
							"vector": [-0.47, -2.195, -0.1]
						},
						"1.7333": {
							"vector": [-1.345, -1.375, -0.1]
						},
						"1.9": {
							"vector": [-0.475, -2.845, -0.1]
						},
						"2.0333": {
							"vector": [0, -0.7, -1.75]
						},
						"2.2": {
							"vector": [0, 0, 0]
						}
					}
				},
				"bolt": {
					"rotation": {
						"vector": [0, 0, 0]
					},
					"position": {
						"vector": [0, 0, 0]
					}
				},
				"magazine": {
					"rotation": {
						"0.0": {
							"vector": [0, 0, 0]
						},
						"0.2667": {
							"vector": [0, 0, 0]
						},
						"0.3667": {
							"vector": [0, 0, -1]
						},
						"0.4": {
							"vector": [-5.90093, -0.3094, -12.4975]
						},
						"0.5667": {
							"vector": [-5.9095, -1.04004, -18.94632]
						},
						"0.6667": {
							"vector": [-5.73962, -1.7513, -25.9122]
						},
						"0.8667": {
							"vector": [0, 0, -12]
						},
						"1.1": {
							"vector": [-0.13982, -3.99756, 1.00488]
						},
						"1.2": {
							"vector": [0, 0, -1]
						},
						"1.3": {
							"vector": [0, 0, 0]
						}
					},
					"position": {
						"0.0": {
							"vector": [0, 0, 0]
						},
						"0.2667": {
							"vector": [0, 0, 0]
						},
						"0.3667": {
							"vector": [0, -4.9, -1.1]
						},
						"0.4": {
							"vector": [2.8, -5.83, -1.53]
						},
						"0.5": {
							"vector": [5.4, -7.7, -2.4]
						},
						"0.6667": {
							"vector": [0.87819, -21.88529, -5.38511]
						},
						"0.7667": {
							"vector": [-4.43165, -40.7956, -1.10847]
						},
						"0.8667": {
							"vector": [8.3, -26.3, 11.6]
						},
						"1.0": {
							"vector": [3.67, -11.17, 3.13]
						},
						"1.1": {
							"vector": [0, -4.9, -1.1]
						},
						"1.2": {
							"vector": [0, -4.6, -1.1]
						},
						"1.3": {
							"vector": [0, 0, 0]
						}
					}
				},
				"leftarm": {
					"rotation": {
						"0.0": {
							"vector": [0, 0, 0]
						},
						"0.1667": {
							"vector": [-7.37475, -5.89101, -3.92749]
						},
						"0.2667": {
							"vector": [-7.37475, -5.89101, -3.92749]
						},
						"0.3667": {
							"vector": [-0.07371, -8.34542, -7.1005]
						},
						"0.5333": {
							"vector": [11.48694, -6.15963, -2.5819]
						},
						"0.6333": {
							"vector": [12.07041, 3.5687, 6.03056]
						},
						"0.7667": {
							"vector": [25.04057, -1.72561, 1.90934]
						},
						"1.0": {
							"vector": [6.7788, 10.01037, 16.94311]
						},
						"1.1": {
							"vector": [8.97137, 4.51312, 10.86007]
						},
						"1.2": {
							"vector": [9.29079, 5.9441, 13.51612]
						},
						"1.3": {
							"vector": [7.29079, 5.9441, 13.51612]
						},
						"1.4": {
							"vector": [7.29079, 5.9441, 13.51612]
						},
						"1.4667": {
							"vector": [7.29079, 5.9441, 13.51612]
						},
						"1.5333": {
							"vector": [38.54079, 5.9441, 13.51612]
						},
						"1.6667": {
							"vector": [38.54079, 5.9441, 13.51612]
						},
						"1.7": {
							"vector": [24.14093, 1.56875, 14.57295]
						},
						"1.9": {
							"vector": [24.14093, 1.56875, 14.57295]
						},
						"2.2": {
							"vector": [0, 0, 0]
						}
					},
					"position": {
						"0.0": {
							"vector": [0, 0, 0]
						},
						"0.1667": {
							"vector": [0.73736, -9.77888, 7.01904]
						},
						"0.2667": {
							"vector": [0.73736, -9.77888, 7.01904]
						},
						"0.3333": {
							"vector": [0.07, -12.075, 7.95]
						},
						"0.3667": {
							"vector": [-0.26, -13.18, 8.42]
						},
						"0.4": {
							"vector": [0.79, -13.145, 8.94]
						},
						"0.4333": {
							"vector": [3.88, -14.03, 9.46]
						},
						"0.4667": {
							"vector": [4.975, -14.825, 9.77]
						},
						"0.5": {
							"vector": [7.585, -14.675, 9.04]
						},
						"0.5333": {
							"vector": [8.115, -14.68, 9.845]
						},
						"0.5667": {
							"vector": [6.74, -19.155, 8.695]
						},
						"0.6": {
							"vector": [6.415, -23.595, 7.085]
						},
						"0.6333": {
							"vector": [4.565, -27.195, 7.085]
						},
						"0.6667": {
							"vector": [3.55, -30.56, 5.53]
						},
						"0.7667": {
							"vector": [7.09083, -11.23527, 33.26489]
						},
						"1.0": {
							"vector": [0.69, -27.84, 10.76]
						},
						"1.1": {
							"vector": [-3.21, -21.44, 7.06]
						},
						"1.2": {
							"vector": [-3.71, -20.74, 6.96]
						},
						"1.3": {
							"vector": [-3.41, -16.94, 7.76]
						},
						"1.4": {
							"vector": [-3.41, -16.94, 7.76]
						},
						"1.4667": {
							"vector": [-3.41, -16.94, 7.76]
						},
						"1.5333": {
							"vector": [-6.86, -16.34, 9.935]
						},
						"1.6667": {
							"vector": [-6.86, -16.34, 9.935]
						},
						"1.7": {
							"vector": [-7.385, -14.39, 9.935]
						},
						"1.9": {
							"vector": [-7.385, -14.39, 9.935]
						},
						"2.0": {
							"vector": [-2.27, -10.28, 7.1]
						},
						"2.1": {
							"vector": [1.52, -5.14, 3.55]
						},
						"2.2": {
							"vector": [0, 0, 0],
							"easing": "linear"
						}
					}
				},
				"action": {
					"rotation": {
						"vector": [0, 0, 0]
					},
					"position": {
						"vector": [0, 0, 4.9]
					}
				},
				"bullet": {
					"rotation": {
						"0.0": {
							"vector": [0, 0, 0]
						},
						"0.2667": {
							"vector": [0, 0, 0]
						},
						"0.3667": {
							"vector": [0, 0, -1]
						},
						"0.4": {
							"vector": [-5.90093, -0.3094, -12.4975]
						},
						"0.5667": {
							"vector": [-5.9095, -1.04004, -18.94632]
						},
						"0.6667": {
							"vector": [-5.73962, -1.7513, -25.9122]
						},
						"0.8667": {
							"vector": [0, 0, -12]
						},
						"1.1": {
							"vector": [-0.13982, -3.99756, 1.00488]
						},
						"1.2": {
							"vector": [0, 0, -1]
						},
						"1.3": {
							"vector": [0, 0, 0]
						}
					},
					"position": {
						"0.0": {
							"vector": [0, 0, 0]
						},
						"0.2667": {
							"vector": [0, 0, 0]
						},
						"0.3667": {
							"vector": [0, -4.9, -1.1]
						},
						"0.4": {
							"vector": [2.8, -5.83, -1.53]
						},
						"0.5": {
							"vector": [5.4, -7.7, -2.4]
						},
						"0.6667": {
							"vector": [0.87819, -21.88529, -5.38511]
						},
						"0.7667": {
							"vector": [-4.43165, -40.7956, -1.10847]
						},
						"0.8667": {
							"vector": [8.3, -26.3, 11.6]
						},
						"1.0": {
							"vector": [3.67, -11.17, 3.13]
						},
						"1.1": {
							"vector": [0, -4.9, -1.1]
						},
						"1.2": {
							"vector": [0, -4.6, -1.1]
						},
						"1.3": {
							"vector": [0, 0, 0]
						}
					}
				},
				"bone": {
					"rotation": {
						"0.0": {
							"vector": [0, 0, 0]
						},
						"0.4667": {
							"vector": [-28.50732, -13.70032, -2.83967]
						},
						"1.8": {
							"vector": [-28.50732, -13.70032, -2.83967]
						},
						"2.0333": {
							"vector": [0, 0, 0]
						}
					},
					"position": {
						"0.0": {
							"vector": [0, 0, 0]
						},
						"0.4667": {
							"vector": [0, 10, 0]
						},
						"1.8": {
							"vector": [0, 10, 0]
						},
						"2.1667": {
							"vector": [0, 0, 0]
						}
					}
				},
				"magazine2": {
					"rotation": {
						"0.0": {
							"vector": [0, 0, 0]
						},
						"0.2667": {
							"vector": [0, 0, 0]
						},
						"0.3667": {
							"vector": [0, 0, -1]
						},
						"0.4": {
							"vector": [-5.90093, -0.3094, -12.4975]
						},
						"0.5667": {
							"vector": [-5.9095, -1.04004, -18.94632]
						},
						"0.6667": {
							"vector": [-5.73962, -1.7513, -25.9122]
						},
						"0.8667": {
							"vector": [0, 0, -12]
						},
						"1.1": {
							"vector": [-0.13982, -3.99756, 1.00488]
						},
						"1.2": {
							"vector": [0, 0, -1]
						},
						"1.3": {
							"vector": [0, 0, 0]
						}
					},
					"position": {
						"0.0": {
							"vector": [0, 0, 0]
						},
						"0.2667": {
							"vector": [0, 0, 0]
						},
						"0.3667": {
							"vector": [0, -4.9, -1.1]
						},
						"0.4": {
							"vector": [2.8, -5.83, -1.53]
						},
						"0.5": {
							"vector": [5.4, -7.7, -2.4]
						},
						"0.6667": {
							"vector": [0.87819, -21.88529, -5.38511]
						},
						"0.7667": {
							"vector": [-4.43165, -40.7956, -1.10847]
						},
						"0.8667": {
							"vector": [8.3, -26.3, 11.6]
						},
						"1.0": {
							"vector": [3.67, -11.17, 3.13]
						},
						"1.0667": {
							"vector": [1.22, -7.79, 0.31]
						},
						"1.1": {
							"vector": [0, -4.9, -1.1]
						},
						"1.2": {
							"vector": [0, -4.6, -1.1]
						},
						"1.3": {
							"vector": [0, 0, 0]
						}
					}
				}
			},
			"sound_effects": {
				"0.0": {
					"effect": "mp5k_reload"
				}
			}
		},
		"animation.model.inspect": {
			"animation_length": 4.26667,
			"bones": {
				"leftarm": {
					"rotation": {
						"0.0": {
							"vector": [0, 0, 0]
						},
						"0.1667": {
							"vector": [0, 0, -2.5]
						},
						"1.7333": {
							"vector": [0, 0, -2.5]
						},
						"2.0333": {
							"vector": [40.04474, 32.12591, -85.41336]
						},
						"3.3": {
							"vector": [40.04474, 32.12591, -85.41336]
						},
						"3.5667": {
							"vector": [0, 0, 0]
						}
					},
					"position": {
						"0.0": {
							"vector": [0, 0, 0]
						},
						"0.1667": {
							"vector": [11.23986, -30.20851, 24.64864]
						},
						"1.7333": {
							"vector": [11.23986, -30.20851, 24.64864]
						},
						"2.0333": {
							"vector": [25.67676, 21.94955, 1.30539]
						},
						"3.3": {
							"vector": [25.67676, 21.94955, 1.30539]
						},
						"3.5667": {
							"vector": [0, 0, 0]
						}
					}
				},
				"rightarm": {
					"rotation": {
						"0.0": {
							"vector": [0, 0, 0]
						},
						"0.2333": {
							"vector": [-1.33627, 1.7593, 3.45399]
						},
						"1.7": {
							"vector": [-1.33627, 1.7593, 3.45399]
						},
						"2.0333": {
							"vector": [-4.86179, 33.49794, 3.19974]
						},
						"3.4333": {
							"vector": [-4.86179, 33.49794, 3.19974]
						},
						"3.6333": {
							"vector": [0, 0, 0]
						}
					},
					"position": {
						"0.0": {
							"vector": [0, 0, 0]
						},
						"0.1": {
							"vector": [-1.11225, -1.0752, 3.84361]
						},
						"0.2333": {
							"vector": [-2.75357, 0.56148, 1.68415]
						},
						"1.7": {
							"vector": [-2.75357, 0.56148, 1.68415]
						},
						"2.0333": {
							"vector": [11.9736, -1.44311, 0.89292]
						},
						"3.4333": {
							"vector": [11.9736, -1.44311, 0.89292]
						},
						"3.6333": {
							"vector": [0, 0, 0]
						}
					}
				},
				"main": {
					"rotation": {
						"0.0": {
							"vector": [0, 0, 0]
						},
						"0.1667": {
							"vector": [-9.10467, -25.95159, -19.19327]
						},
						"0.3": {
							"vector": [-9.18088, -30.72584, -29.96084]
						},
						"0.4333": {
							"vector": [-11.10933, -36.38799, -25.34713]
						},
						"0.5333": {
							"vector": [-10.06514, -35.52384, -28.03806]
						},
						"0.7667": {
							"vector": [-10.53586, -33.26173, -26.50426]
						},
						"1.0": {
							"vector": [-3.4941, -33.46148, -45.63456]
						},
						"1.1333": {
							"vector": [-5.10177, -33.18669, -41.26087]
						},
						"1.2333": {
							"vector": [-5.44096, -33.36535, -40.34312]
						},
						"1.3333": {
							"vector": [-5.12916, -33.43138, -41.1983]
						},
						"1.4667": {
							"vector": [-4.49196, -33.554, -42.93807]
						},
						"1.6": {
							"vector": [-4.91154, -33.47594, -41.79411]
						},
						"1.7": {
							"vector": [-4.68955, -33.51914, -42.40043]
						},
						"2.0333": {
							"vector": [-15.01528, 9.53318, 68.94603]
						},
						"2.1667": {
							"vector": [-13.25936, 9.51163, 74.71344]
						},
						"2.3": {
							"vector": [-13.71722, 9.69111, 74.12635]
						},
						"2.4333": {
							"vector": [-13.63502, 10.8884, 77.37459]
						},
						"2.5667": {
							"vector": [-13.131, 11.49451, 79.97102]
						},
						"2.7333": {
							"vector": [-13.29499, 11.30318, 79.14045]
						},
						"2.9": {
							"vector": [-13.06372, 11.56958, 80.30366]
						},
						"3.1": {
							"vector": [-13.14455, 11.47839, 79.90168]
						},
						"3.2667": {
							"vector": [-13.70447, 10.80068, 77.00658]
						},
						"3.4": {
							"vector": [-7.95076, 4.6277, 48.42796]
						},
						"3.5333": {
							"vector": [0, -1.75, -2.75]
						},
						"3.7": {
							"vector": [0, 0, 0]
						}
					},
					"position": {
						"0.0": {
							"vector": [0, 0, 0]
						},
						"0.2667": {
							"vector": [-0.475, 3.35, -8.7]
						},
						"0.4": {
							"vector": [-0.195, 0.25, -7.7]
						},
						"0.5667": {
							"vector": [-0.03, 1.5, -7.7]
						},
						"0.7": {
							"vector": [0, 1.375, -7.7]
						},
						"0.9": {
							"vector": [-0.125, 1.4, -8.275]
						},
						"1.2": {
							"vector": [-0.52, 1.475, -8]
						},
						"1.4": {
							"vector": [-0.39, 1.425, -8.175]
						},
						"1.6667": {
							"vector": [-0.225, 1.25, -7.975]
						},
						"1.8": {
							"vector": [-0.63, -3.19, -7.65]
						},
						"1.9667": {
							"vector": [2.455, -4.725, -6.15]
						},
						"2.1333": {
							"vector": [2.585, -3.395, -5.545]
						},
						"2.2667": {
							"vector": [2.475, -3.63, -4.17]
						},
						"2.4": {
							"vector": [2.435, -3.43, -4.25]
						},
						"2.5667": {
							"vector": [2.545, -3.425, -4.24]
						},
						"2.7667": {
							"vector": [2.47, -3.5, -4.27]
						},
						"3.0": {
							"vector": [2.51, -3.41, -4.3]
						},
						"3.2333": {
							"vector": [2.455, -3.325, -4.325]
						},
						"3.3667": {
							"vector": [1.995, -2.11, -2.41]
						},
						"3.5": {
							"vector": [-0.25, -2.31, 0.05]
						},
						"3.6333": {
							"vector": [0, 0, 0]
						}
					}
				}
			}
		},
		"animation.model.fire": {
			"animation_length": 0.3,
			"bones": {
				"slide": {
					"position": {
						"0.0": {
							"vector": [0, 0, 0]
						},
						"0.05": {
							"vector": [0, 0, 8]
						}
					}
				},
				"hammer": {
					"rotation": {
						"0.0": {
							"vector": [0, 0, 0]
						},
						"0.05": {
							"vector": [57.5, 0, 0]
						}
					},
					"position": {
						"vector": [0, 0, 0]
					}
				},
				"main": {
					"rotation": {
						"0.0": {
							"post": {
								"vector": [0, 0, 0.25]
							},
							"lerp_mode": "catmullrom"
						},
						"0.1": {
							"post": {
								"vector": [0, 0, 0.25]
							},
							"lerp_mode": "catmullrom"
						}
					},
					"position": {
						"0.0": {
							"vector": [0, 0, 0]
						},
						"0.05": {
							"pre": {
								"vector": [0, 0, 2]
							},
							"post": {
								"vector": [0, 0, 2]
							},
							"lerp_mode": "catmullrom"
						},
						"0.1": {
							"post": {
								"vector": [0, 0, 0]
							},
							"lerp_mode": "catmullrom"
						}
					}
				},
				"lever": {
					"position": {
						"0.0": {
							"vector": [0, 0, 0]
						},
						"0.05": {
							"pre": {
								"vector": [0, 0, 4]
							},
							"post": {
								"vector": [0, 0, 4]
							},
							"lerp_mode": "catmullrom"
						},
						"0.15": {
							"vector": [0, 0, 0]
						}
					}
				}
			}
		}
	},
	"geckolib_format_version": 2
}