{
	"format_version": "1.8.0",
	"animations": {
		"animation.model.draw": {
			"animation_length": 1.2,
			"bones": {
				"main": {
					"rotation": {
						"0.0": {
							"vector": [18.3516, -10.6923, 15.19687]
						},
						"0.2": {
							"vector": [1.75167, -2.49883, -4.07639]
						},
						"0.35": {
							"vector": [0.58201, -1.04064, 2.6563]
						},
						"0.45": {
							"vector": [0.34258, 0.38164, 0.59987]
						},
						"0.55": {
							"vector": [0, 0, 0]
						}
					},
					"position": {
						"0.0": {
							"vector": [0, -17.3, 10]
						},
						"0.1": {
							"vector": [0, -7.41, -4.07]
						},
						"0.2": {
							"vector": [-0.4, -1.2, -7.75]
						},
						"0.3": {
							"vector": [0.4, 0, 1.6]
						},
						"0.5": {
							"vector": [0, 0, 0]
						}
					}
				},
				"leftarm": {
					"rotation": {
						"0.0": {
							"vector": [0, 0, 0]
						},
						"0.2": {
							"vector": [1, 0, -22]
						},
						"0.4": {
							"vector": [0, 0, 0]
						}
					},
					"position": {
						"0.0": {
							"vector": [0, 0, 0]
						},
						"0.2": {
							"vector": [3.53901, 3.6754, 5.59783]
						},
						"0.4": {
							"vector": [0, 0, 0]
						}
					}
				}
			},
			"sound_effects": {
				"0.0": {
					"effect": "pistol_draw"
				}
			}
		},
		"animation.model.inspect": {
			"animation_length": 4.2667,
			"bones": {
				"main": {
					"rotation": {
						"0.0": {
							"vector": [0, 0, 0]
						},
						"0.1667": {
							"vector": [-9.10467, -25.95159, -19.19327],
							"easing": "linear"
						},
						"0.3": {
							"vector": [-9.18088, -30.72584, -29.96084]
						},
						"0.4333": {
							"vector": [-11.10933, -36.38799, -25.34713]
						},
						"0.5333": {
							"vector": [-10.06514, -35.52384, -28.03806]
						},
						"0.7667": {
							"vector": [-10.53586, -33.26173, -26.50426]
						},
						"1.0": {
							"vector": [-3.4941, -33.46148, -45.63456]
						},
						"1.1333": {
							"vector": [-5.10177, -33.18669, -41.26087]
						},
						"1.2333": {
							"vector": [-5.44096, -33.36535, -40.34312]
						},
						"1.3333": {
							"vector": [-5.12916, -33.43138, -41.1983]
						},
						"1.4667": {
							"vector": [-4.49196, -33.554, -42.93807]
						},
						"1.6": {
							"vector": [-4.91154, -33.47594, -41.79411]
						},
						"1.7": {
							"vector": [-4.68955, -33.51914, -42.40043],
							"easing": "linear"
						},
						"2.0333": {
							"vector": [-15.01528, 9.53318, 68.94603],
							"easing": "linear"
						},
						"2.1667": {
							"vector": [-13.25936, 9.51163, 74.71344]
						},
						"2.3": {
							"vector": [-13.71722, 9.69111, 74.12635]
						},
						"2.4333": {
							"vector": [-13.63502, 10.8884, 77.37459]
						},
						"2.5667": {
							"vector": [-13.131, 11.49451, 79.97102]
						},
						"2.7333": {
							"vector": [-13.29499, 11.30318, 79.14045]
						},
						"2.9": {
							"vector": [-13.06372, 11.56958, 80.30366]
						},
						"3.1": {
							"vector": [-13.14455, 11.47839, 79.90168]
						},
						"3.2667": {
							"vector": [-13.70447, 10.80068, 77.00658]
						},
						"3.4": {
							"vector": [-7.95076, 4.6277, 48.42796]
						},
						"3.5333": {
							"vector": [0, -1.75, -2.75]
						},
						"3.7": {
							"vector": [0, 0, 0]
						}
					},
					"position": {
						"0.0": {
							"vector": [0, 0, 0]
						},
						"0.2667": {
							"vector": [-0.475, 3.35, -8.7]
						},
						"0.4": {
							"vector": [-0.195, 0.25, -7.7]
						},
						"0.5667": {
							"vector": [-0.03, 1.5, -7.7]
						},
						"0.7": {
							"vector": [0, 1.375, -7.7]
						},
						"0.9": {
							"vector": [-0.125, 1.4, -8.275]
						},
						"1.2": {
							"vector": [-0.52, 1.475, -8]
						},
						"1.4": {
							"vector": [-0.39, 1.425, -8.175]
						},
						"1.6667": {
							"vector": [-0.225, 1.25, -7.975]
						},
						"1.8": {
							"vector": [-0.63, -3.19, -7.65]
						},
						"1.9667": {
							"vector": [2.455, -4.725, -6.15]
						},
						"2.1333": {
							"vector": [2.585, -3.395, -5.545]
						},
						"2.2667": {
							"vector": [2.475, -3.63, -4.17]
						},
						"2.4": {
							"vector": [2.435, -3.43, -4.25]
						},
						"2.5667": {
							"vector": [2.545, -3.425, -4.24]
						},
						"2.7667": {
							"vector": [2.47, -3.5, -4.27]
						},
						"3.0": {
							"vector": [2.51, -3.41, -4.3]
						},
						"3.2333": {
							"vector": [2.455, -3.325, -4.325]
						},
						"3.3667": {
							"vector": [1.995, -2.11, -2.41]
						},
						"3.5": {
							"vector": [-0.25, -2.31, 0.05]
						},
						"3.6333": {
							"vector": [0, 0, 0]
						}
					}
				},
				"leftarm": {
					"rotation": {
						"0.0": {
							"vector": [0, 0, 0]
						},
						"0.1667": {
							"vector": [0, 0, -2.5]
						},
						"1.7333": {
							"vector": [0, 0, -2.5]
						},
						"2.0333": {
							"vector": [40.04474, 32.12591, -85.41336]
						},
						"3.3": {
							"vector": [40.04474, 32.12591, -85.41336]
						},
						"3.5667": {
							"vector": [0, 0, 0]
						}
					},
					"position": {
						"0.0": {
							"vector": [0, 0, 0]
						},
						"0.1667": {
							"vector": [11.23986, -30.20851, 24.64864]
						},
						"1.7333": {
							"vector": [11.23986, -30.20851, 24.64864]
						},
						"2.0333": {
							"vector": [25.67676, 21.94955, 1.30539]
						},
						"3.3": {
							"vector": [25.67676, 21.94955, 1.30539]
						},
						"3.5667": {
							"vector": [0, 0, 0]
						}
					}
				},
				"rightarm": {
					"rotation": {
						"0.0": {
							"vector": [0, 0, 0]
						},
						"0.2333": {
							"vector": [-1.33627, 1.7593, 3.45399]
						},
						"1.7": {
							"vector": [-1.33627, 1.7593, 3.45399]
						},
						"2.0333": {
							"vector": [-4.86179, 33.49794, 3.19974]
						},
						"3.4333": {
							"vector": [-4.86179, 33.49794, 3.19974]
						},
						"3.6333": {
							"vector": [0, 0, 0]
						}
					},
					"position": {
						"0.0": {
							"vector": [0, 0, 0]
						},
						"0.1": {
							"vector": [-1.11225, -1.0752, 3.84361]
						},
						"0.2333": {
							"vector": [-2.75357, 0.56148, 1.68415]
						},
						"1.7": {
							"vector": [-2.75357, 0.56148, 1.68415]
						},
						"2.0333": {
							"vector": [11.9736, -1.44311, 0.89292]
						},
						"3.4333": {
							"vector": [11.9736, -1.44311, 0.89292]
						},
						"3.6333": {
							"vector": [0, 0, 0]
						}
					}
				},
				"loader": {
					"scale": {
						"vector": [0, 0, 0]
					}
				}
			},
			"sound_effects": {
				"0.0": {
					"effect": "pistol_inspectup"
				},
				"0.7667": {
					"effect": "pistol_inspectfoley"
				},
				"1.6333": {
					"effect": "pistol_inspectturn"
				},
				"3.3333": {
					"effect": "pistol_inspectdown"
				}
			}
		},
		"animation.model.fire": {
			"animation_length": 0.25,
			"bones": {
				"main": {
					"rotation": {
						"0.0": {
							"vector": [0, 0, 0]
						},
						"0.05": {
							"vector": [-3.23643, -0.69169, -0.6604]
						},
						"0.1": {
							"vector": [-2.55384, -0.3607, 3.58246]
						},
						"0.15": {
							"vector": [1.24881, -0.47591, -1.44913]
						},
						"0.25": {
							"vector": [0, 0, 2.5]
						}
					},
					"position": {
						"0.0": {
							"vector": [0, 0, 0]
						},
						"0.05": {
							"vector": [0, 0, 2.225]
						},
						"0.1": {
							"vector": [-0.1, 0, 1.28]
						},
						"0.2": {
							"vector": [0, 0, 0]
						}
					}
				},
				"rotatey": {
					"rotation": {
						"0.0": {
							"vector": [0, 0, 0]
						},
						"0.05": {
							"vector": [0, 0, 0]
						},
						"0.15": {
							"vector": [0, 0, -60]
						},
						"0.16": {
							"vector": [0, 0, 0]
						}
					},
					"position": {
						"0.0": {
							"vector": [0, 0, 0]
						},
						"0.05": {
							"vector": [0, 0, 0]
						},
						"0.15": {
							"vector": [0, 0, 0]
						},
						"0.16": {
							"vector": [0, 0, 0]
						}
					}
				},
				"speedloader": {
					"scale": {
						"vector": [0, 0, 0]
					}
				},
				"bone3": {
					"rotation": {
						"0.0": {
							"vector": [0, 0, -26.5]
						},
						"0.02": {
							"vector": [0, 0, 0]
						}
					}
				}
			}
		},
		"animation.model.preparefire": {
			"animation_length": 0.0667,
			"bones": {
				"main": {
					"rotation": {
						"0.0": {
							"vector": [0, 0, 0]
						},
						"0.0333": {
							"vector": [0, -0.25, 1.75]
						},
						"0.0667": {
							"vector": [0, 0, 0]
						}
					},
					"position": {
						"0.0": {
							"vector": [0, 0, 0]
						},
						"0.0333": {
							"vector": [-0.05, 0, 0.175]
						},
						"0.0667": {
							"vector": [0, 0, 0]
						}
					}
				},
				"bone3": {
					"rotation": {
						"0.0": {
							"vector": [0, 0, 0]
						},
						"0.0333": {
							"vector": [0, 0, -26.5]
						}
					}
				}
			},
			"sound_effects": {
				"0.0": {
					"effect": "click"
				}
			}
		},
		"animation.model.reload": {
			"animation_length": 2.8667,
			"bones": {
				"main": {
					"rotation": {
						"0.0": {
							"vector": [0, 0, 0]
						},
						"0.0667": {
							"vector": [-2.41653, -2.56199, -2.64083]
						},
						"0.1333": {
							"vector": [-2.44697, -3.2901, -0.10878]
						},
						"0.2": {
							"vector": [-2.63425, -3.57064, 10.93731]
						},
						"0.3": {
							"vector": [-2.72869, -3.2307, 0.89802]
						},
						"0.4333": {
							"vector": [-12.00127, 11.04613, 27.65399]
						},
						"0.5667": {
							"vector": [-26.97188, 30.25107, 51.94677]
						},
						"0.6333": {
							"vector": [-26.41047, 35.01797, 56.46824]
						},
						"0.7": {
							"vector": [-27.79977, 31.64944, 53.14342]
						},
						"0.8333": {
							"vector": [-23.96993, 34.21414, 57.23988]
						},
						"0.9": {
							"vector": [-30.0796, 28.55793, 45.14902]
						},
						"1.0": {
							"vector": [-22.60691, 15.46373, 33.68227]
						},
						"1.1333": {
							"vector": [-12.79361, -4.79688, 12.76141]
						},
						"1.2333": {
							"vector": [-10.95547, -5.67774, 21.42138]
						},
						"1.3333": {
							"vector": [-10.38684, -5.95908, 15.84892]
						},
						"1.4333": {
							"vector": [-10.7494, -5.27108, 19.55307]
						},
						"1.5333": {
							"vector": [-10.58582, -5.59505, 17.82555]
						},
						"1.6333": {
							"vector": [-9.03502, -3.3874, 23.29053]
						},
						"1.7667": {
							"vector": [-9.33622, -4.56448, 17.38392]
						},
						"1.9": {
							"vector": [-8.71869, -4.28113, 19.09935]
						},
						"2.0333": {
							"vector": [-8.58998, -3.0239, 17.38738]
						},
						"2.1333": {
							"vector": [-8.59425, -3.51828, 17.4622]
						},
						"2.2333": {
							"vector": [-8.85647, -1.21759, 24.19649]
						},
						"2.3333": {
							"vector": [-8.57177, -2.54578, 15.54302]
						},
						"2.4333": {
							"vector": [-6.12815, 0.40602, 15.13889]
						},
						"2.5333": {
							"vector": [-3.51817, 1.16499, 5.97413]
						},
						"2.6667": {
							"vector": [0, 0, 0]
						}
					},
					"position": {
						"0.0": {
							"vector": [0, 0, 0]
						},
						"0.0667": {
							"vector": [0, -0.15, 1.35]
						},
						"0.1333": {
							"vector": [0.075, -0.15, 1.35]
						},
						"0.2": {
							"vector": [0.155, -0.275, 1.35]
						},
						"0.2667": {
							"vector": [0.035, -0.28, 1.9]
						},
						"0.4": {
							"vector": [-0.02, -1.955, 3.575]
						},
						"0.5": {
							"vector": [0.61, -3.405, 4.58]
						},
						"0.5667": {
							"vector": [0.435, -3.125, 4.58]
						},
						"0.6667": {
							"vector": [0.43, -5.575, 5.655]
						},
						"0.7667": {
							"vector": [0.43, -4.995, 4.98]
						},
						"0.8667": {
							"vector": [0.555, -3.665, 4.63]
						},
						"0.9667": {
							"vector": [-0.245, -3.23, 1.63]
						},
						"1.0667": {
							"vector": [-1.315, -3.67, 4.63]
						},
						"1.2": {
							"vector": [-1.76, -4.92, 4.73]
						},
						"1.3333": {
							"vector": [-1.53, -4.045, 4.33]
						},
						"1.4333": {
							"vector": [-1.4, -3.62, 4.33]
						},
						"1.5": {
							"vector": [-1.35, -3.67, 3.93]
						},
						"1.6": {
							"vector": [-1.35, -3.67, 3.63]
						},
						"1.7333": {
							"vector": [-1.4, -3.62, 4.48]
						},
						"1.8667": {
							"vector": [-1.6, -3.62, 4.755]
						},
						"2.0": {
							"vector": [-1.425, -3.62, 5.035]
						},
						"2.1333": {
							"vector": [-1.37, -3.62, 5.03]
						},
						"2.2667": {
							"vector": [-1.195, -3.62, 5.03]
						},
						"2.4": {
							"vector": [-1.195, -3.195, 5.03]
						},
						"2.5": {
							"vector": [-1.255, -2.345, 2.87]
						},
						"2.6333": {
							"vector": [0, 0, 0]
						}
					}
				},
				"rightarm": {
					"rotation": {
						"0.0": {
							"vector": [0, 0, 0]
						},
						"0.0667": {
							"vector": [-7.09181, -10.12274, -12.45931]
						},
						"0.1333": {
							"vector": [-7.38961, -8.64845, -8.09878]
						},
						"0.7": {
							"vector": [-7.38961, -8.64845, -8.09878]
						},
						"0.8333": {
							"vector": [-7.81565, -11.19534, -6.97738]
						},
						"0.9333": {
							"vector": [-7.81565, -11.19534, -6.97738]
						},
						"1.2667": {
							"vector": [-9.58988, -0.19095, 0.6242]
						},
						"2.3333": {
							"vector": [-9.58988, -0.19095, 0.6242]
						},
						"2.5333": {
							"vector": [0, 0, 0]
						}
					},
					"position": {
						"0.0": {
							"vector": [0, 0, 0]
						},
						"0.0667": {
							"vector": [0, -1.375, -1.1]
						},
						"0.1333": {
							"vector": [0, -1.47, -1.1]
						},
						"0.2333": {
							"vector": [0, -4.545, 2.3]
						},
						"0.7": {
							"vector": [0, -4.445, 3.35]
						},
						"0.8333": {
							"vector": [0, -4.445, 3.35]
						},
						"0.9333": {
							"vector": [0, -6.87, 4.575]
						},
						"1.1667": {
							"vector": [-3.58, -4.245, 3.725]
						},
						"1.2667": {
							"vector": [-3.475, -3.245, 5]
						},
						"2.3333": {
							"vector": [-3.2, -3.195, 4.125]
						},
						"2.4333": {
							"vector": [-4.14, -0.88, 6.195]
						},
						"2.5333": {
							"vector": [0, 0, 0]
						}
					}
				},
				"chamber": {
					"rotation": {
						"0.0": {
							"vector": [0, 0, 0]
						},
						"0.1333": {
							"vector": [0, 0, 0]
						},
						"0.2": {
							"vector": [0, 0, 70.25]
						},
						"0.3": {
							"vector": [0, 0, 62.5]
						},
						"2.1667": {
							"vector": [0, 0, 62.5]
						},
						"2.2667": {
							"vector": [0, 0, 0]
						}
					},
					"position": {
						"0.0": {
							"vector": [0, 0, 0]
						},
						"0.1333": {
							"vector": [0, 0, 0]
						},
						"2.1667": {
							"vector": [0, 0, 0]
						},
						"2.2667": {
							"vector": [0, 0, 0]
						}
					}
				},
				"rotatey": {
					"rotation": {
						"0.0": {
							"vector": [0, 0, 0]
						},
						"0.1333": {
							"vector": [0, 0, 0]
						},
						"0.2": {
							"vector": [0, 0, 10]
						},
						"0.3": {
							"vector": [0, 0, 0]
						},
						"2.1667": {
							"vector": [0, 0, 0]
						},
						"2.2667": {
							"vector": [0, 0, -12.25]
						},
						"2.3667": {
							"vector": [0, 0, 0]
						}
					},
					"position": {
						"0.0": {
							"vector": [0, 0, 0]
						},
						"0.1333": {
							"vector": [0, 0, 0]
						},
						"2.1667": {
							"vector": [0, 0, 0]
						}
					}
				},
				"speedloader": {
					"rotation": {
						"0.0": {
							"vector": [0, 0, 0]
						},
						"1.0667": {
							"vector": [0, 0, 0]
						},
						"1.1667": {
							"vector": [6, 43.5, 0]
						},
						"1.2": {
							"vector": [6, 43.5, 0]
						},
						"1.3667": {
							"vector": [9.43704, 3.32301, 9.02436]
						},
						"1.4333": {
							"vector": [-2.5, 0, 0]
						},
						"1.5": {
							"vector": [0, 0, 0]
						},
						"1.6": {
							"vector": [0, 0, 0]
						}
					},
					"position": {
						"0.0": {
							"vector": [0, 0, 0]
						},
						"1.0667": {
							"vector": [0, 0, 0]
						},
						"1.1667": {
							"vector": [11.3, 0, 12.425]
						},
						"1.2": {
							"vector": [11.3, 0, 12.425]
						},
						"1.3667": {
							"vector": [0.225, -0.375, 4.45]
						},
						"1.4333": {
							"vector": [0, -0.1, 4.45]
						},
						"1.5": {
							"vector": [0, 0, 4.45]
						},
						"1.6": {
							"vector": [0, 0, 0]
						}
					}
				},
				"bullets": {
					"rotation": {
						"0.0": {
							"vector": [0, 0, 0]
						},
						"0.6333": {
							"vector": [0, 0, 0]
						},
						"0.7": {
							"vector": [0, 0, 0]
						},
						"0.8": {
							"vector": [15.81502, 41.64987, 10.66086]
						},
						"0.9667": {
							"vector": [15.81502, 41.64987, 10.66086]
						},
						"1.1667": {
							"vector": [15.81502, 41.64987, 10.66086]
						},
						"1.2": {
							"vector": [0, 0, 0]
						}
					},
					"position": {
						"0.0": {
							"vector": [0, 0, 0]
						},
						"0.6333": {
							"vector": [0, 0, 0]
						},
						"0.7": {
							"vector": [0, 0, 4.5]
						},
						"0.8": {
							"vector": [7.875, 0, 16.15]
						},
						"0.9667": {
							"vector": [7.875, 0, 16.15]
						},
						"1.1667": {
							"vector": [7.875, 0, 16.15]
						},
						"1.2": {
							"vector": [0, 0, 0]
						}
					}
				},
				"loader": {
					"rotation": {
						"0.0": {
							"vector": [0, 0, 0]
						},
						"1.1": {
							"vector": [0, 0, 0]
						},
						"1.1667": {
							"vector": [0, 0, 0]
						},
						"1.2": {
							"vector": [0, 0, 0]
						},
						"1.6333": {
							"vector": [0, 0, 0]
						},
						"1.7": {
							"vector": [0, 0, 17.75]
						},
						"1.7667": {
							"vector": [0, 0, 17.75]
						},
						"1.9": {
							"vector": [13.81355, 20.52552, 20.86179]
						},
						"2.0333": {
							"vector": [0, 0, 0]
						}
					},
					"position": {
						"0.0": {
							"vector": [0, 0, 0]
						},
						"1.1": {
							"vector": [0, 0, 0]
						},
						"1.1667": {
							"vector": [0.83789, 9.66271, -0.99619]
						},
						"1.2": {
							"vector": [1.415, 10.485, -8.15]
						},
						"1.3667": {
							"vector": [1.22, 10.11, -7.995]
						},
						"1.6333": {
							"vector": [1.215, 9.785, -8]
						},
						"1.7": {
							"vector": [0.735, 9.96, -8.045]
						},
						"1.7667": {
							"vector": [0.735, 10.11, -7.695]
						},
						"1.8333": {
							"vector": [1.245, 11.175, -5.24]
						},
						"1.9": {
							"vector": [8.105, 11.485, 3.405]
						},
						"2.0333": {
							"vector": [0, 0, 0]
						}
					},
					"scale": {
						"0.0": {
							"vector": [0, 0, 0]
						},
						"1.1": {
							"vector": [0, 0, 0]
						},
						"1.1667": {
							"vector": [1, 1, 1]
						},
						"1.2": {
							"vector": [1, 1, 1]
						},
						"1.6333": {
							"vector": [1, 1, 1]
						},
						"1.9": {
							"vector": [1, 1, 1]
						},
						"1.9333": {
							"vector": [0, 0, 0]
						},
						"2.0333": {
							"vector": [0, 0, 0]
						}
					}
				},
				"leftarm": {
					"rotation": {
						"0.0": {
							"vector": [0, 0, 0]
						},
						"0.1": {
							"vector": [-7.20831, -2.9333, -6.49879]
						},
						"0.2667": {
							"vector": [-7.20831, -2.9333, -6.49879]
						},
						"0.4": {
							"vector": [-15.03356, -9.92801, -18.85608]
						},
						"0.5": {
							"vector": [-15.58065, 1.92787, -30.36515]
						},
						"0.8667": {
							"vector": [-15.58065, 1.92787, -30.36515]
						},
						"1.1333": {
							"vector": [1.01168, 2.74975, -48.58433]
						},
						"1.2": {
							"vector": [1.01168, 2.74975, -48.58433]
						},
						"1.3667": {
							"vector": [-12.44115, -6.76616, -32.85776]
						},
						"1.4333": {
							"vector": [-9.12225, -14.05772, -41.44529]
						},
						"1.5": {
							"vector": [-5.67197, -13.74916, -41.04872]
						},
						"1.6": {
							"vector": [2.32803, -13.74916, -41.04872]
						},
						"1.7": {
							"vector": [-1.27378, -9.87774, -34.3068]
						},
						"1.7667": {
							"vector": [-1.27378, -9.87774, -34.3068]
						},
						"1.8333": {
							"vector": [-5.54689, -10.52566, -33.92834]
						},
						"1.9": {
							"vector": [-8.87919, -11.52554, -30.30437]
						},
						"1.9667": {
							"vector": [-8.50714, -15.25492, -26.93389]
						},
						"2.1": {
							"vector": [-20.6351, -18.9843, -23.56342]
						},
						"2.1667": {
							"vector": [-20.6351, -18.9843, -23.56342]
						},
						"2.2667": {
							"vector": [-21.03615, -14.54005, -19.08707]
						},
						"2.3667": {
							"vector": [-21.48865, -10.98352, -15.13052]
						},
						"2.5333": {
							"vector": [-21.48865, -10.98352, -15.13052]
						},
						"2.6667": {
							"vector": [0, 0, 0]
						}
					},
					"position": {
						"0.0": {
							"vector": [0, 0, 0]
						},
						"0.1": {
							"vector": [4.2, -0.55, -4.925]
						},
						"0.2667": {
							"vector": [5.75, -2.5, -4.925]
						},
						"0.4": {
							"vector": [10.95731, 3.8165, -10.34597]
						},
						"0.5": {
							"vector": [15.02061, 9.44909, -10.08079]
						},
						"0.8667": {
							"vector": [15.02061, 9.44909, -10.08079]
						},
						"1.1333": {
							"vector": [17.72148, 11.97055, 22.3537]
						},
						"1.2": {
							"vector": [17.72148, 11.97055, 22.3537]
						},
						"1.3667": {
							"vector": [11.845, 8.695, 0.875]
						},
						"1.4333": {
							"vector": [9.645, 9.22, 1.65]
						},
						"1.5": {
							"vector": [8.775, 9.745, 2.35]
						},
						"1.6": {
							"vector": [5.88, 10.19, -0.45]
						},
						"1.7": {
							"vector": [7.305, 9.415, -0.45]
						},
						"1.7667": {
							"vector": [7.305, 9.415, -0.45]
						},
						"1.8333": {
							"vector": [9.16, 7.985, 0.95]
						},
						"1.9": {
							"vector": [13.735, 0.615, 9.75]
						},
						"1.9667": {
							"vector": [15.065, 1.45, 0.64]
						},
						"2.1": {
							"vector": [9.38, 2.71, -13.025]
						},
						"2.1667": {
							"vector": [9.38, 2.71, -13.025]
						},
						"2.2667": {
							"vector": [4.63, 3.585, -13.545]
						},
						"2.3667": {
							"vector": [3.83, 3.18, -13.54]
						},
						"2.5333": {
							"vector": [3.83, 3.18, -13.54]
						},
						"2.6667": {
							"vector": [0, 0, 0]
						}
					}
				},
				"bone5": {
					"rotation": {
						"0.1667": {
							"vector": [0, 0, 0]
						},
						"0.2": {
							"vector": [0, 0, 102.5]
						},
						"2.1667": {
							"vector": [0, 0, 102.5]
						},
						"2.2": {
							"vector": [0, 0, 0]
						}
					},
					"position": {
						"0.1667": {
							"vector": [0, 0, 0]
						},
						"0.2": {
							"vector": [-1.25, 0.475, 0]
						},
						"2.1667": {
							"vector": [-1.25, 0.475, 0]
						},
						"2.2": {
							"vector": [0, 0, 0]
						}
					}
				}
			},
			"sound_effects": {
				"0.0": {
					"effect": "revolver_open"
				},
				"0.4667": {
					"effect": "revolver_shellsout"
				},
				"1.4333": {
					"effect": "revolver_speedloader"
				},
				"2.1333": {
					"effect": "revolver_close"
				}
			}
		}
	},
	"geckolib_format_version": 2
}