{
	"format_version": "1.8.0",
	"animations": {
		"animation.model.inspect": {
			"loop": true,
			"animation_length": 3.96667,
			"bones": {
				"main": {
					"rotation": {
						"0.0": {
							"vector": [0, 0, 0]
						},
						"0.1667": {
							"vector": [-9.10467, -25.95159, -19.19327]
						},
						"0.3": {
							"vector": [-9.18088, -30.72584, -29.96084]
						},
						"0.4333": {
							"vector": [-11.10933, -36.38799, -25.34713]
						},
						"0.5333": {
							"vector": [-10.06514, -35.52384, -28.03806]
						},
						"0.7667": {
							"vector": [-10.53586, -33.26173, -26.50426]
						},
						"1.0": {
							"vector": [-3.4941, -33.46148, -45.63456]
						},
						"1.1333": {
							"vector": [-5.10177, -33.18669, -41.26087]
						},
						"1.2333": {
							"vector": [-5.44096, -33.36535, -40.34312]
						},
						"1.3333": {
							"vector": [-5.12916, -33.43138, -41.1983]
						},
						"1.4667": {
							"vector": [-4.49196, -33.554, -42.93807]
						},
						"1.6": {
							"vector": [-4.91154, -33.47594, -41.79411]
						},
						"1.7": {
							"vector": [-4.68955, -33.51914, -42.40043]
						},
						"2.0333": {
							"vector": [-15.01528, 9.53318, 68.94603]
						},
						"2.1667": {
							"vector": [-13.25936, 9.51163, 74.71344]
						},
						"2.3": {
							"vector": [-13.71722, 9.69111, 74.12635]
						},
						"2.4333": {
							"vector": [-13.63502, 10.8884, 77.37459]
						},
						"2.5667": {
							"vector": [-13.131, 11.49451, 79.97102]
						},
						"2.7333": {
							"vector": [-13.29499, 11.30318, 79.14045]
						},
						"2.9": {
							"vector": [-13.06372, 11.56958, 80.30366]
						},
						"3.1": {
							"vector": [-13.14455, 11.47839, 79.90168]
						},
						"3.2667": {
							"vector": [-13.70447, 10.80068, 77.00658]
						},
						"3.4": {
							"vector": [-7.95076, 4.6277, 48.42796]
						},
						"3.5333": {
							"vector": [0, -1.75, -2.75]
						},
						"3.7": {
							"vector": [0, 0, 0]
						}
					},
					"position": {
						"0.0": {
							"vector": [0, 0, 0]
						},
						"0.2667": {
							"vector": [-0.475, 3.35, -8.7]
						},
						"0.4": {
							"vector": [-0.195, 0.25, -7.7]
						},
						"0.5667": {
							"vector": [-0.03, 1.5, -7.7]
						},
						"0.7": {
							"vector": [0, 1.375, -7.7]
						},
						"0.9": {
							"vector": [-0.125, 1.4, -8.275]
						},
						"1.2": {
							"vector": [-0.52, 1.475, -8]
						},
						"1.4": {
							"vector": [-0.39, 1.425, -8.175]
						},
						"1.6667": {
							"vector": [-0.225, 1.25, -7.975]
						},
						"1.8": {
							"vector": [-0.63, -3.19, -7.65]
						},
						"1.9667": {
							"vector": [2.455, -4.725, -6.15]
						},
						"2.1333": {
							"vector": [2.585, -3.395, -5.545]
						},
						"2.2667": {
							"vector": [2.475, -3.63, -4.17]
						},
						"2.4": {
							"vector": [2.435, -3.43, -4.25]
						},
						"2.5667": {
							"vector": [2.545, -3.425, -4.24]
						},
						"2.7667": {
							"vector": [2.47, -3.5, -4.27]
						},
						"3.0": {
							"vector": [2.51, -3.41, -4.3]
						},
						"3.2333": {
							"vector": [2.455, -3.325, -4.325]
						},
						"3.3667": {
							"vector": [1.995, -2.11, -2.41]
						},
						"3.5": {
							"vector": [-0.25, -2.31, 0.05]
						},
						"3.6333": {
							"vector": [0, 0, 0]
						}
					}
				},
				"leftarm": {
					"scale": {
						"vector": [0, 0, 0]
					}
				},
				"rightarm": {
					"rotation": {
						"0.0": {
							"vector": [0, 0, 0]
						},
						"0.1333": {
							"vector": [-30, 0, 0]
						}
					},
					"position": {
						"0.0": {
							"vector": [0, 0, 0]
						},
						"0.1333": {
							"vector": [0, -12, 0]
						}
					}
				},
				"bone": {
					"rotation": {
						"0.2333": {
							"vector": [0, 0, 0]
						},
						"0.3667": {
							"vector": [-10.06689, -8.25322, -3.61691]
						},
						"2.1667": {
							"vector": [-10.07, -8.25, -3.62]
						},
						"2.4": {
							"vector": [-26.03484, -3.92755, 5.45105]
						},
						"3.3": {
							"vector": [-26.03484, -3.92755, 5.45105]
						},
						"3.4": {
							"vector": [0, 0, 0]
						},
						"3.4667": {
							"vector": [2.49762, 0.10901, -2.49762]
						},
						"3.5667": {
							"vector": [4.99762, -0.10901, 2.49762]
						},
						"3.8": {
							"vector": [0, 0, 0]
						}
					},
					"position": {
						"0.1667": {
							"vector": [0, 0, 0]
						},
						"0.4333": {
							"vector": [5, 0, 0]
						},
						"1.8": {
							"vector": [5, 0, 0]
						},
						"2.1667": {
							"vector": [1.6, 5.6, -8.2]
						},
						"2.5": {
							"vector": [1.6, 5.6, -8.2]
						},
						"3.2667": {
							"vector": [1.6, 5.6, -8.2]
						},
						"3.3667": {
							"vector": [0, 0, 0]
						},
						"3.8": {
							"vector": [0, 0, 0]
						}
					}
				}
			}
		},
		"animation.model.draw": {
			"loop": true,
			"animation_length": 1.2,
			"bones": {
				"main": {
					"rotation": {
						"0.0": {
							"vector": [32.09413, -54.38778, -8.29667]
						},
						"0.35": {
							"vector": [0.50518, -5.08075, 6.8716]
						},
						"0.5": {
							"vector": [0.32389, -0.60235, -2.1558]
						},
						"0.6": {
							"vector": [0, 0, 0]
						}
					},
					"position": {
						"0.0": {
							"vector": [0, -17.3, 0]
						},
						"0.25": {
							"vector": [-0.4, -2.525, -1.625]
						},
						"0.4": {
							"vector": [-0.05, 0, -2.49]
						},
						"0.55": {
							"vector": [0, 0, 0]
						}
					}
				},
				"leftarm": {
					"rotation": {
						"0.0": {
							"vector": [0, 0, 0]
						},
						"0.2": {
							"vector": [1, 0, -22]
						},
						"0.4": {
							"vector": [0, 0, 0]
						}
					},
					"position": {
						"0.0": {
							"vector": [0, 0, 0]
						},
						"0.2": {
							"vector": [3.53901, 3.6754, 5.59783]
						},
						"0.4": {
							"vector": [0, 0, 0]
						}
					}
				},
				"bone": {
					"rotation": {
						"0.0": {
							"vector": [5, 0, 7.5]
						},
						"0.25": {
							"pre": {
								"vector": [0, 0, 0]
							},
							"post": {
								"vector": [0, 0, 0]
							},
							"lerp_mode": "catmullrom"
						},
						"0.45": {
							"post": {
								"vector": [-2.70851, 2.38902, -2.3882]
							},
							"lerp_mode": "catmullrom"
						},
						"0.7": {
							"post": {
								"vector": [-1.32, 1.16, -1.16]
							},
							"lerp_mode": "catmullrom"
						},
						"0.9": {
							"post": {
								"vector": [0, 0, 0]
							},
							"lerp_mode": "catmullrom"
						}
					},
					"position": {
						"0.0": {
							"vector": [0, 0, 0]
						},
						"0.25": {
							"pre": {
								"vector": [0, 0, 0]
							},
							"post": {
								"vector": [0, 0, 0]
							},
							"lerp_mode": "catmullrom"
						},
						"0.45": {
							"post": {
								"vector": [-1, 1, 0]
							},
							"lerp_mode": "catmullrom"
						},
						"0.7": {
							"post": {
								"vector": [-0.49, 0.49, 0]
							},
							"lerp_mode": "catmullrom"
						},
						"0.9": {
							"post": {
								"vector": [0, 0, 0]
							},
							"lerp_mode": "catmullrom"
						}
					}
				}
			}
		},
		"animation.model.fire": {
			"loop": true,
			"animation_length": 0.3,
			"bones": {
				"Lazer": {
					"scale": {
						"0.0": {
							"vector": [1, 1, 1]
						},
						"0.1": {
							"vector": [70, 70, 70]
						},
						"0.1667": {
							"vector": [70, 70, 70]
						},
						"0.2333": {
							"vector": [1, 1, 1]
						}
					}
				},
				"Lazer2": {
					"position": {
						"vector": [0, 0, -4]
					},
					"scale": {
						"0.0333": {
							"vector": [1, 1, 1]
						},
						"0.1333": {
							"vector": [100, 100, 100]
						},
						"0.2": {
							"vector": [100, 100, 100]
						},
						"0.2667": {
							"vector": [1, 1, 1]
						}
					}
				},
				"Lazer3": {
					"position": {
						"vector": [0, 0, -7]
					},
					"scale": {
						"0.0667": {
							"vector": [1, 1, 1]
						},
						"0.1667": {
							"vector": [131.2, 130, 130]
						},
						"0.2333": {
							"vector": [130, 130, 130]
						},
						"0.3": {
							"vector": [1, 1, 1]
						}
					}
				},
				"main": {
					"rotation": {
						"0.0": {
							"post": {
								"vector": [0, 0, 0]
							},
							"lerp_mode": "catmullrom"
						},
						"0.1333": {
							"post": {
								"vector": [-10, 0, 0]
							},
							"lerp_mode": "catmullrom"
						},
						"0.2667": {
							"post": {
								"vector": [0, 0, 0]
							},
							"lerp_mode": "catmullrom"
						}
					},
					"position": {
						"0.0": {
							"post": {
								"vector": [0, 0, 0]
							},
							"lerp_mode": "catmullrom"
						},
						"0.1333": {
							"post": {
								"vector": [0, 2, 3]
							},
							"lerp_mode": "catmullrom"
						},
						"0.2667": {
							"post": {
								"vector": [0, 0, 0]
							},
							"lerp_mode": "catmullrom"
						}
					}
				},
				"gun": {
					"rotation": {
						"0.0": {
							"vector": [0, 0, 0]
						},
						"0.0667": {
							"vector": [-5, 0, 0]
						},
						"0.2": {
							"vector": [5, 0, 0]
						},
						"0.2667": {
							"vector": [0, 0, 0]
						}
					},
					"position": {
						"0.0": {
							"vector": [0, 0, 0]
						},
						"0.2667": {
							"vector": [0, 0, 0]
						}
					}
				},
				"bone": {
					"rotation": {
						"0.0": {
							"post": {
								"vector": [0, 0, 0]
							},
							"lerp_mode": "catmullrom"
						},
						"0.1": {
							"post": {
								"vector": [-5, 0, 0]
							},
							"lerp_mode": "catmullrom"
						},
						"0.2667": {
							"post": {
								"vector": [0, 0, 0]
							},
							"lerp_mode": "catmullrom"
						}
					},
					"position": {
						"0.0": {
							"post": {
								"vector": [0, 0, 0]
							},
							"lerp_mode": "catmullrom"
						},
						"0.1": {
							"post": {
								"vector": [0, 1, 1]
							},
							"lerp_mode": "catmullrom"
						},
						"0.2667": {
							"post": {
								"vector": [0, -1, -1]
							},
							"lerp_mode": "catmullrom"
						}
					}
				}
			}
		},
		"animation.model.reload": {
			"animation_length": 5.25,
			"bones": {
				"bone": {
					"rotation": {
						"0.0": {
							"vector": [0, 0, 0]
						},
						"1.4167": {
							"vector": [2.5, 0, -2.47027]
						},
						"2.9583": {
							"vector": [0, 0, 0]
						},
						"3.25": {
							"vector": [45, 0, 0]
						},
						"3.4583": {
							"vector": [-23.33289, -24.04378, -27.10465]
						},
						"3.625": {
							"vector": [-29.14506, -24.13132, -24.89252]
						},
						"4.0": {
							"vector": [-9.72244, -24.3283, -19.91523]
						},
						"4.25": {
							"vector": [0, 0, 0]
						},
						"4.4167": {
							"vector": [2.50238, -2.49762, -0.10912]
						},
						"4.5833": {
							"vector": [0, 0, 0]
						}
					},
					"position": {
						"0.0": {
							"vector": [0, 0, 0]
						},
						"1.4167": {
							"vector": [0, 2, -2]
						},
						"2.9583": {
							"vector": [0, 0, 0]
						},
						"3.25": {
							"vector": [0, -2, 0]
						},
						"3.3333": {
							"vector": [9, -6, 0]
						},
						"3.4583": {
							"vector": [11, 8, 0]
						},
						"4.25": {
							"vector": [0, 0, 0]
						},
						"4.4167": {
							"vector": [-2, -1, 0]
						},
						"4.5833": {
							"vector": [0, 0, 0]
						}
					}
				},
				"main": {
					"rotation": {
						"0.0": {
							"vector": [0, 0, 0]
						},
						"0.0833": {
							"vector": [-6.56, -13.45, -0.63]
						},
						"0.125": {
							"vector": [-9.84, -20.17, -0.94]
						},
						"0.2083": {
							"vector": [-16.39679, -33.62057, -1.56398]
						},
						"0.3333": {
							"vector": [-19.93415, -62.04609, -1.07345]
						},
						"0.4167": {
							"vector": [-18.84017, -60.79922, 9.06145]
						},
						"0.5": {
							"vector": [-0.41841, -63.1542, 10.8489]
						},
						"0.625": {
							"vector": [-0.63542, -61.14001, -0.32998]
						},
						"0.7917": {
							"vector": [29.2021, -38.88564, -6.79738]
						},
						"1.0": {
							"vector": [21.7021, -38.88564, -6.79738]
						},
						"1.125": {
							"vector": [31.7021, -38.88564, -6.79738]
						},
						"1.2917": {
							"vector": [21.7021, -38.88564, -6.79738]
						},
						"1.4583": {
							"vector": [5.77306, -43.09581, 5.68292]
						},
						"1.7083": {
							"vector": [-42.63104, -49.95172, 3.18733]
						},
						"1.7917": {
							"vector": [-51.31159, -40.77096, 15.32536]
						},
						"1.9583": {
							"vector": [-58.07371, -57.43969, 13.0654]
						},
						"2.125": {
							"vector": [-51.91915, -65.06659, 8.72031]
						},
						"2.25": {
							"vector": [-58.34949, -55.57532, 15.85408]
						},
						"2.375": {
							"vector": [-52.83397, -53.55196, 3.3398]
						},
						"2.4583": {
							"vector": [-42.18789, -79.70947, -6.89223]
						},
						"2.7083": {
							"vector": [-51.92, -65.07, 8.72]
						},
						"2.875": {
							"vector": [-17.09049, -53.51009, -7.08967]
						},
						"3.0417": {
							"vector": [26.53165, -44.84016, -18.94693]
						},
						"3.1667": {
							"vector": [29.59926, -34.70302, -22.95589]
						},
						"3.25": {
							"vector": [54.59926, -34.70302, -22.95589]
						},
						"3.375": {
							"vector": [9.59926, -34.70302, -22.95589]
						},
						"3.4583": {
							"vector": [-0.40074, -34.70302, -22.95589]
						},
						"3.6667": {
							"vector": [13.53436, -20.61566, 0.44309]
						},
						"3.9167": {
							"vector": [0, 0, 0]
						},
						"4.125": {
							"vector": [7.52832, 4.95712, 0.65426]
						},
						"4.2083": {
							"vector": [7.92901, 4.28428, 5.62498]
						},
						"4.375": {
							"vector": [5.41646, 1.79547, 5.38841]
						},
						"4.5": {
							"vector": [0, 0, 0]
						}
					},
					"position": {
						"0.0": {
							"vector": [0, 0, 0]
						},
						"0.0833": {
							"vector": [0.8, 0, 2.8]
						},
						"0.125": {
							"vector": [1.2, 0, 4.2]
						},
						"0.2083": {
							"vector": [2, 0, 7]
						},
						"0.4167": {
							"vector": [1, -2, 7]
						},
						"0.5": {
							"vector": [0, -2, 7]
						},
						"0.7083": {
							"vector": [-1, -2, 7]
						},
						"0.7917": {
							"vector": [2, -4, 7]
						},
						"1.0417": {
							"vector": [-1, -2, 7]
						},
						"1.125": {
							"vector": [2, -4, 7]
						},
						"1.3333": {
							"vector": [-1, -2, 7]
						},
						"1.5417": {
							"vector": [-1, -2, 7]
						},
						"1.6667": {
							"vector": [-4, -14, 8]
						},
						"1.8333": {
							"vector": [-3, -14, 5]
						},
						"2.0": {
							"vector": [-4, -18, 5]
						},
						"2.4583": {
							"vector": [-5, -15, 5]
						},
						"2.7083": {
							"vector": [-4, -18, 5]
						},
						"3.0": {
							"vector": [-4, -18, 5]
						},
						"3.1667": {
							"vector": [-4, -14, 2]
						},
						"3.25": {
							"vector": [0, -20.82, 0.36]
						},
						"3.4583": {
							"vector": [-4, -14, 2]
						},
						"4.0": {
							"vector": [0, 0, 0]
						},
						"4.25": {
							"vector": [1, -1, 0]
						},
						"4.5": {
							"vector": [0, 0, 0]
						}
					}
				},
				"leftarm": {
					"rotation": {
						"0.1667": {
							"vector": [0, 0, 0]
						},
						"0.2917": {
							"vector": [-40, 0, 0]
						},
						"0.3333": {
							"vector": [-95, 0, 0]
						},
						"0.4583": {
							"vector": [-95, 0, 0]
						},
						"0.5": {
							"vector": [-94.08776, 24.98695, 7.44362]
						},
						"0.5417": {
							"vector": [-92.6612, 39.73483, 11.91688]
						},
						"2.0417": {
							"vector": [-92.66, 39.73, 11.92]
						},
						"2.125": {
							"vector": [-69.08692, 22.40707, 0.01022]
						},
						"2.2083": {
							"vector": [-100.25573, 3.41403, -0.04006]
						},
						"2.3333": {
							"vector": [-112.12138, 0.74429, 9.61865]
						},
						"2.375": {
							"vector": [-122.34577, -30.33167, 33.06368]
						},
						"2.4583": {
							"vector": [-146.4713, -49.93113, 52.17921]
						},
						"2.5833": {
							"vector": [-115.81532, -68.75927, 25.95699]
						},
						"2.625": {
							"vector": [-196.93409, -80.6689, 100.52867]
						},
						"2.7917": {
							"vector": [-166.46707, -61.1459, 69.09359]
						},
						"2.9167": {
							"vector": [-141.75378, 58.84883, 4.07283]
						},
						"3.125": {
							"vector": [-48.85199, 26.92923, 59.26246]
						},
						"3.2917": {
							"vector": [-46.5154, 30.18133, 79.39913]
						}
					},
					"position": {
						"0.1667": {
							"vector": [0, 0, 0]
						},
						"0.2917": {
							"vector": [7, 15, -20]
						},
						"0.3333": {
							"vector": [-7, 7, -34]
						},
						"0.4583": {
							"vector": [-7, 7, -32]
						},
						"0.5": {
							"vector": [-6, 5, -34]
						},
						"0.5417": {
							"vector": [-5.67, 1, -34]
						},
						"0.5833": {
							"vector": [-6.33, -1.5, -34]
						},
						"0.625": {
							"vector": [-6.33, -1.5, -34]
						},
						"0.75": {
							"vector": [0, -32, -34]
						},
						"2.0417": {
							"vector": [0, -32, -34]
						},
						"2.125": {
							"vector": [4, -3, -39]
						},
						"2.25": {
							"vector": [-5, 9, -43]
						},
						"2.3333": {
							"vector": [-5, 9, -48]
						},
						"2.375": {
							"vector": [-10, 9, -48]
						},
						"2.4583": {
							"vector": [-17, 2, -41]
						},
						"2.5": {
							"vector": [-17, 4, -43]
						},
						"2.5417": {
							"vector": [-16, 4, -50]
						},
						"2.6667": {
							"vector": [-13, 6, -47]
						},
						"2.75": {
							"vector": [-13, 7, -44]
						},
						"2.9583": {
							"vector": [-9, 5, -49]
						},
						"3.0833": {
							"vector": [1, -2, -49]
						},
						"3.25": {
							"vector": [18, -39, -41]
						}
					}
				},
				"ammo": {
					"rotation": {
						"1.0833": {
							"vector": [0, 0, 0]
						},
						"1.1667": {
							"vector": [0, 0, 0]
						},
						"1.25": {
							"vector": [17.06491, -11.77117, 4.21876]
						},
						"1.3333": {
							"vector": [42.68168, -23.10272, -6.10609]
						},
						"1.4167": {
							"vector": [42.68, -23.1, -6.11]
						},
						"2.0833": {
							"vector": [74.95727, -49.78366, -56.83143]
						},
						"2.1667": {
							"vector": [132.8218, -49.71955, -95.97549]
						},
						"2.4583": {
							"vector": [0, 0, 0]
						}
					},
					"position": {
						"1.0833": {
							"vector": [0, 0, 0]
						},
						"1.1667": {
							"vector": [0, 0, -18]
						},
						"1.25": {
							"vector": [0, -6, -29]
						},
						"1.3333": {
							"vector": [0, -24, -58]
						},
						"1.4167": {
							"vector": [0, -24, -58]
						},
						"1.5": {
							"vector": [94, -24, -58]
						},
						"2.0417": {
							"vector": [94, -24, -58]
						},
						"2.0833": {
							"vector": [3, -27, -15]
						},
						"2.125": {
							"vector": [9, -14, -28]
						},
						"2.1667": {
							"vector": [4, -10, -24]
						},
						"2.2083": {
							"vector": [2, -2, -22]
						},
						"2.25": {
							"vector": [2, 6, -22]
						},
						"2.2917": {
							"vector": [2, 4, -22]
						},
						"2.3333": {
							"vector": [4, 6.5, -23]
						},
						"2.4583": {
							"vector": [0, 0, 0]
						}
					}
				},
				"barrel": {
					"rotation": {
						"0.4583": {
							"vector": [0, 0, 0]
						},
						"0.5417": {
							"vector": [52.5, 0, 0]
						},
						"0.5833": {
							"vector": [90, 0, 0]
						},
						"0.8333": {
							"vector": [80, 0, 0]
						},
						"0.9583": {
							"vector": [76.5, 0, 0]
						},
						"1.0833": {
							"vector": [95, 0, 0]
						},
						"1.5417": {
							"vector": [95, 0, 0]
						},
						"1.75": {
							"vector": [130, 0, 0]
						},
						"2.7083": {
							"vector": [140, 0, 0]
						},
						"3.25": {
							"vector": [140, 0, 0]
						},
						"3.4167": {
							"vector": [45, 0, 0]
						},
						"3.4583": {
							"vector": [0, 0, 0]
						}
					},
					"position": {
						"0.4583": {
							"vector": [0, 0, 0]
						},
						"0.75": {
							"vector": [0, 0, 0]
						}
					}
				},
				"ammo2": {
					"rotation": {
						"0.75": {
							"vector": [0, 0, 0]
						},
						"0.8333": {
							"vector": [0, 0, 0]
						},
						"0.9167": {
							"vector": [17.06491, -11.77117, 4.21876]
						},
						"1.0": {
							"vector": [42.68168, -23.10272, -6.10609]
						},
						"1.0833": {
							"vector": [42.68, -23.1, -6.11]
						},
						"2.0833": {
							"vector": [87.02258, -51.36237, -72.41105]
						},
						"2.1667": {
							"vector": [119.52258, -51.36237, -72.41105]
						},
						"2.3333": {
							"vector": [91.61211, -12.69743, -39.83669]
						},
						"2.375": {
							"vector": [97.13449, -3.0312, -31.69309]
						},
						"2.5833": {
							"vector": [77.75648, 2.33968, -27.00366]
						},
						"2.7083": {
							"vector": [0, 0, 0]
						}
					},
					"position": {
						"0.75": {
							"vector": [0, 0, 0]
						},
						"0.8333": {
							"vector": [0, 0, -18]
						},
						"0.9167": {
							"vector": [0, -6, -29]
						},
						"1.0": {
							"vector": [0, -24, -58]
						},
						"1.0833": {
							"vector": [0, -24, -58]
						},
						"1.5": {
							"vector": [84, -24, -58]
						},
						"2.0417": {
							"vector": [84, -24, -58]
						},
						"2.0833": {
							"vector": [5, -30, -21]
						},
						"2.125": {
							"vector": [5, -19, -27]
						},
						"2.1667": {
							"vector": [5, -6, -23]
						},
						"2.2083": {
							"vector": [3, 2, -19]
						},
						"2.25": {
							"vector": [0, 6, -18]
						},
						"2.2917": {
							"vector": [0, 4, -19]
						},
						"2.3333": {
							"vector": [3, 6.5, -19.5]
						},
						"2.375": {
							"vector": [6, 9, -16]
						},
						"2.4167": {
							"vector": [1, 5, -9]
						},
						"2.4583": {
							"vector": [-3, 2, -7]
						},
						"2.5": {
							"vector": [-3, 4, -12]
						},
						"2.5417": {
							"vector": [-3, 4, -22]
						},
						"2.5833": {
							"vector": [-2, 4, -11]
						},
						"2.625": {
							"vector": [-1.33, 2.67, -12.33]
						},
						"2.6667": {
							"vector": [-0.67, 1.34, -9.17]
						},
						"2.7083": {
							"vector": [0, 0, 0]
						}
					}
				}
			},
			"sound_effects": {
				"0.0": {
					"effect": "raygun_reload"
				}
			}
		}
	},
	"geckolib_format_version": 2
}