{
	"format_version": "1.8.0",
	"animations": {
		"animation.model.reloadempty": {
			"loop": true,
			"animation_length": 3.4,
			"blend_weight": "1",
			"bones": {
				"main": {
					"rotation": {
						"0.0": {
							"vector": [0, 0, 0]
						},
						"0.1333": {
							"vector": [-3.92441, -3.17701, -2.22832]
						},
						"0.2333": {
							"vector": [-8.07601, -5.56361, -14.93374]
						},
						"0.2667": {
							"vector": [-9.55236, -4.59999, -11.80463]
						},
						"0.3667": {
							"vector": [-9.51919, -5.83654, -14.90525]
						},
						"0.4333": {
							"vector": [-8.65278, -7.06225, -22.60667]
						},
						"0.5": {
							"vector": [-8.28684, -7.25361, -28.18447]
						},
						"0.6667": {
							"vector": [-8.08474, -4.57072, -20.44608]
						},
						"0.8333": {
							"vector": [-7.88509, -3.91083, -21.04536]
						},
						"1.0": {
							"vector": [-7.67884, -4.34838, -22.05942]
						},
						"1.1667": {
							"vector": [-6.81568, -8.09019, -33.93543]
						},
						"1.2667": {
							"vector": [-7.62259, -7.33551, -27.92865]
						},
						"1.3667": {
							"vector": [-7.3915, -7.3163, -29.71086]
						},
						"1.5333": {
							"vector": [-7.16175, -7.78596, -31.43]
						},
						"1.6333": {
							"vector": [-7.10638, -7.48436, -28.16345]
						},
						"1.7333": {
							"vector": [-6.23444, -8.54493, -37.95178]
						},
						"1.8333": {
							"vector": [-7.3957, -7.56422, -29.67841]
						},
						"1.9333": {
							"vector": [-6.16894, -6.82045, -31.71988]
						},
						"2.1667": {
							"vector": [-6.23282, 3.53371, 49.01423]
						},
						"2.2667": {
							"vector": [-5.6185, 6.66598, 54.99592]
						},
						"2.3333": {
							"vector": [-7.25367, 6.17148, 51.78754]
						},
						"2.4": {
							"vector": [-5.50929, 5.57258, 54.30198]
						},
						"2.4667": {
							"vector": [-5.74538, 6.61343, 52.54953]
						},
						"2.5667": {
							"vector": [-5.48557, 7.03574, 56.22456]
						},
						"2.6667": {
							"vector": [-6.274, 5.49459, 48.54647]
						},
						"2.9333": {
							"vector": [-1.17729, -0.17329, -2.88316]
						},
						"3.0667": {
							"vector": [0, 0, 0]
						}
					},
					"position": {
						"0.0": {
							"vector": [0, 0, 0]
						},
						"0.1": {
							"vector": [0, -0.455, -6.155]
						},
						"0.2": {
							"vector": [0, 0.325, -5.3]
						},
						"0.2667": {
							"vector": [-0.1, 0.63, -4.105]
						},
						"0.4": {
							"vector": [0.15, 0.33, -2.13]
						},
						"0.5": {
							"vector": [-0.15, -0.07, -4.655]
						},
						"0.6333": {
							"vector": [-0.4, 0.33, -3.95]
						},
						"0.8": {
							"vector": [-0.75, -0.07, -3.95]
						},
						"0.9667": {
							"vector": [-0.505, -0.06, -3.95]
						},
						"1.1": {
							"vector": [0.295, 0.48, -3.95]
						},
						"1.2667": {
							"vector": [0.375, 0.76, -4.1]
						},
						"1.3333": {
							"vector": [0.13, 0.56, -4.1]
						},
						"1.4667": {
							"vector": [0.2, 0.285, -4.1]
						},
						"1.6333": {
							"vector": [0.105, 0.66, -4.4]
						},
						"1.7": {
							"vector": [-0.295, 1.135, -4.4]
						},
						"1.8333": {
							"vector": [-0.045, 1.115, -4.4]
						},
						"2.0": {
							"vector": [-0.04, -1.855, -5.775]
						},
						"2.1": {
							"vector": [0, -3.56, -7.3]
						},
						"2.2333": {
							"vector": [0.06, -0.98, -3.55]
						},
						"2.3": {
							"vector": [0.06, -0.63, -2.77]
						},
						"2.3667": {
							"vector": [0.06, -0.63, -2.21]
						},
						"2.4333": {
							"vector": [0.06, -0.63, -4.51]
						},
						"2.5": {
							"vector": [0.06, -0.72, -2.455]
						},
						"2.6": {
							"vector": [0.06, -1.08, -2.075]
						},
						"2.7333": {
							"vector": [-0.215, -1.03, -1.675]
						},
						"2.8667": {
							"vector": [-0.12, -0.54, 0.75]
						},
						"3.0": {
							"vector": [0, 0, 0]
						}
					}
				},
				"leftarm": {
					"rotation": {
						"0.0": {
							"vector": [0, 0, 0]
						},
						"0.1667": {
							"vector": [-12.45685, -3.60238, 1.23312]
						},
						"0.2333": {
							"vector": [-17.75617, -6.61265, -2.11816]
						},
						"0.3333": {
							"vector": [-4.45685, -3.60238, 1.23312]
						},
						"0.3667": {
							"vector": [-4.45685, -3.60238, 1.23312]
						},
						"0.4333": {
							"vector": [7.29315, -3.60238, 1.23312]
						},
						"0.5333": {
							"vector": [20.41549, -2.15413, 7.31451]
						},
						"1.0333": {
							"vector": [20.41549, -2.15413, 7.31451]
						},
						"1.2": {
							"vector": [-28.82878, -9.59345, 9.83274]
						},
						"1.3": {
							"vector": [-28.59235, -8.97874, 8.4442]
						},
						"1.4667": {
							"vector": [1.73307, 1.68886, 4.08255]
						},
						"1.5333": {
							"vector": [4.08457, 2.24721, 6.32831]
						},
						"1.6333": {
							"vector": [-0.24985, 3.83974, 14.0114]
						},
						"1.6667": {
							"vector": [-6.24985, 3.83974, 14.0114]
						},
						"1.8": {
							"vector": [-6.24985, 3.83974, 14.0114]
						},
						"1.9": {
							"vector": [-8.61397, -8.81213, 15.72849]
						},
						"2.1": {
							"vector": [-12.46282, 0.01842, -19.26686]
						},
						"2.1667": {
							"vector": [-12.20069, -1.3147, -25.01337]
						},
						"2.2667": {
							"vector": [0, 0, 0]
						},
						"2.8333": {
							"vector": [0, 0, 0]
						}
					},
					"position": {
						"0.0": {
							"vector": [0, 0, 0]
						},
						"0.1667": {
							"vector": [1.65402, -8.31779, 15.68054]
						},
						"0.2333": {
							"vector": [2.60402, -9.66779, 13.95554]
						},
						"0.3333": {
							"vector": [-0.43115, -11.8873, 12.92795]
						},
						"0.3667": {
							"vector": [-0.43115, -11.8873, 12.92795]
						},
						"0.4333": {
							"vector": [-3.3285, -15.25461, 15.5594]
						},
						"0.5333": {
							"vector": [-5.45945, -27.53977, 18.81405]
						},
						"1.0333": {
							"vector": [-5.45945, -27.53977, 18.81405]
						},
						"1.2": {
							"vector": [1.04034, -23.31987, 2.58383]
						},
						"1.3": {
							"vector": [1.04034, -23.31987, 2.58383]
						},
						"1.3667": {
							"vector": [-0.4, -21.55, 9.445]
						},
						"1.4667": {
							"vector": [-0.8, -13.96, 16.12]
						},
						"1.5333": {
							"vector": [-1.43, -13.385, 16.795]
						},
						"1.6333": {
							"vector": [-2.87, -11.725, 15.93]
						},
						"1.6667": {
							"vector": [-2.395, -12.05, 14.18]
						},
						"1.8": {
							"vector": [-2.395, -12.05, 14.18]
						},
						"1.9": {
							"vector": [2, -13.88, 15.145]
						},
						"2.1": {
							"vector": [7.19466, 3.30871, 6.36556]
						},
						"2.1667": {
							"vector": [7.8345, 7.82551, 8.83481]
						},
						"2.2667": {
							"vector": [0, 0, 0]
						},
						"2.8333": {
							"vector": [0, 0, 0]
						}
					}
				},
				"rightarm": {
					"rotation": {
						"1.9": {
							"vector": [0, 0, 0]
						},
						"2.1667": {
							"vector": [0, 0, 0]
						},
						"2.2333": {
							"vector": [0, 0, 0]
						},
						"2.4333": {
							"vector": [-25, 0, 0]
						},
						"2.6333": {
							"vector": [-25, 0, 0]
						},
						"2.7667": {
							"vector": [-38.56278, 11.7979, -23.14182]
						},
						"2.9667": {
							"vector": [0, 0, 0]
						},
						"3.0667": {
							"vector": [0, 0, 0]
						}
					},
					"position": {
						"1.9": {
							"vector": [0, 0, 0]
						},
						"2.1667": {
							"vector": [0, 0, 0]
						},
						"2.2333": {
							"vector": [-4.84375, 0, 0]
						},
						"2.4333": {
							"vector": [-4.84, 2.53125, -20.25]
						},
						"2.5333": {
							"vector": [-4.84, 2.53, -10.53125]
						},
						"2.6333": {
							"vector": [-4.84, 2.53, -10.53]
						},
						"2.7667": {
							"vector": [-4.84, 3.06125, -5.37375]
						},
						"2.9667": {
							"vector": [-4.84375, 0, 0]
						},
						"3.0667": {
							"vector": [0, 0, 0]
						}
					}
				},
				"steal2": {
					"rotation": {
						"2.4333": {
							"vector": [0, 0, 0]
						},
						"2.7333": {
							"vector": [0, 0, 0]
						}
					},
					"position": {
						"2.4333": {
							"vector": [0, 0, 0]
						},
						"2.5667": {
							"vector": [0, 0, 9.625]
						},
						"2.6333": {
							"vector": [0, 0, 9.63]
						},
						"2.7333": {
							"vector": [0, 0, 0]
						}
					}
				},
				"bone2": {
					"rotation": {
						"0.0": {
							"vector": [0, 0, 0]
						},
						"0.2333": {
							"vector": [0, 0, 24.25]
						},
						"0.4": {
							"vector": [0, 0, 18]
						},
						"0.5667": {
							"vector": [0, 0, 24.25]
						},
						"0.7": {
							"vector": [0, 0, 29.25]
						},
						"1.5667": {
							"vector": [0, 0, 29.25]
						},
						"1.6667": {
							"vector": [0, 0, 0]
						},
						"1.7667": {
							"vector": [0, 0, -15.5]
						},
						"1.8667": {
							"vector": [0, 0, 0]
						},
						"2.0": {
							"vector": [0, 0, 5.25]
						},
						"2.1": {
							"vector": [0, 0, -15.5]
						},
						"2.5667": {
							"vector": [0, 0, -15.5]
						},
						"2.8667": {
							"vector": [0, 0, 0]
						}
					},
					"position": {
						"0.0": {
							"vector": [0, 0, 0]
						},
						"1.6667": {
							"vector": [0, 0, 0]
						},
						"2.8667": {
							"vector": [0, 0, 0]
						}
					}
				},
				"standmain4": {
					"rotation": {
						"0.0": {
							"vector": [0, 0, 0]
						},
						"0.3333": {
							"vector": [0, 0, 11]
						},
						"0.4": {
							"vector": [0, 0, 9]
						},
						"0.7333": {
							"vector": [0, 0, 18]
						},
						"1.0667": {
							"vector": [0, 0, 18]
						},
						"1.1667": {
							"vector": [0, 0, 27]
						},
						"1.8667": {
							"vector": [0, 0, 27]
						},
						"2.0333": {
							"vector": [0, 0, -13]
						},
						"2.4667": {
							"vector": [0, 0, -45.5]
						},
						"2.7667": {
							"vector": [0, 0, -53]
						},
						"2.9667": {
							"vector": [0, 0, 9.5]
						},
						"3.2": {
							"vector": [0, 0, 0]
						}
					},
					"position": {
						"vector": [0, 0, 0]
					}
				},
				"DrumMagazine2": {
					"rotation": {
						"0.0": {
							"vector": [0, 0, 0]
						},
						"0.4": {
							"vector": [0, 0, 0]
						},
						"0.5667": {
							"vector": [9.75446, -1.72472, -8.29645]
						},
						"1.0333": {
							"vector": [9.75446, -1.72472, -8.29645]
						},
						"1.2": {
							"vector": [-11.15608, -1.87084, -3.58694]
						},
						"1.3": {
							"vector": [-11.05543, -2.40065, -6.28731]
						},
						"1.3667": {
							"vector": [-5.21299, -2.357, -8.81797]
						},
						"1.5333": {
							"vector": [-5.18708, -1.08984, -8.6822]
						},
						"1.6333": {
							"vector": [0, 0, 0]
						},
						"1.6667": {
							"vector": [0, 0, 0]
						}
					},
					"position": {
						"0.0": {
							"vector": [0, 0, 0]
						},
						"0.4": {
							"vector": [0, 0, 0]
						},
						"0.4667": {
							"vector": [0, -6, 0]
						},
						"0.5667": {
							"vector": [1.85, -21.775, 1.275]
						},
						"1.0333": {
							"vector": [1.85, -21.775, 1.275]
						},
						"1.2": {
							"vector": [2.75, -6.145, -4.78]
						},
						"1.3": {
							"vector": [2.75, -6.145, -4.78]
						},
						"1.3667": {
							"vector": [2.175, -6.945, -2.18]
						},
						"1.4667": {
							"vector": [2.17, -5.5, -1.18]
						},
						"1.5333": {
							"vector": [2.17, -5.965, -1.18]
						},
						"1.6333": {
							"vector": [0, -2.75, 0]
						},
						"1.6667": {
							"vector": [0, 0, 0]
						}
					}
				}
			},
			"sound_effects": {
				"0.3": {
					"effect": "m4_magout"
				},
				"0.5": {
					"effect": "foley_start"
				},
				"1.1": {
					"effect": "ak_magout"
				},
				"1.4": {
					"effect": "m4_magin"
				},
				"2.4333": {
					"effect": "wa2000_actionforward"
				},
				"2.6667": {
					"effect": "m4_press"
				},
				"3.0": {
					"effect": "foley_end"
				}
			}
		},
		"animation.model.reload": {
			"loop": true,
			"animation_length": 2.56667,
			"blend_weight": "1",
			"bones": {
				"main": {
					"rotation": {
						"0.0": {
							"vector": [0, 0, 0]
						},
						"0.1333": {
							"vector": [-3.92441, -3.17701, -2.22832]
						},
						"0.2333": {
							"vector": [-8.07601, -5.56361, -14.93374]
						},
						"0.2667": {
							"vector": [-9.55236, -4.59999, -11.80463]
						},
						"0.3667": {
							"vector": [-9.51919, -5.83654, -14.90525]
						},
						"0.4333": {
							"vector": [-8.65278, -7.06225, -22.60667]
						},
						"0.5": {
							"vector": [-8.28684, -7.25361, -28.18447]
						},
						"0.6667": {
							"vector": [-8.08474, -4.57072, -20.44608]
						},
						"0.8333": {
							"vector": [-7.88509, -3.91083, -21.04536]
						},
						"1.0": {
							"vector": [-7.67884, -4.34838, -22.05942]
						},
						"1.1667": {
							"vector": [-6.81568, -8.09019, -33.93543]
						},
						"1.2667": {
							"vector": [-7.62259, -7.33551, -27.92865]
						},
						"1.3667": {
							"vector": [-7.3915, -7.3163, -29.71086]
						},
						"1.5": {
							"vector": [-7.16175, -7.78596, -31.43]
						},
						"1.5667": {
							"vector": [-7.52291, -7.2524, -26.79594]
						},
						"1.6333": {
							"vector": [-7.10638, -7.48436, -28.16345]
						},
						"1.7333": {
							"vector": [-5.855, -8.80824, -40.46666]
						},
						"1.8667": {
							"vector": [-7.3957, -7.56422, -29.67841]
						},
						"1.9667": {
							"vector": [-6.16894, -6.82045, -31.71988]
						},
						"2.1667": {
							"vector": [-1.1876, -0.07522, 1.86584]
						},
						"2.3": {
							"vector": [0, 0, 0]
						}
					},
					"position": {
						"0.0": {
							"vector": [0, 0, 0]
						},
						"0.1": {
							"vector": [0, -0.455, -6.155]
						},
						"0.2": {
							"vector": [0, 0.325, -6.075]
						},
						"0.2667": {
							"vector": [-0.1, 0.63, -4.68]
						},
						"0.4": {
							"vector": [0.15, 0.33, -2.13]
						},
						"0.5": {
							"vector": [-0.35, -0.07, -4.605]
						},
						"0.6333": {
							"vector": [-0.4, 0.33, -3.3]
						},
						"0.8": {
							"vector": [-0.75, -0.07, -3.95]
						},
						"0.9667": {
							"vector": [-0.505, -0.06, -3.95]
						},
						"1.1": {
							"vector": [0.295, 0.48, -3.95]
						},
						"1.2667": {
							"vector": [0.375, 0.76, -4.1]
						},
						"1.3333": {
							"vector": [0.13, 0.56, -4.1]
						},
						"1.4667": {
							"vector": [0.2, 0.285, -4.1]
						},
						"1.6333": {
							"vector": [0.105, 0.66, -4.4]
						},
						"1.7": {
							"vector": [-0.295, 1.135, -4.4]
						},
						"1.8333": {
							"vector": [-0.045, 1.115, -4.4]
						},
						"1.9667": {
							"vector": [-0.04, -0.705, -8.925]
						},
						"2.1": {
							"vector": [-0.12, -0.54, -2.975]
						},
						"2.2333": {
							"vector": [0, 0, 0]
						}
					}
				},
				"leftarm": {
					"rotation": {
						"0.0": {
							"vector": [0, 0, 0]
						},
						"0.1667": {
							"vector": [-12.45685, -3.60238, 1.23312]
						},
						"0.2333": {
							"vector": [-17.75617, -6.61265, -2.11816]
						},
						"0.3333": {
							"vector": [-4.45685, -3.60238, 1.23312]
						},
						"0.3667": {
							"vector": [-4.45685, -3.60238, 1.23312]
						},
						"0.4333": {
							"vector": [7.29315, -3.60238, 1.23312]
						},
						"0.5333": {
							"vector": [20.41549, -2.15413, 7.31451]
						},
						"1.0333": {
							"vector": [20.41549, -2.15413, 7.31451]
						},
						"1.2": {
							"vector": [-28.82878, -9.59345, 9.83274]
						},
						"1.3": {
							"vector": [-28.59235, -8.97874, 8.4442]
						},
						"1.4667": {
							"vector": [1.73307, 1.68886, 4.08255]
						},
						"1.5333": {
							"vector": [4.08457, 2.24721, 6.32831]
						},
						"1.6333": {
							"vector": [-0.24985, 3.83974, 14.0114]
						},
						"1.6667": {
							"vector": [-6.24985, 3.83974, 14.0114]
						},
						"1.8": {
							"vector": [-6.24985, 3.83974, 14.0114]
						},
						"1.9": {
							"vector": [-8.61397, -8.81213, 15.72849]
						},
						"2.1": {
							"vector": [0, 0, 0]
						}
					},
					"position": {
						"0.0": {
							"vector": [0, 0, 0]
						},
						"0.1667": {
							"vector": [1.65402, -8.31779, 15.68054]
						},
						"0.2333": {
							"vector": [2.60402, -9.66779, 13.95554]
						},
						"0.3333": {
							"vector": [-0.43115, -11.8873, 12.92795]
						},
						"0.3667": {
							"vector": [-0.43115, -11.8873, 12.92795]
						},
						"0.4333": {
							"vector": [-3.3285, -15.25461, 15.5594]
						},
						"0.5333": {
							"vector": [-5.45945, -27.53977, 18.81405]
						},
						"1.0333": {
							"vector": [-5.45945, -27.53977, 18.81405]
						},
						"1.2": {
							"vector": [1.04034, -23.31987, 2.58383]
						},
						"1.3": {
							"vector": [1.04034, -23.31987, 2.58383]
						},
						"1.3667": {
							"vector": [-0.4, -21.55, 9.445]
						},
						"1.4667": {
							"vector": [-0.8, -13.96, 16.12]
						},
						"1.5333": {
							"vector": [-1.43, -13.385, 16.795]
						},
						"1.6333": {
							"vector": [-2.87, -11.725, 15.93]
						},
						"1.6667": {
							"vector": [-2.395, -12.05, 14.18]
						},
						"1.8": {
							"vector": [-2.395, -12.05, 14.18]
						},
						"1.9": {
							"vector": [2, -13.88, 15.145]
						},
						"2.1": {
							"vector": [0, 0, 0]
						}
					}
				},
				"DrumMagazine2": {
					"rotation": {
						"0.0": {
							"vector": [0, 0, 0]
						},
						"0.4": {
							"vector": [0, 0, 0]
						},
						"0.5667": {
							"vector": [9.75446, -1.72472, -8.29645]
						},
						"1.0333": {
							"vector": [9.75446, -1.72472, -8.29645]
						},
						"1.2": {
							"vector": [-11.15608, -1.87084, -3.58694]
						},
						"1.3": {
							"vector": [-11.05543, -2.40065, -6.28731]
						},
						"1.3667": {
							"vector": [-5.21299, -2.357, -8.81797]
						},
						"1.5333": {
							"vector": [-5.18708, -1.08984, -8.6822]
						},
						"1.6333": {
							"vector": [0, 0, 0]
						},
						"1.6667": {
							"vector": [0, 0, 0]
						}
					},
					"position": {
						"0.0": {
							"vector": [0, 0, 0]
						},
						"0.4": {
							"vector": [0, 0, 0]
						},
						"0.4667": {
							"vector": [0, -6, 0]
						},
						"0.5667": {
							"vector": [1.85, -21.775, 1.275]
						},
						"1.0333": {
							"vector": [1.85, -21.775, 1.275]
						},
						"1.2": {
							"vector": [2.75, -6.145, -4.78]
						},
						"1.3": {
							"vector": [2.75, -6.145, -4.78]
						},
						"1.3667": {
							"vector": [2.175, -6.945, -2.18]
						},
						"1.4667": {
							"vector": [2.17, -5.5, -1.18]
						},
						"1.5333": {
							"vector": [2.17, -5.965, -1.18]
						},
						"1.6333": {
							"vector": [0, -2.75, 0]
						},
						"1.6667": {
							"vector": [0, 0, 0]
						}
					}
				},
				"standmain4": {
					"rotation": {
						"0.0": {
							"vector": [0, 0, 0]
						},
						"0.3333": {
							"vector": [0, 0, 11]
						},
						"0.4": {
							"vector": [0, 0, 9]
						},
						"0.7333": {
							"vector": [0, 0, 18]
						},
						"1.0667": {
							"vector": [0, 0, 18]
						},
						"1.1667": {
							"vector": [0, 0, 27]
						},
						"1.8667": {
							"vector": [0, 0, 27]
						},
						"2.2333": {
							"vector": [0, 0, 0]
						}
					},
					"position": {
						"0.0": {
							"vector": [0, 0, 0]
						},
						"2.2333": {
							"vector": [0, 0, 0]
						}
					}
				}
			},
			"sound_effects": {
				"0.3": {
					"effect": "m4_magout"
				},
				"0.5": {
					"effect": "foley_start"
				},
				"1.1": {
					"effect": "ak_magout"
				},
				"1.4": {
					"effect": "m4_magin"
				},
				"1.5667": {
					"effect": "foley_end"
				}
			}
		},
		"animation.model.draw": {
			"loop": true,
			"animation_length": 1.2,
			"bones": {
				"main": {
					"rotation": {
						"0.0": {
							"vector": [32.09413, -54.38778, -8.29667]
						},
						"0.35": {
							"vector": [0.50518, -5.08075, 6.8716]
						},
						"0.5": {
							"vector": [0.32389, -0.60235, -2.1558]
						},
						"0.6": {
							"vector": [0, 0, 0]
						}
					},
					"position": {
						"0.0": {
							"vector": [0, -17.3, 0]
						},
						"0.25": {
							"vector": [-0.4, -2.525, -1.625]
						},
						"0.4": {
							"vector": [-0.05, 0, -2.49]
						},
						"0.55": {
							"vector": [0, 0, 0]
						}
					}
				},
				"leftarm": {
					"rotation": {
						"0.0": {
							"vector": [0, 0, 0]
						},
						"0.2": {
							"vector": [1, 0, -22]
						},
						"0.4": {
							"vector": [0, 0, 0]
						}
					},
					"position": {
						"0.0": {
							"vector": [0, 0, 0]
						},
						"0.2": {
							"vector": [3.53901, 3.6754, 5.59783]
						},
						"0.4": {
							"vector": [0, 0, 0]
						}
					}
				}
			},
			"sound_effects": {
				"0.0": {
					"effect": "draw"
				}
			}
		},
		"animation.model.inspect": {
			"loop": true,
			"animation_length": 4.26667,
			"bones": {
				"main": {
					"rotation": {
						"0.0": {
							"vector": [0, 0, 0]
						},
						"0.1667": {
							"vector": [-8.41746, -13.59608, -21.21259]
						},
						"0.3": {
							"vector": [-8.39812, -20.10111, -31.77688]
						},
						"0.4333": {
							"vector": [-9.55676, -20.88889, -28.55629]
						},
						"0.5333": {
							"vector": [-8.77652, -21.21647, -30.72851]
						},
						"0.7667": {
							"vector": [-9.4227, -20.94881, -28.93303]
						},
						"1.0": {
							"vector": [-3.1216, -20.98207, -46.44405]
						},
						"1.1333": {
							"vector": [-4.564, -20.73064, -42.44007]
						},
						"1.2333": {
							"vector": [-4.86325, -20.9153, -41.60203]
						},
						"1.3333": {
							"vector": [-4.58308, -20.97575, -42.38574]
						},
						"1.4667": {
							"vector": [-4.01131, -21.08802, -43.97908]
						},
						"1.6": {
							"vector": [-4.38767, -21.01662, -42.9316]
						},
						"1.7": {
							"vector": [-4.18847, -21.05622, -43.48691]
						},
						"2.0333": {
							"vector": [-16.91438, 5.38499, 54.40399]
						},
						"2.1667": {
							"vector": [-15.22513, 5.80082, 60.04554]
						},
						"2.3": {
							"vector": [-15.70981, 5.86025, 59.48558]
						},
						"2.4333": {
							"vector": [-15.93602, 7.03904, 62.69373]
						},
						"2.5667": {
							"vector": [-15.60896, 7.75082, 65.23442]
						},
						"2.7333": {
							"vector": [-15.71675, 7.52491, 64.42194]
						},
						"2.9": {
							"vector": [-15.56389, 7.84019, 65.55973]
						},
						"3.1": {
							"vector": [-15.61778, 7.73186, 65.16659]
						},
						"3.2667": {
							"vector": [-15.9801, 6.93689, 62.33342]
						},
						"3.4": {
							"vector": [-8.86998, 2.42135, 33.56191]
						},
						"3.5333": {
							"vector": [0, -1.75, -2.75]
						},
						"3.7": {
							"vector": [0, 0, 0]
						}
					},
					"position": {
						"0.0": {
							"vector": [0, 0, 0]
						},
						"0.3": {
							"vector": [-0.475, 1.475, -8.7]
						},
						"0.4": {
							"vector": [-0.195, 1, -7.7]
						},
						"0.5333": {
							"vector": [-0.03, 0.725, -7.7]
						},
						"0.7": {
							"vector": [0, 1.125, -7.7]
						},
						"0.9": {
							"vector": [0.125, 1.4, -8.275]
						},
						"1.2": {
							"vector": [-0.02, 1.475, -8]
						},
						"1.4": {
							"vector": [0.11, 1.425, -8.175]
						},
						"1.6667": {
							"vector": [0.275, 1.25, -7.975]
						},
						"1.8": {
							"vector": [-0.13, -1.19, -8.65]
						},
						"1.9667": {
							"vector": [-0.545, -1.325, -11.15]
						},
						"2.1333": {
							"vector": [-0.415, -1.395, -10.545]
						},
						"2.2667": {
							"vector": [-0.525, -1.455, -9.17]
						},
						"2.4": {
							"vector": [-0.49, -1.43, -9.85]
						},
						"2.5667": {
							"vector": [-0.455, -1.5, -9.24]
						},
						"2.7667": {
							"vector": [-0.53, -1.5, -9.27]
						},
						"3.0": {
							"vector": [-0.49, -1.41, -9.3]
						},
						"3.2333": {
							"vector": [-0.545, -1.325, -9.325]
						},
						"3.3667": {
							"vector": [-1.005, -0.61, -7.41]
						},
						"3.6333": {
							"vector": [0, 0, 0]
						}
					}
				},
				"leftarm": {
					"rotation": {
						"0.0": {
							"vector": [0, 0, 0]
						},
						"0.2667": {
							"vector": [-12.21057, -7.30413, 5.07608]
						},
						"0.7667": {
							"vector": [-12.21057, -7.30413, 5.07608]
						},
						"1.0": {
							"vector": [-17.12023, -21.67084, 23.73639]
						},
						"1.7333": {
							"vector": [-17.12023, -21.67084, 23.73639]
						},
						"2.0333": {
							"vector": [-20, 0, -45]
						},
						"3.3": {
							"vector": [-20, 0, -45]
						},
						"3.5667": {
							"vector": [0, 0, 0]
						}
					},
					"position": {
						"0.0": {
							"vector": [0, 0, 0]
						},
						"0.2667": {
							"vector": [-1.37, -13.025, 9.12]
						},
						"0.7667": {
							"vector": [-1.37, -13.025, 9.12]
						},
						"1.0": {
							"vector": [-8.995, -17.32, 7.145]
						},
						"1.7333": {
							"vector": [-8.995, -17.32, 7.145]
						},
						"2.0333": {
							"vector": [7.35, 6.25, 2.33]
						},
						"3.3": {
							"vector": [7.35, 6.25, 2.33]
						},
						"3.5667": {
							"vector": [0, 0, 0]
						}
					}
				}
			},
			"sound_effects": {
				"0.0": {
					"effect": "inspect_up"
				},
				"0.8": {
					"effect": "inspect_foley"
				},
				"1.3667": {
					"effect": "inspect_turn"
				},
				"3.2667": {
					"effect": "inspect_down"
				}
			}
		},
		"animation.model.fire": {
			"loop": true,
			"animation_length": 0.26,
			"bones": {
				"main": {
					"rotation": {
						"0.0": {
							"vector": [0, 0, 0]
						},
						"0.04": {
							"vector": [-1.51142, -0.23005, -0.24611]
						},
						"0.12": {
							"vector": [-0.52609, -0.2888, -1.48881]
						},
						"0.18": {
							"vector": [-0.30346, -0.15975, 0.14924]
						},
						"0.26": {
							"vector": [0, 0, 0]
						}
					},
					"position": {
						"0.0": {
							"vector": [0, 0, 0]
						},
						"0.04": {
							"vector": [0, 0.2, 1.675]
						},
						"0.1": {
							"vector": [0, -0.02, 1.375]
						},
						"0.26": {
							"vector": [0, 0, 0]
						}
					}
				},
				"steal2": {
					"position": {
						"0.0": {
							"vector": [0, 0, 0]
						},
						"0.08": {
							"vector": [0, 0, 7]
						},
						"0.22": {
							"vector": [0, 0, 0]
						}
					}
				},
				"bone2": {
					"rotation": {
						"0.0": {
							"vector": [0, 0, 0]
						},
						"0.08": {
							"vector": [0, 0, -8.25]
						},
						"0.22": {
							"vector": [0, 0, 0]
						}
					},
					"position": {
						"vector": [0, 0, 0]
					}
				}
			}
		}
	},
	"geckolib_format_version": 2
}