{
	"format_version": "1.8.0",
	"animations": {
		"animation.model.draw": {
			"animation_length": 0.66667,
			"bones": {
				"main": {
					"rotation": {
						"0.0": {
							"post": {
								"vector": [16.51511, -43.2074, 14.63458]
							},
							"lerp_mode": "catmullrom"
						},
						"0.0417": {
							"vector": [15.78968, -41.3091, 13.9919]
						},
						"0.125": {
							"vector": [8.29544, -21.69831, 7.35267]
						},
						"0.1667": {
							"vector": [7.57, -19.8, 6.71]
						},
						"0.2083": {
							"vector": [6.8887, -19.19299, 6.50432]
						},
						"0.25": {
							"vector": [4.858, -17.38373, 5.89128]
						},
						"0.3333": {
							"vector": [-1.09212, -12.08243, 4.09502]
						},
						"0.375": {
							"vector": [-3.12282, -10.27317, 3.48197]
						},
						"0.4167": {
							"vector": [-3.80412, -9.66616, 3.2763]
						},
						"0.625": {
							"pre": {
								"vector": [0, 0, 0]
							},
							"post": {
								"vector": [0, 0, 0]
							},
							"lerp_mode": "catmullrom"
						}
					},
					"position": {
						"0.0": {
							"post": {
								"vector": [7, -17, 0]
							},
							"lerp_mode": "catmullrom"
						},
						"0.0417": {
							"vector": [6.69264, -16.25308, 0]
						},
						"0.125": {
							"vector": [3.51736, -8.53692, 0]
						},
						"0.1667": {
							"vector": [3.21, -7.79, 0]
						},
						"0.2083": {
							"vector": [3.08556, -7.48801, 0]
						},
						"0.25": {
							"vector": [2.82849, -6.86415, 0]
						},
						"0.2917": {
							"vector": [2.51014, -6.0916, 0]
						},
						"0.3333": {
							"vector": [2.1591, -5.23969, 0]
						},
						"0.375": {
							"vector": [1.79142, -4.34739, 0]
						},
						"0.4167": {
							"vector": [1.41858, -3.44261, 0]
						},
						"0.4583": {
							"vector": [1.0509, -2.55031, 0]
						},
						"0.5": {
							"vector": [0.69986, -1.6984, 0]
						},
						"0.5417": {
							"vector": [0.38151, -0.92585, 0]
						},
						"0.5833": {
							"vector": [0.12444, -0.30199, 0]
						},
						"0.625": {
							"pre": {
								"vector": [0, 0, 0]
							},
							"post": {
								"vector": [0, 0, 0]
							},
							"lerp_mode": "catmullrom"
						}
					}
				}
			}
		},
		"animation.model.reload": {
			"animation_length": 4.20833,
			"bones": {
				"clip": {
					"rotation": {
						"0.0833": {
							"pre": {
								"vector": [0, 0, 0]
							},
							"post": {
								"vector": [0, 0, 0]
							},
							"lerp_mode": "catmullrom"
						},
						"0.25": {
							"post": {
								"vector": [0, 0, 10]
							},
							"lerp_mode": "catmullrom"
						},
						"0.375": {
							"post": {
								"vector": [0, 6.66576, 12.00425]
							},
							"lerp_mode": "catmullrom"
						},
						"0.5": {
							"post": {
								"vector": [1.73252, 6.43766, 27.10169]
							},
							"lerp_mode": "catmullrom"
						},
						"1.0833": {
							"post": {
								"vector": [-3.28258, 15.80701, 9.42562]
							},
							"lerp_mode": "catmullrom"
						},
						"1.625": {
							"post": {
								"vector": [0, 0, 0]
							},
							"lerp_mode": "catmullrom"
						}
					},
					"position": {
						"0.0833": {
							"pre": {
								"vector": [0, 0, 0]
							},
							"post": {
								"vector": [0, 0, 0]
							},
							"lerp_mode": "catmullrom"
						},
						"0.25": {
							"post": {
								"vector": [2, 0, 0]
							},
							"lerp_mode": "catmullrom"
						},
						"0.375": {
							"post": {
								"vector": [13, -6, 0]
							},
							"lerp_mode": "catmullrom"
						},
						"0.5": {
							"post": {
								"vector": [25, -19, 0]
							},
							"lerp_mode": "catmullrom"
						},
						"0.7917": {
							"post": {
								"vector": [34, -30, 0]
							},
							"lerp_mode": "catmullrom"
						},
						"1.0833": {
							"post": {
								"vector": [24.59, -21.93, 0]
							},
							"lerp_mode": "catmullrom"
						},
						"1.3333": {
							"post": {
								"vector": [16.67, -2.1, 0]
							},
							"lerp_mode": "catmullrom"
						},
						"1.5417": {
							"post": {
								"vector": [5.79, -1, 0]
							},
							"lerp_mode": "catmullrom"
						},
						"1.625": {
							"post": {
								"vector": [0, 0, 0]
							},
							"lerp_mode": "catmullrom"
						}
					}
				},
				"bone68": {
					"rotation": {
						"0.4583": {
							"vector": [0, 0, 0]
						},
						"2.8333": {
							"vector": [0, 0, 0]
						}
					},
					"position": {
						"0.4583": {
							"vector": [0, 0, 0]
						},
						"0.5833": {
							"vector": [0, 0, -6.4]
						},
						"2.7083": {
							"vector": [0, 0, -6.4]
						},
						"2.8333": {
							"vector": [0, 0, 0]
						}
					}
				},
				"main": {
					"rotation": {
						"0.0": {
							"post": {
								"vector": [0, 0, 0]
							},
							"lerp_mode": "catmullrom"
						},
						"0.125": {
							"post": {
								"vector": [-5.2021, -2.04543, 5.2021]
							},
							"lerp_mode": "catmullrom"
						},
						"0.25": {
							"post": {
								"vector": [-5.57245, -1.12235, 26.72324]
							},
							"lerp_mode": "catmullrom"
						},
						"0.4167": {
							"post": {
								"vector": [-2.43807, -5.83318, 10.07586]
							},
							"lerp_mode": "catmullrom"
						},
						"0.5833": {
							"post": {
								"vector": [-8.87466, -5.84199, -0.00316]
							},
							"lerp_mode": "catmullrom"
						},
						"0.7917": {
							"post": {
								"vector": [-9.19461, -5.99574, -4.98175]
							},
							"lerp_mode": "catmullrom"
						},
						"1.0": {
							"post": {
								"vector": [-25.32689, -8.24789, -1.2467]
							},
							"lerp_mode": "catmullrom"
						},
						"1.125": {
							"post": {
								"vector": [-36.89176, -0.6076, 8.48912]
							},
							"lerp_mode": "catmullrom"
						},
						"1.5417": {
							"post": {
								"vector": [-37.17, -0.73, 8.31]
							},
							"lerp_mode": "catmullrom"
						},
						"1.6667": {
							"post": {
								"vector": [-36.27436, -8.57253, -2.22006]
							},
							"lerp_mode": "catmullrom"
						},
						"1.875": {
							"post": {
								"vector": [-37.17, -0.73, 8.31]
							},
							"lerp_mode": "catmullrom"
						},
						"2.1667": {
							"post": {
								"vector": [-21.54787, -4.64103, 2.99961]
							},
							"lerp_mode": "catmullrom"
						},
						"2.375": {
							"post": {
								"vector": [-10.14351, -4.43869, 19.28477]
							},
							"lerp_mode": "catmullrom"
						},
						"2.5833": {
							"post": {
								"vector": [0, 0, 0]
							},
							"lerp_mode": "catmullrom"
						}
					},
					"position": {
						"0.0": {
							"post": {
								"vector": [0, 0, 0]
							},
							"lerp_mode": "catmullrom"
						},
						"0.25": {
							"post": {
								"vector": [0, 0, 0]
							},
							"lerp_mode": "catmullrom"
						},
						"1.5417": {
							"post": {
								"vector": [0, 0, 0]
							},
							"lerp_mode": "catmullrom"
						},
						"1.6667": {
							"post": {
								"vector": [-1, 0, 0]
							},
							"lerp_mode": "catmullrom"
						},
						"1.875": {
							"post": {
								"vector": [0, 0, 0]
							},
							"lerp_mode": "catmullrom"
						},
						"2.5833": {
							"post": {
								"vector": [0, 0, 0]
							},
							"lerp_mode": "catmullrom"
						}
					}
				},
				"leftarm": {
					"rotation": {
						"0.5": {
							"pre": {
								"vector": [0, 0, 0]
							},
							"post": {
								"vector": [0, 0, 0]
							},
							"lerp_mode": "catmullrom"
						},
						"0.7917": {
							"post": {
								"vector": [26.4863, -24.23952, 6.04559]
							},
							"lerp_mode": "catmullrom"
						},
						"1.1667": {
							"post": {
								"vector": [26.49, -24.24, 6.05]
							},
							"lerp_mode": "catmullrom"
						},
						"1.2917": {
							"post": {
								"vector": [27.93846, -25.53077, -10.21929]
							},
							"lerp_mode": "catmullrom"
						},
						"1.5": {
							"post": {
								"vector": [14.0601, -13.51774, -13.85779]
							},
							"lerp_mode": "catmullrom"
						},
						"1.625": {
							"post": {
								"vector": [-3.60841, -4.23426, 0.50889]
							},
							"lerp_mode": "catmullrom"
						},
						"1.8333": {
							"post": {
								"vector": [-3.60841, -4.23426, 0.50889]
							},
							"lerp_mode": "catmullrom"
						},
						"2.0417": {
							"post": {
								"vector": [12.80964, -18.0472, -54.66399]
							},
							"lerp_mode": "catmullrom"
						},
						"2.25": {
							"post": {
								"vector": [0, 0, 0]
							},
							"lerp_mode": "catmullrom"
						}
					},
					"position": {
						"0.5": {
							"pre": {
								"vector": [0, 0, 0]
							},
							"post": {
								"vector": [0, 0, 0]
							},
							"lerp_mode": "catmullrom"
						},
						"0.7917": {
							"post": {
								"vector": [26, -20, 15]
							},
							"lerp_mode": "catmullrom"
						},
						"1.125": {
							"post": {
								"vector": [16, -9, 15]
							},
							"lerp_mode": "catmullrom"
						},
						"1.2917": {
							"post": {
								"vector": [15, 6, 16]
							},
							"lerp_mode": "catmullrom"
						},
						"1.375": {
							"post": {
								"vector": [12, 9, 16]
							},
							"lerp_mode": "catmullrom"
						},
						"1.5": {
							"post": {
								"vector": [11, 10, 14]
							},
							"lerp_mode": "catmullrom"
						},
						"1.625": {
							"post": {
								"vector": [10, 10, 11]
							},
							"lerp_mode": "catmullrom"
						},
						"1.7083": {
							"post": {
								"vector": [10, 10, 8]
							},
							"lerp_mode": "catmullrom"
						},
						"1.8333": {
							"post": {
								"vector": [10, 10, 8]
							},
							"lerp_mode": "catmullrom"
						},
						"2.0417": {
							"post": {
								"vector": [9, 4, 4]
							},
							"lerp_mode": "catmullrom"
						},
						"2.1667": {
							"post": {
								"vector": [7, -1, 4]
							},
							"lerp_mode": "catmullrom"
						},
						"2.25": {
							"post": {
								"vector": [0, 0, 0]
							},
							"lerp_mode": "catmullrom"
						}
					}
				},
				"grrip": {
					"rotation": {
						"0.0": {
							"vector": [0, 0, 0]
						},
						"0.2083": {
							"vector": [86.58794, -55.84522, -47.14852]
						},
						"1.9583": {
							"vector": [86.58794, -55.84522, -47.14852]
						},
						"2.125": {
							"vector": [0, 0, 0]
						}
					}
				},
				"grip": {
					"rotation": {
						"0.0": {
							"vector": [0, 0, 0]
						},
						"0.125": {
							"vector": [67.5, 0, 0]
						},
						"1.875": {
							"vector": [67.5, 0, 0]
						},
						"2.0": {
							"vector": [0, 0, 0]
						}
					}
				},
				"grip3": {
					"rotation": {
						"0.0": {
							"vector": [0, 0, 0]
						},
						"0.125": {
							"vector": [-609.50668, 62.89317, -635.10696]
						},
						"1.8333": {
							"vector": [-609.50668, 62.89317, -635.10696]
						},
						"1.9583": {
							"vector": [0, 0, 0]
						}
					}
				},
				"bone67": {
					"rotation": {
						"0.3333": {
							"vector": [0, 0, 0]
						},
						"0.4583": {
							"vector": [0, 0, 38.25]
						},
						"0.5": {
							"vector": [-0.42961, 1.06736, 33.63738]
						},
						"1.5417": {
							"vector": [-0.43, 1.07, 33.64]
						},
						"1.625": {
							"vector": [-0.74178, 0.75474, -33.99594]
						},
						"1.8333": {
							"vector": [-0.74, 0.75, -34]
						},
						"2.1667": {
							"vector": [0, 0, 0]
						}
					},
					"position": {
						"vector": [0, 0, 0]
					}
				},
				"bone69": {
					"rotation": {
						"0.0": {
							"vector": [0, 0, 0]
						},
						"0.4583": {
							"vector": [-4.08536, -1.71943, 0]
						},
						"1.2917": {
							"vector": [-4.0946, -4.21307, 0.17853]
						},
						"1.9583": {
							"vector": [-2.45161, -4.21307, 0.17853],
							"easing": "linear"
						},
						"2.375": {
							"vector": [-2.44538, 0.11958, -0.00677],
							"easing": "linear"
						},
						"2.875": {
							"vector": [-2.70173, -4.12655, 0.17487],
							"easing": "linear"
						},
						"3.3333": {
							"vector": [-2.69525, -1.12987, 0.03349],
							"easing": "linear"
						},
						"3.9583": {
							"vector": [0, 0, 0]
						}
					},
					"position": {
						"0.0": {
							"vector": [0, 0, 0]
						},
						"0.5": {
							"vector": [0, 0, 1.225]
						},
						"1.0417": {
							"vector": [-0.725, 0, 1.03]
						},
						"2.0": {
							"vector": [-0.48, 0, -0.285],
							"easing": "linear"
						},
						"2.5": {
							"vector": [-0.35, 0, -0.56],
							"easing": "linear"
						},
						"3.125": {
							"vector": [-0.35, 0, -0.32],
							"easing": "linear"
						},
						"3.2917": {
							"vector": [-0.28, 0, 0.7],
							"easing": "linear"
						},
						"3.5417": {
							"vector": [-0.595, 0, 0.42],
							"easing": "linear"
						},
						"3.9583": {
							"vector": [0, 0, 0]
						}
					}
				}
			},
			"sound_effects": {
				"0.0": {
					"effect": "thundergun_reload"
				}
			}
		},
		"animation.model.fire": {
			"animation_length": 1.45833,
			"bones": {
				"main": {
					"rotation": {
						"0.0": {
							"post": {
								"vector": [0, 0, 0]
							},
							"lerp_mode": "catmullrom"
						},
						"0.0833": {
							"post": {
								"vector": [-7.49285, -0.10943, -2.50236]
							},
							"lerp_mode": "catmullrom"
						},
						"0.3333": {
							"post": {
								"vector": [-1.36538, -3.3219, -6.14659]
							},
							"lerp_mode": "catmullrom"
						},
						"0.5": {
							"post": {
								"vector": [0.0283, -2.60295, 4.81748]
							},
							"lerp_mode": "catmullrom"
						},
						"0.6667": {
							"post": {
								"vector": [0, 0, 0]
							},
							"lerp_mode": "catmullrom"
						},
						"1.0417": {
							"post": {
								"vector": [0, 0, 5]
							},
							"lerp_mode": "catmullrom"
						},
						"1.4167": {
							"post": {
								"vector": [0, 0, 0]
							},
							"lerp_mode": "catmullrom"
						}
					},
					"position": {
						"0.0": {
							"post": {
								"vector": [0, 0, 0]
							},
							"lerp_mode": "catmullrom"
						},
						"0.0833": {
							"post": {
								"vector": [4, 1, 14]
							},
							"lerp_mode": "catmullrom"
						},
						"0.3333": {
							"post": {
								"vector": [0.52, -2.52, 5.74]
							},
							"lerp_mode": "catmullrom"
						},
						"0.6667": {
							"post": {
								"vector": [0, -2, 0]
							},
							"lerp_mode": "catmullrom"
						},
						"1.4167": {
							"post": {
								"vector": [0, 0, 0]
							},
							"lerp_mode": "catmullrom"
						}
					}
				},
				"Lazer3": {
					"rotation": {
						"0.0417": {
							"vector": [0, 0, 0]
						},
						"0.0833": {
							"vector": [-7.5, 0, 0]
						}
					},
					"position": {
						"0.0417": {
							"vector": [0, 0, 1]
						},
						"0.0833": {
							"vector": [2, 4, 9]
						},
						"0.125": {
							"vector": [-3.95, 7.81, -3.84]
						},
						"0.375": {
							"vector": [2.57, 1.86, -132.29]
						}
					},
					"scale": {
						"0.0": {
							"vector": [1, 1, 1]
						},
						"0.0417": {
							"vector": [654.4, 654.4, 654.4]
						},
						"0.125": {
							"vector": [415.9, 415.9, 415.9]
						},
						"0.4583": {
							"vector": [1, 1, 1]
						}
					}
				},
				"Lazer4": {
					"rotation": {
						"0.0833": {
							"vector": [0, 0, 0]
						},
						"0.125": {
							"vector": [-7.5, 0, 0]
						}
					},
					"position": {
						"0.0833": {
							"vector": [0, 0, 1]
						},
						"0.125": {
							"vector": [2, 4, 9]
						},
						"0.1667": {
							"vector": [-3.95, 7.81, -3.84]
						},
						"0.4167": {
							"vector": [2.57, 1.86, -132.29]
						}
					},
					"scale": {
						"0.0": {
							"vector": [1, 1, 1]
						},
						"0.0833": {
							"vector": [654.4, 654.4, 654.4]
						},
						"0.1667": {
							"vector": [415.9, 415.9, 415.9]
						},
						"0.5": {
							"vector": [1, 1, 1]
						}
					}
				},
				"Lazer2": {
					"rotation": {
						"0.125": {
							"vector": [0, 0, 0]
						},
						"0.1667": {
							"vector": [-7.5, 0, 0]
						}
					},
					"position": {
						"0.125": {
							"vector": [0, 0, 1]
						},
						"0.1667": {
							"vector": [2, 4, 9]
						},
						"0.2083": {
							"vector": [-3.95, 7.81, -3.84]
						},
						"0.4583": {
							"vector": [2.57, 1.86, -132.29]
						}
					},
					"scale": {
						"0.0": {
							"vector": [1, 1, 1]
						},
						"0.125": {
							"vector": [654.4, 654.4, 654.4]
						},
						"0.2083": {
							"vector": [415.9, 415.9, 415.9]
						},
						"0.5417": {
							"vector": [1, 1, 1]
						}
					}
				}
			},
			"particle_effects": {
				"0.0417": {
					"effect": "thunder_gun",
					"locator": "thunder_gun_muzzle"
				},
				"0.0833": {
					"effect": "smoke",
					"locator": "thunder_gun_muzzle"
				},
				"0.2083": {
					"effect": "projectile",
					"locator": "thunder_gun_muzzle"
				}
			}
		},
		"animation.model.inspect": {
			"animation_length": 3.70833,
			"bones": {
				"bone2": {
					"rotation": {
						"0.0": {
							"vector": [0, 0, 0]
						},
						"0.3333": {
							"vector": [0, -22.5, 0]
						},
						"1.6667": {
							"vector": [0, -22.5, 0]
						},
						"2.0": {
							"vector": [0, 32.5, 0]
						},
						"3.2917": {
							"vector": [0, 32.5, 0]
						},
						"3.4583": {
							"vector": [0, 0, 0]
						}
					},
					"position": {
						"0.0": {
							"vector": [0, 0, 0]
						},
						"0.3333": {
							"vector": [3, 0, -14]
						},
						"1.6667": {
							"vector": [3, 0, -14]
						},
						"2.0": {
							"vector": [15, 0, -14]
						},
						"3.2917": {
							"vector": [15, 0, -14]
						},
						"3.4583": {
							"vector": [0, 0, 0]
						}
					}
				},
				"main": {
					"rotation": {
						"0.0": {
							"vector": [0, 0, 0]
						},
						"0.1667": {
							"vector": [-8.41746, -13.59608, -21.21259],
							"easing": "linear"
						},
						"0.2917": {
							"vector": [-8.39812, -20.10111, -31.77688]
						},
						"0.4167": {
							"vector": [-9.55676, -20.88889, -28.55629]
						},
						"0.5417": {
							"vector": [-8.77652, -21.21647, -30.72851]
						},
						"0.75": {
							"vector": [-9.4227, -20.94881, -28.93303]
						},
						"1.0": {
							"vector": [-3.1216, -20.98207, -46.44405]
						},
						"1.125": {
							"vector": [-4.564, -20.73064, -42.44007]
						},
						"1.25": {
							"vector": [-4.86325, -20.9153, -41.60203]
						},
						"1.3333": {
							"vector": [-4.58308, -20.97575, -42.38574]
						},
						"1.4583": {
							"vector": [-4.01131, -21.08802, -43.97908]
						},
						"1.5833": {
							"vector": [-4.38767, -21.01662, -42.9316]
						},
						"1.7083": {
							"vector": [-4.18847, -21.05622, -43.48691],
							"easing": "linear"
						},
						"2.0417": {
							"vector": [-16.91438, 5.38499, 54.40399],
							"easing": "linear"
						},
						"2.1667": {
							"vector": [-15.22513, 5.80082, 60.04554]
						},
						"2.2917": {
							"vector": [-15.70981, 5.86025, 59.48558]
						},
						"2.4167": {
							"vector": [-15.93602, 7.03904, 62.69373]
						},
						"2.5833": {
							"vector": [-15.60896, 7.75082, 65.23442]
						},
						"2.75": {
							"vector": [-15.71675, 7.52491, 64.42194]
						},
						"2.9167": {
							"vector": [-15.56389, 7.84019, 65.55973]
						},
						"3.0833": {
							"vector": [-15.61778, 7.73186, 65.16659]
						},
						"3.25": {
							"vector": [-15.9801, 6.93689, 62.33342]
						},
						"3.4167": {
							"vector": [-8.86998, 2.42135, 33.56191]
						},
						"3.5417": {
							"vector": [0, -1.75, -2.75]
						},
						"3.7083": {
							"vector": [0, 0, 0]
						}
					},
					"position": {
						"0.0": {
							"vector": [0, 0, 0]
						},
						"0.2917": {
							"vector": [-0.475, 1.475, -8.7]
						},
						"0.4167": {
							"vector": [-0.195, 1, -7.7]
						},
						"0.5417": {
							"vector": [-0.03, 0.725, -7.7]
						},
						"0.7083": {
							"vector": [0, 1.125, -7.7]
						},
						"0.9167": {
							"vector": [0.125, 1.4, -8.275]
						},
						"1.2083": {
							"vector": [-0.02, 1.475, -8]
						},
						"1.4167": {
							"vector": [0.11, 1.425, -8.175]
						},
						"1.6667": {
							"vector": [0.275, 1.25, -7.975]
						},
						"1.7917": {
							"vector": [-0.13, -1.19, -8.65]
						},
						"1.9583": {
							"vector": [-0.545, -1.325, -11.15]
						},
						"2.125": {
							"vector": [-0.415, -1.395, -10.545]
						},
						"2.25": {
							"vector": [-0.525, -1.455, -9.17]
						},
						"2.4167": {
							"vector": [-0.49, -1.43, -9.85]
						},
						"2.5833": {
							"vector": [-0.455, -1.5, -9.24]
						},
						"2.75": {
							"vector": [-0.53, -1.5, -9.27]
						},
						"3.0": {
							"vector": [-0.49, -1.41, -9.3]
						},
						"3.25": {
							"vector": [-0.545, -1.325, -9.325]
						},
						"3.375": {
							"vector": [-1.005, -0.61, -7.41]
						},
						"3.625": {
							"vector": [0, 0, 0]
						}
					}
				},
				"leftarm": {
					"rotation": {
						"0.0": {
							"vector": [0, 0, 0]
						},
						"0.2917": {
							"vector": [0, 0, -47.5]
						},
						"2.8333": {
							"vector": [0, 0, -10.35]
						},
						"3.4583": {
							"vector": [0, 0, -10.35]
						},
						"3.5417": {
							"vector": [0, 0, 0]
						}
					},
					"position": {
						"0.0": {
							"vector": [0, 0, 0]
						},
						"0.2917": {
							"vector": [0, -44, 0]
						},
						"2.8333": {
							"vector": [49, -44, 0]
						},
						"3.4583": {
							"vector": [49, -44, 0]
						},
						"3.5417": {
							"vector": [0, 0, 0]
						}
					}
				},
				"bone68": {
					"rotation": {
						"0.0": {
							"vector": [0, 0, 0]
						},
						"0.375": {
							"vector": [0, -16.5, 0]
						},
						"1.6667": {
							"vector": [0, -16.5, 0]
						},
						"2.125": {
							"vector": [-6.25, -16.5, 0]
						},
						"3.2083": {
							"vector": [-6.25, -16.5, 0]
						},
						"3.625": {
							"vector": [0, 0, 0]
						}
					},
					"position": {
						"0.0": {
							"vector": [0, 0, 0]
						},
						"0.375": {
							"vector": [0, 0, 0]
						},
						"1.6667": {
							"vector": [0, 0, 0]
						},
						"2.125": {
							"vector": [1.925, 5.275, 0]
						},
						"3.2083": {
							"vector": [1.925, 5.275, 0]
						},
						"3.625": {
							"vector": [0, 0, 0]
						}
					}
				}
			}
		}
	},
	"geckolib_format_version": 2
}