{
    "type": "minecraft:crafting_shaped",
    "pattern": [
        "ici",
        "ini",
        "iRi"
    ],
    "key": {
        "i": {
            "item": "pointblank:gunmetal_ingot"
        },
        "c": {
            "item": "minecraft:copper_ingot"
        },
        "n": {
            "item": "minecraft:netherite_ingot"
        },
        "R": {
            "item": "minecraft:redstone_block"
        }
    },
    "result": {
        "item": "pointblank:motor",
        "count": 1
    }
}