{
  "credit": "By SkyRofls",
  "parent": "builtin/entity",
  "display": {
    "thirdperson_righthand": {
      "translation": [
        0,
        -2,
        0.25
      ],
      "scale": [
        0.5,
        0.5,
        0.5
      ]
    },
    "thirdperson_lefthand": {
      "translation": [
        0,
        -2,
        0.25
      ],
      "scale": [
        0.5,
        0.5,
        0.5
      ]
    },
    "firstperson_righthand": {
      "rotation": [
        -16,
        146,
        0
      ],
      "translation": [
        0,
        -1,
        1.75
      ],
      "scale": [
        0.7,
        0.7,
        0.7
      ]
    },
    "firstperson_lefthand": {
      "rotation": [
        -16,
        146,
        0
      ],
      "translation": [
        0,
        -1,
        1.75
      ],
      "scale": [
        0.7,
        0.7,
        0.7
      ]
    },
    "ground": {
      "scale": [
        0.49,
        0.49,
        0.49
      ]
    },
    "gui": {
      "rotation": [
        19,
        164,
        0
      ],
      "translation": [
        0.25,
        -4.25,
        0
      ]
    },
    "fixed": {
      "translation": [
        0,
        -5,
        -2
      ]
    }
  },
  "textures": {
    "particle": "item/jatimatic_skin_coyotebrown"
  },
  "perspectives": {
    "gui": {
      "parent": "item/generated",
      "textures": {
        "layer0": "pointblank:item/jatimatic_skin_coyotebrown.icon"
      }
    }
  }
}