{
  "credit": "By SkyRofls",
  "parent": "builtin/entity",
  "texture_size": [
    32,
    32
  ],
  "display": {
    "thirdperson_righthand": {
      "rotation": [
        -35.25,
        0,
        0
      ],
      "translation": [
        -1,
        -6,
        -1.25
      ],
      "scale": [
        0.3,
        0.3,
        0.3
      ]
    },
    "thirdperson_lefthand": {
      "rotation": [
        -35.25,
        0,
        0
      ],
      "translation": [
        1,
        -6,
        -1.25
      ],
      "scale": [
        0.3,
        0.3,
        0.3
      ]
    },
    "firstperson_righthand": {
      "rotation": [
        15.54,
        5,
        0.06
      ],
      "translation": [
        -3.25,
        -4.25,
        -1.25
      ],
      "scale": [
        0.6,
        0.6,
        0.6
      ]
    },
    "firstperson_lefthand": {
      "rotation": [
        15.54,
        5,
        0.06
      ],
      "translation": [
        1.5,
        -4.25,
        -1.25
      ],
      "scale": [
        0.6,
        0.6,
        0.6
      ]
    },
    "ground": {
      "translation": [
        0,
        -5.75,
        0
      ],
      "scale": [
        0.46,
        0.46,
        0.46
      ]
    },
    "gui": {
      "rotation": [
        34,
        50,
        0
      ],
      "translation": [
        -10,
        -2.5,
        -3.75
      ]
    },
    "fixed": {
      "rotation": [
        -90,
        0,
        -90
      ],
      "translation": [
        -13,
        -4.25,
        -3.75
      ]
    }
  },
  "textures": {
    "particle": "item/jatimaticmount"
  },
  "perspectives": {
    "gui": {
      "parent": "item/generated",
      "textures": {
        "layer0": "pointblank:item/jatimatic_mount.icon"
      }
    }
  }
}