{
"loader": "forge:separate_transforms",
  "gui_light": "front",
  "base": 
{
  "credit": "By SkyRofls",
  "parent": "builtin/entity",
  "texture_size": [
    128,
    128
  ],
  "display": {
    "thirdperson_righthand": {
      "translation": [
        -1.25,
        -2.75,
        -3.75
      ],
      "scale": [
        0.35,
        0.35,
        0.35
      ]
    },
    "thirdperson_lefthand": {
      "translation": [
        1.25,
        -2.75,
        -3.75
      ],
      "scale": [
        0.35,
        0.35,
        0.35
      ]
    },
    "firstperson_righthand": {
      "rotation": [
        2.18,
        2,
        2.15
      ],		
      "translation": [
        -3.5,
        -8.75,
        -16.75
      ]
    },
    "firstperson_lefthand": {
      "translation": [
        -1,
        -2,
        -5
      ],
      "scale": [
        0.25,
        0.25,
        0.25
      ]
    },
    "ground": {
      "translation": [
        -1.25,
        -2,
        -2
      ],
      "scale": [
        0.35,
        0.35,
        0.35
      ]
    },
    "gui": {
      "rotation": [
        40,
        56,
        0
      ],
      "translation": [
        -4,
        -0.75,
        0
      ],
      "scale": [
        0.55,
        0.55,
        0.55
      ]
    },
    "fixed": {
      "rotation": [
        90,
        59.25,
        -90
      ],
      "translation": [
        -5.5,
        0,
        1.25
      ],
      "scale": [
        0.61,
        0.61,
        0.61
      ]
    }
  },
  "textures": {
    "particle": "item/jatimatic"
  }
},
  "perspectives": {
    "gui": {
      "parent": "item/generated",
      "textures": {
        "layer0": "pointblank:item/jatimatic.icon"
      }
    }
  }
}