{
    "flintlock_action": {
        "sounds": [
            {
                "name": "pointblank:flintlock_action",
                "stream": false
            }
        ]
    },
    "flintlock_load": {
        "sounds": [
            {
                "name": "pointblank:flintlock_load",
                "stream": false
            }
        ]
    },
    "flintlock_load2": {
        "sounds": [
            {
                "name": "pointblank:flintlock_load2",
                "stream": false
            }
        ]
    },
    "blunderbuss_action": {
        "sounds": [
            {
                "name": "pointblank:blunderbuss_action",
                "stream": false
            }
        ]
    },
    "blunderbuss_load1": {
        "sounds": [
            {
                "name": "pointblank:blunderbuss_load1",
                "stream": false
            }
        ]
    },
    "blunderbuss_load2": {
        "sounds": [
            {
                "name": "pointblank:blunderbuss_load2",
                "stream": false
            }
        ]
    },
    "blunderbuss_load3": {
        "sounds": [
            {
                "name": "pointblank:blunderbuss_load3",
                "stream": false
            }
        ]
    },
    "blunderbuss_load4": {
        "sounds": [
            {
                "name": "pointblank:blunderbuss_load4",
                "stream": false
            }
        ]
    },
    "eye_of_reach_action": {
        "sounds": [
            {
                "name": "pointblank:eye_of_reach_action",
                "stream": false
            }
        ]
    },
    "eye_of_reach_load1": {
        "sounds": [
            {
                "name": "pointblank:eye_of_reach_load1",
                "stream": false
            }
        ]
    },
    "eye_of_reach_load2": {
        "sounds": [
            {
                "name": "pointblank:eye_of_reach_load2",
                "stream": false
            }
        ]
    }
}
