{
	"format_version": "1.8.0",
	"animations": {
		"animation.model.draw": {
			"loop": true,
			"animation_length": 1.2,
			"bones": {
				"main": {
					"rotation": {
						"0.0": {
							"vector": [32.09413, -54.38778, -8.29667]
						},
						"0.35": {
							"vector": [0.50518, -5.08075, 6.8716],
							"easing": "easeOutSine"
						},
						"0.5": {
							"vector": [0.32389, -0.60235, -2.1558],
							"easing": "linear"
						},
						"0.6": {
							"vector": [0, 0, 0],
							"easing": "linear"
						}
					},
					"position": {
						"0.0": {
							"vector": [0, -17.3, 0]
						},
						"0.25": {
							"vector": [-0.4, -2.525, -1.625],
							"easing": "linear"
						},
						"0.4": {
							"vector": [-0.05, 0, -2.49],
							"easing": "linear"
						},
						"0.55": {
							"vector": [0, 0, 0],
							"easing": "linear"
						}
					}
				},
				"leftarm": {
					"rotation": {
						"0.0": {
							"vector": [0, 0, 0]
						},
						"0.2": {
							"vector": [1, 0, -22],
							"easing": "linear"
						},
						"0.4": {
							"vector": [0, 0, 0]
						}
					},
					"position": {
						"0.0": {
							"vector": [0, 0, 0]
						},
						"0.2": {
							"vector": [3.53901, 3.6754, 5.59783]
						},
						"0.4": {
							"vector": [0, 0, 0]
						}
					}
				}
			}
		},
		"animation.model.reloadempty": {
			"loop": "hold_on_last_frame",
			"animation_length": 7.63333,
			"bones": {
				"main": {
					"rotation": {
						"0.1": {
							"vector": [0, 0, 0]
						},
						"0.4": {
							"vector": [-3.94381, -3.53907, 5.42575]
						},
						"0.5333": {
							"vector": [-0.35109, -1.96504, 2.90803]
						},
						"0.7333": {
							"vector": [-3.01569, -2.71091, 4.90352]
						},
						"0.9333": {
							"vector": [-1.65917, -3.68313, -3.73958]
						},
						"1.2": {
							"vector": [-7.7375, -2.35613, -6.18489]
						},
						"1.3": {
							"vector": [-5.20728, -0.61875, -2.84598]
						},
						"1.5333": {
							"vector": [-2.7654, -1.51424, -4.74539]
						},
						"1.7": {
							"vector": [1.11327, -3.26756, -3.35]
						},
						"2.0": {
							"vector": [3.11327, -2.26756, 2.15]
						},
						"2.1667": {
							"vector": [5.00423, -1.9879, 0.24775]
						},
						"2.4667": {
							"vector": [0.32928, -0.5408, -7.50915]
						},
						"2.6333": {
							"vector": [-1.04022, -0.44504, -10.01638]
						},
						"2.8333": {
							"vector": [-2.1718, -0.89765, -7.84862]
						},
						"3.0333": {
							"vector": [0.5552, -0.77469, -4.1496]
						},
						"3.1333": {
							"vector": [0.52088, -0.79817, -3.24947]
						},
						"3.2667": {
							"vector": [0.50127, 0.24642, -5.24022]
						},
						"3.3667": {
							"vector": [0.91391, -0.74397, -5.8241]
						},
						"3.4667": {
							"vector": [1.59331, 0.26488, -2.97217]
						},
						"3.6333": {
							"vector": [1.59368, 1.26449, -2.04436]
						},
						"3.8": {
							"vector": [3.3894, 1.42323, -5.88087]
						},
						"3.9": {
							"vector": [1.05501, 0.03066, -4.20877]
						},
						"4.1667": {
							"vector": [0.62648, 0.91102, 7.48798]
						},
						"4.4": {
							"vector": [1.69717, 1.80946, 11.01638]
						},
						"4.5333": {
							"vector": [1.89625, 3.21374, 14.06458]
						},
						"4.7333": {
							"vector": [0.96069, 3.4119, 6.55469]
						},
						"4.9667": {
							"vector": [-1.88798, 5.50029, 2.88769]
						},
						"5.1667": {
							"vector": [-3.14411, 5.66452, 5.39418]
						},
						"5.3": {
							"vector": [0.27507, 4.56598, 8.18742]
						},
						"5.4667": {
							"vector": [1.59939, 3.21, 7.03604]
						},
						"5.6667": {
							"vector": [0.45799, 3.77668, 5.33693]
						},
						"5.8": {
							"vector": [0.45827, 4.27666, 5.34094]
						},
						"6.2667": {
							"vector": [-10.21163, -1.5452, 4.83366]
						},
						"6.4": {
							"vector": [-7.40852, -1.35754, 6.82548]
						},
						"6.4667": {
							"vector": [-7.98196, -1.1095, 10.57206]
						},
						"6.6333": {
							"vector": [-2.94351, -2.71125, 5.13605]
						},
						"6.8333": {
							"vector": [-0.33105, -2.62547, 8.40748]
						},
						"7.0667": {
							"vector": [0.88789, -2.51767, 9.25269]
						},
						"7.1667": {
							"vector": [0.04973, -1.80694, 4.62115]
						},
						"7.3333": {
							"vector": [-0.0128, 0.19631, 1.15393]
						},
						"7.4667": {
							"vector": [0, 0, -0.6]
						},
						"7.6333": {
							"vector": [0, 0, 0]
						}
					},
					"position": {
						"0.0": {
							"vector": [0, 0, 0]
						},
						"0.1667": {
							"vector": [0.98, -0.12, -1.95]
						},
						"0.5": {
							"vector": [2.6, -1.2, -1.3]
						},
						"0.6667": {
							"vector": [2.8, -1.8, -2.4]
						},
						"0.9": {
							"vector": [2.35, -1.96, -1.78]
						},
						"1.1333": {
							"vector": [1.4, -1.3, -1.6]
						},
						"1.3333": {
							"vector": [1.1, -0.5, -2.1]
						},
						"1.5667": {
							"vector": [1.5, -0.8, -2.5]
						},
						"1.7": {
							"vector": [1.6, -1.3, -2.5]
						},
						"1.9": {
							"vector": [1.4, -2, -3.5]
						},
						"2.1333": {
							"vector": [1.3, -1.8, -1.4]
						},
						"2.4": {
							"vector": [1.5, -1.1, -0.9]
						},
						"2.6667": {
							"vector": [0.98, -0.36, -2.29]
						},
						"2.7667": {
							"vector": [1, 0, -3]
						},
						"2.9333": {
							"vector": [1, 0.2, -3.6]
						},
						"3.1": {
							"vector": [1.1, 0.1, -3.8]
						},
						"3.2333": {
							"vector": [0.6, -0.1, -3.8]
						},
						"3.3333": {
							"vector": [0.66, -0.2, -3.6]
						},
						"3.4333": {
							"vector": [0.1, -0.2, -3.3]
						},
						"3.5667": {
							"vector": [0.1, 0, -2.7]
						},
						"3.7333": {
							"vector": [-0.4, 0.3, -2.4]
						},
						"3.8667": {
							"vector": [-1.4, 0.3, -2.4]
						},
						"4.1333": {
							"vector": [-1.1, -0.3, -2.7]
						},
						"4.4667": {
							"vector": [0.6, 0, -3.7]
						},
						"4.6667": {
							"vector": [1.1, 0.7, -4.1]
						},
						"4.9667": {
							"vector": [0.5, 0.8, -3.9]
						},
						"5.1": {
							"vector": [0.3, 1.1, -3.9]
						},
						"5.4333": {
							"vector": [0.6, 0.6, -3.7]
						},
						"5.7333": {
							"vector": [1.2, 0.6, -3.7]
						},
						"6.2": {
							"vector": [0.56, 0, -4]
						},
						"6.3667": {
							"vector": [0.16, 0.4, -4.7]
						},
						"6.4333": {
							"vector": [0.06, 0.4, -4.3]
						},
						"6.6667": {
							"vector": [0.8, -1.16, -5.73]
						},
						"6.9": {
							"vector": [0.93, -0.99, -4.64]
						},
						"7.1": {
							"vector": [0.41, -0.41, -3.33]
						},
						"7.2667": {
							"vector": [0, 0.1, 0.7]
						},
						"7.5667": {
							"vector": [0, 0, 0]
						}
					}
				},
				"magazine": {
					"rotation": {
						"0.0": {
							"vector": [0, 0, 0]
						},
						"0.9333": {
							"vector": [0, 0, 0]
						},
						"1.2": {
							"vector": [0, 0, 0]
						},
						"1.3": {
							"vector": [0, 0, -2]
						},
						"1.4": {
							"vector": [0, 0, -2.38]
						},
						"1.5667": {
							"vector": [0, 0, -0.75]
						},
						"1.6667": {
							"vector": [0, 0, -2.64286]
						},
						"1.7667": {
							"vector": [0, 0, -7.5]
						},
						"1.8333": {
							"vector": [0, 7.5, -10]
						},
						"1.9667": {
							"vector": [-2.5, 7.5, -45]
						},
						"2.1": {
							"vector": [-5, 7.5, -90],
							"easing": "linear"
						},
						"2.5333": {
							"vector": [-2.26353, 7.06199, -32.41967],
							"easing": "linear"
						},
						"2.6667": {
							"vector": [-15, 0, -12.5]
						},
						"2.8333": {
							"vector": [-4.10275, -10.39703, -2.56429]
						},
						"3.0333": {
							"vector": [0.2095, -4.84426, -7.4696]
						},
						"3.1": {
							"vector": [0.85847, 2.4257, -9.31578]
						},
						"3.3": {
							"vector": [0.90133, 2.93035, 4.6222]
						},
						"3.4333": {
							"vector": [0.86797, -0.00057, 0.07586]
						},
						"3.5333": {
							"vector": [0, 2, 0]
						},
						"3.7667": {
							"vector": [0, 2, 0]
						},
						"3.8667": {
							"vector": [0, 0, 0]
						}
					},
					"position": {
						"0.0": {
							"vector": [0, 0, 0]
						},
						"0.9333": {
							"vector": [0, 0, 0]
						},
						"1.2": {
							"vector": [0, 0, 0]
						},
						"1.2667": {
							"vector": [2, 0, 0]
						},
						"1.3333": {
							"vector": [2.06, 0, 0]
						},
						"1.5667": {
							"vector": [2.4, 0, 0]
						},
						"1.7": {
							"vector": [7, 0, 0]
						},
						"1.8333": {
							"vector": [16, 0, 0]
						},
						"1.9": {
							"vector": [23.4, 0.4, 0]
						},
						"1.9667": {
							"vector": [30, 0, 0]
						},
						"2.1": {
							"vector": [40, -4, 0],
							"easing": "linear"
						},
						"2.5333": {
							"vector": [27, -4, 21],
							"easing": "linear"
						},
						"2.6667": {
							"vector": [22, -8, 5]
						},
						"2.8333": {
							"vector": [15, -1, -2]
						},
						"3.0333": {
							"vector": [9.61, 0.77, 0.67]
						},
						"3.1": {
							"vector": [9.21, 1.25, 0.56]
						},
						"3.2": {
							"vector": [8.81, 0.63, 0.43]
						},
						"3.3": {
							"vector": [6, 0, 0.3]
						},
						"3.4333": {
							"vector": [1, 0.2, 0.4]
						},
						"3.5333": {
							"vector": [1.3, 0, 0]
						},
						"3.7667": {
							"vector": [1.3, 0, 0]
						},
						"3.8667": {
							"vector": [0, 0, 0]
						}
					}
				},
				"rightarm": {
					"rotation": {
						"0.0667": {
							"vector": [0, 0, 0]
						},
						"0.2667": {
							"vector": [-8.30973, 17.23614, 25.15406]
						},
						"0.4667": {
							"vector": [-39.70824, -0.77165, 29.80652]
						},
						"0.6667": {
							"vector": [-8.30973, 17.23614, 25.15406]
						},
						"0.8667": {
							"vector": [-5.64962, -1.7789, -16.74477]
						},
						"1.0": {
							"vector": [-8.78187, -19.62124, 2.67432]
						},
						"7.1333": {
							"vector": [-8.78187, -19.62124, 2.67432]
						},
						"7.2667": {
							"vector": [-9.73272, 4.03476, 0.08355]
						},
						"7.4": {
							"vector": [0, 0, 0]
						},
						"7.6333": {
							"vector": [0, 0, 0]
						}
					},
					"position": {
						"0.0667": {
							"vector": [0, 0, 0]
						},
						"0.2667": {
							"vector": [-5, 4, -14]
						},
						"0.4667": {
							"vector": [-13, -1, -7]
						},
						"0.6667": {
							"vector": [-5, 4, -14]
						},
						"0.8667": {
							"vector": [-2.33, -5, -5.33]
						},
						"1.0": {
							"vector": [-7, -2, -9]
						},
						"7.1333": {
							"vector": [-7, -2, -9]
						},
						"7.2667": {
							"vector": [-2.33, -5, -2.33]
						},
						"7.4": {
							"vector": [0, 0, 0]
						},
						"7.6333": {
							"vector": [0, 0, 0]
						}
					}
				},
				"leftarm": {
					"rotation": {
						"0.0": {
							"vector": [0, 0, 0]
						},
						"0.9333": {
							"vector": [0, 0, 0]
						},
						"1.1667": {
							"vector": [31.47633, -53.09836, -87.83156]
						},
						"1.2": {
							"vector": [26.97633, -53.09836, -87.83156]
						},
						"1.2667": {
							"vector": [26.97633, -53.09836, -87.83156]
						},
						"1.3333": {
							"vector": [35.07652, -46.44282, -94.66537]
						},
						"1.4": {
							"vector": [38.1767, -39.78728, -101.49918]
						},
						"1.5": {
							"vector": [39.36436, -37.30363, -101.84076]
						},
						"1.7": {
							"vector": [42.71628, -33.23086, -103.52001]
						},
						"1.7667": {
							"vector": [44.43338, -23.29495, -99.8377]
						},
						"1.8333": {
							"vector": [59.64157, -15.40027, -104.13646]
						},
						"1.9": {
							"vector": [67.27677, -11.20783, -102.69278]
						},
						"2.0333": {
							"vector": [57.02582, -12.45133, -100.50946]
						},
						"2.2333": {
							"vector": [25.84262, -22.13104, -83.38642]
						},
						"2.3333": {
							"vector": [4.46853, -19.48182, -60.62807]
						},
						"2.5333": {
							"vector": [40.74737, -19.67558, -65.78529]
						},
						"2.6667": {
							"vector": [39.07807, -1.45895, -31.34804]
						},
						"2.8333": {
							"vector": [23.44466, -6.68559, 1.57618]
						},
						"3.0333": {
							"vector": [21.8035, -2.21819, -3.82569]
						},
						"3.1": {
							"vector": [21.8035, -2.21819, -3.82569]
						},
						"3.2": {
							"vector": [27.95277, -3.08159, 5.74715]
						},
						"3.3": {
							"vector": [33.38069, -2.09887, 4.28442]
						},
						"3.5": {
							"vector": [33.38069, -2.09887, 4.28442]
						},
						"3.6333": {
							"vector": [51.66744, -12.76279, -34.43477]
						},
						"3.7333": {
							"vector": [50.1255, -10.86898, -39.90857]
						},
						"3.8333": {
							"vector": [23.28631, -4.40001, -33.74286]
						},
						"3.9": {
							"vector": [18.09646, -4.408, -39.33219]
						},
						"4.0667": {
							"vector": [33.41182, -7.88232, -27.95741]
						},
						"4.2333": {
							"vector": [30.40659, -25.97483, -60.27738]
						},
						"4.3667": {
							"vector": [30.6076, -48.36345, -72.29309]
						},
						"4.5": {
							"vector": [35.79746, -59.72064, -100.12904]
						},
						"4.7667": {
							"vector": [58.29747, -59.72064, -100.12905]
						},
						"5.0": {
							"vector": [27.81394, -18.64464, -33.28713]
						},
						"5.2333": {
							"vector": [26.72554, 6.69676, -36.06534]
						},
						"5.4333": {
							"vector": [23.7036, 7.14756, -35.62507]
						},
						"5.5333": {
							"vector": [9.7301, 2.61767, -33.12952]
						},
						"5.7667": {
							"vector": [12.01855, 4.72148, -34.49661]
						},
						"5.9667": {
							"vector": [14.85887, 0.88111, -32.01581]
						},
						"6.1": {
							"vector": [16.73923, -15.7375, -12.99867]
						},
						"6.3667": {
							"vector": [-10.41502, -13.00652, 0.90404]
						},
						"6.5333": {
							"vector": [-10, 0, -17.5]
						},
						"6.6": {
							"vector": [-10.47913, 2.86435, -21.62656]
						},
						"6.8": {
							"vector": [33.59032, -2.92711, -21.30015]
						},
						"6.9333": {
							"vector": [16.26279, -3.17079, -5.90167]
						},
						"7.0333": {
							"vector": [0, 0, 0]
						},
						"7.6": {
							"vector": [0, 0, 0]
						}
					},
					"position": {
						"0.0": {
							"vector": [0, 0, 0]
						},
						"0.9333": {
							"vector": [0, 0, 0]
						},
						"1.1667": {
							"vector": [10, 4, 15]
						},
						"1.2": {
							"vector": [10.8, 4, 15.5]
						},
						"1.2667": {
							"vector": [12, 4, 15.5]
						},
						"1.3333": {
							"vector": [10, 6, 18]
						},
						"1.4": {
							"vector": [8, 7, 20.5]
						},
						"1.5": {
							"vector": [6, 7, 20.5]
						},
						"1.7": {
							"vector": [9, 7, 20.5]
						},
						"1.8333": {
							"vector": [8, 7, 23.5]
						},
						"1.9667": {
							"vector": [7, 5.4, 21.5]
						},
						"2.1": {
							"vector": [7, 3, 21.5]
						},
						"2.2333": {
							"vector": [10, 3, 24.5]
						},
						"2.3333": {
							"vector": [12, 3, 30.5]
						},
						"2.5333": {
							"vector": [12, 0, 45.5]
						},
						"2.6667": {
							"vector": [16, 0, 34.5]
						},
						"2.8333": {
							"vector": [16, 1, 22.5]
						},
						"3.0333": {
							"vector": [10.5, 4.09, 21.98]
						},
						"3.1": {
							"vector": [8.5, 4.09, 19.98]
						},
						"3.2": {
							"vector": [8.06, 3.5, 20.62]
						},
						"3.3": {
							"vector": [7.62, 3.12, 21.26]
						},
						"3.4333": {
							"vector": [0.62, 3.12, 21.26]
						},
						"3.5": {
							"vector": [0.12, 3.12, 21.26]
						},
						"3.6667": {
							"vector": [6, 6.4, 23.6]
						},
						"3.7333": {
							"vector": [6, 5.2, 23.8]
						},
						"3.8333": {
							"vector": [6, 4.4, 20.6]
						},
						"3.9": {
							"vector": [6, 4.4, 20.6]
						},
						"4.1667": {
							"vector": [8, 4.4, 22.6]
						},
						"4.3333": {
							"vector": [5, 7.4, 18.6]
						},
						"4.5333": {
							"vector": [5, 12, 26]
						},
						"4.7": {
							"vector": [1, 22.43, 21]
						},
						"4.7667": {
							"vector": [-2, 25, 12]
						},
						"5.0": {
							"vector": [3.46, 9.06, 23.63]
						},
						"5.2": {
							"vector": [2, 13, 21]
						},
						"5.4": {
							"vector": [1.54, 19.77, 20.54]
						},
						"5.5": {
							"vector": [1, 19, 20]
						},
						"5.7333": {
							"vector": [2, 19, 20]
						},
						"5.9667": {
							"vector": [3, 17, 20]
						},
						"6.1": {
							"vector": [4, 16.2, 16.8]
						},
						"6.3667": {
							"vector": [-2, 25, 12]
						},
						"6.4333": {
							"vector": [1, 22.43, 21]
						},
						"6.5333": {
							"vector": [5, 12, 26]
						},
						"6.6": {
							"vector": [6, 13, 27]
						},
						"6.8": {
							"vector": [9, 10, 24]
						},
						"7.0333": {
							"vector": [0, 0, 0]
						},
						"7.6": {
							"vector": [0, 0, 0]
						}
					}
				},
				"topCover": {
					"rotation": {
						"4.2": {
							"vector": [0, 0, 0]
						},
						"4.5": {
							"vector": [0, 0, 0]
						},
						"4.7667": {
							"vector": [90, 0, 0]
						},
						"6.3667": {
							"vector": [90, 0, 0]
						},
						"6.5333": {
							"vector": [0, 0, 0]
						},
						"7.6": {
							"vector": [0, 0, 0]
						}
					}
				},
				"cartridge": {
					"rotation": {
						"2.5333": {
							"vector": [0, 0, 0]
						},
						"7.5": {
							"vector": [0, 0, 0]
						}
					},
					"position": {
						"0.0": {
							"vector": [0, -11, 0]
						},
						"2.5333": {
							"vector": [0, -11, 0]
						},
						"2.5667": {
							"vector": [0, -10, 0]
						},
						"5.2333": {
							"vector": [0, -10, 0]
						},
						"5.5333": {
							"vector": [0, 0, 0]
						},
						"7.5": {
							"vector": [0, 0, 0]
						}
					}
				},
				"cartridge3": {
					"rotation": {
						"0.0": {
							"vector": [0, 0, 20]
						},
						"2.5333": {
							"vector": [0, 0, 20]
						},
						"2.5667": {
							"vector": [0, 0, 20]
						},
						"5.2333": {
							"vector": [0, 0, 20]
						},
						"5.5333": {
							"vector": [0, 0, 20]
						},
						"5.5667": {
							"vector": [0, 0, 0]
						},
						"7.5": {
							"vector": [0, 0, 0]
						}
					},
					"position": {
						"2.5333": {
							"vector": [0, 0, 0]
						},
						"7.5": {
							"vector": [0, 0, 0]
						}
					}
				},
				"cartridge4": {
					"rotation": {
						"0.0": {
							"vector": [0, 0, -17.5]
						},
						"2.5333": {
							"vector": [0, 0, -17.5]
						},
						"2.5667": {
							"vector": [0, 0, -17.5]
						},
						"5.2333": {
							"vector": [0, 0, -17.5]
						},
						"5.5": {
							"vector": [0, 0, -17.5]
						},
						"5.5333": {
							"vector": [0, 0, -32.5]
						},
						"5.5667": {
							"vector": [0, 0, 0]
						},
						"7.5": {
							"vector": [0, 0, 0]
						}
					},
					"position": {
						"2.5333": {
							"vector": [0, 0, 0]
						},
						"7.5": {
							"vector": [0, 0, 0]
						}
					}
				},
				"cartridge5": {
					"rotation": {
						"0.0": {
							"vector": [0, 0, 17.5]
						},
						"2.5333": {
							"vector": [0, 0, 17.5]
						},
						"2.5667": {
							"vector": [0, 0, 17.5]
						},
						"5.2333": {
							"vector": [0, 0, 17.5]
						},
						"5.4667": {
							"vector": [0, 0, 17.5]
						},
						"5.5": {
							"vector": [0, 0, 10]
						},
						"5.5333": {
							"vector": [0, 0, 2.5]
						},
						"5.5667": {
							"vector": [0, 0, 0]
						},
						"7.5": {
							"vector": [0, 0, 0]
						}
					},
					"position": {
						"2.5333": {
							"vector": [0, 0, 0]
						},
						"7.5": {
							"vector": [0, 0, 0]
						}
					}
				},
				"cartridge6": {
					"rotation": {
						"0.0": {
							"vector": [0, 0, 7.5]
						},
						"2.5333": {
							"vector": [0, 0, 7.5]
						},
						"2.5667": {
							"vector": [0, 0, 7.5]
						},
						"5.2333": {
							"vector": [0, 0, 7.5]
						},
						"5.4333": {
							"vector": [0, 0, 7.5]
						},
						"5.4667": {
							"vector": [0, 0, 0]
						},
						"5.5": {
							"vector": [0, 0, -5]
						},
						"5.5333": {
							"vector": [0, 0, 0]
						},
						"5.5667": {
							"vector": [0, 0, 0]
						},
						"7.5": {
							"vector": [0, 0, 0]
						}
					},
					"position": {
						"2.5333": {
							"vector": [0, 0, 0]
						},
						"7.5": {
							"vector": [0, 0, 0]
						}
					}
				},
				"cartridge7": {
					"rotation": {
						"0.0": {
							"vector": [0, 0, 22.5]
						},
						"2.5333": {
							"vector": [0, 0, 22.5]
						},
						"2.5667": {
							"vector": [0, 0, 22.5]
						},
						"5.2333": {
							"vector": [0, 0, 22.5]
						},
						"5.4333": {
							"vector": [0, 0, 17.5]
						},
						"5.4667": {
							"vector": [0, 0, 10]
						},
						"5.5": {
							"vector": [0, 0, 7.5]
						},
						"5.5333": {
							"vector": [0, 0, 15]
						},
						"5.5667": {
							"vector": [0, 0, 0]
						},
						"7.5": {
							"vector": [0, 0, 0]
						}
					},
					"position": {
						"2.5333": {
							"vector": [0, 0, 0]
						},
						"7.5": {
							"vector": [0, 0, 0]
						}
					}
				},
				"cartridge8": {
					"rotation": {
						"0.0": {
							"vector": [0, 0, 40]
						},
						"2.5333": {
							"vector": [0, 0, 40]
						},
						"2.5667": {
							"vector": [0, 0, 40]
						},
						"5.2333": {
							"vector": [0, 0, 40]
						},
						"5.3333": {
							"vector": [0, 0, 40]
						},
						"5.4333": {
							"vector": [0, 0, 35]
						},
						"5.5": {
							"vector": [0, 0, 35]
						},
						"5.5333": {
							"vector": [0, 0, -2.5]
						},
						"5.5667": {
							"vector": [0, 0, 0]
						},
						"7.5": {
							"vector": [0, 0, 0]
						}
					},
					"position": {
						"2.5333": {
							"vector": [0, 0, 0]
						},
						"7.5": {
							"vector": [0, 0, 0]
						}
					}
				},
				"cartridge9": {
					"rotation": {
						"0.0": {
							"vector": [0, 0, 0]
						},
						"2.5333": {
							"vector": [0, 0, 0]
						},
						"2.5667": {
							"vector": [0, 0, 0]
						},
						"5.2333": {
							"vector": [0, 0, 0]
						},
						"5.3": {
							"vector": [0, 0, 0]
						},
						"5.3333": {
							"vector": [0, 0, -7.5]
						},
						"5.4667": {
							"vector": [0, 0, -7.5]
						},
						"5.5": {
							"vector": [0, 0, -35]
						},
						"5.5333": {
							"vector": [0, 0, -2.5]
						},
						"5.5667": {
							"vector": [0, 0, 0]
						},
						"7.5": {
							"vector": [0, 0, 0]
						}
					},
					"position": {
						"2.5333": {
							"vector": [0, 0, 0]
						},
						"7.5": {
							"vector": [0, 0, 0]
						}
					}
				},
				"cartridge10": {
					"rotation": {
						"0.0": {
							"vector": [0, 0, 0]
						},
						"3.0333": {
							"vector": [0, 0, 0]
						},
						"3.0667": {
							"vector": [0, 0, 0]
						},
						"5.2333": {
							"vector": [0, 0, 0]
						},
						"5.3": {
							"vector": [0, 0, -10]
						},
						"5.4667": {
							"vector": [0, 0, -10]
						},
						"5.5": {
							"vector": [0, 0, -15]
						},
						"5.5333": {
							"vector": [0, 0, 0]
						},
						"5.5667": {
							"vector": [0, 0, 0]
						},
						"7.5": {
							"vector": [0, 0, 0]
						}
					},
					"position": {
						"3.0333": {
							"vector": [0, 0, 0]
						},
						"7.5": {
							"vector": [0, 0, 0]
						}
					}
				},
				"chargingHandle": {
					"position": {
						"0.2667": {
							"vector": [0, 0, 0]
						},
						"0.4333": {
							"vector": [0, 0, 11.75]
						},
						"0.5": {
							"vector": [0, 0, 11.75]
						},
						"0.6333": {
							"vector": [0, 0, 0]
						}
					}
				}
			},
			"sound_effects": {
				"0.2": {
					"effect": "cg_m249_actionback"
				},
				"0.2667": {
					"effect": "cg_m249_actionforward"
				},
				"1.0": {
					"effect": "cg_m249_magout"
				},
				"2.9": {
					"effect": "cg_m249_magin"
				},
				"4.3333": {
					"effect": "cg_m249_coverup"
				},
				"5.1333": {
					"effect": "cg_m249_bulletchain"
				},
				"6.4333": {
					"effect": "cg_m249_coverdown"
				}
			}
		},
		"animation.model.reload": {
			"loop": "hold_on_last_frame",
			"animation_length": 7.73333,
			"bones": {
				"main": {
					"rotation": {
						"0.0667": {
							"vector": [0, 0, 0]
						},
						"0.3": {
							"vector": [-7.60723, -2.14976, 2.80682]
						},
						"0.4667": {
							"vector": [-5.29893, -4.31613, 7.9201]
						},
						"0.6333": {
							"vector": [-0.29893, -4.31613, 7.9201]
						},
						"0.8": {
							"vector": [-3.79893, -4.31613, 7.9201]
						},
						"1.0": {
							"vector": [-6.477, -3.92981, 10.39649]
						},
						"1.2": {
							"vector": [-8.60418, -4.69441, 5.44122]
						},
						"1.4": {
							"vector": [-11.45105, -6.65735, 8.39573]
						},
						"1.6": {
							"vector": [-12.42777, -5.68083, 8.17907]
						},
						"1.8333": {
							"vector": [-14.67368, -6.31957, 5.74872]
						},
						"2.0333": {
							"vector": [-14.72078, -4.74046, 5.85288]
						},
						"2.1333": {
							"vector": [-14.87247, -4.22964, 7.79249]
						},
						"2.2667": {
							"vector": [-13.9482, -2.21757, 9.56692]
						},
						"2.4": {
							"vector": [-10.25605, -4.17371, 10.33013]
						},
						"2.5": {
							"vector": [-11.55736, -4.6664, 10.45733]
						},
						"2.6333": {
							"vector": [-13.58821, -6.13043, 10.78529]
						},
						"2.7": {
							"vector": [-12.33821, -6.13043, 10.78529]
						},
						"2.8667": {
							"vector": [-15.08821, -6.13043, 10.78529]
						},
						"3.2": {
							"vector": [-9.71458, -6.71142, 7.42334]
						},
						"3.3": {
							"vector": [-8.53726, -6.96226, 5.93387]
						},
						"3.5667": {
							"vector": [-13.22774, -7.54097, 3.48215]
						},
						"3.7333": {
							"vector": [-10.32722, -8.30274, 0.54918]
						},
						"3.9": {
							"vector": [-7.978, -8.65741, 4.75855]
						},
						"4.0667": {
							"vector": [-3.80058, -6.90725, 7.87213]
						},
						"4.2": {
							"vector": [-3.06249, -6.29697, 4.37523]
						},
						"4.3667": {
							"vector": [-4.3244, -5.68668, 0.77833]
						},
						"4.4333": {
							"vector": [-4.12318, -5.834, -2.92636]
						},
						"4.5333": {
							"vector": [-3.98926, -7.40094, -1.62327]
						},
						"4.7": {
							"vector": [-3.76, -5.74, -2.96]
						},
						"4.8": {
							"vector": [-3.65912, -5.8047, -4.36299]
						},
						"4.9333": {
							"vector": [-2.86053, -5.70839, -1.75518]
						},
						"5.0333": {
							"vector": [-3.65912, -5.8047, -3.76299]
						},
						"5.1": {
							"vector": [-2.85598, -4.70964, -1.00526]
						},
						"5.2": {
							"vector": [-3.73655, -4.74229, -2.82564]
						},
						"5.4333": {
							"vector": [-4.50743, -4.97748, -3.72597]
						},
						"5.5667": {
							"vector": [-5.64738, -4.83092, -2.09456]
						},
						"5.6667": {
							"vector": [-7.59809, -6.36642, -2.39465]
						},
						"5.8": {
							"vector": [-6.56582, -5.67725, -1.84177]
						},
						"6.0333": {
							"vector": [-6.70144, -4.51067, -0.46194]
						},
						"6.3333": {
							"vector": [-10.21163, -1.5452, 4.83366]
						},
						"6.4667": {
							"vector": [-7.40852, -1.35754, 6.82548]
						},
						"6.5333": {
							"vector": [-7.98196, -1.1095, 10.57206]
						},
						"6.7333": {
							"vector": [-2.94351, -2.71125, 5.13605]
						},
						"6.9333": {
							"vector": [-0.33105, -2.62547, 8.40748]
						},
						"7.1333": {
							"vector": [0.88789, -2.51767, 10.05269]
						},
						"7.2667": {
							"vector": [0.04973, -1.80694, 4.62115]
						},
						"7.4333": {
							"vector": [-0.0128, 0.19631, 1.15393]
						},
						"7.5667": {
							"vector": [0, 0, -0.6]
						},
						"7.7333": {
							"vector": [0, 0, 0]
						}
					},
					"position": {
						"0.1": {
							"vector": [0, 0, 0]
						},
						"0.3333": {
							"vector": [0, -2.6, -7]
						},
						"0.4667": {
							"vector": [1, -1.6, -5]
						},
						"0.6667": {
							"vector": [1, -1.6, -4.2]
						},
						"0.8333": {
							"vector": [1, -2.6, -5]
						},
						"1.1": {
							"vector": [1, 0.4, -2]
						},
						"1.4667": {
							"vector": [1, 0.4, -3]
						},
						"1.8": {
							"vector": [0, -0.2, -2]
						},
						"1.9667": {
							"vector": [0, -0.2, -2]
						},
						"2.3667": {
							"vector": [1, -1.2, -2]
						},
						"2.6333": {
							"vector": [0.3, -2.51, -1.9]
						},
						"2.7333": {
							"vector": [0.57, -1.91, -1.5]
						},
						"2.9667": {
							"vector": [1, -1.45, -2]
						},
						"3.2333": {
							"vector": [1.25, -2.2, -3]
						},
						"3.3333": {
							"vector": [1.25, -1.95, -4]
						},
						"3.5667": {
							"vector": [1.25, -0.2, -4.5]
						},
						"3.7667": {
							"vector": [1.25, -0.5, -4]
						},
						"4.0": {
							"vector": [1, -1.5, -3]
						},
						"4.1667": {
							"vector": [0.5, -2.2, -3]
						},
						"4.2667": {
							"vector": [0.27, -2.47, -3.6]
						},
						"4.4333": {
							"vector": [-0.2, -1.4, -3]
						},
						"4.6333": {
							"vector": [-0.71, -1.1, -3]
						},
						"4.7333": {
							"vector": [-0.94, -0.9, -3]
						},
						"4.9667": {
							"vector": [-1.04, -0.3, -3.7]
						},
						"5.2": {
							"vector": [-0.64, -0.3, -3.7]
						},
						"5.4667": {
							"vector": [-0.14, -0.8, -5]
						},
						"5.6": {
							"vector": [0.76, -1, -5.4]
						},
						"5.7667": {
							"vector": [1.06, -0.6, -5.5]
						},
						"6.0": {
							"vector": [1.06, -0.6, -5]
						},
						"6.2667": {
							"vector": [0.76, -1.3, -4]
						},
						"6.4333": {
							"vector": [-0.14, -0.3, -5.1]
						},
						"6.5": {
							"vector": [-0.24, -0.3, -4.3]
						},
						"6.7667": {
							"vector": [1, -1.36, -6.43]
						},
						"7.0": {
							"vector": [1.33, -0.99, -5.34]
						},
						"7.2": {
							"vector": [0.61, -0.41, -4.03]
						},
						"7.3667": {
							"vector": [0, 0.1, 0.7]
						},
						"7.6667": {
							"vector": [0, 0, 0]
						}
					}
				},
				"topCover": {
					"rotation": {
						"0.2667": {
							"vector": [0, 0, 0]
						},
						"0.5333": {
							"vector": [0, 0, 0]
						},
						"0.8": {
							"vector": [90, 0, 0]
						},
						"6.4": {
							"vector": [90, 0, 0]
						},
						"6.5667": {
							"vector": [0, 0, 0]
						},
						"7.6667": {
							"vector": [0, 0, 0]
						}
					}
				},
				"rightarm": {
					"rotation": {
						"0.0": {
							"vector": [-10.46585, 3.58193, 5.71721]
						},
						"0.0667": {
							"vector": [0, 0, 0]
						},
						"0.2667": {
							"vector": [-8.78187, -19.62124, 2.67432]
						},
						"7.1667": {
							"vector": [-8.78187, -19.62124, 2.67432]
						},
						"7.3": {
							"vector": [-9.73272, 4.03476, 0.08355]
						},
						"7.4333": {
							"vector": [0, 0, 0]
						},
						"7.6667": {
							"vector": [0, 0, 0]
						}
					},
					"position": {
						"0.0": {
							"vector": [-2.33, -5, -2.33]
						},
						"0.0667": {
							"vector": [0, 0, 0]
						},
						"0.2667": {
							"vector": [-7, -2, -9]
						},
						"7.1667": {
							"vector": [-7, -2, -9]
						},
						"7.3": {
							"vector": [-2.33, -5, -2.33]
						},
						"7.4333": {
							"vector": [0, 0, 0]
						},
						"7.6667": {
							"vector": [0, 0, 0]
						}
					}
				},
				"leftarm": {
					"rotation": {
						"0.0667": {
							"vector": [0, 0, 0]
						},
						"0.2667": {
							"vector": [0, 0, 0]
						},
						"0.3333": {
							"vector": [-6.06251, -8.0544, 3.00287]
						},
						"0.5333": {
							"vector": [-10, 0, -17.5]
						},
						"0.8333": {
							"vector": [-10.41502, -13.00652, 0.90404]
						},
						"0.9333": {
							"vector": [-10.41502, -13.00652, 0.90404]
						},
						"1.1667": {
							"vector": [8.7552, -22.01166, -9.69264]
						},
						"1.3": {
							"vector": [-5.20797, -13.68553, -12.22784]
						},
						"1.3667": {
							"vector": [-11.64257, -4.67827, -24.42705]
						},
						"1.4667": {
							"vector": [-10.06915, 3.22416, -34.9591]
						},
						"1.6333": {
							"vector": [16.8963, -10.79401, -29.56621]
						},
						"1.8333": {
							"vector": [23.59494, -12.58953, -25.57548]
						},
						"2.0": {
							"vector": [7.19625, 0.95451, -39.72048]
						},
						"2.1": {
							"vector": [4.50368, 2.93196, -41.26223]
						},
						"2.2667": {
							"vector": [19.55957, 3.21666, -40.79357]
						},
						"2.4": {
							"vector": [21.95045, 1.38141, -46.68679]
						},
						"2.5333": {
							"vector": [29.4955, 11.20504, -52.86016]
						},
						"2.8667": {
							"vector": [29.92521, 27.36757, -50.40128]
						},
						"3.1667": {
							"vector": [32.31038, -6.7007, -41.91608]
						},
						"3.3333": {
							"vector": [31.79476, -21.33362, -38.56902]
						},
						"3.5": {
							"vector": [37.24164, -23.98489, -33.66208]
						},
						"3.6333": {
							"vector": [23.08428, -22.43568, -13.63725]
						},
						"3.9667": {
							"vector": [23.08428, -22.43568, -13.63725]
						},
						"4.3667": {
							"vector": [19.09948, -11.48038, -18.64344]
						},
						"4.5333": {
							"vector": [10.12648, -11.05052, -18.90024]
						},
						"4.6333": {
							"vector": [9.65, -10.03, -16.53]
						},
						"4.7333": {
							"vector": [8.22052, -6.94872, -9.42452]
						},
						"4.8667": {
							"vector": [7.22, -7.22, -9.21]
						},
						"4.9333": {
							"vector": [5.21479, -7.76807, -8.79213]
						},
						"5.0333": {
							"vector": [8.22052, -6.94872, -9.42452]
						},
						"5.1": {
							"vector": [5.21479, -7.76807, -8.79213]
						},
						"5.2": {
							"vector": [8.22052, -6.94872, -9.42452]
						},
						"5.3667": {
							"vector": [20.07956, -6.79255, -19.30524]
						},
						"5.5": {
							"vector": [26.72554, 6.69676, -36.06534]
						},
						"5.6667": {
							"vector": [23.7036, 7.14756, -35.62507]
						},
						"5.8": {
							"vector": [9.7301, 2.61767, -33.12952]
						},
						"5.9667": {
							"vector": [12.01855, 4.72148, -34.49661]
						},
						"6.1": {
							"vector": [14.85887, 0.88111, -32.01581]
						},
						"6.2": {
							"vector": [16.73923, -15.7375, -12.99867]
						},
						"6.4": {
							"vector": [-10.41502, -13.00652, 0.90404]
						},
						"6.5667": {
							"vector": [-10, 0, -17.5]
						},
						"6.6667": {
							"vector": [-10.47913, 2.86435, -21.62656]
						},
						"6.8667": {
							"vector": [22.5, 0, -17.5]
						},
						"7.0667": {
							"vector": [0, 0, 0]
						},
						"7.6667": {
							"vector": [0, 0, 0]
						}
					},
					"position": {
						"0.0667": {
							"vector": [0, 0, 0]
						},
						"0.3": {
							"vector": [0, 0, 0]
						},
						"0.3667": {
							"vector": [4.87, 4.5, 9.75]
						},
						"0.5667": {
							"vector": [5, 12, 26]
						},
						"0.7333": {
							"vector": [1, 22.43, 21]
						},
						"0.8333": {
							"vector": [-2, 25, 12]
						},
						"0.9667": {
							"vector": [-2, 25, 12]
						},
						"1.2": {
							"vector": [4.98, 8.22, 11.11]
						},
						"1.3": {
							"vector": [2.98, 9.22, 15.11]
						},
						"1.4667": {
							"vector": [4.98, 16.82, 15.11]
						},
						"1.6": {
							"vector": [5.98, 14.22, 19.11]
						},
						"1.7333": {
							"vector": [5.98, 12.22, 21.11]
						},
						"1.8333": {
							"vector": [5.38, 10.92, 20.11]
						},
						"2.0": {
							"vector": [8.38, 12.92, 18.11]
						},
						"2.1": {
							"vector": [10.38, 13.92, 18.11]
						},
						"2.2667": {
							"vector": [8.38, 13.92, 21.11]
						},
						"2.4": {
							"vector": [10.18, 12.92, 21.11]
						},
						"2.5333": {
							"vector": [10.38, 13.92, 21.11]
						},
						"2.8667": {
							"vector": [16.38, 9.92, 42.11]
						},
						"3.1667": {
							"vector": [10.38, 10.92, 25.11]
						},
						"3.3333": {
							"vector": [10.38, 10.92, 21.11]
						},
						"3.6333": {
							"vector": [13.38, 4.92, 20.11]
						},
						"3.9667": {
							"vector": [13.38, -1.08, 20.11]
						},
						"4.3667": {
							"vector": [8.98, -1.08, 22.11]
						},
						"4.5333": {
							"vector": [6.38, -1.58, 20.71]
						},
						"4.6333": {
							"vector": [6.38, -2.33, 20.46]
						},
						"4.7333": {
							"vector": [6.38, -4.58, 19.71]
						},
						"4.8667": {
							"vector": [6.38, -4.58, 19.48]
						},
						"4.9333": {
							"vector": [6.38, -4.58, 19.01]
						},
						"5.0333": {
							"vector": [6.38, -4.58, 19.71]
						},
						"5.1": {
							"vector": [6.38, -4.58, 19.01]
						},
						"5.2": {
							"vector": [6.38, -4.58, 19.71]
						},
						"5.3667": {
							"vector": [5.19, 5.21, 20.36]
						},
						"5.5": {
							"vector": [2, 13, 21]
						},
						"5.6333": {
							"vector": [1.54, 19.77, 20.54]
						},
						"5.7667": {
							"vector": [1, 19, 20]
						},
						"5.9333": {
							"vector": [2, 19, 20]
						},
						"6.1": {
							"vector": [3, 17, 20]
						},
						"6.2": {
							"vector": [4, 16.2, 16.8]
						},
						"6.4": {
							"vector": [-2, 25, 12]
						},
						"6.4667": {
							"vector": [1, 22.43, 21]
						},
						"6.5667": {
							"vector": [5, 12, 26]
						},
						"6.6667": {
							"vector": [6, 13, 27]
						},
						"6.8667": {
							"vector": [9, 10, 26]
						},
						"7.0667": {
							"vector": [0, 0, 0]
						},
						"7.6667": {
							"vector": [0, 0, 0]
						}
					}
				},
				"magazine": {
					"rotation": {
						"2.0": {
							"vector": [0, 0, 0]
						},
						"2.0667": {
							"vector": [0, 0, 0]
						},
						"2.1667": {
							"vector": [0, 0, -1.5]
						},
						"2.3": {
							"vector": [0, 0, 0]
						},
						"2.4": {
							"vector": [2.84629, 0.24891, -7.85096]
						},
						"2.5333": {
							"vector": [10.02146, 4.49005, -6.66889]
						},
						"2.8667": {
							"vector": [22.26035, 0.10103, -27.10738]
						},
						"3.1667": {
							"vector": [2.24358, -0.29291, -17.11511]
						},
						"3.3333": {
							"vector": [-10.28918, 2.01086, -12.02236]
						},
						"3.4667": {
							"vector": [-16.00667, -1.77525, -10.97151]
						},
						"3.6": {
							"vector": [-17.83195, 4.39107, -12.78817]
						},
						"3.9667": {
							"vector": [-17.83195, 4.39107, -12.78817]
						},
						"4.3667": {
							"vector": [0, 0, 0]
						},
						"4.5333": {
							"vector": [0, -1, 2]
						},
						"4.8": {
							"vector": [0, -1, 2]
						},
						"4.9333": {
							"vector": [0, 0, -2.5]
						},
						"5.0667": {
							"vector": [0, 1, 1]
						},
						"5.1333": {
							"vector": [0, 0, 0]
						},
						"7.6667": {
							"vector": [0, 0, 0]
						}
					},
					"position": {
						"0.0667": {
							"vector": [0, 0, 0]
						},
						"2.0333": {
							"vector": [0, 0, 0]
						},
						"2.0667": {
							"vector": [0, 0, 0]
						},
						"2.3": {
							"vector": [5, 0, 0]
						},
						"2.4": {
							"vector": [9.43, -1.14, 0.57]
						},
						"2.5333": {
							"vector": [13, -3.6, 3]
						},
						"2.8667": {
							"vector": [24, -10.6, 31]
						},
						"3.1667": {
							"vector": [17, -0.6, 3]
						},
						"3.3333": {
							"vector": [17, 2.4, -6]
						},
						"3.4667": {
							"vector": [17, 5.54, -8.86]
						},
						"3.6333": {
							"vector": [17, 4.4, -8]
						},
						"3.9667": {
							"vector": [17, -1.6, -8]
						},
						"4.3667": {
							"vector": [5, 0, 0]
						},
						"4.5333": {
							"vector": [-0.7, 0, 0]
						},
						"4.8": {
							"vector": [-0.3, 0, 0]
						},
						"4.9333": {
							"vector": [1.2, 0, 0]
						},
						"5.0667": {
							"vector": [-0.1, 0, 0]
						},
						"5.1333": {
							"vector": [0, 0, 0]
						},
						"7.6667": {
							"vector": [0, 0, 0]
						}
					}
				},
				"cartridge": {
					"rotation": {
						"1.5": {
							"vector": [0, 0, 0]
						},
						"1.6667": {
							"vector": [0, 0, 0]
						},
						"2.8667": {
							"vector": [0, 0, 0]
						},
						"7.6667": {
							"vector": [0, 0, 0]
						}
					},
					"position": {
						"2.8667": {
							"vector": [0, 0, 0]
						},
						"2.9": {
							"vector": [0, -10, 0]
						},
						"5.5667": {
							"vector": [0, -10, 0]
						},
						"5.8667": {
							"vector": [0, 0, 0]
						},
						"7.6667": {
							"vector": [0, 0, 0]
						}
					}
				},
				"cartridge3": {
					"rotation": {
						"1.5": {
							"vector": [0, 0, 0]
						},
						"1.6667": {
							"vector": [0, 0, 62.5]
						},
						"2.8667": {
							"vector": [0, 0, 62.5]
						},
						"2.9": {
							"vector": [0, 0, 20]
						},
						"5.5667": {
							"vector": [0, 0, 20]
						},
						"5.8667": {
							"vector": [0, 0, 20]
						},
						"5.9": {
							"vector": [0, 0, 0]
						},
						"7.6667": {
							"vector": [0, 0, 0]
						}
					},
					"position": {
						"2.8667": {
							"vector": [0, 0, 0]
						},
						"7.6667": {
							"vector": [0, 0, 0]
						}
					}
				},
				"cartridge4": {
					"rotation": {
						"1.5": {
							"vector": [0, 0, 0]
						},
						"1.6667": {
							"vector": [0, 0, 40]
						},
						"2.8667": {
							"vector": [0, 0, 40]
						},
						"2.9": {
							"vector": [0, 0, -17.5]
						},
						"5.5667": {
							"vector": [0, 0, -17.5]
						},
						"5.8333": {
							"vector": [0, 0, -17.5]
						},
						"5.8667": {
							"vector": [0, 0, -32.5]
						},
						"5.9": {
							"vector": [0, 0, 0]
						},
						"7.6667": {
							"vector": [0, 0, 0]
						}
					},
					"position": {
						"2.8667": {
							"vector": [0, 0, 0]
						},
						"7.6667": {
							"vector": [0, 0, 0]
						}
					}
				},
				"cartridge5": {
					"rotation": {
						"1.5": {
							"vector": [0, 0, 0]
						},
						"1.6667": {
							"vector": [0, 0, 67.5]
						},
						"2.8667": {
							"vector": [0, 0, 67.5]
						},
						"2.9": {
							"vector": [0, 0, 17.5]
						},
						"5.5667": {
							"vector": [0, 0, 17.5]
						},
						"5.8": {
							"vector": [0, 0, 17.5]
						},
						"5.8333": {
							"vector": [0, 0, 10]
						},
						"5.8667": {
							"vector": [0, 0, 2.5]
						},
						"5.9": {
							"vector": [0, 0, 0]
						},
						"7.6667": {
							"vector": [0, 0, 0]
						}
					},
					"position": {
						"2.8667": {
							"vector": [0, 0, 0]
						},
						"7.6667": {
							"vector": [0, 0, 0]
						}
					}
				},
				"cartridge6": {
					"rotation": {
						"1.5": {
							"vector": [0, 0, 0]
						},
						"1.5333": {
							"vector": [0, 0, -34.58]
						},
						"1.6": {
							"vector": [0, 0, 42.5]
						},
						"1.6667": {
							"vector": [0, 0, 40]
						},
						"1.7": {
							"vector": [0, 0, 35]
						},
						"2.8667": {
							"vector": [0, 0, 35]
						},
						"2.9": {
							"vector": [0, 0, 7.5]
						},
						"5.5667": {
							"vector": [0, 0, 7.5]
						},
						"5.7667": {
							"vector": [0, 0, 7.5]
						},
						"5.8": {
							"vector": [0, 0, 0]
						},
						"5.8333": {
							"vector": [0, 0, -5]
						},
						"5.8667": {
							"vector": [0, 0, 0]
						},
						"5.9": {
							"vector": [0, 0, 0]
						},
						"7.6667": {
							"vector": [0, 0, 0]
						}
					},
					"position": {
						"2.8667": {
							"vector": [0, 0, 0]
						},
						"7.6667": {
							"vector": [0, 0, 0]
						}
					}
				},
				"cartridge7": {
					"rotation": {
						"1.5": {
							"vector": [0, 0, 0]
						},
						"1.5333": {
							"vector": [0, 0, 4.58]
						},
						"1.5667": {
							"vector": [0, 0, -40.84]
						},
						"1.6667": {
							"vector": [0, 0, 27.5]
						},
						"2.8667": {
							"vector": [0, 0, 27.5]
						},
						"2.9": {
							"vector": [0, 0, 22.5]
						},
						"5.5667": {
							"vector": [0, 0, 22.5]
						},
						"5.7667": {
							"vector": [0, 0, 17.5]
						},
						"5.8": {
							"vector": [0, 0, 10]
						},
						"5.8333": {
							"vector": [0, 0, 7.5]
						},
						"5.8667": {
							"vector": [0, 0, 15]
						},
						"5.9": {
							"vector": [0, 0, 0]
						},
						"7.6667": {
							"vector": [0, 0, 0]
						}
					},
					"position": {
						"2.8667": {
							"vector": [0, 0, 0]
						},
						"7.6667": {
							"vector": [0, 0, 0]
						}
					}
				},
				"cartridge8": {
					"rotation": {
						"1.5": {
							"vector": [0, 0, 0]
						},
						"1.5667": {
							"vector": [0, 0, 12.5]
						},
						"1.6": {
							"vector": [0, 0, -21.25]
						},
						"1.6667": {
							"vector": [0, 0, 37.5]
						},
						"2.8667": {
							"vector": [0, 0, 37.5]
						},
						"2.9": {
							"vector": [0, 0, 40]
						},
						"5.5667": {
							"vector": [0, 0, 40]
						},
						"5.6667": {
							"vector": [0, 0, 40]
						},
						"5.7667": {
							"vector": [0, 0, 35]
						},
						"5.8333": {
							"vector": [0, 0, 35]
						},
						"5.8667": {
							"vector": [0, 0, -2.5]
						},
						"5.9": {
							"vector": [0, 0, 0]
						},
						"7.6667": {
							"vector": [0, 0, 0]
						}
					},
					"position": {
						"2.8667": {
							"vector": [0, 0, 0]
						},
						"7.6667": {
							"vector": [0, 0, 0]
						}
					}
				},
				"cartridge9": {
					"rotation": {
						"1.5": {
							"vector": [0, 0, 0]
						},
						"1.5667": {
							"vector": [0, 0, 0]
						},
						"1.6": {
							"vector": [0, 0, -25]
						},
						"1.6667": {
							"vector": [0, 0, -2.5]
						},
						"2.8667": {
							"vector": [0, 0, -2.5]
						},
						"2.9": {
							"vector": [0, 0, 0]
						},
						"5.5667": {
							"vector": [0, 0, 0]
						},
						"5.6333": {
							"vector": [0, 0, 0]
						},
						"5.6667": {
							"vector": [0, 0, -7.5]
						},
						"5.8": {
							"vector": [0, 0, -7.5]
						},
						"5.8333": {
							"vector": [0, 0, -35]
						},
						"5.8667": {
							"vector": [0, 0, -2.5]
						},
						"5.9": {
							"vector": [0, 0, 0]
						},
						"7.6667": {
							"vector": [0, 0, 0]
						}
					},
					"position": {
						"2.8667": {
							"vector": [0, 0, 0]
						},
						"7.6667": {
							"vector": [0, 0, 0]
						}
					}
				},
				"cartridge10": {
					"rotation": {
						"1.5": {
							"vector": [0, 0, 0]
						},
						"2.8667": {
							"vector": [0, 0, 0]
						},
						"2.9": {
							"vector": [0, 0, 0]
						},
						"5.5667": {
							"vector": [0, 0, 0]
						},
						"5.6333": {
							"vector": [0, 0, -10]
						},
						"5.8": {
							"vector": [0, 0, -10]
						},
						"5.8333": {
							"vector": [0, 0, -15]
						},
						"5.8667": {
							"vector": [0, 0, 0]
						},
						"5.9": {
							"vector": [0, 0, 0]
						},
						"7.6667": {
							"vector": [0, 0, 0]
						}
					},
					"position": {
						"2.8667": {
							"vector": [0, 0, 0]
						},
						"7.6667": {
							"vector": [0, 0, 0]
						}
					}
				}
			},
			"sound_effects": {
				"0.5333": {
					"effect": "cg_m249_coverup"
				},
				"1.2667": {
					"effect": "cg_m249_bulletchain"
				},
				"1.7667": {
					"effect": "cg_m249_magout"
				},
				"3.8667": {
					"effect": "cg_m249_magin"
				},
				"5.3333": {
					"effect": "cg_m249_bulletchain"
				},
				"6.4667": {
					"effect": "cg_m249_coverdown"
				}
			}
		},
		"animation.model.inspect": {
			"loop": true,
			"animation_length": 14,
			"bones": {
				"main": {
					"rotation": {
						"0.0": {
							"vector": [0, 0, 0]
						},
						"0.4167": {
							"vector": [-10, -22.5, 0]
						},
						"1.9167": {
							"vector": [-10, -22.5, 0]
						},
						"2.125": {
							"vector": [10, -22.5, 0]
						},
						"2.2917": {
							"vector": [10, -22.5, 0]
						},
						"2.3333": {
							"vector": [12, -22.5, 0]
						},
						"2.375": {
							"vector": [10, -22.5, 0]
						},
						"2.5": {
							"vector": [10, -22.5, 0]
						},
						"2.875": {
							"vector": [-10, -22.5, 0]
						},
						"11.0833": {
							"vector": [-10, -22.5, 0]
						},
						"11.7083": {
							"vector": [-33.36035, -7.04564, 55.27322]
						},
						"12.0417": {
							"vector": [-33.36035, -7.04564, 55.27322]
						},
						"13.0417": {
							"vector": [-5.88749, -20.64834, -40.86803]
						},
						"13.375": {
							"vector": [-5.88749, -20.64834, -40.86803]
						},
						"14.0": {
							"vector": [0, 0, 0]
						}
					},
					"position": {
						"0.0": {
							"vector": [0, 0, 0]
						},
						"0.4167": {
							"vector": [0, -5, -11]
						},
						"2.2917": {
							"vector": [0, -5, -11]
						},
						"2.3333": {
							"vector": [-0.5, -5, -11.5]
						},
						"2.375": {
							"vector": [0, -5, -11]
						},
						"10.625": {
							"vector": [0, -5, -11]
						},
						"11.0833": {
							"vector": [0, 0, 0]
						}
					}
				},
				"topCover": {
					"rotation": {
						"0.4167": {
							"vector": [0, 0, 0]
						},
						"0.7083": {
							"vector": [90, 0, 0]
						},
						"1.5833": {
							"vector": [90, 0, 0]
						},
						"1.9167": {
							"vector": [0, 0, 0]
						},
						"2.8333": {
							"vector": [0, 0, 0]
						},
						"3.125": {
							"vector": [90, 0, 0]
						},
						"6.2083": {
							"vector": [90, 0, 0]
						},
						"6.5417": {
							"vector": [0, 0, 0]
						}
					}
				},
				"chargingHandle": {
					"position": {
						"4.0833": {
							"vector": [0, 0, 0]
						},
						"4.1667": {
							"vector": [0, 0, 2.75]
						},
						"4.25": {
							"vector": [0, 0, 5]
						},
						"4.4583": {
							"vector": [0, 0, 11.75]
						},
						"4.625": {
							"vector": [0, 0, 0]
						}
					}
				},
				"bulletFunnel": {
					"rotation": {
						"3.375": {
							"vector": [0, 0, 0]
						},
						"3.625": {
							"vector": [90, 0, 0]
						},
						"5.0": {
							"vector": [90, 0, 0]
						},
						"5.25": {
							"vector": [0, 0, 0]
						}
					}
				},
				"bolt": {
					"rotation": {
						"2.2917": {
							"vector": [0, 0, 0]
						},
						"2.3333": {
							"vector": [0, 0, -45]
						},
						"4.1667": {
							"vector": [0, 0, -45]
						},
						"4.25": {
							"vector": [0, 0, 0]
						}
					},
					"position": {
						"2.2917": {
							"vector": [0, 0, 0]
						},
						"2.3333": {
							"vector": [0, 0, -6.75]
						},
						"4.1667": {
							"vector": [0, 0, -6.75]
						},
						"4.25": {
							"vector": [0, 0, -6.75]
						},
						"4.4583": {
							"vector": [0, 0, 0]
						}
					}
				},
				"boltCarrier": {
					"position": {
						"2.2917": {
							"vector": [0, 0, 0]
						},
						"2.3333": {
							"vector": [0, 0, -9]
						},
						"4.1667": {
							"vector": [0, 0, -9]
						},
						"4.25": {
							"vector": [0, 0, -6.75]
						},
						"4.4583": {
							"vector": [0, 0, 0]
						}
					}
				},
				"barrelAssembly": {
					"rotation": {
						"7.7917": {
							"vector": [0, 0, 0]
						},
						"8.0": {
							"vector": [-12.5, 0, 0]
						},
						"9.75": {
							"vector": [-12.5, 0, 0]
						},
						"9.9583": {
							"vector": [0, 0, 0]
						}
					},
					"position": {
						"7.75": {
							"vector": [0, 0, 0]
						},
						"7.875": {
							"vector": [0, 2, -2.5]
						},
						"8.0": {
							"vector": [-2, -1, -9]
						},
						"8.2917": {
							"vector": [-15.67, -11.33, 0.67]
						},
						"8.7917": {
							"vector": [-17, -32, 51]
						},
						"9.0": {
							"vector": [-17, -32, 51]
						},
						"9.5": {
							"vector": [-15.67, -11.33, 0.67]
						},
						"9.75": {
							"vector": [-2, -1, -9]
						},
						"9.875": {
							"vector": [0, 2, -2.5]
						},
						"10.0": {
							"vector": [0, 0, 0]
						}
					}
				},
				"handle": {
					"rotation": {
						"7.25": {
							"vector": [0, 0, 0]
						},
						"7.75": {
							"vector": [0, 0, 160]
						},
						"10.0": {
							"vector": [0, 0, 160]
						},
						"10.5417": {
							"vector": [0, 0, 0]
						}
					}
				},
				"cartridge": {
					"rotation": {
						"1.0417": {
							"vector": [0, 0, 0]
						},
						"1.2917": {
							"vector": [0, 0, 0]
						}
					}
				},
				"cartridge2": {
					"rotation": {
						"vector": [0, 0, 0]
					}
				},
				"cartridge3": {
					"rotation": {
						"1.0417": {
							"vector": [0, 0, 0]
						},
						"1.2917": {
							"vector": [0, 0, 62.5]
						},
						"2.2917": {
							"vector": [0, 0, 62.5]
						},
						"2.3333": {
							"vector": [0, 0, 57.5]
						},
						"2.375": {
							"vector": [0, 0, 62.5]
						},
						"5.5833": {
							"vector": [0, 0, 62.5]
						},
						"5.7917": {
							"vector": [0, 0, 62.5]
						},
						"5.8333": {
							"vector": [0, 0, 62.5]
						},
						"5.875": {
							"vector": [0, 0, 0]
						}
					}
				},
				"cartridge4": {
					"rotation": {
						"1.0417": {
							"vector": [0, 0, 0]
						},
						"1.2917": {
							"vector": [0, 0, 40]
						},
						"5.5833": {
							"vector": [0, 0, 40]
						},
						"5.7917": {
							"vector": [0, 0, 40]
						},
						"5.8333": {
							"vector": [0, 0, -37.5]
						},
						"5.875": {
							"vector": [0, 0, 0]
						}
					}
				},
				"cartridge5": {
					"rotation": {
						"1.0417": {
							"vector": [0, 0, 0]
						},
						"1.2917": {
							"vector": [0, 0, 67.5]
						},
						"5.5833": {
							"vector": [0, 0, 67.5]
						},
						"5.75": {
							"vector": [0, 0, 67.5]
						},
						"5.7917": {
							"vector": [0, 0, -40]
						},
						"5.8333": {
							"vector": [0, 0, -40]
						},
						"5.875": {
							"vector": [0, 0, 0]
						}
					}
				},
				"cartridge6": {
					"rotation": {
						"1.0417": {
							"vector": [0, 0, 0]
						},
						"1.0833": {
							"vector": [0, 0, -34.58]
						},
						"1.2083": {
							"vector": [0, 0, 42.5]
						},
						"1.2917": {
							"vector": [0, 0, 40]
						},
						"1.3333": {
							"vector": [0, 0, 35]
						},
						"5.5833": {
							"vector": [0, 0, 35]
						},
						"5.75": {
							"vector": [0, 0, -55]
						},
						"5.7917": {
							"vector": [0, 0, -55]
						},
						"5.8333": {
							"vector": [0, 0, 7.5]
						},
						"5.875": {
							"vector": [0, 0, 0]
						}
					}
				},
				"cartridge7": {
					"rotation": {
						"1.0417": {
							"vector": [0, 0, 0]
						},
						"1.0833": {
							"vector": [0, 0, 4.58]
						},
						"1.125": {
							"vector": [0, 0, -40.84]
						},
						"1.2917": {
							"vector": [0, 0, 27.5]
						},
						"5.5833": {
							"vector": [0, 0, 27.5]
						},
						"5.7083": {
							"vector": [0, 0, 27.5]
						},
						"5.75": {
							"vector": [0, 0, -42.5]
						},
						"5.7917": {
							"vector": [0, 0, -12.5]
						},
						"5.8333": {
							"vector": [0, 0, 0]
						},
						"5.875": {
							"vector": [0, 0, 0]
						}
					}
				},
				"cartridge8": {
					"rotation": {
						"1.0417": {
							"vector": [0, 0, 0]
						},
						"1.125": {
							"vector": [0, 0, 12.5]
						},
						"1.1667": {
							"vector": [0, 0, -21.25]
						},
						"1.2917": {
							"vector": [0, 0, 37.5]
						},
						"5.5833": {
							"vector": [0, 0, 37.5]
						},
						"5.6667": {
							"vector": [0, 0, 37.5]
						},
						"5.7083": {
							"vector": [0, 0, -22.5]
						},
						"5.75": {
							"vector": [0, 0, 5]
						},
						"5.7917": {
							"vector": [0, 0, 42.5]
						},
						"5.8333": {
							"vector": [0, 0, 47.5]
						},
						"5.875": {
							"vector": [0, 0, 0]
						}
					}
				},
				"cartridge9": {
					"rotation": {
						"1.0417": {
							"vector": [0, 0, 0]
						},
						"1.125": {
							"vector": [0, 0, 0]
						},
						"1.1667": {
							"vector": [0, 0, -25]
						},
						"1.2917": {
							"vector": [0, 0, -2.5]
						},
						"5.5833": {
							"vector": [0, 0, -2.5]
						},
						"5.625": {
							"vector": [0, 0, -2.5]
						},
						"5.6667": {
							"vector": [0, 0, -75]
						},
						"5.7083": {
							"vector": [0, 0, -75]
						},
						"5.75": {
							"vector": [0, 0, -7.5]
						},
						"5.7917": {
							"vector": [0, 0, -7.5]
						},
						"5.8333": {
							"vector": [0, 0, -40]
						},
						"5.875": {
							"vector": [0, 0, 0]
						}
					}
				},
				"cartridge10": {
					"rotation": {
						"1.0417": {
							"vector": [0, 0, 0]
						},
						"5.5833": {
							"vector": [0, 0, 0]
						},
						"5.625": {
							"vector": [0, 0, -45]
						},
						"5.7083": {
							"vector": [0, 0, -45]
						},
						"5.75": {
							"vector": [0, 0, 0]
						},
						"5.7917": {
							"vector": [0, 0, 0]
						}
					}
				},
				"rightarm": {
					"rotation": {
						"3.9167": {
							"vector": [0, 0, 0]
						},
						"4.0833": {
							"vector": [-3.13705, 4.0811, -12.69434]
						},
						"4.8333": {
							"vector": [0, 0, 0]
						},
						"6.875": {
							"vector": [0, 0, 0]
						},
						"7.25": {
							"vector": [-20.08751, 2.51574, 19.19253]
						},
						"7.5": {
							"vector": [-19.73184, 6.77381, 16.53736]
						},
						"7.75": {
							"vector": [-20.34473, 0.39652, 20.54283]
						},
						"7.875": {
							"vector": [-27.7, 1.4, 19.78]
						},
						"8.0": {
							"vector": [-25.04742, 2.39658, 19.0072]
						},
						"8.2917": {
							"vector": [-22.06666, 18.14186, 8.34446]
						},
						"8.7917": {
							"vector": [54.74435, 28.33302, 2.74974]
						},
						"9.0": {
							"vector": [54.74435, 28.33302, 2.74974]
						},
						"9.5": {
							"vector": [-22.06666, 18.14186, 8.34446]
						},
						"9.75": {
							"vector": [-25.04742, 2.39658, 19.0072]
						},
						"9.875": {
							"vector": [-27.7, 1.4, 19.78]
						},
						"10.0": {
							"vector": [-20.34473, 0.39652, 20.54283]
						},
						"10.2917": {
							"vector": [-19.73184, 6.77381, 16.53736]
						},
						"10.5417": {
							"vector": [-20.08751, 2.51574, 19.19253]
						},
						"10.9583": {
							"vector": [0, 0, 0]
						}
					},
					"position": {
						"3.9167": {
							"vector": [0, 0, 0]
						},
						"4.0833": {
							"vector": [-4, 4, -16]
						},
						"4.1667": {
							"vector": [-4, 4, -13.25]
						},
						"4.25": {
							"vector": [-4, 4, -10.5]
						},
						"4.4583": {
							"vector": [-4, 4, -4.25]
						},
						"4.625": {
							"vector": [-4, 4, -16]
						},
						"4.8333": {
							"vector": [0, 0, 0]
						},
						"6.875": {
							"vector": [0, 0, 0]
						},
						"7.25": {
							"vector": [-6, 2, -25]
						},
						"7.5": {
							"vector": [-9, 5, -24]
						},
						"7.75": {
							"vector": [-9, 12, -24]
						},
						"7.875": {
							"vector": [-9, 13.5, -25]
						},
						"8.0": {
							"vector": [-9, 15, -26]
						},
						"8.2917": {
							"vector": [-17.55, 3.25, -15.45]
						},
						"8.7917": {
							"vector": [-13, 10, 30]
						},
						"9.0": {
							"vector": [-13, 10, 30]
						},
						"9.5": {
							"vector": [-17.55, 3.25, -15.45]
						},
						"9.75": {
							"vector": [-9, 15, -26]
						},
						"9.875": {
							"vector": [-9, 13.5, -25]
						},
						"10.0": {
							"vector": [-9, 12, -24]
						},
						"10.2917": {
							"vector": [-9, 5, -24]
						},
						"10.5417": {
							"vector": [-6, 2, -25]
						},
						"10.9583": {
							"vector": [0, 0, 0]
						}
					}
				},
				"leftarm": {
					"rotation": {
						"0.0": {
							"vector": [0, 0, 0]
						},
						"0.4167": {
							"vector": [-10, 0, -17.5]
						},
						"0.7083": {
							"vector": [-10.41502, -13.00652, 0.90404]
						},
						"1.0417": {
							"vector": [-1.17083, 5.68669, -25.81178]
						},
						"1.2917": {
							"vector": [31.32917, 5.68669, -25.81178]
						},
						"1.5833": {
							"vector": [-10.41502, -13.00652, 0.90404]
						},
						"1.9167": {
							"vector": [-10, 0, -17.5]
						},
						"2.2083": {
							"vector": [0, 0, 0]
						},
						"2.5833": {
							"vector": [0, 0, 0]
						},
						"2.8333": {
							"vector": [-10, 0, -17.5]
						},
						"3.125": {
							"vector": [-10.41502, -13.00652, 0.90404]
						},
						"3.375": {
							"vector": [-1.17083, 5.68669, -25.81178]
						},
						"3.625": {
							"vector": [0.44393, -13.6725, -27.51574]
						},
						"4.0": {
							"vector": [-12.5, 0, -20]
						},
						"4.8333": {
							"vector": [-12.5, 0, -20]
						},
						"5.0": {
							"vector": [0.44393, -13.6725, -27.51574]
						},
						"5.25": {
							"vector": [-1.17083, 5.68669, -25.81178]
						},
						"5.5833": {
							"vector": [23.82917, 5.68669, -25.81178]
						},
						"5.75": {
							"vector": [22.07193, 1.01253, -37.54013]
						},
						"5.875": {
							"vector": [-1.17083, 5.68669, -25.81178]
						},
						"6.2083": {
							"vector": [-10.41502, -13.00652, 0.90404]
						},
						"6.5417": {
							"vector": [-10, 0, -17.5]
						},
						"6.875": {
							"vector": [-12.5, 0, -20]
						},
						"10.9583": {
							"vector": [-12.5, 0, -20]
						},
						"11.375": {
							"vector": [0, 0, 0]
						}
					},
					"position": {
						"0.0": {
							"vector": [0, 0, 0]
						},
						"0.4167": {
							"vector": [5, 12, 26]
						},
						"0.5833": {
							"vector": [1, 22.43, 21]
						},
						"0.7083": {
							"vector": [-2, 25, 12]
						},
						"1.0417": {
							"vector": [3, 16, 17]
						},
						"1.2917": {
							"vector": [3, 16, 20]
						},
						"1.5833": {
							"vector": [-2, 25, 12]
						},
						"1.75": {
							"vector": [1, 22.43, 21]
						},
						"1.9167": {
							"vector": [5, 12, 26]
						},
						"2.2083": {
							"vector": [0, 0, 0]
						},
						"2.5833": {
							"vector": [0, 0, 0]
						},
						"2.8333": {
							"vector": [5, 12, 26]
						},
						"3.0": {
							"vector": [1, 22.43, 21]
						},
						"3.125": {
							"vector": [-2, 25, 12]
						},
						"3.375": {
							"vector": [3, 16, 17]
						},
						"3.625": {
							"vector": [3, 16, 17]
						},
						"4.0": {
							"vector": [6, 5, 6]
						},
						"4.8333": {
							"vector": [6, 5, 6]
						},
						"5.0": {
							"vector": [3, 16, 17]
						},
						"5.25": {
							"vector": [3, 16, 17]
						},
						"5.5833": {
							"vector": [4, 7, 23]
						},
						"5.75": {
							"vector": [4, 20, 23]
						},
						"5.875": {
							"vector": [3, 16, 17]
						},
						"6.2083": {
							"vector": [-2, 25, 12]
						},
						"6.375": {
							"vector": [1, 22.43, 21]
						},
						"6.5417": {
							"vector": [5, 12, 26]
						},
						"6.875": {
							"vector": [6, 5, 6]
						},
						"10.9583": {
							"vector": [6, 5, 6]
						},
						"11.375": {
							"vector": [0, 0, 0]
						}
					}
				}
			},
			"sound_effects": {
				"0.4167": {
					"effect": "cg_m249_coverup"
				},
				"1.0417": {
					"effect": "cg_m249_bulletchain"
				},
				"1.7917": {
					"effect": "cg_m249_coverdown"
				},
				"2.125": {
					"effect": "cg_m249_dryfire"
				},
				"2.75": {
					"effect": "cg_m249_coverup"
				},
				"3.25": {
					"effect": "cg_m249_funnelsound"
				},
				"4.125": {
					"effect": "cg_m249_actionback"
				},
				"4.25": {
					"effect": "cg_m249_actionforward"
				},
				"4.875": {
					"effect": "cg_m249_funnelsound"
				},
				"5.5833": {
					"effect": "cg_m249_bulletchain"
				},
				"6.4583": {
					"effect": "cg_m249_coverdown"
				},
				"7.6667": {
					"effect": "cg_m249_barrelout"
				},
				"9.875": {
					"effect": "cg_m249_barrelin"
				}
			}
		},
		"animation.model.fire": {
			"loop": true,
			"animation_length": 0.06667,
			"bones": {
				"handle": {
					"rotation": {
						"0.0": {
							"vector": [0, 0, 0]
						},
						"0.0667": {
							"vector": [0, 0, 2.5]
						}
					}
				},
				"cartridge3": {
					"rotation": {
						"0.0": {
							"vector": [0, 0, 0]
						},
						"0.0667": {
							"vector": [0, 0, 7.5]
						}
					}
				},
				"cartridge4": {
					"rotation": {
						"0.0": {
							"vector": [0, 0, 0]
						},
						"0.0667": {
							"vector": [0, 0, 0]
						}
					}
				},
				"cartridge5": {
					"rotation": {
						"0.0": {
							"vector": [0, 0, 0]
						},
						"0.0667": {
							"vector": [0, 0, -12.5]
						}
					}
				},
				"cartridge6": {
					"rotation": {
						"0.0": {
							"vector": [0, 0, 0]
						},
						"0.0667": {
							"vector": [0, 0, 7.5]
						}
					}
				},
				"cartridge7": {
					"rotation": {
						"0.0": {
							"vector": [0, 0, 0]
						},
						"0.0667": {
							"vector": [0, 0, -12.5]
						}
					}
				},
				"cartridge8": {
					"rotation": {
						"0.0": {
							"vector": [0, 0, 0]
						},
						"0.0667": {
							"vector": [0, 0, 10]
						}
					}
				},
				"cartridge9": {
					"rotation": {
						"vector": [0, 0, 0]
					}
				},
				"cartridge10": {
					"rotation": {
						"vector": [0, 0, 0]
					}
				}
			}
		}
	},
	"geckolib_format_version": 2
}