{
	"format_version": "1.8.0",
	"animations": {
		"animation.model.draw": {
			"loop": true,
			"animation_length": 1.2,
			"bones": {
				"main": {
					"rotation": {
						"0.0": [32.09413, -54.38778, -8.29667],
						"0.35": [0.50518, -5.08075, 6.8716],
						"0.5": [0.32389, -0.60235, -2.1558],
						"0.6": [0, 0, 0]
					},
					"position": {
						"0.0": [0, -17.3, 0],
						"0.25": [-0.4, -2.525, -1.625],
						"0.4": [-0.05, 0, -2.49],
						"0.55": [0, 0, 0]
					}
				},
				"leftarm": {
					"rotation": {
						"0.0": [0, 0, 0],
						"0.2": [1, 0, -22],
						"0.4": [0, 0, 0]
					},
					"position": {
						"0.0": [0, 0, 0],
						"0.2": [3.53901, 3.6754, 5.59783],
						"0.4": [0, 0, 0]
					}
				}
			}
		},
		"animation.model.inspect": {
			"loop": true,
			"animation_length": 14,
			"bones": {
				"main": {
					"rotation": {
						"0.0": [0, 0, 0],
						"0.4167": [-10, -22.5, 0],
						"1.9167": [-10, -22.5, 0],
						"2.125": [10, -22.5, 0],
						"2.2917": [10, -22.5, 0],
						"2.3333": [12, -22.5, 0],
						"2.375": [10, -22.5, 0],
						"2.5": [10, -22.5, 0],
						"2.875": [-10, -22.5, 0],
						"11.0833": [-10, -22.5, 0],
						"11.7083": [-33.36035, -7.04564, 55.27322],
						"12.0417": [-33.36035, -7.04564, 55.27322],
						"13.0417": [-5.88749, -20.64834, -40.86803],
						"13.375": [-5.88749, -20.64834, -40.86803],
						"14.0": [0, 0, 0]
					},
					"position": {
						"0.0": [0, 0, 0],
						"2.2917": [0, -5, -11],
						"2.3333": [-0.5, -5, -11.5],
						"2.375": [0, -5, -11],
						"10.625": [0, -5, -11],
						"11.0833": [0, 0, 0]
					}
				},
				"topCover": {
					"rotation": {
						"0.4167": [0, 0, 0],
						"0.7083": [90, 0, 0],
						"1.5833": [90, 0, 0],
						"1.9167": [0, 0, 0],
						"2.8333": [0, 0, 0],
						"3.125": [90, 0, 0],
						"6.2083": [90, 0, 0],
						"6.5417": [0, 0, 0]
					}
				},
				"chargingHandle": {
					"position": {
						"4.0833": [0, 0, 0],
						"4.1667": [0, 0, 2.75],
						"4.25": [0, 0, 5],
						"4.4583": [0, 0, 11.75],
						"4.625": [0, 0, 0]
					}
				},
				"bulletFunnel": {
					"rotation": {
						"3.375": [0, 0, 0],
						"3.625": [90, 0, 0],
						"4.9167": [90, 0, 0],
						"5.0833": [0, 0, 0]
					}
				},
				"bolt": {
					"rotation": {
						"2.2917": [0, 0, 0],
						"2.3333": [0, 0, -45],
						"4.1667": [0, 0, -45],
						"4.25": [0, 0, 0]
					},
					"position": {
						"2.2917": [0, 0, 0],
						"2.3333": [0, 0, -6.75],
						"4.1667": [0, 0, -6.75],
						"4.25": [0, 0, -6.75],
						"4.4583": [0, 0, 0]
					}
				},
				"boltCarrier": {
					"position": {
						"2.2917": [0, 0, 0],
						"2.3333": [0, 0, -9],
						"4.1667": [0, 0, -9],
						"4.25": [0, 0, -6.75],
						"4.4583": [0, 0, 0]
					}
				},
				"barrelAssembly": {
					"rotation": {
						"7.7917": [0, 0, 0],
						"8.0": [-12.5, 0, 0],
						"9.75": [-12.5, 0, 0],
						"9.9583": [0, 0, 0]
					},
					"position": {
						"7.75": [0, 0, 0],
						"7.875": [0, 2, -2.5],
						"8.0": [-2, -1, -9],
						"8.7917": [-43, -32, 20],
						"9.0": [-43, -32, 20],
						"9.75": [-2, -1, -9],
						"9.875": [0, 2, -2.5],
						"10.0": [0, 0, 0]
					}
				},
				"handle": {
					"rotation": {
						"7.25": [0, 0, 0],
						"7.75": [0, 0, 160],
						"10.0": [0, 0, 160],
						"10.5417": [0, 0, 0]
					}
				},
				"rightarm": {
					"rotation": {
						"3.9167": [0, 0, 0],
						"4.0833": [-3.13705, 4.0811, -12.69434],
						"4.8333": [0, 0, 0],
						"6.875": [0, 0, 0],
						"7.25": [-20.08751, 2.51574, 19.19253],
						"7.5": [-19.73184, 6.77381, 16.53736],
						"7.75": [-20.34473, 0.39652, 20.54283],
						"7.875": [-27.7, 1.4, 19.78],
						"8.0": [-25.04742, 2.39658, 19.0072],
						"8.7917": [29.28949, 26.49576, 0.99429],
						"9.0": [29.28949, 26.49576, 0.99429],
						"9.75": [-25.04742, 2.39658, 19.0072],
						"9.875": [-27.7, 1.4, 19.78],
						"10.0": [-20.34473, 0.39652, 20.54283],
						"10.2917": [-19.73184, 6.77381, 16.53736],
						"10.5417": [-20.08751, 2.51574, 19.19253],
						"10.9583": [0, 0, 0]
					},
					"position": {
						"3.9167": [0, 0, 0],
						"4.0833": [-4, 4, -16],
						"4.1667": [-4, 4, -13.25],
						"4.25": [-4, 4, -10.5],
						"4.4583": [-4, 4, -4.25],
						"4.625": [-4, 4, -16],
						"4.8333": [0, 0, 0],
						"6.875": [0, 0, 0],
						"7.25": [-6, 2, -25],
						"7.5": [-9, 5, -24],
						"7.75": [-9, 12, -24],
						"7.875": [-9, 13.5, -25],
						"8.0": [-9, 15, -26],
						"8.7917": [-40, 0, 5],
						"9.0": [-40, 0, 5],
						"9.75": [-9, 15, -26],
						"9.875": [-9, 13.5, -25],
						"10.0": [-9, 12, -24],
						"10.2917": [-9, 5, -24],
						"10.5417": [-6, 2, -25],
						"10.9583": [0, 0, 0]
					}
				},
				"leftarm": {
					"rotation": {
						"0.0": [0, 0, 0],
						"0.4167": [-10, 0, -17.5],
						"0.7083": [-10.41502, -13.00652, 0.90404],
						"0.9167": [21.19084, 13.0371, -27.81751],
						"1.0": [33.33, 13.04, -27.82],
						"1.3333": [70.26222, 0.47432, 2.91113],
						"1.5833": [-10.41502, -13.00652, 0.90404],
						"1.9167": [-10, 0, -17.5],
						"2.2083": [0, 0, 0],
						"2.5833": [0, 0, 0],
						"2.8333": [-10, 0, -17.5],
						"3.125": [-10.41502, -13.00652, 0.90404],
						"3.375": [-1.17083, 5.68669, -25.81178],
						"3.625": [0.44393, -13.6725, -27.51574],
						"4.0": [-12.5, 0, -20],
						"4.75": [-12.5, 0, -20],
						"4.9167": [0.44393, -13.6725, -27.51574],
						"5.0833": [-1.17083, 5.68669, -25.81178],
						"5.5": [70.26222, 0.47432, 2.91113],
						"5.875": [33.33, 13.04, -27.82],
						"5.9583": [21.19084, 13.0371, -27.81751],
						"6.2083": [-10.41502, -13.00652, 0.90404],
						"6.5417": [-10, 0, -17.5],
						"6.875": [-12.5, 0, -20],
						"10.9583": [-12.5, 0, -20],
						"11.375": [0, 0, 0]
					},
					"position": {
						"0.0": [0, 0, 0],
						"0.4167": [5, 12, 26],
						"0.5833": [1, 22.43, 21],
						"0.7083": [-2, 25, 12],
						"0.9167": [7.55, 12.73, 18.45],
						"1.0": [7.55, 12.73, 18.45],
						"1.0833": [6.55, 5.73, 18.45],
						"1.3333": [7.55, -17.27, 18.45],
						"1.5833": [-2, 25, 12],
						"1.75": [1, 22.43, 21],
						"1.9167": [5, 12, 26],
						"2.2083": [0, 0, 0],
						"2.5833": [0, 0, 0],
						"2.8333": [5, 12, 26],
						"3.0": [1, 22.43, 21],
						"3.125": [-2, 25, 12],
						"3.375": [3, 16, 17],
						"3.625": [3, 16, 17],
						"4.0": [6, 5, 6],
						"4.75": [6, 5, 6],
						"4.9167": [3, 16, 17],
						"5.0833": [3, 16, 17],
						"5.5": [7.55, -17.27, 18.45],
						"5.7917": [6.55, 5.73, 18.45],
						"5.875": [7.55, 12.73, 18.45],
						"5.9583": [7.55, 12.73, 18.45],
						"6.2083": [-2, 25, 12],
						"6.375": [1, 22.43, 21],
						"6.5417": [5, 12, 26],
						"6.875": [6, 5, 6],
						"10.9583": [6, 5, 6],
						"11.375": [0, 0, 0]
					}
				},
				"magWellDoor": {
					"rotation": {
						"0.9583": [0, 0, 0],
						"1.0417": [0, 0, -90]
					}
				},
				"magazine2": {
					"rotation": {
						"1.0": [0, 0, 0],
						"1.3333": [0, 0, 40],
						"5.5": [0, 0, 40],
						"5.875": [0, 0, 0]
					},
					"position": {
						"0.9167": [0, 0, 0],
						"1.0": [3.71, -2.07, 0],
						"1.3333": [13, -30.25, 0],
						"5.5": [13, -30.25, 0],
						"5.875": [3.71, -2.07, 0],
						"5.9583": [0, 0, 0]
					}
				}
			},
			"sound_effects": {
				"0.4167": {
					"effect": "cg_m249_coverup"
				},
				"0.875": {
					"effect": "cg_m249_minimagout"
				},
				"1.7917": {
					"effect": "cg_m249_coverdown"
				},
				"2.125": {
					"effect": "cg_m249_dryfire"
				},
				"2.75": {
					"effect": "cg_m249_coverup"
				},
				"3.25": {
					"effect": "cg_m249_funnelsound"
				},
				"4.125": {
					"effect": "cg_m249_actionback"
				},
				"4.25": {
					"effect": "cg_m249_actionforward"
				},
				"4.75": {
					"effect": "cg_m249_funnelsound"
				},
				"5.6667": {
					"effect": "cg_m249_minimagin"
				},
				"6.4583": {
					"effect": "cg_m249_coverdown"
				},
				"7.6667": {
					"effect": "cg_m249_barrelout"
				},
				"9.875": {
					"effect": "cg_m249_barrelin"
				}
			}
		},
		"animation.model.fire": {
			"loop": true,
			"animation_length": 0.06667,
			"bones": {
				"handle": {
					"rotation": {
						"0.0": [0, 0, 0],
						"0.0667": [0, 0, 2.5]
					}
				}
			}
		},
		"animation.model.reloadempty": {
			"loop": "hold_on_last_frame",
			"animation_length": 4.7,
			"bones": {
				"main": {
					"rotation": {
						"0.0": [0, 0, 0],
						"0.0333": [-0.08, 0.04, -1.33],
						"0.0667": [-0.25, 0.19, -3.21],
						"0.1": [-0.52, 0.41, -4.99],
						"0.1333": [-0.88, 0.64, -6.51],
						"0.1667": [-1.31, 0.8, -7.68],
						"0.2": [-1.79, 0.88, -8.49],
						"0.2333": [-2.25, 0.91, -8.93],
						"0.2667": [-2.5, 0.9, -9],
						"0.3": [-2.42, 0.83, -8.36],
						"0.3333": [-2.21, 0.72, -6.77],
						"0.3667": [-1.82, 0.55, -3.63],
						"0.4": [-1.23, 0.26, -0.4],
						"0.4333": [-0.42, -0.1, 1.37],
						"0.4667": [0.47, -0.23, 2.2],
						"0.5": [1, -0.25, 2.5],
						"0.5333": [1.36, -0.26, 2.22],
						"0.5667": [1.53, -0.27, 1.45],
						"0.6": [1.29, -0.17, 0.83],
						"0.6333": [0.77, -0.07, 0.37],
						"0.6667": [0.5, 0, 0],
						"0.7": [0.38, 0.03, -0.36],
						"0.7333": [0.25, 0.07, -1.03],
						"0.7667": [0.11, 0.14, -1.9],
						"0.8": [-0.03, 0.24, -2.88],
						"0.8333": [-0.17, 0.39, -3.91],
						"0.8667": [-0.32, 0.59, -4.93],
						"0.9": [-0.46, 0.87, -5.91],
						"0.9333": [-0.6, 1.23, -6.81],
						"0.9667": [-0.74, 1.65, -7.62],
						"1.0": [-0.87, 2.05, -8.33],
						"1.0333": [-1, 2.38, -8.91],
						"1.0667": [-1.11, 2.64, -9.36],
						"1.1": [-1.2, 2.84, -9.67],
						"1.1333": [-1.25, 3, -9.85],
						"1.1667": [-1.32, 3.09, -10.11],
						"1.2": [-1.51, 3.2, -10.43],
						"1.2333": [-1.5, 3.28, -10.6],
						"1.2667": [-1.49, 3.23, -10.24],
						"1.3": [-1.45, 3.16, -9.59],
						"1.3333": [-1.37, 3.07, -8.65],
						"1.3667": [-1.3, 2.95, -7.56],
						"1.4": [-1.26, 2.82, -6.66],
						"1.4333": [-1.25, 2.7, -6.15],
						"1.4667": [-1.23, 2.55, -5.82],
						"1.5": [-1.33, 2.44, -5.79],
						"1.5333": [-1.53, 2.38, -5.92],
						"1.5667": [-1.75, 2.35, -6.16],
						"1.6": [-1.9, 2.35, -6.46],
						"1.6333": [-1.92, 2.34, -6.8],
						"1.6667": [-1.82, 2.32, -7.15],
						"1.7": [-1.6, 2.28, -7.5],
						"1.7333": [-1.27, 2.44, -7.43],
						"1.7667": [-1.03, 2.47, -7.23],
						"1.8": [-0.85, 2.31, -6.86],
						"1.8333": [-0.71, 1.97, -6.32],
						"1.8667": [-0.58, 1.55, -5.66],
						"1.9": [-0.45, 1.13, -4.91],
						"1.9333": [-0.27, 0.78, -4.1],
						"1.9667": [0, 0.5, -3.25],
						"2.0": [-0.85, 0.76, -2.15],
						"2.0333": [-1.36, 0.86, -3.33],
						"2.0667": [-1.5, 1, -5.96],
						"2.1": [-1.6, 1.11, -5.83],
						"2.1333": [-1.69, 1.06, -5.45],
						"2.1667": [-1.77, 0.91, -4.91],
						"2.2": [-1.85, 0.71, -4.44],
						"2.2333": [-1.91, 0.48, -4.27],
						"2.2667": [-1.96, 0.26, -4.44],
						"2.3": [-1.98, 0.05, -4.87],
						"2.3333": [-2, -0.13, -5.49],
						"2.3667": [-2, -0.25, -6.25],
						"2.4": [-2.02, -0.26, -7.29],
						"2.4333": [-2.14, -0.1, -8.19],
						"2.4667": [-2.36, 0.37, -8.85],
						"2.5": [-2.48, 1.1, -9.17],
						"2.5333": [-2.5, 1.4, -9.22],
						"2.5667": [-2.61, 1.58, -9.24],
						"2.6": [-2.75, 1.65, -9.06],
						"2.6333": [-2.75, 1.65, -8.72],
						"2.6667": [-2.64, 1.77, -6.81],
						"2.7": [-2.45, 2.04, -2.83],
						"2.7333": [-2.19, 2.4, 2.85],
						"2.7667": [-1.86, 2.82, 9.62],
						"2.8": [-1.49, 3.3, 16.76],
						"2.8333": [-1.06, 3.82, 23.6],
						"2.8667": [-0.59, 4.36, 29.7],
						"2.9": [-0.08, 4.94, 34.8],
						"2.9333": [0.48, 5.54, 38.8],
						"2.9667": [1.08, 6.16, 41.72],
						"3.0": [1.72, 6.81, 43.6],
						"3.0333": [2.43, 7.48, 44.52],
						"3.0667": [3.22, 8.17, 44.56],
						"3.1": [3.07, 8.45, 44.69],
						"3.1333": [2.16, 8.97, 45.1],
						"3.1667": [1.16, 9.5, 45.62],
						"3.2": [0.37, 9.85, 46.11],
						"3.2333": [-0.13, 9.94, 46.44],
						"3.2667": [-0.37, 9.76, 46.59],
						"3.3": [-0.39, 9.36, 46.53],
						"3.3333": [-0.21, 8.77, 46.28],
						"3.3667": [0.13, 8.02, 45.86],
						"3.4": [0.61, 7.15, 45.28],
						"3.4333": [1.22, 6.17, 44.56],
						"3.4667": [1.08, 5.52, 43.12],
						"3.5": [0.94, 4.96, 41.49],
						"3.5333": [0.82, 4.52, 39.5],
						"3.5667": [0.71, 4.25, 36.81],
						"3.6": [0.64, 4.15, 32.76],
						"3.6333": [0.72, 4.12, 27.18],
						"3.6667": [1.14, 4.09, 21.11],
						"3.7": [1.35, 4, 15.28],
						"3.7333": [1.73, 4.5, 10.47],
						"3.7667": [1.82, 4.85, 5.46],
						"3.8": [1.7, 5.05, 1.87],
						"3.8333": [1.42, 5.11, -0.45],
						"3.8667": [1.05, 5.03, -1.88],
						"3.9": [0.62, 4.83, -2.7],
						"3.9333": [0.19, 4.51, -3.07],
						"3.9667": [-0.2, 4.07, -3.1],
						"4.0": [-0.51, 3.52, -2.85],
						"4.0333": [-0.69, 2.86, -2.38],
						"4.0667": [-0.7, 2.11, -1.73],
						"4.1": [-0.49, 1.28, -0.93],
						"4.1333": [0, 0.38, 0],
						"4.1667": [0.29, -0.08, 0.74],
						"4.2": [0.37, -0.49, 1.27],
						"4.2333": [-0.01, -0.57, 1.08],
						"4.2667": [-0.31, -0.33, 0.48],
						"4.3": [-0.47, 0, -0.25],
						"4.3333": [-0.58, 0.27, -0.48],
						"4.3667": [-0.58, 0.38, -0.5],
						"4.4": [-0.5, 0.39, -0.38],
						"4.4333": [-0.38, 0.32, -0.2],
						"4.4667": [-0.24, 0.22, -0.03],
						"4.5": [-0.12, 0.11, 0.07],
						"4.5333": [-0.03, 0.03, 0.09],
						"4.5667": [0, 0, 0]
					},
					"position": {
						"0.0": [0, 0, 0],
						"0.0333": [0.02, 0.01, -0.1],
						"0.0667": [0.05, 0.04, -0.3],
						"0.1": [0.08, 0.08, -0.67],
						"0.1333": [0.11, 0.12, -1.12],
						"0.1667": [0.13, 0.17, -1.5],
						"0.2": [0.14, 0.2, -1.75],
						"0.2333": [0.15, 0.23, -1.89],
						"0.2667": [0.16, 0.25, -1.98],
						"0.3": [0.16, 0.26, -2.01],
						"0.3333": [0.15, 0.25, -2],
						"0.3667": [0.17, 0.25, -1.98],
						"0.4": [0.27, 0.22, -1.94],
						"0.4333": [0.39, 0.14, -1.85],
						"0.4667": [0.42, 0.06, -1.8],
						"0.5": [0.42, 0, -1.79],
						"0.5333": [0.43, -0.04, -1.8],
						"0.5667": [0.42, -0.06, -1.83],
						"0.6": [0.41, -0.07, -1.86],
						"0.6333": [0.38, -0.07, -1.9],
						"0.6667": [0.34, -0.05, -1.94],
						"0.7": [0.28, -0.02, -1.97],
						"0.7333": [0.22, -0.01, -1.99],
						"0.7667": [0.15, 0, -2],
						"0.8": [0.1, -0.01, -1.97],
						"0.8333": [0.05, -0.03, -1.88],
						"0.8667": [0.02, -0.05, -1.74],
						"0.9": [-0.01, -0.08, -1.53],
						"0.9333": [-0.04, -0.12, -1.26],
						"0.9667": [-0.05, -0.15, -0.96],
						"1.0": [-0.07, -0.18, -0.67],
						"1.0333": [-0.07, -0.22, -0.41],
						"1.0667": [-0.07, -0.25, -0.21],
						"1.1": [-0.06, -0.27, -0.08],
						"1.1333": [-0.05, -0.29, -0.01],
						"1.1667": [-0.02, -0.3, 0],
						"1.2": [-0.02, -0.3, 0],
						"1.2333": [-0.03, -0.29, -0.04],
						"1.2667": [-0.04, -0.28, -0.15],
						"1.3": [-0.06, -0.26, -0.33],
						"1.3333": [-0.08, -0.23, -0.57],
						"1.3667": [-0.1, -0.19, -0.87],
						"1.4": [-0.12, -0.16, -1.23],
						"1.4333": [-0.14, -0.12, -1.61],
						"1.4667": [-0.16, -0.08, -2],
						"1.5": [-0.17, -0.04, -2.34],
						"1.5333": [-0.17, 0, -2.5],
						"1.5667": [-0.17, 0.04, -2.49],
						"1.6": [-0.16, 0.07, -2.46],
						"1.6333": [-0.14, 0.11, -2.39],
						"1.6667": [-0.11, 0.15, -2.28],
						"1.7": [-0.09, 0.19, -2.15],
						"1.7333": [-0.08, 0.22, -2.05],
						"1.7667": [-0.07, 0.25, -2],
						"1.8": [-0.05, 0.28, -1.97],
						"1.8333": [0, 0.3, -1.96],
						"1.8667": [0.07, 0.32, -1.97],
						"1.9": [0.14, 0.33, -2],
						"1.9333": [0.22, 0.34, -2.05],
						"1.9667": [0.29, 0.34, -2.1],
						"2.0": [0.34, 0.34, -2.15],
						"2.0333": [0.36, 0.32, -2.2],
						"2.0667": [0.35, 0.29, -2.24],
						"2.1": [0.28, 0.25, -2.25],
						"2.1333": [0.17, 0.21, -2.25],
						"2.1667": [0.11, 0.18, -2.25],
						"2.2": [0.09, 0.15, -2.25],
						"2.2333": [0.08, 0.13, -2.24],
						"2.2667": [0.1, 0.11, -2.23],
						"2.3": [0.12, 0.11, -2.21],
						"2.3333": [0.13, 0.12, -2.19],
						"2.3667": [0.14, 0.15, -2.16],
						"2.4": [0.14, 0.18, -2.12],
						"2.4333": [0.12, 0.21, -2.07],
						"2.4667": [0.07, 0.23, -2.03],
						"2.5": [0, 0.25, -2],
						"2.5333": [0.02, 0.27, -2],
						"2.5667": [0.05, 0.27, -2.01],
						"2.6": [0.11, 0.26, -2.03],
						"2.6333": [0.19, 0.24, -2.07],
						"2.6667": [0.31, 0.22, -2.12],
						"2.7": [0.44, 0.19, -2.19],
						"2.7333": [0.6, 0.15, -2.28],
						"2.7667": [0.76, 0.11, -2.37],
						"2.8": [0.92, 0.08, -2.45],
						"2.8333": [1.07, 0.04, -2.48],
						"2.8667": [1.2, 0, -2.38],
						"2.9": [1.32, -0.04, -2.15],
						"2.9333": [1.42, -0.07, -1.8],
						"2.9667": [1.51, -0.09, -1.39],
						"3.0": [1.58, -0.11, -0.94],
						"3.0333": [1.64, -0.12, -0.47],
						"3.0667": [1.68, -0.11, 0.01],
						"3.1": [1.72, -0.07, 0.51],
						"3.1333": [1.75, 0, 1],
						"3.1667": [1.75, -0.05, 1.23],
						"3.2": [1.75, -0.11, 1.23],
						"3.2333": [1.75, -0.19, 1.09],
						"3.2667": [1.76, -0.27, 0.85],
						"3.3": [1.77, -0.34, 0.57],
						"3.3333": [1.77, -0.38, 0.28],
						"3.3667": [1.77, -0.38, 0.01],
						"3.4": [1.76, -0.34, -0.18],
						"3.4333": [1.75, -0.25, -0.25],
						"3.4667": [1.7, -0.15, -0.24],
						"3.5": [1.63, -0.08, -0.22],
						"3.5333": [1.52, -0.03, -0.19],
						"3.5667": [1.38, -0.01, -0.16],
						"3.6": [1.2, 0.01, -0.13],
						"3.6333": [0.98, 0.02, -0.09],
						"3.6667": [0.74, 0.01, -0.06],
						"3.7": [0.47, 0.01, -0.03],
						"3.7333": [0.22, 0, -0.01],
						"3.7667": [0, 0, 0],
						"3.8": [-0.07, 0, -0.05],
						"3.8333": [-0.11, 0.01, -0.21],
						"3.8667": [-0.09, 0.02, -0.47],
						"3.9": [-0.02, 0.04, -0.79],
						"3.9333": [0.05, 0.07, -1.11],
						"3.9667": [0.12, 0.1, -1.36],
						"4.0": [0.18, 0.13, -1.5],
						"4.0333": [0.2, 0.11, -1.5],
						"4.0667": [0.21, 0.09, -1.37],
						"4.1": [0.19, 0.07, -1.17],
						"4.1333": [0.16, 0.05, -0.93],
						"4.1667": [0.12, 0.04, -0.67],
						"4.2": [0.08, 0.02, -0.42],
						"4.2333": [0.04, 0.01, -0.21],
						"4.2667": [0.01, 0, -0.06],
						"4.3": [0, 0, 0]
					}
				},
				"chargingHandle": {
					"position": {
						"3.0333": [0, 0, 0],
						"3.2": [0, 0, 11.75],
						"3.2667": [0, 0, 11.75],
						"3.4333": [0, 0, 0]
					}
				},
				"magWellDoor": {
					"rotation": {
						"0.4333": [0, 0, 0],
						"0.5333": [0, 0, -90],
						"0.5667": [0, 0, -67.5],
						"0.6333": [0, 0, -90],
						"0.6667": [0, 0, -85],
						"0.7333": [0, 0, -90],
						"1.9667": [0, 0, -90],
						"2.0667": [0, 0, 0],
						"2.1333": [0, 0, -17.5],
						"2.2333": [0, 0, 0],
						"2.5": [0, 0, 0],
						"2.5333": [0, 0, -15],
						"2.6667": [0, 0, 0]
					}
				},
				"magazine2": {
					"rotation": {
						"0.3333": [0, 0, 0],
						"0.4333": [0, 0, 0],
						"0.5": [4.20649, -5, -13.23527],
						"0.5667": [13.88188, -20.80904, -61.97346],
						"0.6667": [26.88, -30.81, -104.97],
						"0.7333": [60.14944, -39.27185, -165.67714],
						"0.8": [74.27464, -38.62545, -172.86618],
						"0.9": [74.27464, -38.62545, -172.86618],
						"1.2": [-33.46416, 9.6413, 14.90087],
						"1.5": [-26.8617, 6.06738, 37.0499],
						"1.5667": [-20.6135, 2.93483, 34.29158],
						"1.7667": [0.54056, 2.57424, 3.98916],
						"1.8": [0.20939, 1.74104, -2.34277],
						"1.8667": [0, 0, 0],
						"2.0": [0, 0, 0],
						"2.4333": [0, 0, 0]
					},
					"position": {
						"0.3333": [0, 0, 0],
						"0.4333": [3.33, -1.75, -0.2],
						"0.5": [7.33, -3, -2.2],
						"0.5667": [12.33, -6, -5.2],
						"0.7667": [18.33, -14, -4.2],
						"0.8667": [18.33, -15, -0.2],
						"1.1": [13, -10, 16],
						"1.3667": [10, -3, -4],
						"1.5667": [8, -3, 0],
						"1.7333": [5, -2.4, -0.1],
						"1.8": [4.6, -2.15, -0.1],
						"1.9": [4, -2.4, -0.1],
						"2.0": [0, 0, 0],
						"2.3": [0.5, -0.2, 0],
						"2.3667": [0.5, -0.2, 0],
						"2.4333": [0, 0, 0]
					}
				},
				"leftarm": {
					"rotation": {
						"0.0": [0, 0, 0],
						"0.2": [27.42792, -55.92364, -97.44675],
						"0.3": [22.66509, -57.01052, -96.60222],
						"0.3667": [21.77084, -58.64084, -95.33543],
						"0.4667": [25.20922, -53.09771, -94.43412],
						"0.5": [32.68475, -38.21507, -98.97478],
						"0.6333": [34.62338, -25.15601, -96.50262],
						"0.7667": [38.94305, -21.01339, -102.42162],
						"0.9333": [35.31048, 9.75642, -91.92631],
						"1.1": [35.31048, 9.75642, -91.92631],
						"1.3667": [35.50296, -14.91685, -87.86149],
						"1.5": [43.3849, -13.55987, -77.34902],
						"1.6333": [45.08222, -19.85988, -96.90075],
						"1.7333": [43.44721, -25.904, -103.36464],
						"1.8667": [43.90419, -20.43371, -103.2226],
						"2.0333": [46.44553, -27.89958, -111.19345],
						"2.0667": [47.50662, -28.80517, -113.9506],
						"2.1667": [53.80718, -20.33048, -131.4805],
						"2.2333": [50.41498, -15.81002, -133.07676],
						"2.3": [44.3479, -6.77271, -120.66415],
						"2.4": [42.15087, -13.7418, -114.93954],
						"2.5333": [39.65087, -13.7418, -114.93954],
						"2.6667": [46.34042, -25.32832, -112.96156],
						"2.7667": [52.2534, -43.45601, -133.99321],
						"2.9667": [74.52837, -46.07002, -207.50516],
						"3.0": [74.53, -46.07, -207.51],
						"3.1667": [80.90332, -60.44382, -222.64911],
						"3.2333": [88.36393, -64.28856, -228.54721],
						"3.4333": [74.53, -46.07, -207.51],
						"3.6": [72.00554, -34.96529, -170.20054],
						"3.7": [66.33884, -27.43384, -130.41259],
						"3.8": [56.97206, -20.83988, -97.54808],
						"4.0": [21.80684, -6.02932, -36.77233],
						"4.2": [0, 0, 0]
					},
					"position": {
						"0.0": [0, 0, 0],
						"0.2": [12.55, 10.73, 17.45],
						"0.3667": [10.3, 10.73, 15.95],
						"0.5": [9.3, 8.73, 18.95],
						"0.6": [12.3, 7.73, 19.95],
						"0.7": [13.3, 8.73, 19.95],
						"0.9333": [10.55, 4.73, 38.45],
						"1.1": [10.55, 4.73, 38.45],
						"1.3667": [13.55, 4.73, 17.45],
						"1.5": [8.45, 2.73, 21.15],
						"1.7333": [8.85, 5.23, 20.15],
						"1.8": [7.6, 5.98, 20.15],
						"1.8667": [6.35, 5.73, 20.15],
						"2.0333": [4.35, 7.73, 20.15],
						"2.1": [4.35, 7.73, 20.15],
						"2.2": [6.75, 8.73, 20.15],
						"2.2667": [8.35, 7.73, 20.15],
						"2.3333": [7.35, 7.73, 20.15],
						"2.4333": [6.35, 8.73, 20.15],
						"2.5667": [7.35, 8.73, 20.15],
						"2.7667": [0.6, 18.73, 19.15],
						"2.9667": [-3.65, 26.73, 13.15],
						"3.0": [-3.65, 26.73, 13.15],
						"3.1667": [-3.65, 31.73, 18.15],
						"3.2333": [-2.65, 31.73, 19.15],
						"3.4667": [-2.65, 27.73, 13.15],
						"3.6": [-1.65, 24.73, 13.15],
						"3.7333": [0.35, 17.23, 14.65],
						"3.8333": [2.35, 11.73, 14.15],
						"3.9667": [5, 3.95, 9.04],
						"4.0333": [4.83, 2.06, 7.48],
						"4.2": [0, 0, 0]
					}
				}
			},
			"sound_effects": {
				"0.3667": {
					"effect": "cg_m249_minimagout"
				},
				"1.8333": {
					"effect": "cg_m249_minimagin"
				},
				"2.9": {
					"effect": "cg_m249_actionback"
				},
				"3.0667": {
					"effect": "cg_m249_actionforward"
				}
			}
		},
		"animation.model.reload": {
			"loop": "hold_on_last_frame",
			"animation_length": 4.23333,
			"bones": {
				"magazine2": {
					"rotation": {
						"0.0": [0, 0, 0],
						"0.3": [0, 0, 0],
						"0.4": [0, 4.5, 0],
						"0.4667": [0, 12.5, 0],
						"0.6333": [24.32091, 9.0304, 17.10466],
						"0.7667": [24.32091, 9.0304, 17.10466],
						"1.0333": [24.32091, 9.0304, 17.10466],
						"1.2": [-33.46416, 9.6413, 14.90087],
						"1.5": [-26.8617, 6.06738, 37.0499],
						"1.6": [-20.6135, 2.93483, 34.29158],
						"1.8333": [-2.93517, 0.82209, -15.0057],
						"1.9333": [-12.70856, 1.34005, -4.34914],
						"2.0667": [0.54056, 2.57424, 3.98916],
						"2.2": [0, 0, 0],
						"2.3333": [0, 0, 0],
						"2.8": [0, 0, 0]
					},
					"position": {
						"0.0": [0, 0, 0],
						"0.3": [0, 0, 0],
						"0.4667": [5, -3, -0.3],
						"0.6333": [13, -5, 5],
						"0.9": [13, -10, 16],
						"1.1333": [13, -10, 16],
						"1.3": [10, -3, -4],
						"1.6": [8, -3, 0],
						"1.7667": [6, -2, -1],
						"1.9333": [4, -2.4, -0.1],
						"2.0333": [5, -2.4, -0.1],
						"2.2333": [4, -2.4, -0.1],
						"2.3333": [0, 0, 0],
						"2.7": [0.5, -0.2, 0],
						"2.7667": [0.5, -0.2, 0],
						"2.8": [0, 0, 0]
					}
				},
				"leftarm": {
					"rotation": {
						"0.0": [0, 0, 0],
						"0.3": [27.51224, -27.60916, -110.00627],
						"0.5": [29.08586, -16.59108, -97.6814],
						"0.6333": [35.31048, 9.75642, -91.92631],
						"1.0333": [35.31048, 9.75642, -91.92631],
						"1.3": [35.50296, -14.91685, -87.86149],
						"1.5333": [43.3849, -13.55987, -77.34902],
						"1.7": [45.08222, -19.85988, -96.90075],
						"1.8667": [49.34291, -25.66713, -116.61575],
						"1.9333": [47.65389, -28.32328, -116.84631],
						"2.0333": [43.44721, -25.904, -103.36464],
						"2.2": [43.90419, -20.43371, -103.2226],
						"2.3667": [46.44553, -27.89958, -111.19345],
						"2.4333": [47.50662, -28.80517, -113.9506],
						"2.5333": [53.80718, -20.33048, -131.4805],
						"2.6333": [50.41498, -15.81002, -133.07676],
						"2.7": [44.3479, -6.77271, -120.66415],
						"2.8": [42.15087, -13.7418, -114.93954],
						"2.9": [39.65087, -13.7418, -114.93954],
						"3.0333": [39.69826, -8.76198, -115.39094],
						"3.1667": [24.84913, -4.38099, -57.69547],
						"3.3333": [0, 0, 0]
					},
					"position": {
						"0.0": [0, 0, 0],
						"0.3": [7.55, 12.73, 18.45],
						"0.5": [12.55, 6.73, 18.15],
						"0.6333": [10.55, 9.73, 27.45],
						"0.9": [10.55, 4.73, 38.45],
						"1.0333": [10.55, 4.73, 38.45],
						"1.3": [13.55, 4.73, 17.45],
						"1.5333": [8.45, 2.73, 21.15],
						"1.8667": [8.65, 5.73, 20.15],
						"1.9333": [8.35, 5.73, 20.15],
						"2.0333": [8.85, 5.23, 20.15],
						"2.2": [6.35, 5.73, 20.15],
						"2.3667": [4.35, 7.73, 20.15],
						"2.4667": [4.35, 7.73, 20.15],
						"2.6": [6.75, 8.73, 20.15],
						"2.6667": [8.35, 7.73, 20.15],
						"2.7667": [7.35, 7.73, 20.15],
						"2.8": [6.35, 8.73, 20.15],
						"2.9333": [7.35, 8.73, 20.15],
						"3.1": [6.08, 4.85, 11.19],
						"3.2667": [0, 0, 0]
					}
				},
				"main": {
					"rotation": {
						"0.0": [0, 0, 0],
						"0.0333": [-0.08, 0.02, -1.11],
						"0.0667": [-0.27, 0.09, -2.58],
						"0.1": [-0.55, 0.19, -4.04],
						"0.1333": [-0.9, 0.29, -5.37],
						"0.1667": [-1.32, 0.38, -6.51],
						"0.2": [-1.77, 0.44, -7.42],
						"0.2333": [-2.25, 0.47, -8.07],
						"0.2667": [-2.69, 0.47, -8.44],
						"0.3": [-2.95, 0.45, -8.5],
						"0.3333": [-2.85, 0.47, -7.9],
						"0.3667": [-2.61, 0.48, -6.7],
						"0.4": [-2.22, 0.48, -4.87],
						"0.4333": [-1.69, 0.47, -2.64],
						"0.4667": [-1.04, 0.44, -0.45],
						"0.5": [-0.29, 0.36, 1.3],
						"0.5333": [0.52, 0.27, 2.5],
						"0.5667": [1.29, 0.18, 3.2],
						"0.6": [1.8, 0.1, 3.5],
						"0.6333": [2.12, -0.06, 3.26],
						"0.6667": [2.25, -0.23, 2.65],
						"0.7": [2.17, -0.41, 1.99],
						"0.7333": [1.91, -0.56, 1.37],
						"0.7667": [1.53, -0.6, 0.83],
						"0.8": [1.15, -0.56, 0.37],
						"0.8333": [0.9, -0.5, 0],
						"0.8667": [0.69, -0.47, -0.37],
						"0.9": [0.48, -0.42, -1.06],
						"0.9333": [0.27, -0.33, -1.94],
						"0.9667": [0.07, -0.21, -2.92],
						"1.0": [-0.13, -0.04, -3.95],
						"1.0333": [-0.32, 0.2, -4.99],
						"1.0667": [-0.51, 0.51, -6.01],
						"1.1": [-0.7, 0.89, -6.98],
						"1.1333": [-0.88, 1.33, -7.88],
						"1.1667": [-1.06, 1.76, -8.7],
						"1.2": [-1.23, 2.15, -9.41],
						"1.2333": [-1.38, 2.45, -10.01],
						"1.2667": [-1.52, 2.69, -10.48],
						"1.3": [-1.64, 2.87, -10.82],
						"1.3333": [-1.7, 3, -11],
						"1.3667": [-1.75, 3.13, -11.22],
						"1.4": [-1.88, 3.21, -11.44],
						"1.4333": [-1.97, 3.23, -11.62],
						"1.4667": [-1.95, 3.28, -11.75],
						"1.5": [-1.94, 3.2, -11.43],
						"1.5333": [-1.9, 3.1, -10.92],
						"1.5667": [-1.82, 2.95, -10.19],
						"1.6": [-1.75, 2.7, -9.3],
						"1.6333": [-1.71, 2.3, -8.43],
						"1.6667": [-1.7, 2, -7.75],
						"1.7": [-1.58, 1.78, -7.17],
						"1.7333": [-1.36, 1.56, -6.35],
						"1.7667": [-1.04, 1.33, -5.41],
						"1.8": [-0.64, 1.1, -4.42],
						"1.8333": [-0.27, 0.86, -3.42],
						"1.8667": [0.01, 0.65, -2.43],
						"1.9": [0.18, 0.5, -1.5],
						"1.9333": [0.93, 0.75, 0.75],
						"1.9667": [1, 0.73, 0.62],
						"2.0": [0.82, 0.66, 0.29],
						"2.0333": [0.53, 0.55, -0.19],
						"2.0667": [0.17, 0.41, -0.77],
						"2.1": [-0.23, 0.24, -1.43],
						"2.1333": [-0.66, 0.06, -2.14],
						"2.1667": [-1.09, -0.12, -2.88],
						"2.2": [-1.53, -0.29, -3.62],
						"2.2333": [-1.94, -0.43, -4.32],
						"2.2667": [-2.3, -0.54, -4.93],
						"2.3": [-2.5, -0.6, -5.25],
						"2.3333": [-2.58, -0.86, -7.09],
						"2.3667": [-3.03, -1.15, -8.8],
						"2.4": [-3.25, -1.1, -8.96],
						"2.4333": [-3.31, -1.14, -8.82],
						"2.4667": [-3.31, -1.06, -8.45],
						"2.5": [-3.25, -0.9, -7.94],
						"2.5333": [-3.13, -0.7, -7.39],
						"2.5667": [-2.97, -0.49, -6.93],
						"2.6": [-2.78, -0.29, -6.62],
						"2.6333": [-2.58, -0.13, -6.52],
						"2.6667": [-2.37, -0.02, -6.64],
						"2.7": [-2.19, 0.01, -6.98],
						"2.7333": [-2.05, -0.06, -7.52],
						"2.7667": [-2, -0.25, -8.25],
						"2.8": [-2.08, -0.28, -9.35],
						"2.8333": [-2.75, -0.23, -10.44],
						"2.8667": [-3.42, 0.25, -11.14],
						"2.9": [-3.5, 0.5, -11.22],
						"2.9333": [-3.61, 0.68, -11.24],
						"2.9667": [-3.75, 0.75, -11.06],
						"3.0": [-3.75, 0.75, -10.72],
						"3.0333": [-3.59, 0.73, -9.71],
						"3.0667": [-3.22, 0.68, -8.56],
						"3.1": [-2.68, 0.61, -7.22],
						"3.1333": [-1.99, 0.54, -5.6],
						"3.1667": [-1.23, 0.46, -3.54],
						"3.2": [-0.48, 0.39, -0.91],
						"3.2333": [0.19, 0.31, 1.16],
						"3.2667": [0.72, 0.24, 1.95],
						"3.3": [1.08, 0.17, 2.16],
						"3.3333": [1.28, 0.1, 2.11],
						"3.3667": [1.3, 0.05, 1.93],
						"3.4": [1.17, 0.01, 1.67],
						"3.4333": [0.9, -0.01, 1.35],
						"3.4667": [0.5, 0, 1],
						"3.5": [0.19, 0.07, 0.68],
						"3.5333": [-0.03, 0.12, 0.41],
						"3.5667": [-0.17, 0.16, 0.18],
						"3.6": [-0.27, 0.18, -0.01],
						"3.6333": [-0.33, 0.17, -0.17],
						"3.6667": [-0.35, 0.15, -0.28],
						"3.7": [-0.35, 0.11, -0.35],
						"3.7333": [-0.31, 0.05, -0.38],
						"3.7667": [-0.25, 0, -0.35],
						"3.8": [-0.2, -0.06, -0.26],
						"3.8333": [-0.16, -0.09, -0.18],
						"3.8667": [-0.12, -0.11, -0.1],
						"3.9": [-0.08, -0.1, -0.03],
						"3.9333": [-0.04, -0.08, 0.01],
						"3.9667": [-0.02, -0.05, 0.03],
						"4.0": [0, -0.03, 0.02],
						"4.0333": [0, -0.01, 0.01],
						"4.0667": [0, 0, 0]
					},
					"position": {
						"0.0": [0, 0, 0],
						"0.0333": [0.03, 0.01, -0.1],
						"0.0667": [0.07, 0.03, -0.31],
						"0.1": [0.11, 0.07, -0.64],
						"0.1333": [0.15, 0.11, -1.06],
						"0.1667": [0.2, 0.15, -1.47],
						"0.2": [0.23, 0.18, -1.79],
						"0.2333": [0.26, 0.21, -2.03],
						"0.2667": [0.29, 0.24, -2.18],
						"0.3": [0.3, 0.25, -2.27],
						"0.3333": [0.3, 0.26, -2.3],
						"0.3667": [0.3, 0.25, -2.3],
						"0.4": [0.32, 0.25, -2.29],
						"0.4333": [0.38, 0.23, -2.26],
						"0.4667": [0.48, 0.2, -2.22],
						"0.5": [0.58, 0.16, -2.17],
						"0.5333": [0.64, 0.11, -2.13],
						"0.5667": [0.67, 0.05, -2.1],
						"0.6": [0.68, 0, -2.09],
						"0.6333": [0.68, -0.04, -2.1],
						"0.6667": [0.67, -0.06, -2.12],
						"0.7": [0.66, -0.07, -2.15],
						"0.7333": [0.64, -0.07, -2.18],
						"0.7667": [0.61, -0.06, -2.22],
						"0.8": [0.57, -0.04, -2.25],
						"0.8333": [0.52, -0.02, -2.27],
						"0.8667": [0.46, -0.01, -2.29],
						"0.9": [0.4, 0, -2.3],
						"0.9333": [0.34, -0.01, -2.26],
						"0.9667": [0.28, -0.03, -2.16],
						"1.0": [0.21, -0.05, -1.98],
						"1.0333": [0.15, -0.08, -1.73],
						"1.0667": [0.08, -0.11, -1.43],
						"1.1": [0.02, -0.14, -1.09],
						"1.1333": [-0.04, -0.16, -0.74],
						"1.1667": [-0.1, -0.19, -0.4],
						"1.2": [-0.15, -0.22, -0.11],
						"1.2333": [-0.19, -0.25, 0.13],
						"1.2667": [-0.22, -0.27, 0.29],
						"1.3": [-0.24, -0.29, 0.38],
						"1.3333": [-0.22, -0.3, 0.4],
						"1.3667": [-0.22, -0.3, 0.4],
						"1.4": [-0.22, -0.3, 0.4],
						"1.4333": [-0.23, -0.3, 0.36],
						"1.4667": [-0.25, -0.28, 0.24],
						"1.5": [-0.27, -0.27, 0.06],
						"1.5333": [-0.29, -0.25, -0.16],
						"1.5667": [-0.31, -0.23, -0.41],
						"1.6": [-0.34, -0.21, -0.7],
						"1.6333": [-0.36, -0.18, -1.02],
						"1.6667": [-0.39, -0.16, -1.35],
						"1.7": [-0.41, -0.13, -1.69],
						"1.7333": [-0.43, -0.1, -2.03],
						"1.7667": [-0.45, -0.07, -2.36],
						"1.8": [-0.47, -0.04, -2.65],
						"1.8333": [-0.47, 0, -2.8],
						"1.8667": [-0.47, 0.04, -2.79],
						"1.9": [-0.44, 0.07, -2.76],
						"1.9333": [-0.4, 0.11, -2.69],
						"1.9667": [-0.35, 0.15, -2.58],
						"2.0": [-0.31, 0.19, -2.45],
						"2.0333": [-0.28, 0.22, -2.35],
						"2.0667": [-0.28, 0.25, -2.3],
						"2.1": [-0.26, 0.28, -2.27],
						"2.1333": [-0.24, 0.3, -2.26],
						"2.1667": [-0.22, 0.32, -2.27],
						"2.2": [-0.18, 0.33, -2.29],
						"2.2333": [-0.14, 0.34, -2.33],
						"2.2667": [-0.08, 0.34, -2.37],
						"2.3": [0, 0.34, -2.42],
						"2.3333": [0.09, 0.33, -2.46],
						"2.3667": [0.17, 0.32, -2.51],
						"2.4": [0.23, 0.29, -2.54],
						"2.4333": [0.28, 0.25, -2.55],
						"2.4667": [0.33, 0.21, -2.55],
						"2.5": [0.34, 0.18, -2.55],
						"2.5333": [0.28, 0.15, -2.55],
						"2.5667": [0.21, 0.13, -2.54],
						"2.6": [0.14, 0.11, -2.53],
						"2.6333": [0.09, 0.11, -2.51],
						"2.6667": [0.05, 0.12, -2.49],
						"2.7": [0.04, 0.15, -2.46],
						"2.7333": [0.04, 0.18, -2.42],
						"2.7667": [0.05, 0.21, -2.37],
						"2.8": [0.07, 0.23, -2.33],
						"2.8333": [0.1, 0.25, -2.3],
						"2.8667": [0.04, 0.27, -2.19],
						"2.9": [-0.02, 0.27, -2.12],
						"2.9333": [-0.06, 0.26, -2.12],
						"2.9667": [-0.1, 0.24, -2.18],
						"3.0": [-0.14, 0.21, -2.31],
						"3.0333": [-0.16, 0.18, -2.51],
						"3.0667": [-0.19, 0.14, -2.76],
						"3.1": [-0.2, 0.1, -3.02],
						"3.1333": [-0.21, 0.06, -3.2],
						"3.1667": [-0.22, 0.02, -3.25],
						"3.2": [-0.21, -0.02, -3.16],
						"3.2333": [-0.2, -0.06, -2.92],
						"3.2667": [-0.18, -0.09, -2.57],
						"3.3": [-0.15, -0.11, -2.13],
						"3.3333": [-0.11, -0.12, -1.62],
						"3.3667": [-0.06, -0.11, -1.06],
						"3.4": [0.01, -0.07, -0.45],
						"3.4333": [0.1, 0, 0.2],
						"3.4667": [0.15, -0.02, 0.38],
						"3.5": [0.18, -0.03, 0.41],
						"3.5333": [0.2, -0.03, 0.4],
						"3.5667": [0.2, -0.02, 0.37],
						"3.6": [0.19, -0.01, 0.34],
						"3.6333": [0.17, 0, 0.29],
						"3.6667": [0.15, 0, 0.25],
						"3.7": [0.12, 0.01, 0.2],
						"3.7333": [0.1, 0.02, 0.16],
						"3.7667": [0.07, 0.02, 0.12],
						"3.8": [0.05, 0.02, 0.08],
						"3.8333": [0.03, 0.02, 0.04],
						"3.8667": [0.01, 0.01, 0.02],
						"3.9": [0, 0, 0]
					}
				},
				"magWellDoor": {
					"rotation": {
						"0.4": [0, 0, 0],
						"0.5333": [0, 0, -90],
						"0.5667": [0, 0, -67.5],
						"0.6333": [0, 0, -90],
						"0.7": [0, 0, -90],
						"2.2333": [0, 0, -90],
						"2.3333": [0, 0, 0],
						"2.3667": [0, 0, -17.5],
						"2.4667": [0, 0, 0],
						"2.8": [0, 0, -15],
						"2.9333": [0, 0, 0]
					}
				}
			},
			"sound_effects": {
				"0.3": {
					"effect": "cg_m249_minimagout"
				},
				"2.0667": {
					"effect": "cg_m249_minimagin"
				}
			}
		}
	}
}