{
	"format_version": "1.8.0",
	"animations": {
		"animation.model.preparealt": {
			"animation_length": 1.25,
			"bones": {
				"main": {
					"rotation": {
						"0.0": {
							"vector": [0, 0, 0]
						},
						"0.2083": {
							"vector": [1.92, -1.54, 0]
						},
						"0.5417": {
							"vector": [5, -2.5, 0]
						},
						"0.7917": {
							"vector": [-7.68472, -19.93989, 0.57543]
						},
						"1.0": {
							"vector": [-19.56151, -14.63599, 17.205]
						},
						"1.25": {
							"vector": [-29.90184, -14.527, 32.67604]
						}
					},
					"position": {
						"0.0": {
							"vector": [0, 0, 0]
						},
						"0.2083": {
							"vector": [0, 0, 1.15]
						},
						"0.5417": {
							"vector": [0, 0, 3]
						},
						"0.7917": {
							"vector": [0, 0, 3],
							"easing": "easeInBounce"
						},
						"1.0": {
							"vector": [0, 0, 3]
						},
						"1.25": {
							"vector": [0, 0, 3]
						}
					}
				},
				"Part1": {
					"rotation": {
						"0.2917": {
							"vector": [0, 0, 0]
						},
						"0.375": {
							"vector": [0, 0, 7]
						},
						"0.4583": {
							"vector": [0, 0, 14],
							"easing": "linear"
						},
						"0.5": {
							"vector": [0, 0, 21]
						},
						"0.5417": {
							"vector": [0, 0, 28],
							"easing": "linear"
						},
						"0.5833": {
							"vector": [0, 0, 35]
						},
						"0.625": {
							"vector": [0, 0, 42],
							"easing": "linear"
						},
						"0.6667": {
							"vector": [0, 0, 62],
							"easing": "linear"
						},
						"0.7083": {
							"vector": [0, 0, 76]
						},
						"0.75": {
							"vector": [0, 0, 90],
							"easing": "linear"
						}
					},
					"position": {
						"0.2917": {
							"vector": [-0.25, 0, 0]
						},
						"0.375": {
							"vector": [-3.25, 0, 0]
						},
						"0.4583": {
							"vector": [-6.5, 0.5, 0]
						},
						"0.5": {
							"vector": [-9.3, 1.48, 0]
						},
						"0.5417": {
							"vector": [-12.1, 2.6, 0],
							"easing": "linear"
						},
						"0.5833": {
							"vector": [-15, 4.1, 0]
						},
						"0.625": {
							"vector": [-17.5, 5.6, 0]
						},
						"0.6667": {
							"vector": [-23.6, 12.6, 0]
						},
						"0.7083": {
							"vector": [-26, 18.6, 0]
						},
						"0.75": {
							"vector": [-26.9, 24.6, 0]
						}
					}
				},
				"rightarm": {
					"rotation": {
						"0.5": {
							"vector": [0, 0, 0]
						},
						"0.6667": {
							"vector": [0, 10, 0]
						},
						"0.7083": {
							"vector": [0, 10, 0]
						},
						"0.75": {
							"vector": [-7.51178, 8.07103, 0.79433]
						},
						"0.7917": {
							"vector": [-5.46843, 7.28511, 13.04907]
						},
						"0.875": {
							"vector": [-2.73, 3.64, 6.52]
						},
						"1.0833": {
							"vector": [-1.62017, -17.81384, 3.84578]
						},
						"1.25": {
							"vector": [8.35989, -0.21, 1.67]
						}
					},
					"position": {
						"0.5": {
							"vector": [0, 0, 0]
						},
						"0.6667": {
							"vector": [-8.91956, 4.43011, -1.1706]
						},
						"0.7083": {
							"vector": [-6.65709, 5.28889, -8.64616]
						},
						"0.75": {
							"vector": [-7.29499, 5.23477, -9.201]
						},
						"0.7917": {
							"vector": [-9.78626, 9.13527, -9.34557]
						},
						"0.8333": {
							"vector": [-8.65453, 11.81529, -9.37652]
						},
						"0.875": {
							"vector": [-7.075, 12.56811, -8.60957]
						},
						"1.0833": {
							"vector": [-11.67362, 12.613, -1.54434]
						},
						"1.25": {
							"vector": [-12, 10, 17]
						}
					}
				},
				"Bolt": {
					"position": {
						"0.875": {
							"vector": [0, 0, 0]
						},
						"1.0833": {
							"vector": [0, 0, 10.75]
						}
					}
				},
				"Bolt1": {
					"rotation": {
						"0.7083": {
							"vector": [0, 0, 0]
						},
						"0.875": {
							"vector": [-0.98185, 1.10247, 90.34078]
						}
					},
					"position": {
						"0.7083": {
							"vector": [0, 0, 0]
						},
						"0.75": {
							"vector": [-0.07755, 0.04021, -0.0026]
						},
						"0.7917": {
							"vector": [0.03683, 0.07537, -0.13037]
						},
						"0.8333": {
							"vector": [0.16469, -0.01372, -0.31009]
						},
						"0.875": {
							"vector": [0.09962, -0.02921, -0.10804]
						}
					}
				},
				"Bolt3": {
					"rotation": {
						"0.7083": {
							"vector": [0, 0, 0]
						},
						"0.875": {
							"vector": [0, 0, 90]
						}
					},
					"position": {
						"0.7083": {
							"vector": [0, 0, 0]
						},
						"0.75": {
							"vector": [-5.72895, 0.91513, -0.07011]
						},
						"0.7917": {
							"vector": [-10.37891, 4.08905, -0.06969]
						},
						"0.8333": {
							"vector": [-13.64905, 8.75263, -0.01923]
						},
						"0.875": {
							"vector": [-14.925, 14.18, 0]
						}
					}
				}
			},
			"sound_effects": {
				"0.5": {
					"effect": "m1903prepare"
				}
			}
		},
		"animation.model.prepare": {
			"animation_length": 1.3333,
			"bones": {
				"main": {
					"rotation": {
						"0.0": {
							"vector": [0, 0, 0]
						},
						"0.2083": {
							"vector": [1.92, -1.54, 0]
						},
						"0.5417": {
							"vector": [5, -2.5, 0]
						},
						"0.7917": {
							"vector": [-7.68472, -19.93989, 0.57543]
						},
						"1.0": {
							"vector": [-19.56151, -14.63599, 17.205]
						},
						"1.25": {
							"vector": [-29.90184, -14.527, 32.67604]
						}
					},
					"position": {
						"0.0": {
							"vector": [0, 0, 0]
						},
						"0.2083": {
							"vector": [0, 0, 1.15]
						},
						"0.5417": {
							"vector": [0, 0, 3]
						},
						"0.7917": {
							"vector": [0, 0, 3],
							"easing": "easeInBounce"
						},
						"1.0": {
							"vector": [0, 0, 3]
						},
						"1.25": {
							"vector": [0, 0, 3]
						}
					}
				},
				"Part1": {
					"rotation": {
						"0.2917": {
							"vector": [0, 0, 0]
						},
						"0.375": {
							"vector": [0, 0, 7]
						},
						"0.4583": {
							"vector": [0, 0, 14],
							"easing": "linear"
						},
						"0.5": {
							"vector": [0, 0, 21]
						},
						"0.5417": {
							"vector": [0, 0, 28],
							"easing": "linear"
						},
						"0.5833": {
							"vector": [0, 0, 35]
						},
						"0.625": {
							"vector": [0, 0, 42],
							"easing": "linear"
						},
						"0.6667": {
							"vector": [0, 0, 62],
							"easing": "linear"
						},
						"0.7083": {
							"vector": [0, 0, 76]
						},
						"0.75": {
							"vector": [0, 0, 90],
							"easing": "linear"
						}
					},
					"position": {
						"0.2917": {
							"vector": [-0.25, 0, 0]
						},
						"0.375": {
							"vector": [-3.25, 0, 0]
						},
						"0.4583": {
							"vector": [-6.5, 0.5, 0]
						},
						"0.5": {
							"vector": [-9.3, 1.48, 0]
						},
						"0.5417": {
							"vector": [-12.1, 2.6, 0],
							"easing": "linear"
						},
						"0.5833": {
							"vector": [-15, 4.1, 0]
						},
						"0.625": {
							"vector": [-17.5, 5.6, 0]
						},
						"0.6667": {
							"vector": [-23.6, 12.6, 0]
						},
						"0.7083": {
							"vector": [-26, 18.6, 0]
						},
						"0.75": {
							"vector": [-26.9, 24.6, 0]
						}
					}
				},
				"rightarm": {
					"rotation": {
						"0.5": {
							"vector": [0, 0, 0]
						},
						"0.6667": {
							"vector": [0, 10, 0]
						},
						"0.7083": {
							"vector": [0, 10, 0]
						},
						"0.75": {
							"vector": [-7.51178, 8.07103, 0.79433]
						},
						"0.7917": {
							"vector": [-5.46843, 7.28511, 13.04907]
						},
						"0.875": {
							"vector": [-2.73, 3.64, 6.52]
						},
						"1.0833": {
							"vector": [-1.62017, -17.81384, 3.84578]
						},
						"1.25": {
							"vector": [8.35989, -0.21, 1.67]
						}
					},
					"position": {
						"0.5": {
							"vector": [0, 0, 0]
						},
						"0.6667": {
							"vector": [-8.91956, 4.43011, -1.1706]
						},
						"0.7083": {
							"vector": [-6.65709, 5.28889, -8.64616]
						},
						"0.75": {
							"vector": [-7.29499, 5.23477, -9.201]
						},
						"0.7917": {
							"vector": [-9.78626, 9.13527, -9.34557]
						},
						"0.8333": {
							"vector": [-8.65453, 11.81529, -9.37652]
						},
						"0.875": {
							"vector": [-7.075, 12.56811, -8.60957]
						},
						"1.0833": {
							"vector": [-11.67362, 12.613, -1.54434]
						},
						"1.25": {
							"vector": [-12, 10, 17]
						}
					}
				},
				"bullet": {
					"rotation": {
						"0.7917": {
							"vector": [0, 0, 0]
						},
						"1.0417": {
							"vector": [0, 0, 0]
						},
						"1.0833": {
							"vector": [-10.32652, 2.4786, -7.50706]
						},
						"1.1667": {
							"vector": [-15.33, 2.48, -7.51]
						},
						"1.25": {
							"vector": [-17.33, 2.48, -7.51]
						},
						"1.2917": {
							"vector": [-18.33, 2.48, -7.51]
						},
						"1.3333": {
							"vector": [-20.33, 2.48, -7.51]
						}
					},
					"position": {
						"0.7917": {
							"vector": [0, 4, 0]
						},
						"1.0417": {
							"vector": [0, 4, 10]
						},
						"1.0833": {
							"vector": [-4, 9, 10]
						},
						"1.1667": {
							"vector": [-11, 20, 10]
						},
						"1.25": {
							"vector": [-21.8, 22, 10]
						},
						"1.2917": {
							"vector": [-37.87, 1.33, 27]
						},
						"1.3333": {
							"vector": [-58, -85, 77]
						}
					}
				},
				"Bolt": {
					"position": {
						"0.875": {
							"vector": [0, 0, 0]
						},
						"1.0833": {
							"vector": [0, 0, 10.75]
						}
					}
				},
				"Bolt1": {
					"rotation": {
						"0.7083": {
							"vector": [0, 0, 0]
						},
						"0.875": {
							"vector": [-0.98185, 1.10247, 90.34078]
						}
					},
					"position": {
						"0.7083": {
							"vector": [0, 0, 0]
						},
						"0.75": {
							"vector": [-0.07755, 0.04021, -0.0026]
						},
						"0.7917": {
							"vector": [0.03683, 0.07537, -0.13037]
						},
						"0.8333": {
							"vector": [0.16469, -0.01372, -0.31009]
						},
						"0.875": {
							"vector": [0.09962, -0.02921, -0.10804]
						}
					}
				},
				"Bolt3": {
					"rotation": {
						"0.7083": {
							"vector": [0, 0, 0]
						},
						"0.875": {
							"vector": [0, 0, 90]
						}
					},
					"position": {
						"0.7083": {
							"vector": [0, 0, 0]
						},
						"0.75": {
							"vector": [-5.72895, 0.91513, -0.07011]
						},
						"0.7917": {
							"vector": [-10.37891, 4.08905, -0.06969]
						},
						"0.8333": {
							"vector": [-13.64905, 8.75263, -0.01923]
						},
						"0.875": {
							"vector": [-14.925, 14.18, 0]
						}
					}
				}
			},
			"sound_effects": {
				"0.5": {
					"effect": "m1903prepare"
				}
			}
		},
		"animation.model.loadfirst": {
			"animation_length": 1.125,
			"bones": {
				"main": {
					"rotation": {
						"0.0": {
							"vector": [-29.90184, -14.527, 32.67604]
						},
						"0.625": {
							"vector": [-27.4, -14.53, 32.68],
							"easing": "easeInSine"
						},
						"0.75": {
							"vector": [-28.76478, -16.7251, 33.92249]
						},
						"0.875": {
							"vector": [-29.90184, -14.527, 32.67604]
						}
					},
					"position": {
						"0.0": {
							"vector": [0, 0, 3]
						},
						"0.625": {
							"vector": [0, 0, 3]
						},
						"0.75": {
							"vector": [0, 0, 3]
						},
						"0.875": {
							"vector": [0, 0, 3]
						}
					}
				},
				"Part1": {
					"rotation": {
						"vector": [0, 0, 90],
						"easing": "linear"
					},
					"position": {
						"vector": [-26.9, 24.6, 0]
					}
				},
				"rightarm": {
					"rotation": {
						"0.0": {
							"vector": [8.35989, -0.21, 1.67]
						},
						"0.1667": {
							"vector": [8.44037, 14.76373, 0.77652]
						},
						"0.3333": {
							"vector": [8.44, 14.76, 0.78]
						},
						"0.5": {
							"vector": [18.44, 14.76, 0.78]
						},
						"0.5833": {
							"vector": [18.43437, 12.27669, 0.49149]
						},
						"0.8333": {
							"vector": [18.43437, 12.27669, 0.49149]
						},
						"1.125": {
							"vector": [8.35989, -0.21, 1.67]
						}
					},
					"position": {
						"0.0": {
							"vector": [-12, 10, 17]
						},
						"0.1667": {
							"vector": [-8, 10, -3.125]
						},
						"0.3333": {
							"vector": [-6, 10, -16]
						},
						"0.5": {
							"vector": [-3, 14, -11]
						},
						"0.5833": {
							"vector": [-2, 14, -14.375]
						},
						"0.8333": {
							"vector": [-6.625, 14, -9]
						},
						"1.0": {
							"vector": [-8.25, 13, -4]
						},
						"1.125": {
							"vector": [-13.375, 10, 17]
						}
					}
				},
				"bullet": {
					"position": {
						"vector": [0, -0.125, 9.5]
					}
				},
				"bullet2": {
					"rotation": {
						"0.0": {
							"vector": [-4.89, 2.71, 2.28]
						},
						"0.1667": {
							"vector": [7.60732, -2.24603, 1.61817]
						},
						"0.3333": {
							"vector": [7.63022, -4.72793, 1.2879]
						},
						"0.5": {
							"vector": [7.66479, -7.20777, 0.95552]
						},
						"0.5833": {
							"vector": [2.5, 0, 0]
						}
					},
					"position": {
						"0.0": {
							"vector": [-6, 0, 44.75],
							"easing": "linear"
						},
						"0.1667": {
							"vector": [-6.5, 2, 22]
						},
						"0.3333": {
							"vector": [-4.375, 3, 10.75]
						},
						"0.5": {
							"vector": [-0.875, 1.25, 11]
						},
						"0.5833": {
							"vector": [0, 0.125, 11.375]
						}
					}
				},
				"Bolt": {
					"position": {
						"vector": [0, 0, 10.75]
					}
				},
				"Bolt1": {
					"rotation": {
						"vector": [-0.98185, 1.10247, 90.34078]
					},
					"position": {
						"vector": [0.09962, -0.02921, -0.10804]
					}
				},
				"Bolt3": {
					"rotation": {
						"vector": [0, 0, 90]
					},
					"position": {
						"vector": [-14.925, 14.18, 0]
					}
				}
			},
			"sound_effects": {
				"0.0833": {
					"effect": "boltsingleload"
				}
			}
		},
		"animation.model.load": {
			"loop": true,
			"animation_length": 1.125,
			"bones": {
				"main": {
					"rotation": {
						"0.0": {
							"vector": [-29.90184, -14.527, 32.67604]
						},
						"0.625": {
							"vector": [-27.4, -14.53, 32.68],
							"easing": "easeInSine"
						},
						"0.75": {
							"vector": [-28.76478, -16.7251, 33.92249]
						},
						"0.875": {
							"vector": [-29.90184, -14.527, 32.67604]
						}
					},
					"position": {
						"0.0": {
							"vector": [0, 0, 3]
						},
						"0.625": {
							"vector": [0, 0, 3]
						},
						"0.75": {
							"vector": [0, 0, 3]
						},
						"0.875": {
							"vector": [0, 0, 3]
						}
					}
				},
				"Part1": {
					"rotation": {
						"vector": [0, 0, 90],
						"easing": "linear"
					},
					"position": {
						"vector": [-26.9, 24.6, 0]
					}
				},
				"rightarm": {
					"rotation": {
						"0.0": {
							"vector": [8.35989, -0.21, 1.67]
						},
						"0.1667": {
							"vector": [8.44037, 14.76373, 0.77652]
						},
						"0.3333": {
							"vector": [8.44, 14.76, 0.78]
						},
						"0.5": {
							"vector": [18.44, 14.76, 0.78]
						},
						"0.5833": {
							"vector": [18.43437, 12.27669, 0.49149]
						},
						"0.8333": {
							"vector": [18.43437, 12.27669, 0.49149]
						},
						"1.125": {
							"vector": [8.35989, -0.21, 1.67]
						}
					},
					"position": {
						"0.0": {
							"vector": [-12, 10, 17]
						},
						"0.1667": {
							"vector": [-8, 10, -3.125]
						},
						"0.3333": {
							"vector": [-6, 10, -16]
						},
						"0.5": {
							"vector": [-3, 14, -11]
						},
						"0.5833": {
							"vector": [-2, 14, -14.375]
						},
						"0.8333": {
							"vector": [-6.625, 14, -9]
						},
						"1.0": {
							"vector": [-8.25, 13, -4]
						},
						"1.125": {
							"vector": [-12, 10, 17]
						}
					}
				},
				"bullet": {
					"rotation": {
						"vector": [2.5, 0, 0]
					},
					"position": {
						"0.0": {
							"vector": [0, 3.125, 11.25]
						},
						"0.25": {
							"vector": [0, 3.125, 11.25]
						},
						"0.4583": {
							"vector": [0, 3.125, 11.25]
						},
						"0.5833": {
							"vector": [0, 2.25, 11.25]
						}
					}
				},
				"bullet2": {
					"rotation": {
						"0.0": {
							"vector": [-4.89, 2.71, 2.28]
						},
						"0.1667": {
							"vector": [7.60732, -2.24603, 1.61817]
						},
						"0.3333": {
							"vector": [7.63022, -4.72793, 1.2879]
						},
						"0.5": {
							"vector": [7.66479, -7.20777, 0.95552]
						},
						"0.5833": {
							"vector": [2.5, 0, 0]
						}
					},
					"position": {
						"0.0": {
							"vector": [-6, 0, 44.75],
							"easing": "linear"
						},
						"0.1667": {
							"vector": [-6.5, 2, 22]
						},
						"0.3333": {
							"vector": [-4.375, 3, 10.75]
						},
						"0.5": {
							"vector": [-0.875, 1.25, 10.75]
						},
						"0.5833": {
							"vector": [0, 0.125, 11.38]
						}
					}
				},
				"Bolt": {
					"position": {
						"vector": [0, 0, 10.75]
					}
				},
				"Bolt1": {
					"rotation": {
						"vector": [-0.98185, 1.10247, 90.34078]
					},
					"position": {
						"vector": [0.09962, -0.02921, -0.10804]
					}
				},
				"Bolt3": {
					"rotation": {
						"vector": [0, 0, 90]
					},
					"position": {
						"vector": [-14.925, 14.18, 0]
					}
				}
			},
			"sound_effects": {
				"0.0833": {
					"effect": "boltsingleload"
				}
			}
		},
		"animation.model.finish": {
			"animation_length": 1.125,
			"bones": {
				"main": {
					"rotation": {
						"0.0": {
							"vector": [-29.90184, -14.527, 32.67604]
						},
						"0.2083": {
							"vector": [-19.56151, -14.63599, 17.205]
						},
						"0.5417": {
							"vector": [-7.68472, -19.93989, 0.57543]
						},
						"0.75": {
							"vector": [5, -2.5, 0]
						},
						"0.9167": {
							"vector": [1.92, -1.54, 0]
						},
						"1.125": {
							"vector": [0, 0, 0]
						}
					},
					"position": {
						"0.0": {
							"vector": [0, 0, 3]
						},
						"0.2083": {
							"vector": [0, 0, 3]
						},
						"0.5417": {
							"vector": [0, 0, 3],
							"easing": "easeInBounce"
						},
						"0.75": {
							"vector": [0, 0, 3]
						},
						"0.9167": {
							"vector": [0, 0, 1.15]
						},
						"1.125": {
							"vector": [0, 0, 0]
						}
					}
				},
				"Part1": {
					"rotation": {
						"0.4167": {
							"vector": [0, 0, 90],
							"easing": "linear"
						},
						"0.4583": {
							"vector": [0, 0, 76]
						},
						"0.5": {
							"vector": [0, 0, 62],
							"easing": "linear"
						},
						"0.5417": {
							"vector": [0, 0, 42],
							"easing": "linear"
						},
						"0.5833": {
							"vector": [0, 0, 35]
						},
						"0.625": {
							"vector": [0, 0, 28],
							"easing": "linear"
						},
						"0.6667": {
							"vector": [0, 0, 21]
						},
						"0.7083": {
							"vector": [0, 0, 14],
							"easing": "linear"
						},
						"0.7917": {
							"vector": [0, 0, 7]
						},
						"0.875": {
							"vector": [0, 0, 0]
						}
					},
					"position": {
						"0.4167": {
							"vector": [-26.9, 24.6, 0]
						},
						"0.4583": {
							"vector": [-26, 18.6, 0]
						},
						"0.5": {
							"vector": [-23.6, 12.6, 0]
						},
						"0.5417": {
							"vector": [-17.5, 5.6, 0]
						},
						"0.5833": {
							"vector": [-15, 4.1, 0]
						},
						"0.625": {
							"vector": [-12.1, 2.6, 0],
							"easing": "linear"
						},
						"0.6667": {
							"vector": [-9.3, 1.48, 0]
						},
						"0.7083": {
							"vector": [-6.5, 0.5, 0]
						},
						"0.7917": {
							"vector": [-3.25, 0, 0]
						},
						"0.875": {
							"vector": [-0.25, 0, 0]
						}
					}
				},
				"rightarm": {
					"rotation": {
						"0.0": {
							"vector": [8.35989, -0.21, 1.67]
						},
						"0.125": {
							"vector": [-1.62017, -17.81384, 3.84578]
						},
						"0.3333": {
							"vector": [-2.73, 3.64, 6.52]
						},
						"0.4167": {
							"vector": [-5.46843, 7.28511, 13.04907]
						},
						"0.4583": {
							"vector": [-7.51178, 8.07103, 0.79433]
						},
						"0.5": {
							"vector": [0, 10, 0]
						},
						"0.5417": {
							"vector": [0, 10, 0]
						},
						"0.7083": {
							"vector": [0, 0, 0]
						}
					},
					"position": {
						"0.0": {
							"vector": [-12, 10, 17]
						},
						"0.125": {
							"vector": [-11.67362, 12.613, -1.54434]
						},
						"0.3333": {
							"vector": [-7.075, 12.56811, -8.60957]
						},
						"0.375": {
							"vector": [-8.65453, 11.81529, -9.37652]
						},
						"0.4167": {
							"vector": [-9.78626, 9.13527, -9.34557]
						},
						"0.4583": {
							"vector": [-7.29499, 5.23477, -9.201]
						},
						"0.5": {
							"vector": [-6.65709, 5.28889, -8.64616]
						},
						"0.5417": {
							"vector": [-8.91956, 4.43011, -1.1706]
						},
						"0.7083": {
							"vector": [0, 0, 0]
						}
					}
				},
				"bullet2": {
					"rotation": {
						"vector": [2.5, 0, 0]
					},
					"position": {
						"0.125": {
							"vector": [0, 0.125, 11.375]
						},
						"0.1667": {
							"vector": [0, 0.06, 9.435]
						},
						"0.2083": {
							"vector": [0, 0, 6.75]
						},
						"0.25": {
							"vector": [0, 0, 4.195]
						},
						"0.2917": {
							"vector": [0, 0, 1.38]
						}
					}
				},
				"Bolt": {
					"position": {
						"0.125": {
							"vector": [0, 0, 10.75]
						},
						"0.2917": {
							"vector": [0, 0, 0]
						}
					}
				},
				"Bolt1": {
					"rotation": {
						"0.3333": {
							"vector": [-0.98185, 1.10247, 90.34078]
						},
						"0.5": {
							"vector": [0, 0, 0]
						}
					},
					"position": {
						"0.3333": {
							"vector": [0.09962, -0.02921, -0.10804]
						},
						"0.375": {
							"vector": [0.16469, -0.01372, -0.31009]
						},
						"0.4167": {
							"vector": [0.03683, 0.07537, -0.13037]
						},
						"0.4583": {
							"vector": [-0.07755, 0.04021, -0.0026]
						},
						"0.5": {
							"vector": [0, 0, 0]
						}
					}
				},
				"Bolt3": {
					"rotation": {
						"0.3333": {
							"vector": [0, 0, 90]
						},
						"0.5": {
							"vector": [0, 0, 0]
						}
					},
					"position": {
						"0.3333": {
							"vector": [-14.925, 14.18, 0]
						},
						"0.375": {
							"vector": [-13.64905, 8.75263, -0.01923]
						},
						"0.4167": {
							"vector": [-10.37891, 4.08905, -0.06969]
						},
						"0.4583": {
							"vector": [-5.72895, 0.91513, -0.07011]
						},
						"0.5": {
							"vector": [0, 0, 0]
						}
					}
				}
			},
			"sound_effects": {
				"0.0": {
					"effect": "m1903finish"
				}
			}
		},
		"animation.model.draw": {
			"loop": true,
			"animation_length": 1.2,
			"bones": {
				"main": {
					"rotation": {
						"0.0": {
							"vector": [32.09413, -54.38778, -8.29667]
						},
						"0.35": {
							"vector": [0.50518, -5.08075, 6.8716],
							"easing": "easeOutSine"
						},
						"0.5": {
							"vector": [0.32389, -0.60235, -2.1558],
							"easing": "linear"
						},
						"0.6": {
							"vector": [0, 0, 0],
							"easing": "linear"
						}
					},
					"position": {
						"0.0": {
							"vector": [0, -17.3, 0]
						},
						"0.25": {
							"vector": [-0.4, -2.525, -1.625],
							"easing": "linear"
						},
						"0.4": {
							"vector": [-0.05, 0, -2.49],
							"easing": "linear"
						},
						"0.55": {
							"vector": [0, 0, 0],
							"easing": "linear"
						}
					}
				},
				"leftarm": {
					"rotation": {
						"0.0": {
							"vector": [0, 0, 0]
						},
						"0.2": {
							"vector": [1, 0, -22]
						},
						"0.4": {
							"vector": [0, 0, 0]
						}
					},
					"position": {
						"0.0": {
							"vector": [0, 0, 0]
						},
						"0.2": {
							"vector": [3.53901, 3.6754, 5.59783]
						},
						"0.4": {
							"vector": [0, 0, 0]
						}
					}
				}
			}
		},
		"animation.model.inspect": {
			"loop": true,
			"animation_length": 4.2667,
			"bones": {
				"main": {
					"rotation": {
						"0.0": {
							"vector": [0, 0, 0]
						},
						"0.1667": {
							"vector": [-8.41746, -13.59608, -21.21259],
							"easing": "linear"
						},
						"0.3": {
							"vector": [-8.39812, -20.10111, -31.77688]
						},
						"0.4333": {
							"vector": [-9.55676, -20.88889, -28.55629]
						},
						"0.5333": {
							"vector": [-8.77652, -21.21647, -30.72851]
						},
						"0.7667": {
							"vector": [-9.4227, -20.94881, -28.93303]
						},
						"1.0": {
							"vector": [-3.1216, -20.98207, -46.44405]
						},
						"1.1333": {
							"vector": [-4.564, -20.73064, -42.44007]
						},
						"1.2333": {
							"vector": [-4.86325, -20.9153, -41.60203]
						},
						"1.3333": {
							"vector": [-4.58308, -20.97575, -42.38574]
						},
						"1.4667": {
							"vector": [-4.01131, -21.08802, -43.97908]
						},
						"1.6": {
							"vector": [-4.38767, -21.01662, -42.9316]
						},
						"1.7": {
							"vector": [-4.18847, -21.05622, -43.48691],
							"easing": "linear"
						},
						"2.0333": {
							"vector": [-16.91438, 5.38499, 54.40399],
							"easing": "linear"
						},
						"2.1667": {
							"vector": [-15.22513, 5.80082, 60.04554]
						},
						"2.3": {
							"vector": [-15.70981, 5.86025, 59.48558]
						},
						"2.4333": {
							"vector": [-15.93602, 7.03904, 62.69373]
						},
						"2.5667": {
							"vector": [-15.60896, 7.75082, 65.23442]
						},
						"2.7333": {
							"vector": [-15.71675, 7.52491, 64.42194]
						},
						"2.9": {
							"vector": [-15.56389, 7.84019, 65.55973]
						},
						"3.1": {
							"vector": [-15.61778, 7.73186, 65.16659]
						},
						"3.2667": {
							"vector": [-15.9801, 6.93689, 62.33342]
						},
						"3.4": {
							"vector": [-8.86998, 2.42135, 33.56191]
						},
						"3.5333": {
							"vector": [0, -1.75, -2.75]
						},
						"3.7": {
							"vector": [0, 0, 0]
						}
					},
					"position": {
						"0.0": {
							"vector": [0, 0, 0]
						},
						"0.3": {
							"vector": [-0.475, 1.475, -8.7]
						},
						"0.4": {
							"vector": [-0.195, 1, -7.7]
						},
						"0.5333": {
							"vector": [-0.03, 0.725, -7.7]
						},
						"0.7": {
							"vector": [0, 1.125, -7.7]
						},
						"0.9": {
							"vector": [0.125, 1.4, -8.275]
						},
						"1.2": {
							"vector": [-0.02, 1.475, -8]
						},
						"1.4": {
							"vector": [0.11, 1.425, -8.175]
						},
						"1.6667": {
							"vector": [0.275, 1.25, -7.975]
						},
						"1.8": {
							"vector": [-0.13, -1.19, -8.65]
						},
						"1.9667": {
							"vector": [-0.545, -1.325, -11.15]
						},
						"2.1333": {
							"vector": [-0.415, -1.395, -10.545]
						},
						"2.2667": {
							"vector": [-0.525, -1.455, -9.17]
						},
						"2.4": {
							"vector": [-0.49, -1.43, -9.85]
						},
						"2.5667": {
							"vector": [-0.455, -1.5, -9.24]
						},
						"2.7667": {
							"vector": [-0.53, -1.5, -9.27]
						},
						"3.0": {
							"vector": [-0.49, -1.41, -9.3]
						},
						"3.2333": {
							"vector": [-0.545, -1.325, -9.325]
						},
						"3.3667": {
							"vector": [-1.005, -0.61, -7.41]
						},
						"3.6333": {
							"vector": [0, 0, 0]
						}
					}
				},
				"leftarm": {
					"rotation": {
						"0.0": {
							"vector": [0, 0, 0]
						},
						"0.1667": {
							"vector": [0, 0, -2.5]
						},
						"1.7333": {
							"vector": [0, 0, -2.5]
						},
						"2.0333": {
							"vector": [-20, 0, -45]
						},
						"3.3": {
							"vector": [-20, 0, -45]
						},
						"3.5667": {
							"vector": [0, 0, 0]
						}
					},
					"position": {
						"0.0": {
							"vector": [0, 0, 0]
						},
						"0.1667": {
							"vector": [11.23986, -30.20851, 24.64864]
						},
						"1.7333": {
							"vector": [11.23986, -30.20851, 24.64864]
						},
						"2.0333": {
							"vector": [7.35, 6.25, 2.33]
						},
						"3.3": {
							"vector": [7.35, 6.25, 2.33]
						},
						"3.5667": {
							"vector": [0, 0, 0]
						}
					}
				}
			}
		},
		"animation.model.fire": {
			"loop": true,
			"animation_length": 1,
			"bones": {
				"main": {
					"rotation": {
						"0.0": {
							"vector": [0, 0, 0]
						},
						"0.125": {
							"vector": [-3.0818, -1.53414, 0.13425]
						},
						"0.25": {
							"vector": [-2.50706, -2.4786, -2.17348]
						},
						"0.375": {
							"vector": [-2.5142, -4.9762, -7.06375]
						},
						"0.4583": {
							"vector": [-2.87673, -6.84082, -4.41994]
						},
						"0.5417": {
							"vector": [-5.98471, -6.19615, -4.206]
						},
						"0.6667": {
							"vector": [-3.93038, -0.7073, 0.06188]
						},
						"0.8333": {
							"vector": [0, 0, 0]
						}
					},
					"position": {
						"0.0": {
							"vector": [0, 0, 0]
						},
						"0.125": {
							"vector": [0, 0, 1.15]
						},
						"0.25": {
							"vector": [0, 0, 3]
						},
						"0.375": {
							"vector": [0, 0, 3],
							"easing": "easeInBounce"
						},
						"0.4583": {
							"vector": [0, 0, 1.29]
						},
						"0.5417": {
							"vector": [0, 0, 0.93]
						},
						"0.6667": {
							"vector": [0, 0, 0.64]
						},
						"0.8333": {
							"vector": [0, 0, 0]
						}
					}
				},
				"rightarm": {
					"rotation": {
						"0.0": {
							"vector": [0, 0, 0]
						},
						"0.0833": {
							"vector": [0, 10, 0]
						},
						"0.125": {
							"vector": [0, 10, 0]
						},
						"0.1667": {
							"vector": [-7.51178, 8.07103, 0.79433]
						},
						"0.2083": {
							"vector": [-5.46843, 7.28511, 13.04907]
						},
						"0.2917": {
							"vector": [-2.73, 3.64, 6.52]
						},
						"0.5": {
							"vector": [-1.62017, -17.81384, 3.84578]
						},
						"0.7083": {
							"vector": [-2.73, 3.64, 6.52]
						},
						"0.7917": {
							"vector": [-5.46843, 7.28511, 13.04907]
						},
						"0.8333": {
							"vector": [-7.51178, 8.07103, 0.79433]
						},
						"0.875": {
							"vector": [0, 10, 0]
						},
						"0.9167": {
							"vector": [0, 10, 0]
						},
						"1.0": {
							"vector": [0, 0, 0]
						}
					},
					"position": {
						"0.0": {
							"vector": [0, 0, 0]
						},
						"0.0833": {
							"vector": [-8.91956, 4.43011, -1.1706]
						},
						"0.125": {
							"vector": [-6.88031, 5.20436, -8.09882]
						},
						"0.1667": {
							"vector": [-8.19642, 5.83065, -9.52987]
						},
						"0.2083": {
							"vector": [-10.04429, 10.03297, -8.93654]
						},
						"0.25": {
							"vector": [-8.71786, 12.20668, -9.53207]
						},
						"0.2917": {
							"vector": [-7.41957, 13.14456, -9.11028]
						},
						"0.5": {
							"vector": [-10.72712, 12.98704, -1.33592]
						},
						"0.7083": {
							"vector": [-7.41957, 13.14456, -9.11028]
						},
						"0.75": {
							"vector": [-8.71786, 12.20668, -9.53207]
						},
						"0.7917": {
							"vector": [-10.04429, 10.03297, -8.93654]
						},
						"0.8333": {
							"vector": [-8.19642, 5.83065, -9.52987]
						},
						"0.875": {
							"vector": [-6.88031, 5.20436, -8.09882]
						},
						"0.9167": {
							"vector": [-8.91956, 4.43011, -1.1706]
						},
						"1.0": {
							"vector": [0, 0, 0]
						}
					}
				},
				"bullet2": {
					"rotation": {
						"0.0": {
							"vector": [0, 0, 0]
						},
						"0.4167": {
							"vector": [0.4258, -0.47008, -0.22611]
						},
						"0.4583": {
							"vector": [-5, 5, 0]
						},
						"0.5": {
							"vector": [-5, 5, 0]
						},
						"0.5417": {
							"vector": [-10, 5, 0]
						},
						"0.8333": {
							"vector": [-10, 5, 0]
						}
					},
					"position": {
						"0.0": {
							"vector": [0, 0, 1.375]
						},
						"0.2917": {
							"vector": [0, 0, 1.375]
						},
						"0.3333": {
							"vector": [0, 0, 3.5]
						},
						"0.375": {
							"vector": [0, 0, 5.73]
						},
						"0.4167": {
							"vector": [0, 0, 7.875]
						},
						"0.4583": {
							"vector": [-1.75, 1.255, 9.38]
						},
						"0.5": {
							"vector": [-10.125, 9.625, 9.38]
						},
						"0.5417": {
							"vector": [-15.495, 12.755, 9.38]
						},
						"0.8333": {
							"vector": [-72.365, -43.865, 25.005]
						}
					}
				},
				"bullet": {
					"rotation": {
						"0.0": {
							"vector": [0, 0, 0]
						},
						"0.5": {
							"vector": [-2.5, 0, 0]
						},
						"0.5833": {
							"vector": [0, 0, 0]
						}
					},
					"position": {
						"0.375": {
							"vector": [0, 2, 11.625]
						},
						"0.5": {
							"vector": [0, 3.75, 11.625]
						},
						"0.5833": {
							"vector": [0.25, 3.5, 8],
							"easing": "easeInCubic"
						},
						"0.7917": {
							"vector": [0, 3.625, 0.125]
						}
					}
				},
				"Bolt": {
					"position": {
						"0.2917": {
							"vector": [0, 0, 0]
						},
						"0.5": {
							"vector": [0, 0, 10.75]
						},
						"0.7083": {
							"vector": [0, 0, 0]
						}
					}
				},
				"Bolt1": {
					"rotation": {
						"0.125": {
							"vector": [0, 0, 0]
						},
						"0.2917": {
							"vector": [-0.98185, 1.10247, 90.34078]
						},
						"0.7083": {
							"vector": [-0.98185, 1.10247, 90.34078]
						},
						"0.875": {
							"vector": [0, 0, 0]
						}
					},
					"position": {
						"0.125": {
							"vector": [0, 0, 0]
						},
						"0.1667": {
							"vector": [-0.07755, 0.04021, -0.0026]
						},
						"0.2083": {
							"vector": [0.03683, 0.07537, -0.13037]
						},
						"0.25": {
							"vector": [0.16469, -0.01372, -0.31009]
						},
						"0.2917": {
							"vector": [0.09962, -0.02921, -0.10804]
						},
						"0.7083": {
							"vector": [0.09962, -0.02921, -0.10804]
						},
						"0.75": {
							"vector": [0.16469, -0.01372, -0.31009]
						},
						"0.7917": {
							"vector": [0.03683, 0.07537, -0.13037]
						},
						"0.8333": {
							"vector": [-0.07755, 0.04021, -0.0026]
						},
						"0.875": {
							"vector": [0, 0, 0]
						}
					}
				},
				"Bolt3": {
					"rotation": {
						"0.0": {
							"vector": [0, 0, 0]
						},
						"0.125": {
							"vector": [0, 0, 0]
						},
						"0.2917": {
							"vector": [0, 0, 90]
						},
						"0.7083": {
							"vector": [0, 0, 90]
						},
						"0.875": {
							"vector": [0, 0, 0]
						}
					},
					"position": {
						"0.0": {
							"vector": [0, 0, 0]
						},
						"0.125": {
							"vector": [0, 0, 0]
						},
						"0.1667": {
							"vector": [-5.72895, 0.91513, -0.07011]
						},
						"0.2083": {
							"vector": [-10.37891, 4.08905, -0.06969]
						},
						"0.25": {
							"vector": [-13.64905, 8.75263, -0.01923]
						},
						"0.2917": {
							"vector": [-14.925, 14.18, 0]
						},
						"0.7083": {
							"vector": [-14.925, 14.18, 0]
						},
						"0.75": {
							"vector": [-13.64905, 8.75263, -0.01923]
						},
						"0.7917": {
							"vector": [-10.37891, 4.08905, -0.06969]
						},
						"0.8333": {
							"vector": [-5.72895, 0.91513, -0.07011]
						},
						"0.875": {
							"vector": [0, 0, 0]
						}
					}
				},
				"Bolt4": {
					"position": {
						"0.0": {
							"vector": [0, 0, 0]
						},
						"0.0417": {
							"vector": [-0.0056, 0.00698, -0.62494]
						},
						"0.625": {
							"vector": [-0.0056, 0.00698, -0.62494]
						},
						"0.6667": {
							"vector": [0, 0, 0]
						}
					}
				},
				"leftarm": {
					"rotation": {
						"0.0": {
							"vector": [0, 0, 0]
						},
						"0.25": {
							"vector": [0, 0, 0]
						},
						"0.3333": {
							"vector": [-5.80909, 4.23106, 4.46948]
						},
						"0.625": {
							"vector": [-5.80909, 4.23106, 4.46948]
						},
						"0.75": {
							"vector": [0, 0, 0]
						}
					},
					"position": {
						"0.0": {
							"vector": [0, 0, 0]
						},
						"0.25": {
							"vector": [0, 0, 0]
						},
						"0.3333": {
							"vector": [0, -1.125, 3.875]
						},
						"0.625": {
							"vector": [0, -1.125, 3.25]
						},
						"0.75": {
							"vector": [0, 0, 0]
						}
					}
				}
			}
		}
	},
	"geckolib_format_version": 2
}