{
	"format_version": "1.8.0",
	"animations": {
		"animation.model.draw": {
			"loop": true,
			"animation_length": 1.2,
			"bones": {
				"main": {
					"rotation": {
						"0.0": {
							"vector": [32.09413, -54.38778, -8.29667]
						},
						"0.35": {
							"vector": [0.50518, -5.08075, 6.8716],
							"easing": "easeOutSine"
						},
						"0.5": {
							"vector": [0.32389, -0.60235, -2.1558],
							"easing": "linear"
						},
						"0.6": {
							"vector": [0, 0, 0],
							"easing": "linear"
						}
					},
					"position": {
						"0.0": {
							"vector": [0, -17.3, 0]
						},
						"0.25": {
							"vector": [-0.4, -2.525, -1.625],
							"easing": "linear"
						},
						"0.4": {
							"vector": [-0.05, 0, -2.49],
							"easing": "linear"
						},
						"0.55": {
							"vector": [0, 0, 0],
							"easing": "linear"
						}
					}
				},
				"leftarm": {
					"rotation": {
						"0.0": {
							"vector": [0, 0, 0]
						},
						"0.2": {
							"vector": [1, 0, -22]
						},
						"0.4": {
							"vector": [0, 0, 0]
						}
					},
					"position": {
						"0.0": {
							"vector": [0, 0, 0]
						},
						"0.2": {
							"vector": [3.53901, 3.6754, 5.59783]
						},
						"0.4": {
							"vector": [0, 0, 0]
						}
					}
				}
			}
		},
		"animation.model.inspect": {
			"loop": true,
			"animation_length": 4.2667,
			"bones": {
				"main": {
					"rotation": {
						"0.0": {
							"vector": [0, 0, 0]
						},
						"0.1667": {
							"vector": [-8.41746, -13.59608, -21.21259],
							"easing": "linear"
						},
						"0.3": {
							"vector": [-8.39812, -20.10111, -31.77688]
						},
						"0.4333": {
							"vector": [-9.55676, -20.88889, -28.55629]
						},
						"0.5333": {
							"vector": [-8.77652, -21.21647, -30.72851]
						},
						"0.7667": {
							"vector": [-9.4227, -20.94881, -28.93303]
						},
						"1.0": {
							"vector": [-3.1216, -20.98207, -46.44405]
						},
						"1.1333": {
							"vector": [-4.564, -20.73064, -42.44007]
						},
						"1.2333": {
							"vector": [-4.86325, -20.9153, -41.60203]
						},
						"1.3333": {
							"vector": [-4.58308, -20.97575, -42.38574]
						},
						"1.4667": {
							"vector": [-4.01131, -21.08802, -43.97908]
						},
						"1.6": {
							"vector": [-4.38767, -21.01662, -42.9316]
						},
						"1.7": {
							"vector": [-4.18847, -21.05622, -43.48691],
							"easing": "linear"
						},
						"2.0333": {
							"vector": [-16.91438, 5.38499, 54.40399],
							"easing": "linear"
						},
						"2.1667": {
							"vector": [-15.22513, 5.80082, 60.04554]
						},
						"2.3": {
							"vector": [-15.70981, 5.86025, 59.48558]
						},
						"2.4333": {
							"vector": [-15.93602, 7.03904, 62.69373]
						},
						"2.5667": {
							"vector": [-15.60896, 7.75082, 65.23442]
						},
						"2.7333": {
							"vector": [-15.71675, 7.52491, 64.42194]
						},
						"2.9": {
							"vector": [-15.56389, 7.84019, 65.55973]
						},
						"3.1": {
							"vector": [-15.61778, 7.73186, 65.16659]
						},
						"3.2667": {
							"vector": [-15.9801, 6.93689, 62.33342]
						},
						"3.4": {
							"vector": [-8.86998, 2.42135, 33.56191]
						},
						"3.5333": {
							"vector": [0, -1.75, -2.75]
						},
						"3.7": {
							"vector": [0, 0, 0]
						}
					},
					"position": {
						"0.0": {
							"vector": [0, 0, 0]
						},
						"0.3": {
							"vector": [-0.475, 1.475, -8.7]
						},
						"0.4": {
							"vector": [-0.195, 1, -7.7]
						},
						"0.5333": {
							"vector": [-0.03, 0.725, -7.7]
						},
						"0.7": {
							"vector": [0, 1.125, -7.7]
						},
						"0.9": {
							"vector": [0.125, 1.4, -8.275]
						},
						"1.2": {
							"vector": [-0.02, 1.475, -8]
						},
						"1.4": {
							"vector": [0.11, 1.425, -8.175]
						},
						"1.6667": {
							"vector": [0.275, 1.25, -7.975]
						},
						"1.8": {
							"vector": [-0.13, -1.19, -8.65]
						},
						"1.9667": {
							"vector": [-0.545, -1.325, -11.15]
						},
						"2.1333": {
							"vector": [-0.415, -1.395, -10.545]
						},
						"2.2667": {
							"vector": [-0.525, -1.455, -9.17]
						},
						"2.4": {
							"vector": [-0.49, -1.43, -9.85]
						},
						"2.5667": {
							"vector": [-0.455, -1.5, -9.24]
						},
						"2.7667": {
							"vector": [-0.53, -1.5, -9.27]
						},
						"3.0": {
							"vector": [-0.49, -1.41, -9.3]
						},
						"3.2333": {
							"vector": [-0.545, -1.325, -9.325]
						},
						"3.3667": {
							"vector": [-1.005, -0.61, -7.41]
						},
						"3.6333": {
							"vector": [0, 0, 0]
						}
					}
				},
				"leftarm": {
					"rotation": {
						"0.0": {
							"vector": [0, 0, 0]
						},
						"0.1667": {
							"vector": [0, 0, -2.5]
						},
						"1.7333": {
							"vector": [0, 0, -2.5]
						},
						"2.0333": {
							"vector": [-20, 0, -45]
						},
						"3.3": {
							"vector": [-20, 0, -45]
						},
						"3.5667": {
							"vector": [0, 0, 0]
						}
					},
					"position": {
						"0.0": {
							"vector": [0, 0, 0]
						},
						"0.1667": {
							"vector": [11.23986, -30.20851, 24.64864]
						},
						"1.7333": {
							"vector": [11.23986, -30.20851, 24.64864]
						},
						"2.0333": {
							"vector": [7.35, 6.25, 2.33]
						},
						"3.3": {
							"vector": [7.35, 6.25, 2.33]
						},
						"3.5667": {
							"vector": [0, 0, 0]
						}
					}
				}
			}
		},
		"animation.model.reload": {
			"loop": true,
			"animation_length": 2.8,
			"blend_weight": "1",
			"bones": {
				"magazine2": {
					"rotation": {
						"0.0": {
							"vector": [0, 0, 0]
						},
						"0.3": {
							"vector": [0, 0, 0]
						},
						"0.4667": {
							"vector": [51.25255, 0.44831, -2.31714]
						},
						"0.5667": {
							"vector": [51.25255, 0.44831, -2.31714]
						},
						"0.6667": {
							"vector": [51.25129, 0.29183, -2.51212]
						},
						"0.8": {
							"vector": [-5.0289, -7.32168, -3.37272]
						},
						"0.9": {
							"vector": [-0.26089, -1.15045, -1.56793]
						},
						"1.0": {
							"vector": [0, 0, 0]
						}
					},
					"position": {
						"0.0": {
							"vector": [0, 0, 0]
						},
						"0.3": {
							"vector": [0, -20, 0]
						},
						"0.4667": {
							"vector": [4.3, 4.275, 4.725]
						},
						"0.5667": {
							"vector": [4.3, 4.275, 4.725]
						},
						"0.6667": {
							"vector": [4.35, -2.125, 4.725]
						},
						"0.7": {
							"vector": [3.4, -7.32, 2.72]
						},
						"0.7667": {
							"vector": [1.7, -8.335, 0.71]
						},
						"0.8": {
							"vector": [0, -6.675, -1.3]
						},
						"0.9": {
							"vector": [0.3, -5.6, -0.2]
						},
						"1.0": {
							"vector": [0, 0, 0]
						}
					},
					"scale": {
						"0.0": {
							"vector": [-0.01, 0, 0]
						},
						"0.3": {
							"vector": [1, 1, 1]
						}
					}
				},
				"main": {
					"rotation": {
						"0.0": {
							"vector": [0, 0, 0]
						},
						"0.0667": {
							"vector": [-1.8321, -1.59665, -1.03015]
						},
						"0.2": {
							"vector": [-17.74587, -11.60911, -6.43273]
						},
						"0.2667": {
							"vector": [-19.99968, -24.36905, -16.68811]
						},
						"0.4667": {
							"vector": [-19.54388, -31.68549, -16.00842]
						},
						"0.6667": {
							"vector": [-9.07, -33.13, -11.11]
						},
						"0.7667": {
							"vector": [-5.89, -33.31, -10.5]
						},
						"0.8667": {
							"vector": [-12.70765, -33.49417, -9.89046]
						},
						"1.0": {
							"vector": [-15.6126, -32.47655, -6.97997]
						},
						"1.2667": {
							"vector": [-12.11604, -33.94088, -16.59823]
						},
						"1.5667": {
							"vector": [-9.03466, -28.66414, -18.55521]
						},
						"1.7333": {
							"vector": [-12.7073, -27.65863, -9.88497]
						},
						"1.9": {
							"vector": [-5.89, -33.31, -10.5]
						},
						"2.0": {
							"vector": [-12.70765, -33.49417, -9.89046]
						},
						"2.1333": {
							"vector": [-15.6126, -32.47655, -6.97997]
						},
						"2.3333": {
							"vector": [-19.54388, -31.68549, -16.00842]
						},
						"2.5333": {
							"vector": [-20.97997, -2.32894, 19.68016]
						},
						"2.7": {
							"vector": [-2.02477, -1.3439, 6.46807]
						},
						"2.8": {
							"vector": [0, 0, 0]
						}
					},
					"position": {
						"0.0": {
							"vector": [0, 0, 0]
						},
						"0.4667": {
							"vector": [0, 0, 3]
						},
						"0.6667": {
							"vector": [0, 0.25, 3]
						},
						"0.7667": {
							"vector": [0, 0.62, 3]
						},
						"0.8667": {
							"vector": [0, 0, 3]
						},
						"1.0": {
							"vector": [0, -0.5625, 3]
						},
						"1.2667": {
							"vector": [0, 0, 3]
						},
						"1.4667": {
							"vector": [0, 0, 3]
						},
						"1.5667": {
							"vector": [0, 0, 3]
						},
						"1.7333": {
							"vector": [0, 0, 3]
						},
						"1.9": {
							"vector": [0, 0.62, 3]
						},
						"2.0": {
							"vector": [0, 0, 3]
						},
						"2.1333": {
							"vector": [0, -0.5625, 3]
						},
						"2.3333": {
							"vector": [0, 0, 3]
						},
						"2.8": {
							"vector": [0, 0, 0]
						}
					}
				},
				"Bipod": {
					"rotation": {
						"0.8667": {
							"vector": [0, 0, 0]
						},
						"0.9": {
							"vector": [-0.5, 0, 0]
						},
						"0.9667": {
							"vector": [0, 0, 0]
						},
						"1.9333": {
							"vector": [0, 0, 0]
						},
						"1.9667": {
							"vector": [-0.5, 0, 0]
						},
						"2.0333": {
							"vector": [0, 0, 0]
						}
					},
					"position": {
						"0.8667": {
							"vector": [0, 0, 0]
						},
						"0.9": {
							"vector": [0.1875, -0.6875, -0.375]
						},
						"0.9667": {
							"vector": [0, 0, 0]
						},
						"1.9333": {
							"vector": [0, 0, 0]
						},
						"1.9667": {
							"vector": [0.1875, -0.6875, -0.375]
						},
						"2.0333": {
							"vector": [0, 0, 0]
						}
					}
				},
				"Bipod2": {
					"rotation": {
						"0.8667": {
							"vector": [0, 0, 0]
						},
						"0.9": {
							"vector": [0.5, 0, 0]
						},
						"0.9667": {
							"vector": [0, 0, 0]
						},
						"1.9333": {
							"vector": [0, 0, 0]
						},
						"1.9667": {
							"vector": [0.5, 0, 0]
						},
						"2.0333": {
							"vector": [0, 0, 0]
						}
					},
					"position": {
						"0.8667": {
							"vector": [0, 0, 0]
						},
						"0.9": {
							"vector": [-0.1875, -0.6875, 0.1875]
						},
						"0.9667": {
							"vector": [0, 0, 0]
						},
						"1.9333": {
							"vector": [0, 0, 0]
						},
						"1.9667": {
							"vector": [-0.1875, -0.6875, 0.1875]
						},
						"2.0333": {
							"vector": [0, 0, 0]
						}
					}
				},
				"magazine": {
					"rotation": {
						"0.0": {
							"vector": [0, 0, 0]
						},
						"0.4667": {
							"vector": [0, 0, 0]
						},
						"0.7667": {
							"vector": [0, 0, 0]
						},
						"0.8333": {
							"vector": [0, 0, 0]
						},
						"0.9": {
							"vector": [12.5, 0, 0]
						},
						"1.0": {
							"vector": [10, 0, 0]
						},
						"1.1": {
							"vector": [-7.5, 0, 0]
						},
						"1.2": {
							"vector": [-7.5, 0, 0]
						},
						"1.5333": {
							"vector": [-7.5, 0, 0]
						},
						"1.6667": {
							"vector": [-7.5, 0, 0]
						},
						"1.7667": {
							"vector": [10, 0, 0]
						},
						"1.9": {
							"vector": [12.5, 0, 0]
						},
						"1.9667": {
							"vector": [0, 0, 0]
						},
						"2.0667": {
							"vector": [0, 0, 0]
						}
					},
					"position": {
						"0.0": {
							"vector": [0, 0, 0]
						},
						"0.4667": {
							"vector": [0, 0, 0]
						},
						"0.7667": {
							"vector": [0, 0, 0]
						},
						"0.8333": {
							"vector": [0, 2.4375, 0]
						},
						"0.9": {
							"vector": [0, 2.44, 7]
						},
						"1.0": {
							"vector": [0, 8.63, 10.75]
						},
						"1.1": {
							"vector": [0, 7.94, 14.5]
						},
						"1.2": {
							"vector": [0, 5.6225, 41.5625]
						},
						"1.2667": {
							"vector": [0, 0.1875, 64.4975]
						},
						"1.4667": {
							"vector": [0, 0.1875, 64.4975]
						},
						"1.5333": {
							"vector": [0, 5.6225, 41.5625]
						},
						"1.6667": {
							"vector": [0, 7.94, 14.5]
						},
						"1.7667": {
							"vector": [0, 8.63, 10.75]
						},
						"1.9": {
							"vector": [0, 2.44, 7]
						},
						"1.9667": {
							"vector": [0, 2.4375, 0]
						},
						"2.0667": {
							"vector": [0, 0, 0]
						}
					}
				},
				"magazinerelease": {
					"rotation": {
						"0.7": {
							"vector": [0, 0, 0]
						},
						"0.7667": {
							"vector": [30, 0, 0]
						},
						"0.8333": {
							"vector": [0, 0, 0]
						}
					},
					"position": {
						"0.7": {
							"vector": [0, 0, 0]
						},
						"0.7333": {
							"vector": [0, -4.8425, 5.8725]
						},
						"0.7667": {
							"vector": [0, -7.875, 12.625]
						},
						"0.8": {
							"vector": [0, -4.8425, 5.8725]
						},
						"0.8333": {
							"vector": [0, 0, 0]
						}
					}
				},
				"rightarm": {
					"rotation": {
						"0.0": {
							"vector": [0, 0, 0]
						},
						"0.4": {
							"vector": [0, 0, 0]
						},
						"0.5": {
							"vector": [-10, 0, 0]
						},
						"0.6": {
							"vector": [-10, 0, 0]
						},
						"0.6667": {
							"vector": [-9.56652, 6.975, -2.79226]
						},
						"0.7333": {
							"vector": [11.26, 6.97, -2.79]
						},
						"0.7667": {
							"vector": [2.93, 6.97, -2.79]
						},
						"0.8": {
							"vector": [-2.07, 6.97, -2.79]
						},
						"0.8333": {
							"vector": [-7.07, 6.97, -2.79]
						},
						"0.8667": {
							"vector": [-2.07, 6.97, -2.79]
						},
						"0.9667": {
							"vector": [-2.02585, 9.39724, -3.39041]
						},
						"1.0333": {
							"vector": [0.47, 9.4, -3.39]
						},
						"1.6333": {
							"vector": [0.47, 9.4, -3.39]
						},
						"1.7333": {
							"vector": [-2.02585, 9.39724, -3.39041]
						},
						"1.8333": {
							"vector": [-2.07, 6.97, -2.79]
						},
						"1.8667": {
							"vector": [-7.07, 6.97, -2.79]
						},
						"1.9": {
							"vector": [-2.07, 6.97, -2.79]
						},
						"1.9333": {
							"vector": [2.93, 6.97, -2.79]
						},
						"2.0": {
							"vector": [2.1, 6.97, -2.79]
						},
						"2.0667": {
							"vector": [1.27, 6.97, -2.79]
						},
						"2.1333": {
							"vector": [-9.56652, 6.975, -2.79226]
						},
						"2.2": {
							"vector": [-10, 0, 0]
						},
						"2.3333": {
							"vector": [-10, 0, 0]
						},
						"2.4333": {
							"vector": [0, 0, 0]
						},
						"2.8": {
							"vector": [0, 0, 0]
						}
					},
					"position": {
						"0.0": {
							"vector": [0, 0, 0]
						},
						"0.4": {
							"vector": [0, 0, 0]
						},
						"0.5": {
							"vector": [-2.125, 1.5625, 0]
						},
						"0.6": {
							"vector": [-2.12, 7.81, 1.4375]
						},
						"0.6667": {
							"vector": [-2.12, 11.935, -2.8725]
						},
						"0.7": {
							"vector": [0, 14.43, -6.25]
						},
						"0.7333": {
							"vector": [2.13, 16.55, -7.7175]
						},
						"0.7667": {
							"vector": [4.255, 17.18, -11.8075]
						},
						"0.8": {
							"vector": [4.26, 17.6175, -12.99]
						},
						"0.8333": {
							"vector": [4.26, 17.2475, -14.365]
						},
						"0.8667": {
							"vector": [4.26, 18.8125, -14.36]
						},
						"0.9": {
							"vector": [4.26, 18.5625, -13.4]
						},
						"0.9667": {
							"vector": [4.26, 21.6225, -11.485]
						},
						"1.0333": {
							"vector": [4.26, 23.87, -3.4225]
						},
						"1.1": {
							"vector": [5.1975, 23.87, 6.33]
						},
						"1.2": {
							"vector": [5.2, 19.37, 31.6425]
						},
						"1.2667": {
							"vector": [5.2, 14.95, 54.97]
						},
						"1.4667": {
							"vector": [5.2, 14.95, 54.97]
						},
						"1.5333": {
							"vector": [5.2, 20.9, 32.4775]
						},
						"1.5667": {
							"vector": [5.1975, 23.12, 26.955]
						},
						"1.6333": {
							"vector": [4.26, 23.4325, 14.015]
						},
						"1.7333": {
							"vector": [4.26, 21.6225, -4.5475]
						},
						"1.8": {
							"vector": [4.26, 22.5625, -10.15]
						},
						"1.8333": {
							"vector": [4.26, 18.8125, -11.5475]
						},
						"1.8667": {
							"vector": [4.26, 17.31, -13.49]
						},
						"1.9": {
							"vector": [4.26, 17.8675, -12.99]
						},
						"1.9333": {
							"vector": [4.255, 18.305, -12.995]
						},
						"2.0": {
							"vector": [5.0625, 16.6175, -12.6875]
						},
						"2.0667": {
							"vector": [1.47, 14.28, -7.78]
						},
						"2.1333": {
							"vector": [-2.12, 11.935, -2.8725]
						},
						"2.2": {
							"vector": [-2.12, 7.81, 1.4375]
						},
						"2.3333": {
							"vector": [-2.125, 1.5625, 0]
						},
						"2.4333": {
							"vector": [0, 0, 0]
						},
						"2.8": {
							"vector": [0, 0, 0]
						}
					}
				},
				"leftarm": {
					"rotation": {
						"0.0": {
							"vector": [0, 0, 0]
						},
						"0.2": {
							"vector": [0, 0, 0]
						},
						"0.4667": {
							"vector": [0, 0, -12.5]
						},
						"2.4667": {
							"vector": [0, 0, -12.5]
						},
						"2.8": {
							"vector": [0, 0, 0]
						}
					},
					"position": {
						"0.0": {
							"vector": [0, 0, 0]
						},
						"0.2": {
							"vector": [0, 0, 0]
						},
						"0.4667": {
							"vector": [2.5625, 0, 6.0625]
						},
						"2.4667": {
							"vector": [2.5625, 0, 6.0625]
						},
						"2.8": {
							"vector": [0, 0, 0]
						}
					}
				},
				"Handle": {
					"rotation": {
						"0.8333": {
							"vector": [0, 0, 0]
						},
						"0.9": {
							"vector": [0, 0, -10]
						},
						"0.9667": {
							"vector": [0, 0, 0]
						},
						"1.9333": {
							"vector": [0, 0, 0]
						},
						"2.0": {
							"vector": [0, 0, -10]
						},
						"2.0667": {
							"vector": [0, 0, 0]
						}
					},
					"position": {
						"0.8333": {
							"vector": [0, 0, 0]
						},
						"0.8667": {
							"vector": [2.28, -1.495, 0]
						},
						"0.9": {
							"vector": [4.5625, -2.75, 0]
						},
						"0.9333": {
							"vector": [2.28, -1.495, 0]
						},
						"0.9667": {
							"vector": [0, 0, 0]
						},
						"1.9333": {
							"vector": [0, 0, 0]
						},
						"1.9667": {
							"vector": [2.28, -1.495, 0]
						},
						"2.0": {
							"vector": [4.5625, -2.75, 0]
						},
						"2.0333": {
							"vector": [2.28, -1.495, 0]
						},
						"2.0667": {
							"vector": [0, 0, 0]
						}
					}
				},
				"holder": {
					"rotation": {
						"0.7667": {
							"vector": [0, 0, 0]
						},
						"0.8": {
							"vector": [0, 0, 7.5]
						},
						"2.0333": {
							"vector": [0, 0, 7.5]
						},
						"2.0667": {
							"vector": [0, 0, 0]
						}
					},
					"position": {
						"0.7667": {
							"vector": [0, 0, 0]
						},
						"0.8": {
							"vector": [-2.125, -4, 0]
						},
						"2.0333": {
							"vector": [-2.125, -4, 0]
						},
						"2.0667": {
							"vector": [0, 0, 0]
						}
					}
				}
			},
			"sound_effects": {
				"0.0": {
					"effect": "madsenreload"
				}
			}
		},
		"animation.model.reloadempty": {
			"loop": true,
			"animation_length": 3.3667,
			"blend_weight": "1",
			"bones": {
				"magazine2": {
					"rotation": {
						"0.0": {
							"vector": [0, 0, 0]
						},
						"0.3": {
							"vector": [0, 0, 0]
						},
						"0.4667": {
							"vector": [51.25255, 0.44831, -2.31714]
						},
						"0.5667": {
							"vector": [51.25255, 0.44831, -2.31714]
						},
						"0.6667": {
							"vector": [51.25129, 0.29183, -2.51212]
						},
						"0.8": {
							"vector": [-5.0289, -7.32168, -3.37272]
						},
						"0.9": {
							"vector": [-0.26089, -1.15045, -1.56793]
						},
						"1.0": {
							"vector": [0, 0, 0]
						}
					},
					"position": {
						"0.0": {
							"vector": [0, 0, 0]
						},
						"0.3": {
							"vector": [0, -20, 0]
						},
						"0.4667": {
							"vector": [4.3, 4.275, 4.725]
						},
						"0.5667": {
							"vector": [4.3, 4.275, 4.725]
						},
						"0.6667": {
							"vector": [4.35, -2.125, 4.725]
						},
						"0.7": {
							"vector": [3.4, -7.32, 2.72]
						},
						"0.7667": {
							"vector": [1.7, -8.335, 0.71]
						},
						"0.8": {
							"vector": [0, -6.675, -1.3]
						},
						"0.9": {
							"vector": [0.3, -5.6, -0.2]
						},
						"1.0": {
							"vector": [0, 0, 0]
						}
					},
					"scale": {
						"0.0": {
							"vector": [-0.01, 0, 0]
						},
						"0.3": {
							"vector": [1, 1, 1]
						}
					}
				},
				"main": {
					"rotation": {
						"0.0": {
							"vector": [0, 0, 0]
						},
						"0.0667": {
							"vector": [-1.8321, -1.59665, -1.03015]
						},
						"0.2": {
							"vector": [-17.74587, -11.60911, -6.43273]
						},
						"0.2667": {
							"vector": [-19.99968, -24.36905, -16.68811]
						},
						"0.4667": {
							"vector": [-19.54388, -31.68549, -16.00842]
						},
						"0.6667": {
							"vector": [-9.07, -33.13, -11.11]
						},
						"0.7667": {
							"vector": [-5.89, -33.31, -10.5]
						},
						"0.8667": {
							"vector": [-12.70765, -33.49417, -9.89046]
						},
						"1.0": {
							"vector": [-15.6126, -32.47655, -6.97997]
						},
						"1.2667": {
							"vector": [-12.11604, -33.94088, -16.59823]
						},
						"1.5667": {
							"vector": [-9.03466, -28.66414, -18.55521]
						},
						"1.7333": {
							"vector": [-12.7073, -27.65863, -9.88497]
						},
						"1.9": {
							"vector": [-5.89, -33.31, -10.5]
						},
						"2.1333": {
							"vector": [-28.03799, -22.99767, 19.26234]
						},
						"2.3333": {
							"vector": [-32.41238, -18.21313, 13.73022]
						},
						"2.6667": {
							"vector": [-20.97997, -2.32894, 19.68016]
						},
						"2.8": {
							"vector": [-28.47997, -2.32894, 19.68016]
						},
						"3.0": {
							"vector": [-2.02477, -1.3439, 6.46807]
						},
						"3.3": {
							"vector": [0, 0, 0]
						}
					},
					"position": {
						"0.0": {
							"vector": [0, 0, 0]
						},
						"0.4667": {
							"vector": [0, 0, 3]
						},
						"0.6667": {
							"vector": [0, 0.25, 3]
						},
						"0.7667": {
							"vector": [0, 0.62, 3]
						},
						"0.8667": {
							"vector": [0, 0, 3]
						},
						"1.0": {
							"vector": [0, -0.5625, 3]
						},
						"1.2667": {
							"vector": [0, 0, 3]
						},
						"1.4667": {
							"vector": [0, 0, 3]
						},
						"1.5667": {
							"vector": [0, 0, 3]
						},
						"1.7333": {
							"vector": [0, 0, 3]
						},
						"1.9": {
							"vector": [0, 0.62, 3]
						},
						"2.1333": {
							"vector": [0, -0.5625, 3]
						},
						"2.3333": {
							"vector": [0, 0, 3]
						},
						"3.3": {
							"vector": [0, 0, 0]
						}
					}
				},
				"Bipod": {
					"rotation": {
						"0.8667": {
							"vector": [0, 0, 0]
						},
						"0.9": {
							"vector": [-0.5, 0, 0]
						},
						"0.9667": {
							"vector": [0, 0, 0]
						},
						"1.9333": {
							"vector": [0, 0, 0]
						},
						"1.9667": {
							"vector": [-0.5, 0, 0]
						},
						"2.0333": {
							"vector": [0, 0, 0]
						}
					},
					"position": {
						"0.8667": {
							"vector": [0, 0, 0]
						},
						"0.9": {
							"vector": [0.1875, -0.6875, -0.375]
						},
						"0.9667": {
							"vector": [0, 0, 0]
						},
						"1.9333": {
							"vector": [0, 0, 0]
						},
						"1.9667": {
							"vector": [0.1875, -0.6875, -0.375]
						},
						"2.0333": {
							"vector": [0, 0, 0]
						}
					}
				},
				"Bipod2": {
					"rotation": {
						"0.8667": {
							"vector": [0, 0, 0]
						},
						"0.9": {
							"vector": [0.5, 0, 0]
						},
						"0.9667": {
							"vector": [0, 0, 0]
						},
						"1.9333": {
							"vector": [0, 0, 0]
						},
						"1.9667": {
							"vector": [0.5, 0, 0]
						},
						"2.0333": {
							"vector": [0, 0, 0]
						}
					},
					"position": {
						"0.8667": {
							"vector": [0, 0, 0]
						},
						"0.9": {
							"vector": [-0.1875, -0.6875, 0.1875]
						},
						"0.9667": {
							"vector": [0, 0, 0]
						},
						"1.9333": {
							"vector": [0, 0, 0]
						},
						"1.9667": {
							"vector": [-0.1875, -0.6875, 0.1875]
						},
						"2.0333": {
							"vector": [0, 0, 0]
						}
					}
				},
				"magazine": {
					"rotation": {
						"0.0": {
							"vector": [0, 0, 0]
						},
						"0.4667": {
							"vector": [0, 0, 0]
						},
						"0.7667": {
							"vector": [0, 0, 0]
						},
						"0.8333": {
							"vector": [0, 0, 0]
						},
						"0.9": {
							"vector": [12.5, 0, 0]
						},
						"1.0": {
							"vector": [10, 0, 0]
						},
						"1.1": {
							"vector": [-7.5, 0, 0]
						},
						"1.2": {
							"vector": [-7.5, 0, 0]
						},
						"1.5333": {
							"vector": [-7.5, 0, 0]
						},
						"1.6667": {
							"vector": [-7.5, 0, 0]
						},
						"1.7667": {
							"vector": [10, 0, 0]
						},
						"1.9": {
							"vector": [12.5, 0, 0]
						},
						"1.9667": {
							"vector": [0, 0, 0]
						},
						"2.0667": {
							"vector": [0, 0, 0]
						}
					},
					"position": {
						"0.0": {
							"vector": [0, 0, 0]
						},
						"0.4667": {
							"vector": [0, 0, 0]
						},
						"0.7667": {
							"vector": [0, 0, 0]
						},
						"0.8333": {
							"vector": [0, 2.4375, 0]
						},
						"0.9": {
							"vector": [0, 2.44, 7]
						},
						"1.0": {
							"vector": [0, 8.63, 10.75]
						},
						"1.1": {
							"vector": [0, 7.94, 14.5]
						},
						"1.2": {
							"vector": [0, 5.6225, 41.5625]
						},
						"1.2667": {
							"vector": [0, 0.1875, 64.4975]
						},
						"1.4667": {
							"vector": [0, 0.1875, 64.4975]
						},
						"1.5333": {
							"vector": [0, 5.6225, 41.5625]
						},
						"1.6667": {
							"vector": [0, 7.94, 14.5]
						},
						"1.7667": {
							"vector": [0, 8.63, 10.75]
						},
						"1.9": {
							"vector": [0, 2.44, 7]
						},
						"1.9667": {
							"vector": [0, 2.4375, 0]
						},
						"2.0667": {
							"vector": [0, 0, 0]
						}
					}
				},
				"rightarm": {
					"rotation": {
						"0.0": {
							"vector": [0, 0, 0]
						},
						"0.4": {
							"vector": [0, 0, 0]
						},
						"0.5": {
							"vector": [-10, 0, 0]
						},
						"0.6": {
							"vector": [-10, 0, 0]
						},
						"0.6667": {
							"vector": [-9.56652, 6.975, -2.79226]
						},
						"0.7333": {
							"vector": [11.26, 6.97, -2.79]
						},
						"0.7667": {
							"vector": [2.93, 6.97, -2.79]
						},
						"0.8": {
							"vector": [-2.07, 6.97, -2.79]
						},
						"0.8333": {
							"vector": [-7.07, 6.97, -2.79]
						},
						"0.8667": {
							"vector": [-2.07, 6.97, -2.79]
						},
						"0.9667": {
							"vector": [-2.02585, 9.39724, -3.39041]
						},
						"1.0333": {
							"vector": [0.47, 9.4, -3.39]
						},
						"1.6333": {
							"vector": [0.47, 9.4, -3.39]
						},
						"1.7333": {
							"vector": [-2.02585, 9.39724, -3.39041]
						},
						"1.8333": {
							"vector": [-2.07, 6.97, -2.79]
						},
						"1.8667": {
							"vector": [-7.07, 6.97, -2.79]
						},
						"1.9": {
							"vector": [-2.07, 6.97, -2.79]
						},
						"1.9333": {
							"vector": [2.93, 6.97, -2.79]
						},
						"2.0": {
							"vector": [2.1, 6.97, -2.79]
						},
						"2.0667": {
							"vector": [1.27, 6.97, -2.79]
						},
						"2.1333": {
							"vector": [-9.56652, 6.975, -2.79226]
						},
						"2.2": {
							"vector": [-10, 0, 0]
						},
						"3.1667": {
							"vector": [-10, 0, 0]
						},
						"3.2667": {
							"vector": [0, 0, 0]
						},
						"3.3667": {
							"vector": [0, 0, 0]
						}
					},
					"position": {
						"0.0": {
							"vector": [0, 0, 0]
						},
						"0.4": {
							"vector": [0, 0, 0]
						},
						"0.5": {
							"vector": [-2.125, 1.5625, 0]
						},
						"0.6": {
							"vector": [-2.12, 7.81, 1.4375]
						},
						"0.6667": {
							"vector": [-2.12, 11.935, -2.8725]
						},
						"0.7": {
							"vector": [0, 14.43, -6.25]
						},
						"0.7333": {
							"vector": [2.13, 16.55, -7.7175]
						},
						"0.7667": {
							"vector": [4.255, 17.18, -11.8075]
						},
						"0.8": {
							"vector": [4.26, 17.6175, -12.99]
						},
						"0.8333": {
							"vector": [4.26, 17.2475, -14.365]
						},
						"0.8667": {
							"vector": [4.26, 18.8125, -14.36]
						},
						"0.9": {
							"vector": [4.26, 18.5625, -13.4]
						},
						"0.9667": {
							"vector": [4.26, 21.6225, -11.485]
						},
						"1.0333": {
							"vector": [4.26, 23.87, -3.4225]
						},
						"1.1": {
							"vector": [5.1975, 23.87, 6.33]
						},
						"1.2": {
							"vector": [5.2, 19.37, 31.6425]
						},
						"1.2667": {
							"vector": [5.2, 14.95, 54.97]
						},
						"1.4667": {
							"vector": [5.2, 14.95, 54.97]
						},
						"1.5333": {
							"vector": [5.2, 20.9, 32.4775]
						},
						"1.5667": {
							"vector": [5.1975, 23.12, 26.955]
						},
						"1.6333": {
							"vector": [4.26, 23.4325, 14.015]
						},
						"1.7333": {
							"vector": [4.26, 21.6225, -4.5475]
						},
						"1.8": {
							"vector": [4.26, 22.5625, -10.15]
						},
						"1.8333": {
							"vector": [4.26, 18.8125, -11.5475]
						},
						"1.8667": {
							"vector": [4.26, 17.31, -13.49]
						},
						"1.9": {
							"vector": [4.26, 17.8675, -12.99]
						},
						"1.9333": {
							"vector": [4.255, 18.305, -12.995]
						},
						"2.0": {
							"vector": [5.0625, 16.6175, -12.6875]
						},
						"2.0667": {
							"vector": [1.47, 14.28, -7.78]
						},
						"2.1333": {
							"vector": [-2.12, 11.935, -2.8725]
						},
						"2.2": {
							"vector": [-2.12, 7.81, 1.4375]
						},
						"2.3333": {
							"vector": [-7.12, 8.23, -11.165]
						},
						"2.6667": {
							"vector": [-7.12, 8.23, -11.165]
						},
						"2.8667": {
							"vector": [-7.435, 7.9, -2.885]
						},
						"3.0667": {
							"vector": [-7.12, 8.23, -11.165]
						},
						"3.1667": {
							"vector": [-2.125, 1.5625, 0]
						},
						"3.2667": {
							"vector": [0, 0, 0]
						},
						"3.3667": {
							"vector": [0, 0, 0]
						}
					}
				},
				"leftarm": {
					"rotation": {
						"0.0": {
							"vector": [0, 0, 0]
						},
						"0.2": {
							"vector": [0, 0, 0]
						},
						"0.4667": {
							"vector": [0, 0, -12.5]
						},
						"2.4667": {
							"vector": [0, 0, -12.5]
						},
						"2.8": {
							"vector": [0, 0, 0]
						}
					},
					"position": {
						"0.0": {
							"vector": [0, 0, 0]
						},
						"0.2": {
							"vector": [0, 0, 0]
						},
						"0.4667": {
							"vector": [2.5625, 0, 6.0625]
						},
						"2.4667": {
							"vector": [2.5625, 0, 6.0625]
						},
						"2.8": {
							"vector": [0, 0, 0]
						}
					}
				},
				"Handle": {
					"rotation": {
						"0.8333": {
							"vector": [0, 0, 0]
						},
						"0.9": {
							"vector": [0, 0, -10]
						},
						"0.9667": {
							"vector": [0, 0, 0]
						},
						"1.9333": {
							"vector": [0, 0, 0]
						},
						"2.0": {
							"vector": [0, 0, -10]
						},
						"2.0667": {
							"vector": [0, 0, 0]
						}
					},
					"position": {
						"0.8333": {
							"vector": [0, 0, 0]
						},
						"0.8667": {
							"vector": [2.28, -1.495, 0]
						},
						"0.9": {
							"vector": [4.5625, -2.75, 0]
						},
						"0.9333": {
							"vector": [2.28, -1.495, 0]
						},
						"0.9667": {
							"vector": [0, 0, 0]
						},
						"1.9333": {
							"vector": [0, 0, 0]
						},
						"1.9667": {
							"vector": [2.28, -1.495, 0]
						},
						"2.0": {
							"vector": [4.5625, -2.75, 0]
						},
						"2.0333": {
							"vector": [2.28, -1.495, 0]
						},
						"2.0667": {
							"vector": [0, 0, 0]
						}
					}
				},
				"holder": {
					"rotation": {
						"0.7667": {
							"vector": [0, 0, 0]
						},
						"0.8": {
							"vector": [0, 0, 7.5]
						},
						"2.0333": {
							"vector": [0, 0, 7.5]
						},
						"2.0667": {
							"vector": [0, 0, 0]
						}
					},
					"position": {
						"0.7667": {
							"vector": [0, 0, 0]
						},
						"0.8": {
							"vector": [-2.125, -4, 0]
						},
						"2.0333": {
							"vector": [-2.125, -4, 0]
						},
						"2.0667": {
							"vector": [0, 0, 0]
						}
					}
				},
				"BoltHandle": {
					"rotation": {
						"2.6667": {
							"vector": [0, 0, 0]
						},
						"2.8667": {
							"vector": [-75, 0, 0]
						},
						"3.0667": {
							"vector": [0, 0, 0]
						}
					},
					"position": {
						"2.6667": {
							"vector": [0, 0, 0]
						},
						"2.7333": {
							"vector": [0, 1.7325, -9.565]
						},
						"2.8": {
							"vector": [0, 7.6775, -17.2525]
						},
						"2.8667": {
							"vector": [0, 16.25, -22.3125]
						},
						"2.9333": {
							"vector": [0, 7.6775, -17.2525]
						},
						"3.0": {
							"vector": [0, 1.7325, -9.565]
						},
						"3.0667": {
							"vector": [0, 0, 0]
						}
					}
				},
				"magazinerelease": {
					"rotation": {
						"0.7": {
							"vector": [0, 0, 0]
						},
						"0.7667": {
							"vector": [30, 0, 0]
						},
						"0.8333": {
							"vector": [0, 0, 0]
						}
					},
					"position": {
						"0.7": {
							"vector": [0, 0, 0]
						},
						"0.7333": {
							"vector": [0, -4.8425, 5.8725]
						},
						"0.7667": {
							"vector": [0, -7.875, 12.625]
						},
						"0.8": {
							"vector": [0, -4.8425, 5.8725]
						},
						"0.8333": {
							"vector": [0, 0, 0]
						}
					}
				}
			},
			"sound_effects": {
				"0.0": {
					"effect": "madsenreloadempty"
				}
			}
		},
		"animation.model.fire": {
			"loop": true,
			"animation_length": 0.1667,
			"bones": {
				"Bipod": {
					"rotation": {
						"0.0": {
							"vector": [0, 0, 0]
						},
						"0.0417": {
							"vector": [-0.5, 0, 0]
						},
						"0.0833": {
							"vector": [0, 0, 0]
						}
					},
					"position": {
						"0.0": {
							"vector": [0, 0, 0]
						},
						"0.0417": {
							"vector": [0.1875, -0.6875, -0.375]
						},
						"0.0833": {
							"vector": [0, 0, 0]
						}
					}
				},
				"Bipod2": {
					"rotation": {
						"0.0": {
							"vector": [0, 0, 0]
						},
						"0.0417": {
							"vector": [0.5, 0, 0]
						},
						"0.0833": {
							"vector": [0, 0, 0]
						}
					},
					"position": {
						"0.0": {
							"vector": [0, 0, 0]
						},
						"0.0417": {
							"vector": [-0.1875, -0.6875, 0.1875]
						},
						"0.0833": {
							"vector": [0, 0, 0]
						}
					}
				},
				"bolt": {
					"rotation": {
						"0.0": {
							"vector": [0, 0, 0]
						},
						"0.0833": {
							"vector": [0, 0, 22.5]
						},
						"0.1667": {
							"vector": [0, 0, 0]
						}
					},
					"position": {
						"0.0": {
							"vector": [0, 0, 0]
						},
						"0.0417": {
							"vector": [-5.37, 0.3175, 0]
						},
						"0.0833": {
							"vector": [-10.625, 1.75, 0]
						},
						"0.125": {
							"vector": [-5.37, 0.3175, 0]
						},
						"0.1667": {
							"vector": [0, 0, 0]
						}
					}
				},
				"magazine": {
					"rotation": {
						"0.0": {
							"vector": [0, 0, 0]
						},
						"0.0417": {
							"vector": [0, 0, 2.5]
						},
						"0.0833": {
							"vector": [0, 0, 0]
						},
						"0.125": {
							"vector": [0, 0, 0]
						}
					},
					"position": {
						"0.0": {
							"vector": [0, 0, 0]
						},
						"0.0417": {
							"vector": [-1.3125, 0, 0]
						},
						"0.0833": {
							"vector": [0.0025, 0, 0]
						},
						"0.125": {
							"vector": [0, 0, 0]
						}
					}
				},
				"Handle": {
					"rotation": {
						"0.0": {
							"vector": [0, 0, 0]
						},
						"0.0833": {
							"vector": [0, 0, -32.5]
						},
						"0.1667": {
							"vector": [0, 0, 0]
						}
					},
					"position": {
						"0.0": {
							"vector": [0, 0, 0]
						},
						"0.0417": {
							"vector": [7.44, -4.0575, 0]
						},
						"0.0833": {
							"vector": [15.8775, -5.87, 0]
						},
						"0.125": {
							"vector": [7.44, -4.0575, 0]
						},
						"0.1667": {
							"vector": [0, 0, 0]
						}
					}
				}
			}
		}
	},
	"geckolib_format_version": 2
}