{
	"format_version": "1.8.0",
	"animations": {
		"animation.model.prepare": {
			"animation_length": 1.25,
			"bones": {
				"main": {
					"rotation": {
						"0.0": {
							"vector": [0, 0, 0]
						},
						"0.2083": {
							"vector": [-5.58, -1.54, 0]
						},
						"0.5417": {
							"vector": [-5.36856, -4.08419, 10.19938]
						},
						"0.7917": {
							"vector": [-7.68472, -19.93989, 0.57543]
						},
						"1.0": {
							"vector": [-19.56151, -14.63599, 17.205]
						},
						"1.25": {
							"vector": [-29.90184, -14.527, 32.67604]
						}
					},
					"position": {
						"0.0": {
							"vector": [0, 0, 0]
						},
						"0.2083": {
							"vector": [0, 0, 1.15]
						},
						"0.5417": {
							"vector": [0, 0, 3]
						},
						"0.7917": {
							"vector": [0, 0, 3],
							"easing": "easeInBounce"
						},
						"1.0": {
							"vector": [0, 0, 3]
						},
						"1.25": {
							"vector": [0, 0, 3]
						}
					}
				},
				"Part1": {
					"rotation": {
						"0.2917": {
							"vector": [0, 0, 0]
						},
						"0.375": {
							"vector": [0, 0, 7]
						},
						"0.4583": {
							"vector": [0, 0, 14],
							"easing": "linear"
						},
						"0.5": {
							"vector": [0, 0, 21]
						},
						"0.5417": {
							"vector": [0, 0, 28],
							"easing": "linear"
						},
						"0.5833": {
							"vector": [0, 0, 35]
						},
						"0.625": {
							"vector": [0, 0, 42],
							"easing": "linear"
						},
						"0.6667": {
							"vector": [0, 0, 62],
							"easing": "linear"
						},
						"0.7083": {
							"vector": [0, 0, 76]
						},
						"0.75": {
							"vector": [0, 0, 90],
							"easing": "linear"
						}
					},
					"position": {
						"0.2917": {
							"vector": [-0.25, 0, 0]
						},
						"0.375": {
							"vector": [-3.25, 0, 0]
						},
						"0.4583": {
							"vector": [-6.5, 0.5, 0]
						},
						"0.5": {
							"vector": [-9.3, 1.48, 0]
						},
						"0.5417": {
							"vector": [-12.1, 2.6, 0],
							"easing": "linear"
						},
						"0.5833": {
							"vector": [-15, 4.1, 0]
						},
						"0.625": {
							"vector": [-17.5, 5.6, 0]
						},
						"0.6667": {
							"vector": [-23.6, 12.6, 0]
						},
						"0.7083": {
							"vector": [-26, 18.6, 0]
						},
						"0.75": {
							"vector": [-26.9, 24.6, 0]
						}
					}
				},
				"rightarm": {
					"rotation": {
						"0.6667": {
							"vector": [0, 0, 0]
						},
						"0.75": {
							"vector": [0, 10, 0]
						},
						"0.7917": {
							"vector": [0, 10, 0]
						},
						"0.9583": {
							"vector": [0, 0, 0]
						},
						"1.0833": {
							"vector": [0, 0, 0]
						},
						"1.25": {
							"vector": [8.35989, -0.21, 1.67]
						}
					},
					"position": {
						"0.6667": {
							"vector": [0, 0, 0]
						},
						"0.75": {
							"vector": [-6.04456, 2.30511, -4.9206]
						},
						"0.7917": {
							"vector": [-6.75482, 5.07608, -12.81543]
						},
						"0.9583": {
							"vector": [-9.7103, 4.42644, -2.24304]
						},
						"1.0833": {
							"vector": [-9.71, 4.43, -2.24]
						},
						"1.25": {
							"vector": [-12, 10, 17]
						}
					}
				},
				"Bolt": {
					"position": {
						"0.0": {
							"vector": [0, 0, 0]
						},
						"0.7917": {
							"vector": [0, 0, 0]
						},
						"0.9583": {
							"vector": [0, 0, 10]
						}
					}
				},
				"bullet": {
					"rotation": {
						"0.7917": {
							"vector": [0, 0, 0]
						},
						"0.9583": {
							"vector": [0, 0, 0]
						},
						"1.0": {
							"vector": [-10.32652, 2.4786, -7.50706]
						},
						"1.0833": {
							"vector": [-15.33, 2.48, -7.51]
						},
						"1.1667": {
							"vector": [-17.33, 2.48, -7.51]
						},
						"1.2083": {
							"vector": [-18.33, 2.48, -7.51]
						},
						"1.25": {
							"vector": [-20.33, 2.48, -7.51]
						}
					},
					"position": {
						"0.7917": {
							"vector": [0, 4, 0]
						},
						"0.9583": {
							"vector": [0, 4, 9.625]
						},
						"1.0": {
							"vector": [-4, 9, 10]
						},
						"1.0833": {
							"vector": [-11, 20, 10]
						},
						"1.1667": {
							"vector": [-21.8, 22, 10]
						},
						"1.2083": {
							"vector": [-37.87, 1.33, 27]
						},
						"1.25": {
							"vector": [-58, -85, 77]
						}
					}
				},
				"bullet2": {
					"rotation": {
						"1.0": {
							"vector": [2.5, 0, 0]
						},
						"1.0417": {
							"vector": [2.5, 0, 0]
						}
					},
					"position": {
						"1.0": {
							"vector": [0, -1.995, 9.38]
						},
						"1.0417": {
							"vector": [0, 0.005, 9.005]
						}
					}
				},
				"leftarm": {
					"rotation": {
						"0.0": {
							"vector": [0, 0, 0]
						},
						"0.2083": {
							"vector": [0, 0, -12.5]
						},
						"0.9167": {
							"vector": [0, 0, -12.5]
						},
						"1.25": {
							"vector": [0, 0, 0]
						}
					},
					"position": {
						"0.0": {
							"vector": [0, 0, 0]
						},
						"0.2083": {
							"vector": [1.2331, 1.12104, 7.05041]
						},
						"0.9167": {
							"vector": [1.2331, 1.12104, 7.05041]
						},
						"1.25": {
							"vector": [0, 0, 0]
						}
					}
				}
			},
			"sound_effects": {
				"0.4167": {
					"effect": "m95prepare"
				}
			}
		},
		"animation.model.preparealt": {
			"animation_length": 1.25,
			"bones": {
				"main": {
					"rotation": {
						"0.0": {
							"vector": [0, 0, 0]
						},
						"0.2083": {
							"vector": [-5.58, -1.54, 0]
						},
						"0.5417": {
							"vector": [-5.36856, -4.08419, 10.19938]
						},
						"0.7917": {
							"vector": [-7.68472, -19.93989, 0.57543]
						},
						"1.0": {
							"vector": [-19.56151, -14.63599, 17.205]
						},
						"1.25": {
							"vector": [-29.90184, -14.527, 32.67604]
						}
					},
					"position": {
						"0.0": {
							"vector": [0, 0, 0]
						},
						"0.2083": {
							"vector": [0, 0, 1.15]
						},
						"0.5417": {
							"vector": [0, 0, 3]
						},
						"0.7917": {
							"vector": [0, 0, 3],
							"easing": "easeInBounce"
						},
						"1.0": {
							"vector": [0, 0, 3]
						},
						"1.25": {
							"vector": [0, 0, 3]
						}
					}
				},
				"Part1": {
					"rotation": {
						"0.2917": {
							"vector": [0, 0, 0]
						},
						"0.375": {
							"vector": [0, 0, 7]
						},
						"0.4583": {
							"vector": [0, 0, 14],
							"easing": "linear"
						},
						"0.5": {
							"vector": [0, 0, 21]
						},
						"0.5417": {
							"vector": [0, 0, 28],
							"easing": "linear"
						},
						"0.5833": {
							"vector": [0, 0, 35]
						},
						"0.625": {
							"vector": [0, 0, 42],
							"easing": "linear"
						},
						"0.6667": {
							"vector": [0, 0, 62],
							"easing": "linear"
						},
						"0.7083": {
							"vector": [0, 0, 76]
						},
						"0.75": {
							"vector": [0, 0, 90],
							"easing": "linear"
						}
					},
					"position": {
						"0.2917": {
							"vector": [-0.25, 0, 0]
						},
						"0.375": {
							"vector": [-3.25, 0, 0]
						},
						"0.4583": {
							"vector": [-6.5, 0.5, 0]
						},
						"0.5": {
							"vector": [-9.3, 1.48, 0]
						},
						"0.5417": {
							"vector": [-12.1, 2.6, 0],
							"easing": "linear"
						},
						"0.5833": {
							"vector": [-15, 4.1, 0]
						},
						"0.625": {
							"vector": [-17.5, 5.6, 0]
						},
						"0.6667": {
							"vector": [-23.6, 12.6, 0]
						},
						"0.7083": {
							"vector": [-26, 18.6, 0]
						},
						"0.75": {
							"vector": [-26.9, 24.6, 0]
						}
					}
				},
				"rightarm": {
					"rotation": {
						"0.6667": {
							"vector": [0, 0, 0]
						},
						"0.75": {
							"vector": [0, 10, 0]
						},
						"0.7917": {
							"vector": [0, 10, 0]
						},
						"0.9583": {
							"vector": [0, 0, 0]
						},
						"1.0833": {
							"vector": [0, 0, 0]
						},
						"1.25": {
							"vector": [8.35989, -0.21, 1.67]
						}
					},
					"position": {
						"0.6667": {
							"vector": [0, 0, 0]
						},
						"0.75": {
							"vector": [-6.04456, 2.30511, -4.9206]
						},
						"0.7917": {
							"vector": [-6.75482, 5.07608, -12.81543]
						},
						"0.9583": {
							"vector": [-9.7103, 4.42644, -2.24304]
						},
						"1.0833": {
							"vector": [-9.71, 4.43, -2.24]
						},
						"1.25": {
							"vector": [-12, 10, 17]
						}
					}
				},
				"Bolt": {
					"position": {
						"0.0": {
							"vector": [0, 0, 0]
						},
						"0.7917": {
							"vector": [0, 0, 0]
						},
						"0.9583": {
							"vector": [0, 0, 10]
						}
					}
				},
				"leftarm": {
					"rotation": {
						"0.0": {
							"vector": [0, 0, 0]
						},
						"0.2083": {
							"vector": [0, 0, -12.5]
						},
						"0.9167": {
							"vector": [0, 0, -12.5]
						},
						"1.25": {
							"vector": [0, 0, 0]
						}
					},
					"position": {
						"0.0": {
							"vector": [0, 0, 0]
						},
						"0.2083": {
							"vector": [1.2331, 1.12104, 7.05041]
						},
						"0.9167": {
							"vector": [1.2331, 1.12104, 7.05041]
						},
						"1.25": {
							"vector": [0, 0, 0]
						}
					}
				}
			},
			"sound_effects": {
				"0.4167": {
					"effect": "m95prepare"
				}
			}
		},
		"animation.model.loadclip": {
			"animation_length": 1.2083,
			"bones": {
				"main": {
					"rotation": {
						"0.0": {
							"vector": [-29.90184, -14.527, 32.67604]
						},
						"0.625": {
							"vector": [-27.4, -14.53, 32.68],
							"easing": "easeInSine"
						},
						"0.75": {
							"vector": [-28.76478, -16.7251, 33.92249]
						},
						"0.875": {
							"vector": [-29.90184, -14.527, 32.67604]
						}
					},
					"position": {
						"0.0": {
							"vector": [0, 0, 3]
						},
						"0.625": {
							"vector": [0, 0, 3]
						},
						"0.75": {
							"vector": [0, 0, 3]
						},
						"0.875": {
							"vector": [0, 0, 3]
						}
					}
				},
				"Bolt": {
					"position": {
						"vector": [0, 0, 12]
					}
				},
				"bullet2": {
					"rotation": {
						"0.375": {
							"vector": [2.5, 0, 0]
						},
						"0.4583": {
							"vector": [2.5, 0, 0]
						}
					},
					"position": {
						"0.0": {
							"vector": [0, -1.62, 9]
						},
						"0.375": {
							"vector": [0, -1.375, 9]
						},
						"0.4583": {
							"vector": [0, 0, 9]
						}
					}
				},
				"rightarm": {
					"rotation": {
						"0.0": {
							"vector": [8.35989, -0.21, 1.67]
						},
						"0.0833": {
							"vector": [4.67886, 12.23807, 0.60075]
						},
						"0.1667": {
							"vector": [0.94037, 14.76373, 0.77652]
						},
						"0.2917": {
							"vector": [0.90724, 7.39462, 2.196]
						},
						"0.3333": {
							"vector": [0.91, 7.39, 2.2]
						},
						"0.375": {
							"vector": [8.41, 7.39, 2.2]
						},
						"0.4583": {
							"vector": [8.41, 7.39, 2.2]
						},
						"0.5417": {
							"vector": [16.04416, 6.79012, 9.70827]
						},
						"0.5833": {
							"vector": [19.31483, 5.2119, 17.12691]
						},
						"0.6667": {
							"vector": [12.04, 6.66, 7.18]
						},
						"0.9167": {
							"vector": [16.77536, 16.44356, 1.20843]
						},
						"0.9583": {
							"vector": [18.43437, 12.27669, 0.49149]
						},
						"1.2083": {
							"vector": [8.35989, -0.21, 1.67]
						}
					},
					"position": {
						"0.0": {
							"vector": [-12, 10, 17]
						},
						"0.0833": {
							"vector": [-10, 12.19, 6.94]
						},
						"0.1667": {
							"vector": [-8, 14.375, -3.125]
						},
						"0.25": {
							"vector": [-4.25, 17.835, -13.2]
						},
						"0.2917": {
							"vector": [-2, 18.255, -18.245]
						},
						"0.3333": {
							"vector": [-2, 18.26, -18.24]
						},
						"0.375": {
							"vector": [-2, 18.26, -18.24]
						},
						"0.4583": {
							"vector": [-2, 18.26, -18.24]
						},
						"0.5417": {
							"vector": [-3.295, 15.09, -15.91]
						},
						"0.5833": {
							"vector": [-4, 15.76, -14.74]
						},
						"0.6667": {
							"vector": [-2.67, 17.43, -17.07]
						},
						"0.9583": {
							"vector": [-9.875, 14, 1.375]
						},
						"1.2083": {
							"vector": [-12, 10, 17]
						}
					}
				},
				"clip": {
					"rotation": {
						"0.0": {
							"vector": [-10, 0, 0]
						},
						"0.1667": {
							"vector": [-5, 0, 0]
						},
						"0.2917": {
							"vector": [-5, 0, 0]
						},
						"0.375": {
							"vector": [0, 0, 0]
						},
						"0.4583": {
							"vector": [0, 0, 0]
						},
						"0.5417": {
							"vector": [0, 0, 0]
						}
					},
					"position": {
						"0.0": {
							"vector": [-9.5, 1.125, 33.125]
						},
						"0.1667": {
							"vector": [-9.5, 9.255, 11.13]
						},
						"0.2917": {
							"vector": [0, 8.25, -3.245]
						},
						"0.375": {
							"vector": [0, 7.875, -3.24]
						},
						"0.4583": {
							"vector": [0, 7.875, -3.24]
						},
						"0.5417": {
							"vector": [0, 0, 0]
						}
					}
				}
			}
		},
		"animation.model.loadfirst": {
			"animation_length": 1.125,
			"bones": {
				"main": {
					"rotation": {
						"0.0": {
							"vector": [-29.90184, -14.527, 32.67604]
						},
						"0.625": {
							"vector": [-27.4, -14.53, 32.68],
							"easing": "easeInSine"
						},
						"0.75": {
							"vector": [-28.76478, -16.7251, 33.92249]
						},
						"0.875": {
							"vector": [-29.90184, -14.527, 32.67604]
						}
					},
					"position": {
						"0.0": {
							"vector": [0, 0, 3]
						},
						"0.625": {
							"vector": [0, 0, 3]
						},
						"0.75": {
							"vector": [0, 0, 3]
						},
						"0.875": {
							"vector": [0, 0, 3]
						}
					}
				},
				"Part1": {
					"rotation": {
						"vector": ["linear", "linear", "linear"]
					},
					"position": {
						"vector": [-26.9, 24.6, 0]
					}
				},
				"rightarm": {
					"rotation": {
						"0.0": {
							"vector": [8.35989, -0.21, 1.67]
						},
						"0.1667": {
							"vector": [8.44037, 14.76373, 0.77652]
						},
						"0.3333": {
							"vector": [8.44, 14.76, 0.78]
						},
						"0.5": {
							"vector": [18.44, 14.76, 0.78]
						},
						"0.5833": {
							"vector": [18.43437, 12.27669, 0.49149]
						},
						"0.8333": {
							"vector": [18.43437, 12.27669, 0.49149]
						},
						"1.125": {
							"vector": [8.35989, -0.21, 1.67]
						}
					},
					"position": {
						"0.0": {
							"vector": [-12, 10, 17]
						},
						"0.1667": {
							"vector": [-8, 10, -3.125]
						},
						"0.3333": {
							"vector": [-6, 10, -16]
						},
						"0.5": {
							"vector": [-3, 14, -11]
						},
						"0.5833": {
							"vector": [-2, 14, -15.125]
						},
						"0.8333": {
							"vector": [-6.625, 14, -9]
						},
						"1.0": {
							"vector": [-8.25, 13, -4]
						},
						"1.125": {
							"vector": [-13.375, 10, 17]
						}
					}
				},
				"Bolt": {
					"position": {
						"vector": [0, 0, 12]
					}
				},
				"bullet": {
					"position": {
						"vector": [0, -0.125, 9.5]
					}
				},
				"bullet2": {
					"rotation": {
						"0.0": {
							"vector": [-4.89, 2.71, 2.28]
						},
						"0.1667": {
							"vector": [7.60732, -2.24603, 1.61817]
						},
						"0.3333": {
							"vector": [7.63022, -4.72793, 1.2879]
						},
						"0.5": {
							"vector": [7.66479, -7.20777, 0.95552]
						},
						"0.5833": {
							"vector": [2.5, 0, 0]
						}
					},
					"position": {
						"0.0": {
							"vector": [-6, 0, 44.75],
							"easing": "linear"
						},
						"0.1667": {
							"vector": [-6.5, 2, 22]
						},
						"0.3333": {
							"vector": [-3.5, 0, 7]
						},
						"0.5": {
							"vector": [-0.875, 1.25, 7.875]
						},
						"0.5833": {
							"vector": [0, 0, 9]
						}
					}
				}
			},
			"sound_effects": {
				"0.0833": {
					"effect": "boltsingleload"
				}
			}
		},
		"animation.model.load": {
			"animation_length": 1.125,
			"bones": {
				"main": {
					"rotation": {
						"0.0": {
							"vector": [-29.90184, -14.527, 32.67604]
						},
						"0.625": {
							"vector": [-27.4, -14.53, 32.68],
							"easing": "easeInSine"
						},
						"0.75": {
							"vector": [-28.76478, -16.7251, 33.92249]
						},
						"0.875": {
							"vector": [-29.90184, -14.527, 32.67604]
						}
					},
					"position": {
						"0.0": {
							"vector": [0, 0, 3]
						},
						"0.625": {
							"vector": [0, 0, 3]
						},
						"0.75": {
							"vector": [0, 0, 3]
						},
						"0.875": {
							"vector": [0, 0, 3]
						}
					}
				},
				"Part1": {
					"rotation": {
						"vector": ["linear", "linear", "linear"]
					},
					"position": {
						"vector": [-26.9, 24.6, 0]
					}
				},
				"rightarm": {
					"rotation": {
						"0.0": {
							"vector": [8.35989, -0.21, 1.67]
						},
						"0.1667": {
							"vector": [8.44037, 14.76373, 0.77652]
						},
						"0.3333": {
							"vector": [8.44, 14.76, 0.78]
						},
						"0.5": {
							"vector": [18.44, 14.76, 0.78]
						},
						"0.5833": {
							"vector": [18.43437, 12.27669, 0.49149]
						},
						"0.8333": {
							"vector": [18.43437, 12.27669, 0.49149]
						},
						"1.125": {
							"vector": [8.35989, -0.21, 1.67]
						}
					},
					"position": {
						"0.0": {
							"vector": [-12, 10, 17]
						},
						"0.1667": {
							"vector": [-8, 10, -3.125]
						},
						"0.3333": {
							"vector": [-6, 10, -16]
						},
						"0.5": {
							"vector": [-3, 14, -11]
						},
						"0.5833": {
							"vector": [-2, 14, -15.125]
						},
						"0.8333": {
							"vector": [-6.625, 14, -9]
						},
						"1.0": {
							"vector": [-8.25, 13, -4]
						},
						"1.125": {
							"vector": [-12, 10, 17]
						}
					}
				},
				"Bolt": {
					"position": {
						"vector": [0, 0, 12]
					}
				},
				"bullet": {
					"rotation": {
						"0.0": {
							"vector": [2.5, 0, 0]
						},
						"0.4167": {
							"vector": [2.5, 0, 0]
						}
					},
					"position": {
						"0.0": {
							"vector": [0, 3.625, 9.375]
						},
						"0.4167": {
							"vector": [0, 3.63, 9.38]
						},
						"0.4583": {
							"vector": [0, 3.13, 9.38]
						},
						"0.5833": {
							"vector": [0, 1.88, 9.38]
						}
					}
				},
				"bullet2": {
					"rotation": {
						"0.0": {
							"vector": [-4.89, 2.71, 2.28]
						},
						"0.1667": {
							"vector": [7.60732, -2.24603, 1.61817]
						},
						"0.3333": {
							"vector": [7.63022, -4.72793, 1.2879]
						},
						"0.5": {
							"vector": [7.66479, -7.20777, 0.95552]
						},
						"0.5833": {
							"vector": [2.5, 0, 0]
						}
					},
					"position": {
						"0.0": {
							"vector": [-6, 0, 44.75],
							"easing": "linear"
						},
						"0.1667": {
							"vector": [-6.5, 2, 22]
						},
						"0.3333": {
							"vector": [-3.5, 2, 7]
						},
						"0.5": {
							"vector": [-0.875, 1.25, 7.875]
						},
						"0.5833": {
							"vector": [0, 0, 9]
						}
					}
				}
			},
			"sound_effects": {
				"0.0833": {
					"effect": "boltsingleload"
				}
			}
		},
		"animation.model.finish": {
			"animation_length": 1.125,
			"bones": {
				"main": {
					"rotation": {
						"0.0": {
							"vector": [-29.90184, -14.527, 32.67604]
						},
						"0.2083": {
							"vector": [-19.56151, -14.63599, 17.205]
						},
						"0.5417": {
							"vector": [-7.68472, -19.93989, 0.57543]
						},
						"0.75": {
							"vector": [5, -2.5, 0]
						},
						"0.9167": {
							"vector": [1.92, -1.54, 0]
						},
						"1.125": {
							"vector": [0, 0, 0]
						}
					},
					"position": {
						"0.0": {
							"vector": [0, 0, 3]
						},
						"0.2083": {
							"vector": [0, 0, 3]
						},
						"0.5417": {
							"vector": [0, 0, 3],
							"easing": "easeInBounce"
						},
						"0.75": {
							"vector": [0, 0, 3]
						},
						"0.9167": {
							"vector": [0, 0, 1.15]
						},
						"1.125": {
							"vector": [0, 0, 0]
						}
					}
				},
				"Part1": {
					"rotation": {
						"0.4167": {
							"vector": [0, 0, 90],
							"easing": "linear"
						},
						"0.4583": {
							"vector": [0, 0, 76]
						},
						"0.5": {
							"vector": [0, 0, 62],
							"easing": "linear"
						},
						"0.5417": {
							"vector": [0, 0, 42],
							"easing": "linear"
						},
						"0.5833": {
							"vector": [0, 0, 35]
						},
						"0.625": {
							"vector": [0, 0, 28],
							"easing": "linear"
						},
						"0.6667": {
							"vector": [0, 0, 21]
						},
						"0.7083": {
							"vector": [0, 0, 14],
							"easing": "linear"
						},
						"0.7917": {
							"vector": [0, 0, 7]
						},
						"0.875": {
							"vector": [0, 0, 0]
						}
					},
					"position": {
						"0.4167": {
							"vector": [-26.9, 24.6, 0]
						},
						"0.4583": {
							"vector": [-26, 18.6, 0]
						},
						"0.5": {
							"vector": [-23.6, 12.6, 0]
						},
						"0.5417": {
							"vector": [-17.5, 5.6, 0]
						},
						"0.5833": {
							"vector": [-15, 4.1, 0]
						},
						"0.625": {
							"vector": [-12.1, 2.6, 0],
							"easing": "linear"
						},
						"0.6667": {
							"vector": [-9.3, 1.48, 0]
						},
						"0.7083": {
							"vector": [-6.5, 0.5, 0]
						},
						"0.7917": {
							"vector": [-3.25, 0, 0]
						},
						"0.875": {
							"vector": [-0.25, 0, 0]
						}
					}
				},
				"rightarm": {
					"rotation": {
						"0.0": {
							"vector": [8.35989, -0.21, 1.67]
						},
						"0.0833": {
							"vector": [-7.67944, -0.21459, 1.66547]
						},
						"0.4167": {
							"vector": [0, 10, 0]
						},
						"0.6667": {
							"vector": [-15.33, -0.16, 4]
						},
						"0.9583": {
							"vector": [0, 0, 0]
						}
					},
					"position": {
						"0.0": {
							"vector": [-12, 10, 17]
						},
						"0.0833": {
							"vector": [-8.375, 7.25, -2]
						},
						"0.4167": {
							"vector": [-6.75482, 5.07608, -12.81543]
						},
						"0.6667": {
							"vector": [-12.5, 6, -9]
						},
						"0.9583": {
							"vector": [0, 0, 0]
						}
					}
				},
				"Bolt": {
					"position": {
						"0.0833": {
							"vector": [0, 0, 12]
						},
						"0.3333": {
							"vector": [0, 0, 0]
						}
					}
				},
				"bullet2": {
					"rotation": {
						"vector": [2.5, 0, 0]
					},
					"position": {
						"0.125": {
							"vector": [0, 0, 9]
						},
						"0.2083": {
							"vector": [0, 0, 5.765]
						},
						"0.2917": {
							"vector": [0, 0, 1.785]
						},
						"0.4167": {
							"vector": [0, 0, -0.125]
						}
					}
				}
			},
			"sound_effects": {
				"0.0": {
					"effect": "m95finish1"
				}
			}
		},
		"animation.model.draw": {
			"loop": "hold_on_last_frame",
			"animation_length": 0.65,
			"bones": {
				"main": {
					"rotation": {
						"0.0": {
							"vector": [32.09413, -54.38778, -8.29667]
						},
						"0.35": {
							"vector": [0.50518, -5.08075, 6.8716],
							"easing": "easeOutSine"
						},
						"0.5": {
							"vector": [0.32389, -0.60235, -2.1558],
							"easing": "linear"
						},
						"0.6": {
							"vector": [0, 0, 0],
							"easing": "linear"
						}
					},
					"position": {
						"0.0": {
							"vector": [0, -17.3, 0]
						},
						"0.25": {
							"vector": [-0.4, -2.525, -1.625],
							"easing": "linear"
						},
						"0.4": {
							"vector": [-0.05, 0, -2.49],
							"easing": "linear"
						},
						"0.55": {
							"vector": [0, 0, 0],
							"easing": "linear"
						}
					}
				},
				"leftarm": {
					"rotation": {
						"0.0": {
							"vector": [0, 0, 0]
						},
						"0.2": {
							"vector": [1, 0, -22]
						},
						"0.4": {
							"vector": [0, 0, 0]
						}
					},
					"position": {
						"0.0": {
							"vector": [0, 0, 0]
						},
						"0.2": {
							"vector": [3.53901, 3.6754, 5.59783]
						},
						"0.3": {
							"vector": [1.709, 2.09577, 8.0672]
						},
						"0.4": {
							"vector": [0, 0, 0]
						},
						"0.5": {
							"vector": [0.04205, 0.67228, 3.94288]
						},
						"0.65": {
							"vector": [0, 0, 0]
						}
					}
				}
			}
		},
		"animation.model.inspect": {
			"loop": true,
			"animation_length": 4.2667,
			"bones": {
				"main": {
					"rotation": {
						"0.0": {
							"vector": [0, 0, 0]
						},
						"0.1667": {
							"vector": [-8.41746, -13.59608, -21.21259],
							"easing": "linear"
						},
						"0.3": {
							"vector": [-8.39812, -20.10111, -31.77688]
						},
						"0.4333": {
							"vector": [-9.55676, -20.88889, -28.55629]
						},
						"0.5333": {
							"vector": [-8.77652, -21.21647, -30.72851]
						},
						"0.7667": {
							"vector": [-9.4227, -20.94881, -28.93303]
						},
						"1.0": {
							"vector": [-3.1216, -20.98207, -46.44405]
						},
						"1.1333": {
							"vector": [-4.564, -20.73064, -42.44007]
						},
						"1.2333": {
							"vector": [-4.86325, -20.9153, -41.60203]
						},
						"1.3333": {
							"vector": [-4.58308, -20.97575, -42.38574]
						},
						"1.4667": {
							"vector": [-4.01131, -21.08802, -43.97908]
						},
						"1.6": {
							"vector": [-4.38767, -21.01662, -42.9316]
						},
						"1.7": {
							"vector": [-4.18847, -21.05622, -43.48691],
							"easing": "linear"
						},
						"2.0333": {
							"vector": [-16.91438, 5.38499, 54.40399],
							"easing": "linear"
						},
						"2.1667": {
							"vector": [-15.22513, 5.80082, 60.04554]
						},
						"2.3": {
							"vector": [-15.70981, 5.86025, 59.48558]
						},
						"2.4333": {
							"vector": [-15.93602, 7.03904, 62.69373]
						},
						"2.5667": {
							"vector": [-15.60896, 7.75082, 65.23442]
						},
						"2.7333": {
							"vector": [-15.71675, 7.52491, 64.42194]
						},
						"2.9": {
							"vector": [-15.56389, 7.84019, 65.55973]
						},
						"3.1": {
							"vector": [-15.61778, 7.73186, 65.16659]
						},
						"3.2667": {
							"vector": [-15.9801, 6.93689, 62.33342]
						},
						"3.4": {
							"vector": [-8.86998, 2.42135, 33.56191]
						},
						"3.5333": {
							"vector": [0, -1.75, -2.75]
						},
						"3.7": {
							"vector": [0, 0, 0]
						}
					},
					"position": {
						"0.0": {
							"vector": [0, 0, 0]
						},
						"0.3": {
							"vector": [-0.475, 1.475, -8.7]
						},
						"0.4": {
							"vector": [-0.195, 1, -7.7]
						},
						"0.5333": {
							"vector": [-0.03, 0.725, -7.7]
						},
						"0.7": {
							"vector": [0, 1.125, -7.7]
						},
						"0.9": {
							"vector": [0.125, 1.4, -8.275]
						},
						"1.2": {
							"vector": [-0.02, 1.475, -8]
						},
						"1.4": {
							"vector": [0.11, 1.425, -8.175]
						},
						"1.6667": {
							"vector": [0.275, 1.25, -7.975]
						},
						"1.8": {
							"vector": [-0.13, -1.19, -8.65]
						},
						"1.9667": {
							"vector": [-0.545, -1.325, -11.15]
						},
						"2.1333": {
							"vector": [-0.415, -1.395, -10.545]
						},
						"2.2667": {
							"vector": [-0.525, -1.455, -9.17]
						},
						"2.4": {
							"vector": [-0.49, -1.43, -9.85]
						},
						"2.5667": {
							"vector": [-0.455, -1.5, -9.24]
						},
						"2.7667": {
							"vector": [-0.53, -1.5, -9.27]
						},
						"3.0": {
							"vector": [-0.49, -1.41, -9.3]
						},
						"3.2333": {
							"vector": [-0.545, -1.325, -9.325]
						},
						"3.3667": {
							"vector": [-1.005, -0.61, -7.41]
						},
						"3.6333": {
							"vector": [0, 0, 0]
						}
					}
				},
				"leftarm": {
					"rotation": {
						"0.0": {
							"vector": [0, 0, 0]
						},
						"0.1667": {
							"vector": [0, 0, -2.5]
						},
						"1.7333": {
							"vector": [0, 0, -2.5]
						},
						"2.0333": {
							"vector": [-20, 0, -45]
						},
						"3.3": {
							"vector": [-20, 0, -45]
						},
						"3.5667": {
							"vector": [0, 0, 0]
						}
					},
					"position": {
						"0.0": {
							"vector": [0, 0, 0]
						},
						"0.1667": {
							"vector": [11.23986, -30.20851, 24.64864]
						},
						"1.7333": {
							"vector": [11.23986, -30.20851, 24.64864]
						},
						"2.0333": {
							"vector": [7.35, 6.25, 2.33]
						},
						"3.3": {
							"vector": [7.35, 6.25, 2.33]
						},
						"3.5667": {
							"vector": [0, 0, 0]
						}
					}
				}
			}
		},
		"animation.model.fire": {
			"animation_length": 0.875,
			"bones": {
				"main": {
					"rotation": {
						"0.0": {
							"vector": [0, 0, 0]
						},
						"0.125": {
							"vector": [-3.0818, -1.53414, 0.13425]
						},
						"0.1667": {
							"vector": [-3.0818, -1.53414, 0.13425]
						},
						"0.2917": {
							"vector": [-5.00933, -2.462, -2.06561]
						},
						"0.4167": {
							"vector": [-7.52021, -5.35466, -4.11276]
						},
						"0.5": {
							"vector": [-5.40693, -6.37476, -6.65724]
						},
						"0.5833": {
							"vector": [-3.47768, -6.00697, -4.47252]
						},
						"0.6667": {
							"vector": [-1.32013, -3.31602, -2.47057]
						},
						"0.7083": {
							"vector": [-1.32013, -3.31602, -2.47057]
						},
						"0.7917": {
							"vector": [0, 0, 0]
						}
					},
					"position": {
						"0.0": {
							"vector": [0, 0, 0]
						},
						"0.125": {
							"vector": [0, 0, 1.15]
						},
						"0.1667": {
							"vector": [0, 0, 1.15]
						},
						"0.2917": {
							"vector": [0, 0, 3]
						},
						"0.4167": {
							"vector": [0, 0, 3],
							"easing": "easeInBounce"
						},
						"0.5": {
							"vector": [0, 0, 1.29]
						},
						"0.5833": {
							"vector": [0, 0, 0.93]
						},
						"0.6667": {
							"vector": [0, 0, 0.64]
						},
						"0.7083": {
							"vector": [0, 0, 0.64]
						},
						"0.7917": {
							"vector": [0, 0, 0]
						}
					}
				},
				"Bolt": {
					"position": {
						"0.0": {
							"vector": [0, 0, 0]
						},
						"0.125": {
							"vector": [0, 0, 0]
						},
						"0.1667": {
							"vector": [0, 0, 0]
						},
						"0.4167": {
							"vector": [0, 0, 9.5]
						},
						"0.7083": {
							"vector": [0, 0, 0]
						},
						"0.75": {
							"vector": [0, 0, 0]
						}
					}
				},
				"rightarm": {
					"rotation": {
						"0.0": {
							"vector": [0, 0, 0]
						},
						"0.0833": {
							"vector": [0, 10, 0]
						},
						"0.125": {
							"vector": [0, 10, 0]
						},
						"0.1667": {
							"vector": [0, 10, 0]
						},
						"0.4167": {
							"vector": [0, 0, 0]
						},
						"0.7083": {
							"vector": [0, 10, 0]
						},
						"0.75": {
							"vector": [0, 10, 0]
						},
						"0.7917": {
							"vector": [0, 10, 0]
						},
						"0.875": {
							"vector": [0, 0, 0]
						}
					},
					"position": {
						"0.0": {
							"vector": [0, 0, 0]
						},
						"0.0833": {
							"vector": [-6.04456, 2.30511, -4.9206]
						},
						"0.125": {
							"vector": [-6.75482, 5.07608, -12.81543]
						},
						"0.1667": {
							"vector": [-6.75482, 5.07608, -12.81543]
						},
						"0.3333": {
							"vector": [-8.57255, 4.42448, -6.21577]
						},
						"0.4167": {
							"vector": [-9.87634, 4.24447, -3.84926]
						},
						"0.7083": {
							"vector": [-6.75482, 5.07608, -12.81543]
						},
						"0.75": {
							"vector": [-6.75482, 5.07608, -12.81543]
						},
						"0.7917": {
							"vector": [-6.04456, 2.30511, -4.9206]
						},
						"0.875": {
							"vector": [0, 0, 0]
						}
					}
				},
				"bullet2": {
					"rotation": {
						"0.0": {
							"vector": [0, 0, 0]
						},
						"0.3333": {
							"vector": [0, 0, 0]
						},
						"0.375": {
							"vector": [-5, 5, 0]
						},
						"0.4167": {
							"vector": [-12.42777, 4.06515, 0.15474]
						},
						"0.4583": {
							"vector": [-22.38758, 3.46771, 0.39558]
						},
						"0.5417": {
							"vector": [-42.30546, 2.30619, 1.11111]
						},
						"0.6667": {
							"vector": [-22.38758, 3.46771, 0.39558]
						}
					},
					"position": {
						"0.0833": {
							"vector": [0, -0.375, 0]
						},
						"0.3333": {
							"vector": [0, -0.37, 7.25]
						},
						"0.375": {
							"vector": [-1.75, 1.255, 11.255]
						},
						"0.4167": {
							"vector": [-10.125, 6.75, 15.13]
						},
						"0.4583": {
							"vector": [-21.75, 10.88, 19.13]
						},
						"0.5": {
							"vector": [-33.37, 10.755, 24.63]
						},
						"0.5417": {
							"vector": [-41.66, 6.565, 29.245]
						},
						"0.5833": {
							"vector": [-49.96, 0.115, 34.11]
						},
						"0.625": {
							"vector": [-58.26, -9.95, 40.475]
						},
						"0.6667": {
							"vector": [-72.365, -27.49, 46.255]
						}
					}
				},
				"bullet": {
					"rotation": {
						"0.0": {
							"vector": [0, 0, 0]
						},
						"0.4167": {
							"vector": [-2.5, 0, 0]
						},
						"0.5": {
							"vector": [0, 0, 0]
						}
					},
					"position": {
						"0.2917": {
							"vector": [0, 2, 9.25]
						},
						"0.4167": {
							"vector": [0, 3.75, 9.75]
						},
						"0.5": {
							"vector": [0.25, 3.875, 7.25],
							"easing": "easeInCubic"
						},
						"0.7083": {
							"vector": [0, 3.625, 0.125]
						}
					}
				},
				"leftarm": {
					"rotation": {
						"0.0": {
							"vector": [0, 0, 0]
						},
						"0.25": {
							"vector": [0, 0, 0]
						},
						"0.3333": {
							"vector": [-5.80909, 4.23106, 4.46948]
						},
						"0.625": {
							"vector": [-5.80909, 4.23106, 4.46948]
						},
						"0.75": {
							"vector": [0, 0, 0]
						}
					},
					"position": {
						"0.0": {
							"vector": [0, 0, 0]
						},
						"0.25": {
							"vector": [0, 0, 0]
						},
						"0.3333": {
							"vector": [0, -1.125, 3.875]
						},
						"0.625": {
							"vector": [0, -1.125, 3.25]
						},
						"0.75": {
							"vector": [0, 0, 0]
						}
					}
				}
			}
		}
	},
	"geckolib_format_version": 2
}