{
	"format_version": "1.8.0",
	"animations": {
		"animation.model.reload": {
			"loop": true,
			"animation_length": 1.73333,
			"blend_weight": "1",
			"bones": {
				"magazine2": {
					"rotation": {
						"0.0": {
							"vector": [0, 0, 0]
						},
						"0.3": {
							"vector": [0, 0, 0]
						},
						"0.4667": {
							"vector": [51.25255, 0.44831, -2.31714]
						},
						"0.5667": {
							"vector": [51.25255, 0.44831, -2.31714]
						},
						"0.6667": {
							"vector": [51.25129, 0.29183, -2.51212]
						},
						"0.8": {
							"vector": [-5.0289, -7.32168, -3.37272]
						},
						"0.9": {
							"vector": [-0.26089, -1.15045, -1.56793]
						},
						"1.0": {
							"vector": [0, 0, 0]
						}
					},
					"position": {
						"0.0": {
							"vector": [0, 0, 0]
						},
						"0.3": {
							"vector": [0, -20, 0]
						},
						"0.4667": {
							"vector": [4.3, 4.275, 4.725]
						},
						"0.5667": {
							"vector": [4.3, 4.275, 4.725]
						},
						"0.6667": {
							"vector": [4.35, -2.125, 4.725]
						},
						"0.7": {
							"vector": [3.4, -7.32, 2.72]
						},
						"0.7667": {
							"vector": [1.7, -8.335, 0.71]
						},
						"0.8": {
							"vector": [0, -6.675, -1.3]
						},
						"0.9": {
							"vector": [0.3, -5.6, -0.2]
						},
						"1.0": {
							"vector": [0, 0, 0]
						}
					},
					"scale": {
						"0.0": {
							"vector": [-0.01, 0, 0]
						},
						"0.3": {
							"vector": [1, 1, 1]
						}
					}
				},
				"main": {
					"rotation": {
						"0.0": {
							"vector": [0, 0, 0]
						},
						"0.2": {
							"vector": [-2.82845, -3.14202, -11.53827]
						},
						"0.3": {
							"vector": [-6.1257, -3.02931, -21.44076],
							"easing": "linear"
						},
						"0.4": {
							"vector": [-8.99714, -2.88714, -18.93428],
							"easing": "linear"
						},
						"0.5": {
							"vector": [-8.56216, -3.74773, -26.14959]
						},
						"0.6667": {
							"vector": [-8.93449, -3.57494, -20.09324]
						},
						"0.8": {
							"vector": [-8.23835, -5.39519, -30.46877],
							"easing": "linear"
						},
						"0.9": {
							"vector": [-8.4224, -4.29086, -28.09539],
							"easing": "linear"
						},
						"1.0": {
							"vector": [-7.70135, -5.48509, -36.54201],
							"easing": "linear"
						},
						"1.1": {
							"vector": [-6.11762, -4.35841, -32.12568],
							"easing": "linear"
						},
						"1.2333": {
							"vector": [-5.32391, -3.82513, -33.76028]
						},
						"1.3": {
							"vector": [-1.22859, -0.88272, -34.3293]
						},
						"1.4": {
							"vector": [0, 0, 1.13]
						},
						"1.5333": {
							"vector": [0, 0, 0],
							"easing": "linear"
						}
					},
					"position": {
						"0.0": {
							"vector": [0, 0, 0]
						},
						"0.1333": {
							"vector": [0.355, -0.42, -4.425]
						},
						"0.3667": {
							"vector": [-0.35, -1.75, 0.05],
							"easing": "linear"
						},
						"0.5667": {
							"vector": [-0.15, -0.6, 1],
							"easing": "linear"
						},
						"0.6667": {
							"vector": [-0.52, -1.72, 0.475]
						},
						"0.8": {
							"vector": [-0.85, -2.275, 1],
							"easing": "linear"
						},
						"0.9": {
							"vector": [-0.65, -1.475, 1],
							"easing": "linear"
						},
						"1.0": {
							"vector": [-1.35, -0.225, 0.525],
							"easing": "linear"
						},
						"1.1333": {
							"vector": [-1.575, -2.1, -1.075],
							"easing": "linear"
						},
						"1.3": {
							"vector": [0, -1.3, -3.4],
							"easing": "linear"
						},
						"1.4": {
							"vector": [0, -0.425, -2.45],
							"easing": "linear"
						},
						"1.5": {
							"vector": [0, 0, 0],
							"easing": "linear"
						}
					}
				},
				"magazine": {
					"rotation": {
						"0.0": {
							"vector": [0, 0, 0]
						},
						"0.2333": {
							"vector": [0, 0, 0]
						},
						"0.3333": {
							"vector": [0, 0, 0]
						},
						"0.4": {
							"vector": [-11.82704, -4.075, 0.37598]
						},
						"0.6": {
							"vector": [12.96594, 7.94558, 1.44424]
						},
						"0.7333": {
							"vector": [47.17135, 19.1314, 9.80404]
						},
						"0.9333": {
							"vector": [47.17135, 19.1314, 9.80404]
						},
						"1.0667": {
							"vector": [12.96594, 7.94558, 1.44424]
						},
						"1.3": {
							"vector": [-11.82704, -4.075, 0.37598]
						},
						"1.3667": {
							"vector": [0, 0, 0]
						},
						"1.5": {
							"vector": [-11.03196, -5.58805, 0.54551]
						},
						"1.6": {
							"vector": [0, 0, 0]
						},
						"1.7333": {
							"vector": [0, 0, 0]
						}
					},
					"position": {
						"0.0": {
							"vector": [0, 0, 0]
						},
						"0.2333": {
							"vector": [0, 0, 0]
						},
						"0.3333": {
							"vector": [0, -0.5, 0]
						},
						"0.4": {
							"vector": [-3.375, -6.875, -6]
						},
						"0.6": {
							"vector": [-3.37, -6.87, 10.375]
						},
						"0.7333": {
							"vector": [-3.37, 3.63, 20.755]
						},
						"0.9333": {
							"vector": [-3.37, 3.63, 20.755]
						},
						"1.0667": {
							"vector": [-3.37, -6.87, 10.375]
						},
						"1.3": {
							"vector": [-3.375, -6.875, -6]
						},
						"1.3667": {
							"vector": [0, -0.5, 0]
						},
						"1.5": {
							"vector": [-2.125, -3.625, -6.67]
						},
						"1.6": {
							"vector": [0, 0, 0]
						},
						"1.7333": {
							"vector": [0, 0, 0]
						}
					}
				},
				"leftarm": {
					"rotation": {
						"0.0": {
							"vector": [0, 0, 0]
						},
						"0.0667": {
							"vector": [5.56013, 4.58559, 2.21953]
						},
						"0.1333": {
							"vector": [7.8777, 12.99723, 4.12681]
						},
						"0.3333": {
							"vector": [12.46869, 19.09221, 5.48991]
						},
						"0.4": {
							"vector": [14.13855, 21.05301, 6.11801]
						},
						"0.6": {
							"vector": [32.46056, 39.21224, 16.40866]
						},
						"0.7333": {
							"vector": [32.46, 39.21, 16.41]
						},
						"0.9333": {
							"vector": [32.46, 39.21, 16.41]
						},
						"1.0667": {
							"vector": [32.46056, 39.21224, 16.40866]
						},
						"1.2667": {
							"vector": [14.13855, 21.05301, 6.11801]
						},
						"1.3333": {
							"vector": [12.46869, 19.09221, 5.48991]
						},
						"1.5333": {
							"vector": [7.8777, 12.99723, 4.12681]
						},
						"1.6": {
							"vector": [7.8777, 12.99723, 4.12681]
						},
						"1.6667": {
							"vector": [7.8777, 12.99723, 4.12681]
						},
						"1.7333": {
							"vector": [0, 0, 0]
						}
					},
					"position": {
						"0.0": {
							"vector": [0, 0, 0]
						},
						"0.0667": {
							"vector": [-0.615, -0.95, -1.46]
						},
						"0.1333": {
							"vector": [-0.48, -1.91, -0.42]
						},
						"0.2333": {
							"vector": [-0.48, -3.285, -0.42]
						},
						"0.3333": {
							"vector": [-0.48, -2.28, -0.42]
						},
						"0.4": {
							"vector": [-0.81, -4.03, -1.795]
						},
						"0.4667": {
							"vector": [-0.98, -4.905, -0.42]
						},
						"0.5": {
							"vector": [-2.175, -6.79, -0.04]
						},
						"0.5333": {
							"vector": [-2.13, -8.68, 0.33]
						},
						"0.6": {
							"vector": [-6.73, -7.525, 3.33]
						},
						"0.7333": {
							"vector": [-12.855, -17.645, 10.455]
						},
						"0.9333": {
							"vector": [-12.855, -17.645, 10.455]
						},
						"1.0667": {
							"vector": [-6.73, -7.525, 3.33]
						},
						"1.1333": {
							"vector": [-2.13, -8.68, 0.33]
						},
						"1.1667": {
							"vector": [-2.175, -6.79, -0.04]
						},
						"1.2": {
							"vector": [-0.98, -4.905, -0.42]
						},
						"1.2667": {
							"vector": [-0.81, -4.03, -1.795]
						},
						"1.3333": {
							"vector": [-0.48, -2.28, -0.42]
						},
						"1.4333": {
							"vector": [-0.48, -3.285, -0.42]
						},
						"1.5333": {
							"vector": [-0.48, -1.91, -0.42]
						},
						"1.6": {
							"vector": [-0.48, -3.535, -0.42]
						},
						"1.6667": {
							"vector": [-0.48, 0.715, -0.42]
						},
						"1.7333": {
							"vector": [0, 0, 0]
						}
					}
				}
			},
			"sound_effects": {
				"0.0": {
					"effect": "ribeyrollesreload"
				}
			}
		},
		"animation.model.reloadempty": {
			"loop": true,
			"animation_length": 2.46667,
			"blend_weight": "1",
			"bones": {
				"magazine2": {
					"rotation": {
						"0.0": {
							"vector": [0, 0, 0]
						},
						"0.3": {
							"vector": [0, 0, 0]
						},
						"0.4667": {
							"vector": [51.25255, 0.44831, -2.31714]
						},
						"0.5667": {
							"vector": [51.25255, 0.44831, -2.31714]
						},
						"0.6667": {
							"vector": [51.25129, 0.29183, -2.51212]
						},
						"0.8": {
							"vector": [-5.0289, -7.32168, -3.37272]
						},
						"0.9": {
							"vector": [-0.26089, -1.15045, -1.56793]
						},
						"1.0": {
							"vector": [0, 0, 0]
						}
					},
					"position": {
						"0.0": {
							"vector": [0, 0, 0]
						},
						"0.3": {
							"vector": [0, -20, 0]
						},
						"0.4667": {
							"vector": [4.3, 4.275, 4.725]
						},
						"0.5667": {
							"vector": [4.3, 4.275, 4.725]
						},
						"0.6667": {
							"vector": [4.35, -2.125, 4.725]
						},
						"0.7": {
							"vector": [3.4, -7.32, 2.72]
						},
						"0.7667": {
							"vector": [1.7, -8.335, 0.71]
						},
						"0.8": {
							"vector": [0, -6.675, -1.3]
						},
						"0.9": {
							"vector": [0.3, -5.6, -0.2]
						},
						"1.0": {
							"vector": [0, 0, 0]
						}
					},
					"scale": {
						"0.0": {
							"vector": [-0.01, 0, 0]
						},
						"0.3": {
							"vector": [1, 1, 1]
						}
					}
				},
				"main": {
					"rotation": {
						"0.0": {
							"vector": [0, 0, 0]
						},
						"0.2": {
							"vector": [-2.82845, -3.14202, -11.53827]
						},
						"0.3": {
							"vector": [-6.1257, -3.02931, -21.44076],
							"easing": "linear"
						},
						"0.4": {
							"vector": [-8.99714, -2.88714, -18.93428],
							"easing": "linear"
						},
						"0.5": {
							"vector": [-8.56216, -3.74773, -26.14959]
						},
						"0.6667": {
							"vector": [-8.93449, -3.57494, -20.09324]
						},
						"0.8": {
							"vector": [-8.23835, -5.39519, -30.46877],
							"easing": "linear"
						},
						"1.0": {
							"vector": [-7.70135, -5.48509, -36.54201],
							"easing": "linear"
						},
						"1.1": {
							"vector": [-6.11762, -4.35841, -32.12568],
							"easing": "linear"
						},
						"1.2333": {
							"vector": [-5.32391, -3.82513, -33.76028]
						},
						"1.3": {
							"vector": [-8.4224, -4.29086, -28.09539],
							"easing": "linear"
						},
						"1.4": {
							"vector": [0, 0, 1.13]
						},
						"1.5": {
							"vector": [0, 0, 0],
							"easing": "linear"
						},
						"1.6667": {
							"vector": [-5.54401, -5.05904, 47.74511]
						},
						"1.8": {
							"vector": [-4.75306, -7.26062, 59.31705]
						},
						"1.9333": {
							"vector": [-3.96211, -9.46219, 85.889]
						},
						"2.0667": {
							"vector": [-8.71283, -3.87145, 93.71144]
						},
						"2.1667": {
							"vector": [-7.54657, 2.9355, 69.70706]
						},
						"2.3667": {
							"vector": [0, 0, 0],
							"easing": "linear"
						}
					},
					"position": {
						"0.0": {
							"vector": [0, 0, 0]
						},
						"0.1333": {
							"vector": [0.355, -0.42, -4.425]
						},
						"0.3667": {
							"vector": [-0.35, -1.75, 0.05],
							"easing": "linear"
						},
						"0.5667": {
							"vector": [-0.15, -0.6, 1],
							"easing": "linear"
						},
						"0.6667": {
							"vector": [-0.52, -1.72, 0.475]
						},
						"0.8": {
							"vector": [-0.85, -2.275, 1],
							"easing": "linear"
						},
						"0.9": {
							"vector": [-0.65, -1.475, 1],
							"easing": "linear"
						},
						"1.0": {
							"vector": [-1.35, -0.225, 0.525],
							"easing": "linear"
						},
						"1.1333": {
							"vector": [-1.575, -2.1, -1.075],
							"easing": "linear"
						},
						"1.3": {
							"vector": [0, -1.3, -3.4],
							"easing": "linear"
						},
						"1.4": {
							"vector": [0, -0.425, -2.45],
							"easing": "linear"
						},
						"1.4667": {
							"vector": [0, 0, 0],
							"easing": "linear"
						},
						"1.6667": {
							"vector": [0, 0, 0]
						},
						"1.8": {
							"vector": [-0.23, -2.5, 0.67]
						},
						"2.0667": {
							"vector": [-0.765, 0, 2.25]
						},
						"2.1667": {
							"vector": [-0.13, -0.875, 1.12]
						},
						"2.3667": {
							"vector": [0, 0, 0],
							"easing": "linear"
						}
					}
				},
				"magazine": {
					"rotation": {
						"0.0": {
							"vector": [0, 0, 0]
						},
						"0.2333": {
							"vector": [0, 0, 0]
						},
						"0.3333": {
							"vector": [0, 0, 0]
						},
						"0.4": {
							"vector": [-11.82704, -4.075, 0.37598]
						},
						"0.6": {
							"vector": [12.96594, 7.94558, 1.44424]
						},
						"0.7333": {
							"vector": [47.17135, 19.1314, 9.80404]
						},
						"0.9333": {
							"vector": [47.17135, 19.1314, 9.80404]
						},
						"1.0667": {
							"vector": [12.96594, 7.94558, 1.44424]
						},
						"1.3": {
							"vector": [-11.82704, -4.075, 0.37598]
						},
						"1.3667": {
							"vector": [0, 0, 0]
						},
						"1.5": {
							"vector": [-11.03196, -5.58805, 0.54551]
						},
						"1.6": {
							"vector": [0, 0, 0]
						},
						"1.7333": {
							"vector": [0, 0, 0]
						}
					},
					"position": {
						"0.0": {
							"vector": [0, 0, 0]
						},
						"0.2333": {
							"vector": [0, 0, 0]
						},
						"0.3333": {
							"vector": [0, -0.5, 0]
						},
						"0.4": {
							"vector": [-3.375, -6.875, -6]
						},
						"0.6": {
							"vector": [-3.37, -6.87, 10.375]
						},
						"0.7333": {
							"vector": [-3.37, 3.63, 20.755]
						},
						"0.9333": {
							"vector": [-3.37, 3.63, 20.755]
						},
						"1.0667": {
							"vector": [-3.37, -6.87, 10.375]
						},
						"1.3": {
							"vector": [-3.375, -6.875, -6]
						},
						"1.3667": {
							"vector": [0, -0.5, 0]
						},
						"1.5": {
							"vector": [-2.125, -3.625, -6.67]
						},
						"1.6": {
							"vector": [0, 0, 0]
						},
						"1.7333": {
							"vector": [0, 0, 0]
						}
					}
				},
				"leftarm": {
					"rotation": {
						"0.0": {
							"vector": [0, 0, 0]
						},
						"0.0667": {
							"vector": [5.56013, 4.58559, 2.21953]
						},
						"0.1333": {
							"vector": [7.8777, 12.99723, 4.12681]
						},
						"0.3333": {
							"vector": [12.46869, 19.09221, 5.48991]
						},
						"0.4": {
							"vector": [14.13855, 21.05301, 6.11801]
						},
						"0.6": {
							"vector": [32.46056, 39.21224, 16.40866]
						},
						"0.7333": {
							"vector": [32.46, 39.21, 16.41]
						},
						"0.9333": {
							"vector": [32.46, 39.21, 16.41]
						},
						"1.0667": {
							"vector": [32.46056, 39.21224, 16.40866]
						},
						"1.2667": {
							"vector": [14.13855, 21.05301, 6.11801]
						},
						"1.3333": {
							"vector": [12.46869, 19.09221, 5.48991]
						},
						"1.5333": {
							"vector": [7.8777, 12.99723, 4.12681]
						},
						"1.6": {
							"vector": [7.8777, 12.99723, 4.12681]
						},
						"1.6667": {
							"vector": [7.8777, 12.99723, 4.12681]
						},
						"1.7333": {
							"vector": [0, 0, 0]
						},
						"1.9": {
							"vector": [38.70173, 33.98929, 0.99099]
						},
						"1.9667": {
							"vector": [74.35151, 49.35139, 21.92042]
						},
						"2.0667": {
							"vector": [94.40685, 50.64587, 36.758]
						},
						"2.1333": {
							"vector": [94.20521, 49.6151, 44.0274]
						},
						"2.2": {
							"vector": [79.75115, 46.14813, 32.3043]
						},
						"2.2667": {
							"vector": [47.34526, 25.99508, 44.08081]
						},
						"2.3667": {
							"vector": [13.87231, 10.00091, 19.80057]
						},
						"2.4667": {
							"vector": [0, 0, 0]
						}
					},
					"position": {
						"0.0": {
							"vector": [0, 0, 0]
						},
						"0.0667": {
							"vector": [-0.615, -0.95, -1.46]
						},
						"0.1333": {
							"vector": [-0.48, -1.91, -0.42]
						},
						"0.2333": {
							"vector": [-0.48, -3.285, -0.42]
						},
						"0.3333": {
							"vector": [-0.48, -2.28, -0.42]
						},
						"0.4": {
							"vector": [-0.81, -4.03, -1.795]
						},
						"0.4667": {
							"vector": [-0.98, -4.905, -0.42]
						},
						"0.5": {
							"vector": [-2.175, -6.79, -0.04]
						},
						"0.5333": {
							"vector": [-2.13, -8.68, 0.33]
						},
						"0.6": {
							"vector": [-6.73, -7.525, 3.33]
						},
						"0.7333": {
							"vector": [-12.855, -17.645, 10.455]
						},
						"0.9333": {
							"vector": [-12.855, -17.645, 10.455]
						},
						"1.0667": {
							"vector": [-6.73, -7.525, 3.33]
						},
						"1.1333": {
							"vector": [-2.13, -8.68, 0.33]
						},
						"1.1667": {
							"vector": [-2.175, -6.79, -0.04]
						},
						"1.2": {
							"vector": [-0.98, -4.905, -0.42]
						},
						"1.2667": {
							"vector": [-0.81, -4.03, -1.795]
						},
						"1.3333": {
							"vector": [-0.48, -2.28, -0.42]
						},
						"1.4333": {
							"vector": [-0.48, -3.285, -0.42]
						},
						"1.5333": {
							"vector": [-0.48, -1.91, -0.42]
						},
						"1.6": {
							"vector": [6.8595, 0.45074, -1.04151]
						},
						"1.6667": {
							"vector": [3.37141, 4.91808, -1.17053]
						},
						"1.7333": {
							"vector": [3.5911, 5.19522, -0.86848]
						},
						"1.8": {
							"vector": [2.9, 12.74, -0.08]
						},
						"1.9": {
							"vector": [-5.24, 31.86, 2.29]
						},
						"1.9667": {
							"vector": [-12.08598, 33.66989, 1.45294]
						},
						"2.0667": {
							"vector": [-12.10725, 36.74333, 3.38841]
						},
						"2.1333": {
							"vector": [-7.31295, 40.52735, 2.91843]
						},
						"2.2": {
							"vector": [-0.07105, 40.66629, 3.09917]
						},
						"2.2667": {
							"vector": [11.18828, 19.45644, 2.47436]
						},
						"2.3667": {
							"vector": [5.59, 1.98, 1.24]
						},
						"2.4667": {
							"vector": [0, 0, 0]
						}
					}
				},
				"reciever": {
					"rotation": {
						"1.9667": {
							"vector": [0, 0, 0]
						},
						"2.0667": {
							"vector": [0, 0, 0]
						},
						"2.1667": {
							"vector": [0, 0, 0]
						}
					},
					"position": {
						"1.9667": {
							"vector": [0, 0, 0]
						},
						"2.0667": {
							"vector": [0, 0, 7.25]
						},
						"2.1667": {
							"vector": [0, 0, 0]
						}
					}
				},
				"rightarm": {
					"rotation": {
						"0.0": {
							"vector": [0, 0, 0]
						},
						"1.5333": {
							"vector": [0, 0, 0]
						},
						"1.6667": {
							"vector": [0, 0, -25]
						},
						"2.0": {
							"vector": [0, 0, -25]
						},
						"2.1667": {
							"vector": [-1.13457, 0.09111, -34.69139]
						},
						"2.3": {
							"vector": [0, 0, 0]
						}
					},
					"position": {
						"0.0": {
							"vector": [0, 0, 0]
						},
						"1.5333": {
							"vector": [0, 0, 0]
						},
						"1.6667": {
							"vector": [5.75, 0, 3]
						},
						"2.0": {
							"vector": [5.75, 0, 3]
						},
						"2.1667": {
							"vector": [5.30408, -0.57192, 1.99436]
						},
						"2.3": {
							"vector": [0, 0, 0]
						}
					}
				}
			},
			"sound_effects": {
				"0.0": {
					"effect": "ribeyrollesreloadempty"
				}
			}
		},
		"animation.model.draw": {
			"loop": true,
			"animation_length": 1.2,
			"bones": {
				"main": {
					"rotation": {
						"0.0": {
							"vector": [32.09413, -54.38778, -8.29667]
						},
						"0.35": {
							"vector": [0.50518, -5.08075, 6.8716],
							"easing": "easeOutSine"
						},
						"0.5": {
							"vector": [0.32389, -0.60235, -2.1558],
							"easing": "linear"
						},
						"0.6": {
							"vector": [0, 0, 0],
							"easing": "linear"
						}
					},
					"position": {
						"0.0": {
							"vector": [0, -17.3, 0]
						},
						"0.25": {
							"vector": [-0.4, -2.525, -1.625],
							"easing": "linear"
						},
						"0.4": {
							"vector": [-0.05, 0, -2.49],
							"easing": "linear"
						},
						"0.55": {
							"vector": [0, 0, 0],
							"easing": "linear"
						}
					}
				},
				"leftarm": {
					"rotation": {
						"0.0": {
							"vector": [0, 0, 0]
						},
						"0.2": {
							"vector": [1, 0, -22]
						},
						"0.4": {
							"vector": [0, 0, 0]
						}
					},
					"position": {
						"0.0": {
							"vector": [0, 0, 0]
						},
						"0.2": {
							"vector": [3.53901, 3.6754, 5.59783]
						},
						"0.4": {
							"vector": [0, 0, 0]
						}
					}
				}
			}
		},
		"animation.model.inspect": {
			"loop": true,
			"animation_length": 4.26667,
			"bones": {
				"main": {
					"rotation": {
						"0.0": {
							"vector": [0, 0, 0]
						},
						"0.1667": {
							"vector": [-8.41746, -13.59608, -21.21259],
							"easing": "linear"
						},
						"0.3": {
							"vector": [-8.39812, -20.10111, -31.77688]
						},
						"0.4333": {
							"vector": [-9.55676, -20.88889, -28.55629]
						},
						"0.5333": {
							"vector": [-8.77652, -21.21647, -30.72851]
						},
						"0.7667": {
							"vector": [-9.4227, -20.94881, -28.93303]
						},
						"1.0": {
							"vector": [-3.1216, -20.98207, -46.44405]
						},
						"1.1333": {
							"vector": [-4.564, -20.73064, -42.44007]
						},
						"1.2333": {
							"vector": [-4.86325, -20.9153, -41.60203]
						},
						"1.3333": {
							"vector": [-4.58308, -20.97575, -42.38574]
						},
						"1.4667": {
							"vector": [-4.01131, -21.08802, -43.97908]
						},
						"1.6": {
							"vector": [-4.38767, -21.01662, -42.9316]
						},
						"1.7": {
							"vector": [-4.18847, -21.05622, -43.48691],
							"easing": "linear"
						},
						"2.0333": {
							"vector": [-16.91438, 5.38499, 54.40399],
							"easing": "linear"
						},
						"2.1667": {
							"vector": [-15.22513, 5.80082, 60.04554]
						},
						"2.3": {
							"vector": [-15.70981, 5.86025, 59.48558]
						},
						"2.4333": {
							"vector": [-15.93602, 7.03904, 62.69373]
						},
						"2.5667": {
							"vector": [-15.60896, 7.75082, 65.23442]
						},
						"2.7333": {
							"vector": [-15.71675, 7.52491, 64.42194]
						},
						"2.9": {
							"vector": [-15.56389, 7.84019, 65.55973]
						},
						"3.1": {
							"vector": [-15.61778, 7.73186, 65.16659]
						},
						"3.2667": {
							"vector": [-15.9801, 6.93689, 62.33342]
						},
						"3.4": {
							"vector": [-8.86998, 2.42135, 33.56191]
						},
						"3.5333": {
							"vector": [0, -1.75, -2.75]
						},
						"3.7": {
							"vector": [0, 0, 0]
						}
					},
					"position": {
						"0.0": {
							"vector": [0, 0, 0]
						},
						"0.3": {
							"vector": [-0.475, 1.475, -8.7]
						},
						"0.4": {
							"vector": [-0.195, 1, -7.7]
						},
						"0.5333": {
							"vector": [-0.03, 0.725, -7.7]
						},
						"0.7": {
							"vector": [0, 1.125, -7.7]
						},
						"0.9": {
							"vector": [0.125, 1.4, -8.275]
						},
						"1.2": {
							"vector": [-0.02, 1.475, -8]
						},
						"1.4": {
							"vector": [0.11, 1.425, -8.175]
						},
						"1.6667": {
							"vector": [0.275, 1.25, -7.975]
						},
						"1.8": {
							"vector": [-0.13, -1.19, -8.65]
						},
						"1.9667": {
							"vector": [-0.545, -1.325, -11.15]
						},
						"2.1333": {
							"vector": [-0.415, -1.395, -10.545]
						},
						"2.2667": {
							"vector": [-0.525, -1.455, -9.17]
						},
						"2.4": {
							"vector": [-0.49, -1.43, -9.85]
						},
						"2.5667": {
							"vector": [-0.455, -1.5, -9.24]
						},
						"2.7667": {
							"vector": [-0.53, -1.5, -9.27]
						},
						"3.0": {
							"vector": [-0.49, -1.41, -9.3]
						},
						"3.2333": {
							"vector": [-0.545, -1.325, -9.325]
						},
						"3.3667": {
							"vector": [-1.005, -0.61, -7.41]
						},
						"3.6333": {
							"vector": [0, 0, 0]
						}
					}
				},
				"leftarm": {
					"rotation": {
						"0.0": {
							"vector": [0, 0, 0]
						},
						"0.1667": {
							"vector": [0, 0, -2.5]
						},
						"1.7333": {
							"vector": [0, 0, -2.5]
						},
						"2.0333": {
							"vector": [-20, 0, -45]
						},
						"3.3": {
							"vector": [-20, 0, -45]
						},
						"3.5667": {
							"vector": [0, 0, 0]
						}
					},
					"position": {
						"0.0": {
							"vector": [0, 0, 0]
						},
						"0.1667": {
							"vector": [11.23986, -30.20851, 24.64864]
						},
						"1.7333": {
							"vector": [11.23986, -30.20851, 24.64864]
						},
						"2.0333": {
							"vector": [7.35, 6.25, 2.33]
						},
						"3.3": {
							"vector": [7.35, 6.25, 2.33]
						},
						"3.5667": {
							"vector": [0, 0, 0]
						}
					}
				}
			}
		},
		"animation.model.fire": {
			"loop": true,
			"animation_length": 0.08333,
			"bones": {
				"reciever": {
					"rotation": {
						"0.0": {
							"vector": [0, 0, 0]
						},
						"0.0417": {
							"vector": [0, 0, 0]
						},
						"0.0833": {
							"vector": [0, 0, 0]
						}
					},
					"position": {
						"0.0": {
							"vector": [0, 0, 0]
						},
						"0.0417": {
							"vector": [0, 0, 7.25]
						},
						"0.0833": {
							"vector": [0, 0, 0]
						}
					}
				}
			}
		}
	},
	"geckolib_format_version": 2
}