{
  "name" : "mg42q",
  "type": "Gun",
  "maxAmmoCapacity" : 75,
  "compatibleAmmo" : ["ammocreative","ammo792x57","7_92_57mm_mauser"],
  "damage" : 6,
  "rpm" : 1250,
  "fireModes" : ["AUTOMATIC"],
  "fireSound" : "m249",
  "drawCooldownDuration" : 600,
  "aimingZoom" : 0.35,
  "gunRecoilInitialAmplitude" : 0.8,
  "shakeRecoilAmplitude" : 0.35,
  "shakeRecoilSpeed" : 2,
  "viewRecoilAmplitude" : 2.6,
  "inspectCooldownDuration": 5266,
  "phasedReloads": [
    {
      "phase": "RELOADING",
      "duration": 7400,
      "animation": "animation.model.reload"
    }
  ],
  "effects": [
    {
               "phase": "hit_scan_acquired",
               "name": "barium_greentracer"
    },
    {
               "phase": "firing",
               "name": "muzzle_flash"
    }
]
}