{
  "name" : "raygunq",
  "type": "Gun",
  "maxAmmoCapacity" : 300,
  "compatibleAmmo" : ["ammocreative"],
  "damage" : 12,
  "rpm" : 350,
  "fireModes" : ["AUTOMATIC"],
  "fireSound" : "raygunq",
  "drawCooldownDuration" : 600,
  "aimingZoom" : 0.2,
  "gunRecoilInitialAmplitude" : 0.8,
  "shakeRecoilAmplitude" : 0.35,
  "shakeRecoilSpeed" : 2,
  "viewRecoilAmplitude" : 2.6,
  "inspectCooldownDuration": 3700,
  "glowingParts": [
    {
      "name": "glowparts"
    }
  ],
  "phasedReloads": [
    {
      "phase": "RELOADING",
      "duration": 3,
      "animation": "animation.model.reload"
    }
  ],
  "effects": [
    {
               "phase": "hit_scan_acquired",
               "name": "barium_greentracer"
    }
]
}