{
  "credit": "Made with Blockbench",
  "parent": "builtin/entity",
  "texture_size": [
    190,
    190
  ],
  "display": {
    "thirdperson_righthand": {
      "translation": [
        0.25,
        -4.75,
        1
      ],
      "scale": [
        0.25,
        0.25,
        0.25
      ]
    },
    "thirdperson_lefthand": {
      "translation": [
        0.25,
        -4.75,
        1
      ],
      "scale": [
        0.25,
        0.25,
        0.25
      ]
    },
    "firstperson_righthand": {
      "rotation": [
        -4,
        -3,
        0
      ],
      "translation": [
        2,
        -19,
        -9.25
      ],
      "scale": [
        0.81,
        0.83,
        0.93
      ]
    },
    "firstperson_lefthand": {
      "rotation": [
        -4,
        -3,
        0
      ],
      "translation": [
        2,
        -19,
        -9.25
      ],
      "scale": [
        0.81,
        0.83,
        0.93
      ]
    },
    "ground": {
      "scale": [
        0.34,
        0.34,
        0.34
      ]
    },
    "gui": {
      "rotation": [
        -30,
        -122,
        -9
      ],
      "translation": [
        0,
        -3.75,
        0
      ],
      "scale": [
        0.32,
        0.2,
        0.2
      ]
    }
  }
}