{
"loader": "forge:separate_transforms",
  "gui_light": "front",
  "base": 
{
  "credit": "Made with Blockbench",
  "parent": "builtin/entity",
  "texture_size": [
    256,
    256
  ],
  "display": {
    "thirdperson_righthand": {
      "translation": [
        0,
        -4,
        1
      ],
      "scale": [
        0.25,
        0.25,
        0.25
      ]
    },
    "thirdperson_lefthand": {
      "translation": [
        0,
        -4,
        1
      ],
      "scale": [
        0.25,
        0.25,
        0.25
      ]
    },
    "firstperson_righthand": {
      "rotation": [
        0,
        0,
        3.5
      ],
      "translation": [
        0,
        -23,
        -9.75
      ]
    },
    "firstperson_lefthand": {
      "rotation": [
        0,
        0,
        3.5
      ],
      "translation": [
        0,
        -23,
        -9.75
      ]
    },
    "ground": {
      "scale": [
        0.34,
        0.34,
        0.34
      ]
    },
    "gui": {
      "rotation": [
        -30,
        -122,
        -9
      ],
      "translation": [
        -2.75,
        -7.75,
        0
      ],
      "scale": [
        0.37,
        0.37,
        0.37
      ]
    }
  }
},
  "perspectives": {
    "gui": {
      "parent": "item/generated",
      "textures": {
        "layer0": "pointblank:item/fnfal.icon"
      }
    }
  }
}