{
"loader": "forge:separate_transforms",
  "gui_light": "front",
  "base": 
{
  "credit": "Made with Blockbench",
  "parent": "builtin/entity",
  "texture_size": [
    256,
    256
  ],
  "display": {
    "thirdperson_righthand": {
      "translation": [
        0.25,
        -4.75,
        1
      ],
      "scale": [
        0.25,
        0.25,
        0.25
      ]
    },
    "thirdperson_lefthand": {
      "translation": [
        0.25,
        -4.75,
        1
      ],
      "scale": [
        0.25,
        0.25,
        0.25
      ]
    },
    "firstperson_righthand": {
      "rotation": [
        0,
        -1,
        0
      ],
      "translation": [
        4,
        -25,
        -2.25
      ]
    },
    "firstperson_lefthand": {
      "rotation": [
        0,
        -1,
        0
      ],
      "translation": [
        4,
        -25,
        -2.25
      ]
    },
    "gui": {
      "rotation": [
        -24,
        -134,
        -13
      ],
      "translation": [
        -1.25,
        -5.5,
        0
      ],
      "scale": [
        0.26,
        0.22,
        0.23
      ]
    }
  }
},
  "perspectives": {
    "gui": {
      "parent": "item/generated",
      "textures": {
        "layer0": "pointblank:item/galil.icon"
      }
    }
  }
}