{
"loader": "forge:separate_transforms",
  "gui_light": "front",
  "base": 
{
  "credit": "Made with Blockbench",
  "parent": "builtin/entity",
  "texture_size": [
    300,
    300
  ],
  "display": {
    "thirdperson_righthand": {
      "translation": [
        0.25,
        -4.75,
        1
      ],
      "scale": [
        0.25,
        0.25,
        0.25
      ]
    },
    "thirdperson_lefthand": {
      "translation": [
        0.25,
        -4.75,
        1
      ],
      "scale": [
        0.25,
        0.25,
        0.25
      ]
    },
    "firstperson_righthand": {
      "rotation": [
        0,
        -1,
        0
      ],
      "translation": [
        4,
        -25,
        -2.25
      ]
    },
    "firstperson_lefthand": {
      "rotation": [
        0,
        -1,
        0
      ],
      "translation": [
        4,
        -25,
        -2.25
      ]
    },
    "gui": {
      "rotation": [
        28,
        -145,
        34
      ],
      "translation": [
        -4.25,
        -0.25,
        0
      ],
      "scale": [
        0.17,
        0.17,
        0.17
      ]
    }
  }
},
  "perspectives": {
    "gui": {
      "parent": "item/generated",
      "textures": {
        "layer0": "pointblank:item/l96.icon"
      }
    }
  }
}