{
"loader": "forge:separate_transforms",
  "gui_light": "front",
  "base": 
{
  "credit": "Made with Blockbench",
  "parent": "builtin/entity",
  "texture_size": [
    220,
    220
  ],
  "display": {
    "thirdperson_righthand": {
      "translation": [
        0,
        -4.75,
        0
      ],
      "scale": [
        0.27,
        0.28,
        0.26
      ]
    },
    "thirdperson_lefthand": {
      "translation": [
        0,
        -4.75,
        0
      ],
      "scale": [
        0.27,
        0.28,
        0.26
      ]
    },
    "firstperson_righthand": {
      "translation": [
        0,
        -25,
        0
      ]
    },
    "firstperson_lefthand": {
      "translation": [
        0,
        -25,
        0
      ]
    },
    "gui": {
      "rotation": [
        -36,
        -134,
        -27
      ],
      "translation": [
        -1.25,
        -4.25,
        0
      ],
      "scale": [
        0.27,
        0.19,
        0.2
      ]
    }
  }
},
  "perspectives": {
    "gui": {
      "parent": "item/generated",
      "textures": {
        "layer0": "pointblank:item/m14.icon"
      }
    }
  }
}