{
"loader": "forge:separate_transforms",
  "gui_light": "front",
  "base": 
{
  "credit": "Made with Blockbench",
  "parent": "builtin/entity",
  "texture_size": [
    120,
    120
  ],
  "display": {
    "thirdperson_righthand": {
      "translation": [
        0,
        -5,
        0.25
      ],
      "scale": [
        0.29,
        0.3,
        0.26
      ]
    },
    "thirdperson_lefthand": {
      "translation": [
        0,
        -5,
        0.25
      ],
      "scale": [
        0.29,
        0.3,
        0.26
      ]
    },
    "firstperson_righthand": {
      "rotation": [
        0,
        -5,
        0
      ],
      "translation": [
        4.75,
        -20,
        -19
      ]
    },
    "firstperson_lefthand": {
      "rotation": [
        0,
        -5,
        0
      ],
      "translation": [
        4.75,
        -20,
        -19
      ]
    }
  }
},
  "perspectives": {
    "gui": {
      "parent": "item/generated",
      "textures": {
        "layer0": "pointblank:item/m1911.icon"
      }
    }
  }
}