{
"loader": "forge:separate_transforms",
  "gui_light": "front",
  "base": 
{
  "credit": "Made with Blockbench",
  "parent": "builtin/entity",
  "texture_size": [
    128,
    128
  ],
  "display": {
    "thirdperson_righthand": {
      "rotation": [
        0,
        270,
        0
      ],
      "translation": [
        -1,
        1.5,
        -2
      ],
      "scale": [
        0.5,
        0.5,
        0.5
      ]
    },
    "thirdperson_lefthand": {
      "rotation": [
        0,
        90,
        0
      ],
      "translation": [
        -1,
        1.5,
        -2
      ],
      "scale": [
        0.5,
        0.5,
        0.5
      ]
    },
    "firstperson_righthand": {
      "rotation": [
        0,
        1,
        10
      ],
      "translation": [
        2.25,
        -19,
        -9.25
      ]
    },
    "firstperson_lefthand": {
      "rotation": [
        0,
        1,
        10
      ],
      "translation": [
        2.25,
        -19,
        -9.25
      ]
    },
    "ground": {
      "rotation": [
        0,
        0,
        330
      ],
      "translation": [
        0,
        3,
        0
      ],
      "scale": [
        0.35,
        0.35,
        0.35
      ]
    },
    "gui": {
      "rotation": [
        -30,
        -122,
        -9
      ],
      "translation": [
        -1.75,
        -5.5,
        0
      ],
      "scale": [
        0.35,
        0.35,
        0.35
      ]
    },
    "fixed": {
      "rotation": [
        0,
        180,
        315
      ],
      "translation": [
        -1.5,
        2.5,
        0
      ],
      "scale": [
        0.75,
        0.75,
        0.75
      ]
    }
  }
},
  "perspectives": {
    "gui": {
      "parent": "item/generated",
      "textures": {
        "layer0": "pointblank:item/python.icon"
      }
    }
  }
}