{
"loader": "forge:separate_transforms",
  "gui_light": "front",
  "base": 
{
  "credit": "Made with Blockbench",
  "texture_size": [
    32,
    32
  ],
  "display": {
    "firstperson_righthand": {
      "rotation": [
        0,
        16,
        44
      ],
      "scale": [
        0.69,
        0.66,
        0.67
      ]
    },
    "gui": {
      "rotation": [
        23,
        51,
        51
      ]
    },
    "fixed": {
      "rotation": [
        0,
        98,
        -62
      ]
    }
  }
},
  "perspectives": {
    "gui": {
      "parent": "item/generated",
      "textures": {
        "layer0": "pointblank:item/thundergun_clip.icon"
      }
    }
  }
}