{
"loader": "forge:separate_transforms",
  "gui_light": "front",
  "base": 
{
  "credit": "Made with Blockbench",
  "parent": "builtin/entity",
  "texture_size": [
    256,
    256
  ],
  "display": {
    "thirdperson_righthand": {
      "translation": [
        0.25,
        -5.75,
        0
      ],
      "scale": [
        0.34,
        0.35,
        0.34
      ]
    },
    "thirdperson_lefthand": {
      "translation": [
        0.25,
        -5.75,
        0
      ],
      "scale": [
        0.34,
        0.35,
        0.34
      ]
    },
    "firstperson_righthand": {
      "rotation": [
        0,
        3,
        0
      ],
      "translation": [
        1.75,
        -31,
        -5
      ],
      "scale": [
        1,
        1,
        0.77
      ]
    },
    "firstperson_lefthand": {
      "rotation": [
        0,
        3,
        0
      ],
      "translation": [
        1.75,
        -31,
        -5
      ],
      "scale": [
        1,
        1,
        0.77
      ]
    },
    "ground": {
      "scale": [
        0.67,
        0.66,
        0.65
      ]
    },
    "gui": {
      "rotation": [
        -21,
        -130,
        -12
      ],
      "translation": [
        -0.75,
        -7.5,
        -0.5
      ],
      "scale": [
        0.31,
        0.31,
        0.31
      ]
    },
    "fixed": {
      "rotation": [
        0,
        -85,
        0
      ],
      "translation": [
        0,
        -24,
        -4.25
      ]
    }
  }
},
  "perspectives": {
    "gui": {
      "parent": "item/generated",
      "textures": {
        "layer0": "pointblank:item/thundergun.icon"
      }
    }
  }
}