{
	"format_version": "1.12.0",
	"minecraft:geometry": [
		{
			"description": {
				"identifier": "geometry.unknown",
				"texture_width": 128,
				"texture_height": 128,
				"visible_bounds_width": 9,
				"visible_bounds_height": 6,
				"visible_bounds_offset": [0, 1, 0]
			},
			"bones": [
				{
					"name": "main",
					"pivot": [0, 20, 0]
				},
				{
					"name": "wood",
					"parent": "main",
					"pivot": [0, 18, 32],
					"cubes": [
						{
							"origin": [-1.5, 10.3, 13.2],
							"size": [3, 5, 18.9],
							"pivot": [0, 13.3, 31.2],
							"rotation": [-17.5, 0, 0],
							"uv": {
								"north": {"uv": [110, 89], "uv_size": [3, 5]},
								"east": {"uv": [92, 105], "uv_size": [18, 5]},
								"south": {"uv": [113, 89], "uv_size": [3, 5]},
								"west": {"uv": [92, 100], "uv_size": [18, 5]},
								"up": {"uv": [110, 71], "uv_size": [3, 18]},
								"down": {"uv": [113, 89], "uv_size": [3, -18]}
							}
						},
						{
							"origin": [-1.75, 15, 14],
							"size": [3.5, 5, 19],
							"pivot": [0, 18, 32],
							"rotation": [-5, 0, 0],
							"uv": {
								"north": {"uv": [122, 92], "uv_size": [3, 5]},
								"east": {"uv": [91, 95.125], "uv_size": [19, 5]},
								"south": {"uv": [125, 92], "uv_size": [3, 5]},
								"west": {"uv": [91, 90.125], "uv_size": [19, 5]},
								"up": {"uv": [122, 73], "uv_size": [3, 19]},
								"down": {"uv": [125, 92], "uv_size": [3, -19]}
							}
						},
						{
							"origin": [-1.6, 16.29553, 5.27787],
							"size": [3.1, 4, 8],
							"pivot": [-0.1, 17.05, 10.7],
							"rotation": [-47.5, 0, 0],
							"uv": {
								"north": {"uv": [122, 74], "uv_size": [-3, 4]},
								"east": {"uv": [110, 70], "uv_size": [-8, 4]},
								"south": {"uv": [119, 74], "uv_size": [-3, 4]},
								"west": {"uv": [102, 70], "uv_size": [-8, 4]},
								"up": {"uv": [119, 78], "uv_size": [-3, 8]},
								"down": {"uv": [122, 86], "uv_size": [-3, -8]}
							}
						},
						{
							"origin": [-1.25, 18.29553, 11.02787],
							"size": [2.5, 2.5, 4.25],
							"uv": {
								"north": {"uv": [122, 71], "uv_size": [-2, 2]},
								"east": {"uv": [126, 71], "uv_size": [-4, 2]},
								"south": {"uv": [128, 71], "uv_size": [-2, 2]},
								"west": {"uv": [120, 71], "uv_size": [-4, 2]},
								"up": {"uv": [122, 67], "uv_size": [-2, 4]},
								"down": {"uv": [124, 71], "uv_size": [-2, -4]}
							}
						},
						{
							"origin": [-1.6, 10.1, 31.8],
							"size": [3.2, 4.9, 1.2],
							"pivot": [0, 18, 32],
							"rotation": [-5, 0, 0],
							"uv": {
								"north": {"uv": [82, 67], "uv_size": [-3, 4]},
								"east": {"uv": [83, 67], "uv_size": [-1, 4]},
								"south": {"uv": [86, 67], "uv_size": [-3, 4]},
								"west": {"uv": [79, 67], "uv_size": [-1, 4]},
								"up": {"uv": [82, 66], "uv_size": [-3, 1]},
								"down": {"uv": [85, 67], "uv_size": [-3, -1]}
							}
						},
						{
							"origin": [-1.55, 19.3, -15.6],
							"size": [3, 5, 26.25],
							"uv": {
								"north": {"uv": [122, 123], "uv_size": [3, 5]},
								"east": {"uv": [84, 115], "uv_size": [26, 5]},
								"south": {"uv": [125, 123], "uv_size": [3, 5]},
								"west": {"uv": [84, 110], "uv_size": [26, 5]},
								"up": {"uv": [122, 97], "uv_size": [3, 26]},
								"down": {"uv": [125, 123], "uv_size": [3, -26]}
							}
						},
						{
							"origin": [-1.55, 23.3, -28.35],
							"size": [3, 1.5, 12.75],
							"uv": {
								"north": {"uv": [40, 42], "uv_size": [3, 1]},
								"east": {"uv": [28, 42], "uv_size": [12, 1]},
								"south": {"uv": [55, 42], "uv_size": [3, 1]},
								"west": {"uv": [43, 42], "uv_size": [12, 1]},
								"up": {"uv": [40, 30], "uv_size": [3, 12]},
								"down": {"uv": [43, 42], "uv_size": [3, -12]}
							}
						},
						{
							"origin": [-1.55, 21.95, -63.1],
							"size": [3, 4, 17.5],
							"uv": {
								"north": {"uv": [116, 124], "uv_size": [3, 4]},
								"east": {"uv": [93, 86.125], "uv_size": [17, 4]},
								"south": {"uv": [119, 124], "uv_size": [3, 4]},
								"west": {"uv": [93, 82.125], "uv_size": [17, 4]},
								"up": {"uv": [116, 107], "uv_size": [3, 17]},
								"down": {"uv": [119, 124], "uv_size": [3, -17]}
							}
						},
						{
							"origin": [-1.55, 21.95, -45.6],
							"size": [3, 4, 17.25],
							"uv": {
								"north": {"uv": [116, 103], "uv_size": [3, 4]},
								"east": {"uv": [93, 78.125], "uv_size": [17, 4]},
								"south": {"uv": [119, 103], "uv_size": [3, 4]},
								"west": {"uv": [93, 74.125], "uv_size": [17, 4]},
								"up": {"uv": [116, 86], "uv_size": [3, 17]},
								"down": {"uv": [119, 103], "uv_size": [3, -17]}
							}
						},
						{
							"origin": [-1.65, 19.3, -45.85],
							"size": [3.2, 4, 30.25],
							"pivot": [-0.05, 19.3, -15.6],
							"rotation": [-5, 0, 0],
							"uv": {
								"north": {"uv": [110, 124], "uv_size": [3, 4]},
								"east": {"uv": [80, 124], "uv_size": [30, 4]},
								"south": {"uv": [113, 124], "uv_size": [3, 4]},
								"west": {"uv": [80, 120], "uv_size": [30, 4]},
								"up": {"uv": [110, 94], "uv_size": [3, 30]},
								"down": {"uv": [113, 124], "uv_size": [3, -30]}
							}
						}
					]
				},
				{
					"name": "gun",
					"parent": "main",
					"pivot": [1, 11, -1],
					"cubes": [
						{
							"origin": [-1.3, 21.7, -65.6],
							"size": [2.5, 4.5, 2.5],
							"uv": {
								"north": {"uv": [122, 11], "uv_size": [2, 4]},
								"east": {"uv": [120, 11], "uv_size": [2, 4]},
								"south": {"uv": [126, 11], "uv_size": [2, 4]},
								"west": {"uv": [124, 11], "uv_size": [2, 4]},
								"up": {"uv": [122, 9], "uv_size": [2, 2]},
								"down": {"uv": [124, 11], "uv_size": [2, -2]}
							}
						},
						{
							"origin": [-0.55, 18.8, 0],
							"size": [1, 1, 1],
							"pivot": [0, 19.3, 0.5],
							"rotation": [45, 0, 0],
							"uv": {
								"north": {"uv": [125, 1], "uv_size": [1, 1]},
								"east": {"uv": [124, 1], "uv_size": [1, 1]},
								"south": {"uv": [127, 1], "uv_size": [1, 1]},
								"west": {"uv": [126, 1], "uv_size": [1, 1]},
								"up": {"uv": [125, 0], "uv_size": [1, 1]},
								"down": {"uv": [126, 1], "uv_size": [1, -1]}
							}
						},
						{
							"origin": [-1.3, 19.25, -1.6],
							"size": [2.5, 1, 8],
							"uv": {
								"north": {"uv": [116, 8], "uv_size": [2, 1]},
								"east": {"uv": [108, 8], "uv_size": [8, 1]},
								"south": {"uv": [126, 8], "uv_size": [2, 1]},
								"west": {"uv": [118, 8], "uv_size": [8, 1]},
								"up": {"uv": [116, 0], "uv_size": [2, 8]},
								"down": {"uv": [118, 8], "uv_size": [2, -8]}
							}
						},
						{
							"origin": [-1.3, 18.8, -15.6],
							"size": [2.5, 1, 10],
							"uv": {
								"north": {"uv": [10, 38], "uv_size": [2, 1]},
								"east": {"uv": [0, 38], "uv_size": [10, 1]},
								"south": {"uv": [22, 38], "uv_size": [2, 1]},
								"west": {"uv": [12, 38], "uv_size": [10, 1]},
								"up": {"uv": [10, 28], "uv_size": [2, 10]},
								"down": {"uv": [12, 38], "uv_size": [2, -10]}
							}
						},
						{
							"origin": [-0.55, 22.3, -69.85],
							"size": [1, 1, 4.25],
							"pivot": [-0.05, 22.8, -13.85],
							"rotation": [0, 0, -22.5],
							"uv": {
								"north": {"uv": [4, 18], "uv_size": [1, 1]},
								"east": {"uv": [0, 18], "uv_size": [4, 1]},
								"south": {"uv": [9, 18], "uv_size": [1, 1]},
								"west": {"uv": [5, 18], "uv_size": [4, 1]},
								"up": {"uv": [4, 14], "uv_size": [1, 4]},
								"down": {"uv": [5, 18], "uv_size": [1, -4]}
							}
						},
						{
							"origin": [-0.55, 24.05, -21.6],
							"size": [1, 1, 5],
							"pivot": [-0.05, 24.55, 4.4],
							"rotation": [0, 0, -22.5],
							"uv": {
								"north": {"uv": [5, 5], "uv_size": [1, 1]},
								"east": {"uv": [0, 5], "uv_size": [5, 1]},
								"south": {"uv": [11, 5], "uv_size": [1, 1]},
								"west": {"uv": [6, 5], "uv_size": [5, 1]},
								"up": {"uv": [5, 0], "uv_size": [1, 5]},
								"down": {"uv": [6, 5], "uv_size": [1, -5]}
							}
						},
						{
							"origin": [0.45, 25.02128, -28.22124],
							"size": [0.5, 1, 7.3],
							"pivot": [0, 26, -20.95],
							"rotation": [-7.5, 0, 0],
							"uv": {
								"north": {"uv": [38, 12], "uv_size": [0, 1]},
								"east": {"uv": [31, 12], "uv_size": [7, 1]},
								"south": {"uv": [45, 12], "uv_size": [0, 1]},
								"west": {"uv": [38, 12], "uv_size": [7, 1]},
								"up": {"uv": [38, 5], "uv_size": [0, 7]},
								"down": {"uv": [38, 12], "uv_size": [0, -7]}
							}
						},
						{
							"origin": [-1.05, 25.02128, -28.22124],
							"size": [0.5, 1, 7.3],
							"pivot": [-0.8, 26, -20.95],
							"rotation": [-7.5, 0, 0],
							"uv": {
								"north": {"uv": [38, 14], "uv_size": [0, 1]},
								"east": {"uv": [31, 14], "uv_size": [7, 1]},
								"south": {"uv": [45, 14], "uv_size": [0, 1]},
								"west": {"uv": [38, 14], "uv_size": [7, 1]},
								"up": {"uv": [38, 7], "uv_size": [0, 7]},
								"down": {"uv": [38, 14], "uv_size": [0, -7]}
							}
						},
						{
							"origin": [-0.2, 26.05, -65.35],
							"size": [0.3, 1.5, 1],
							"uv": {
								"north": {"uv": [127, 15], "uv_size": [0, 1]},
								"east": {"uv": [126, 15], "uv_size": [1, 1]},
								"south": {"uv": [128, 15], "uv_size": [0, 1]},
								"west": {"uv": [127, 15], "uv_size": [1, 1]},
								"up": {"uv": [127, 14], "uv_size": [0, 1]},
								"down": {"uv": [127, 15], "uv_size": [0, -1]}
							}
						},
						{
							"origin": [0.2, 27.05, -21.35],
							"size": [1, 0.5, 0.25],
							"uv": {
								"north": {"uv": [16, 12], "uv_size": [1, 0]},
								"east": {"uv": [16, 12], "uv_size": [0, 0]},
								"south": {"uv": [17, 12], "uv_size": [1, 0]},
								"west": {"uv": [17, 12], "uv_size": [0, 0]},
								"up": {"uv": [16, 12], "uv_size": [1, 0]},
								"down": {"uv": [17, 12], "uv_size": [1, 0]}
							}
						},
						{
							"origin": [-1.3, 27.05, -21.35],
							"size": [1, 0.5, 0.25],
							"uv": {
								"north": {"uv": [16, 12], "uv_size": [1, 0]},
								"east": {"uv": [16, 12], "uv_size": [0, 0]},
								"south": {"uv": [17, 12], "uv_size": [1, 0]},
								"west": {"uv": [17, 12], "uv_size": [0, 0]},
								"up": {"uv": [16, 12], "uv_size": [1, 0]},
								"down": {"uv": [17, 12], "uv_size": [1, 0]}
							}
						},
						{
							"origin": [-1.3, 26.3, -22.1],
							"size": [2.5, 0.75, 1],
							"uv": {
								"north": {"uv": [15, 15], "uv_size": [2, 0]},
								"east": {"uv": [14, 15], "uv_size": [1, 0]},
								"south": {"uv": [18, 15], "uv_size": [2, 0]},
								"west": {"uv": [17, 15], "uv_size": [1, 0]},
								"up": {"uv": [15, 14], "uv_size": [2, 1]},
								"down": {"uv": [17, 15], "uv_size": [2, -1]}
							}
						},
						{
							"origin": [-0.55, 26.3, -28.1],
							"size": [1, 0.5, 6],
							"uv": {
								"north": {"uv": [16, 24], "uv_size": [1, 0]},
								"east": {"uv": [10, 24], "uv_size": [6, 0]},
								"south": {"uv": [23, 24], "uv_size": [1, 0]},
								"west": {"uv": [17, 24], "uv_size": [6, 0]},
								"up": {"uv": [16, 18], "uv_size": [1, 6]},
								"down": {"uv": [17, 24], "uv_size": [1, -6]}
							}
						},
						{
							"origin": [-1.15, 24.05, -28.35],
							"size": [2.2, 2, 7.5],
							"uv": {
								"north": {"uv": [38, 23], "uv_size": [2, 2]},
								"east": {"uv": [31, 23], "uv_size": [7, 2]},
								"south": {"uv": [47, 23], "uv_size": [2, 2]},
								"west": {"uv": [40, 23], "uv_size": [7, 2]},
								"up": {"uv": [38, 16], "uv_size": [2, 7]},
								"down": {"uv": [40, 23], "uv_size": [2, -7]}
							}
						},
						{
							"origin": [-0.8, 24.05, -20.85],
							"size": [1.5, 1.5, 5.25],
							"pivot": [-0.05, 24.8, -21.6],
							"rotation": [0, 0, -22.5],
							"uv": {
								"north": {"uv": [5, 12], "uv_size": [1, 1]},
								"east": {"uv": [0, 12], "uv_size": [5, 1]},
								"south": {"uv": [11, 12], "uv_size": [1, 1]},
								"west": {"uv": [6, 12], "uv_size": [5, 1]},
								"up": {"uv": [5, 7], "uv_size": [1, 5]},
								"down": {"uv": [6, 12], "uv_size": [1, -5]}
							}
						},
						{
							"origin": [-0.8, 24.05, -72.6],
							"size": [1.5, 1.5, 7],
							"pivot": [-0.05, 24.8, -16.6],
							"rotation": [0, 0, -22.5],
							"uv": {
								"north": {"uv": [57, 29], "uv_size": [1, 1]},
								"east": {"uv": [50, 29], "uv_size": [7, 1]},
								"south": {"uv": [65, 29], "uv_size": [1, 1]},
								"west": {"uv": [58, 29], "uv_size": [7, 1]},
								"up": {"uv": [57, 22], "uv_size": [1, 7]},
								"down": {"uv": [58, 29], "uv_size": [1, -7]}
							}
						},
						{
							"origin": [-0.55, 17.9, 4.1],
							"size": [1, 0.5, 1.6],
							"pivot": [0, 18.05, 4.85],
							"rotation": [90, 0, 0],
							"uv": {
								"north": {"uv": [122, 5], "uv_size": [1, 0]},
								"east": {"uv": [121, 5], "uv_size": [1, 0]},
								"south": {"uv": [124, 5], "uv_size": [1, 0]},
								"west": {"uv": [123, 5], "uv_size": [1, 0]},
								"up": {"uv": [122, 4], "uv_size": [1, 1]},
								"down": {"uv": [123, 5], "uv_size": [1, -1]}
							}
						},
						{
							"origin": [-0.55, 17.25, 3.35],
							"size": [1, 0.5, 1.6],
							"pivot": [0, 17.3, 4.9],
							"rotation": [45, 0, 0],
							"uv": {
								"north": {"uv": [122, 6], "uv_size": [1, 0]},
								"east": {"uv": [121, 6], "uv_size": [1, 0]},
								"south": {"uv": [124, 6], "uv_size": [1, 0]},
								"west": {"uv": [123, 6], "uv_size": [1, 0]},
								"up": {"uv": [122, 5], "uv_size": [1, 1]},
								"down": {"uv": [123, 6], "uv_size": [1, -1]}
							}
						},
						{
							"origin": [-0.55, 18.25, 1.85],
							"size": [1, 0.5, 1.5],
							"pivot": [0, 18.3, 3.4],
							"rotation": [67.5, 0, 0],
							"uv": {
								"north": {"uv": [122, 4], "uv_size": [1, 0]},
								"east": {"uv": [121, 4], "uv_size": [1, 0]},
								"south": {"uv": [124, 4], "uv_size": [1, 0]},
								"west": {"uv": [123, 4], "uv_size": [1, 0]},
								"up": {"uv": [122, 3], "uv_size": [1, 1]},
								"down": {"uv": [123, 4], "uv_size": [1, -1]}
							}
						},
						{
							"origin": [-0.55, 18, 1.6],
							"size": [1, 0.5, 1.5],
							"pivot": [0, 18.05, 3.15],
							"rotation": [-67.5, 0, 0],
							"uv": {
								"north": {"uv": [122, 3], "uv_size": [1, 0]},
								"east": {"uv": [121, 3], "uv_size": [1, 0]},
								"south": {"uv": [124, 3], "uv_size": [1, 0]},
								"west": {"uv": [123, 3], "uv_size": [1, 0]},
								"up": {"uv": [122, 2], "uv_size": [1, 1]},
								"down": {"uv": [123, 3], "uv_size": [1, -1]}
							}
						},
						{
							"origin": [-0.55, 16.25, -0.15],
							"size": [1, 0.5, 1.6],
							"pivot": [0, 16.3, 1.4],
							"rotation": [-45, 0, 0],
							"uv": {
								"north": {"uv": [124, 6], "uv_size": [1, 0]},
								"east": {"uv": [123, 6], "uv_size": [1, 0]},
								"south": {"uv": [126, 6], "uv_size": [1, 0]},
								"west": {"uv": [125, 6], "uv_size": [1, 0]},
								"up": {"uv": [124, 5], "uv_size": [1, 1]},
								"down": {"uv": [125, 6], "uv_size": [1, -1]}
							}
						},
						{
							"origin": [-0.55, 16.15, 1.35],
							"size": [1, 0.5, 2.5],
							"uv": {
								"north": {"uv": [126, 6], "uv_size": [1, 0]},
								"east": {"uv": [124, 6], "uv_size": [2, 0]},
								"south": {"uv": [129, 6], "uv_size": [1, 0]},
								"west": {"uv": [127, 6], "uv_size": [2, 0]},
								"up": {"uv": [126, 4], "uv_size": [1, 2]},
								"down": {"uv": [127, 6], "uv_size": [1, -2]}
							}
						},
						{
							"origin": [-0.55, 17.9, -0.15],
							"size": [1, 0.5, 1.6],
							"pivot": [0, 18.05, 0.6],
							"rotation": [90, 0, 0],
							"uv": {
								"north": {"uv": [124, 5], "uv_size": [1, 0]},
								"east": {"uv": [123, 5], "uv_size": [1, 0]},
								"south": {"uv": [126, 5], "uv_size": [1, 0]},
								"west": {"uv": [125, 5], "uv_size": [1, 0]},
								"up": {"uv": [124, 4], "uv_size": [1, 1]},
								"down": {"uv": [125, 5], "uv_size": [1, -1]}
							}
						},
						{
							"origin": [-1.3, 23.55, -15.6],
							"size": [2.5, 1, 26],
							"uv": {
								"north": {"uv": [26, 26], "uv_size": [2, 1]},
								"east": {"uv": [0, 26], "uv_size": [26, 1]},
								"south": {"uv": [54, 26], "uv_size": [2, 1]},
								"west": {"uv": [28, 26], "uv_size": [26, 1]},
								"up": {"uv": [26, 0], "uv_size": [2, 26]},
								"down": {"uv": [28, 26], "uv_size": [2, -26]}
							}
						},
						{
							"origin": [-0.55, 18.8, 4.25],
							"size": [1, 1, 1],
							"pivot": [0, 19.3, 4.75],
							"rotation": [45, 0, 0],
							"uv": {
								"north": {"uv": [125, 3], "uv_size": [1, 1]},
								"east": {"uv": [124, 3], "uv_size": [1, 1]},
								"south": {"uv": [127, 3], "uv_size": [1, 1]},
								"west": {"uv": [126, 3], "uv_size": [1, 1]},
								"up": {"uv": [125, 2], "uv_size": [1, 1]},
								"down": {"uv": [126, 3], "uv_size": [1, -1]}
							}
						}
					]
				},
				{
					"name": "action",
					"parent": "main",
					"pivot": [-1.15, 25.85, 1.1],
					"cubes": [
						{
							"origin": [0.52071, 25.72929, -15.6],
							"size": [1, 1.5, 16.75],
							"pivot": [1.1, 25.85, 1.1],
							"rotation": [0, 0, -45],
							"uv": {
								"north": {"uv": [16, 80], "uv_size": [1, 1]},
								"east": {"uv": [0, 80], "uv_size": [16, 1]},
								"south": {"uv": [33, 80], "uv_size": [1, 1]},
								"west": {"uv": [17, 80], "uv_size": [16, 1]},
								"up": {"uv": [16, 64], "uv_size": [1, 16]},
								"down": {"uv": [17, 80], "uv_size": [1, -16]}
							}
						},
						{
							"origin": [-0.55, 26, -15.6],
							"size": [1.05, 1.2, 16.75],
							"uv": {
								"north": {"uv": [25, 44], "uv_size": [1, 1]},
								"east": {"uv": [9, 44], "uv_size": [16, 1]},
								"south": {"uv": [42, 44], "uv_size": [1, 1]},
								"west": {"uv": [26, 44], "uv_size": [16, 1]},
								"up": {"uv": [25, 28], "uv_size": [1, 16]},
								"down": {"uv": [26, 44], "uv_size": [1, -16]}
							}
						},
						{
							"origin": [-1.55, 24.55, -15.6],
							"size": [3, 1.5, 16.75],
							"uv": {
								"north": {"uv": [16, 62], "uv_size": [3, 1]},
								"east": {"uv": [0, 62], "uv_size": [16, 1]},
								"south": {"uv": [35, 62], "uv_size": [3, 1]},
								"west": {"uv": [19, 62], "uv_size": [16, 1]},
								"up": {"uv": [16, 46], "uv_size": [3, 16]},
								"down": {"uv": [19, 62], "uv_size": [3, -16]}
							}
						},
						{
							"origin": [-3.16066, 25.36066, -11.65],
							"size": [2, 0.75, 0.75],
							"pivot": [-1.65, 25.85, -11.4],
							"rotation": [-45, 0, 0],
							"uv": {
								"north": {"uv": [15, 10], "uv_size": [2, 0]},
								"east": {"uv": [15, 10], "uv_size": [0, 0]},
								"south": {"uv": [17, 10], "uv_size": [2, 0]},
								"west": {"uv": [17, 10], "uv_size": [0, 0]},
								"up": {"uv": [15, 10], "uv_size": [2, 0]},
								"down": {"uv": [17, 10], "uv_size": [2, 0]}
							}
						},
						{
							"origin": [-3.91066, 25.46066, -12.25],
							"size": [1.5, 1.5, 1.5],
							"pivot": [-2.9, 25.7, -12],
							"rotation": [-45, 0, 0],
							"uv": {
								"north": {"uv": [32, 2], "uv_size": [1, 1]},
								"east": {"uv": [31, 2], "uv_size": [1, 1]},
								"south": {"uv": [34, 2], "uv_size": [1, 1]},
								"west": {"uv": [33, 2], "uv_size": [1, 1]},
								"up": {"uv": [32, 1], "uv_size": [1, 1]},
								"down": {"uv": [33, 2], "uv_size": [1, -1]}
							}
						},
						{
							"origin": [-1.3, 25.3, -15.6],
							"size": [1.5, 1, 16.75],
							"pivot": [-1.15, 25.85, 1.1],
							"rotation": [0, 0, -45],
							"uv": {
								"north": {"uv": [39, 64], "uv_size": [1, 1]},
								"east": {"uv": [23, 64], "uv_size": [16, 1]},
								"south": {"uv": [56, 64], "uv_size": [1, 1]},
								"west": {"uv": [40, 64], "uv_size": [16, 1]},
								"up": {"uv": [39, 48], "uv_size": [1, 16]},
								"down": {"uv": [40, 64], "uv_size": [1, -16]}
							}
						}
					]
				},
				{
					"name": "shell",
					"parent": "main",
					"pivot": [-0.05, 23.8, -13.6],
					"cubes": [
						{
							"origin": [-0.55, 23.8, -14.6],
							"size": [1, 1, 7],
							"pivot": [-0.05, 24.3, -13.6],
							"rotation": [0, 0, -22.5],
							"uv": {
								"north": {"uv": [70, 111], "uv_size": [1, 1]},
								"east": {"uv": [65, 111], "uv_size": [5, 1]},
								"south": {"uv": [76, 111], "uv_size": [1, 1]},
								"west": {"uv": [71, 111], "uv_size": [5, 1]},
								"up": {"uv": [70, 106], "uv_size": [1, 5]},
								"down": {"uv": [71, 111], "uv_size": [1, -5]}
							}
						}
					]
				},
				{
					"name": "magazine",
					"parent": "main",
					"pivot": [-0.05, 23.55, -13.6],
					"cubes": [
						{
							"origin": [-0.55, 23.05, -14.6],
							"size": [1, 1, 7],
							"pivot": [-0.05, 23.55, -13.6],
							"rotation": [0, 0, -22.5],
							"uv": {
								"north": {"uv": [70, 111], "uv_size": [1, 1]},
								"east": {"uv": [65, 111], "uv_size": [5, 1]},
								"south": {"uv": [76, 111], "uv_size": [1, 1]},
								"west": {"uv": [71, 111], "uv_size": [5, 1]},
								"up": {"uv": [70, 106], "uv_size": [1, 5]},
								"down": {"uv": [71, 111], "uv_size": [1, -5]}
							}
						},
						{
							"origin": [-0.55, 22.05, -14.6],
							"size": [1, 1, 7],
							"pivot": [-0.05, 22.55, -13.6],
							"rotation": [0, 0, -22.5],
							"uv": {
								"north": {"uv": [70, 111], "uv_size": [1, 1]},
								"east": {"uv": [65, 111], "uv_size": [5, 1]},
								"south": {"uv": [76, 111], "uv_size": [1, 1]},
								"west": {"uv": [71, 111], "uv_size": [5, 1]},
								"up": {"uv": [70, 106], "uv_size": [1, 5]},
								"down": {"uv": [71, 111], "uv_size": [1, -5]}
							}
						},
						{
							"origin": [-0.55, 21.05, -14.6],
							"size": [1, 1, 7],
							"pivot": [-0.05, 21.55, -13.6],
							"rotation": [0, 0, -22.5],
							"uv": {
								"north": {"uv": [70, 111], "uv_size": [1, 1]},
								"east": {"uv": [65, 111], "uv_size": [5, 1]},
								"south": {"uv": [76, 111], "uv_size": [1, 1]},
								"west": {"uv": [71, 111], "uv_size": [5, 1]},
								"up": {"uv": [70, 106], "uv_size": [1, 5]},
								"down": {"uv": [71, 111], "uv_size": [1, -5]}
							}
						},
						{
							"origin": [-0.55, 20.05, -14.6],
							"size": [1, 1, 7],
							"pivot": [-0.05, 20.55, -13.6],
							"rotation": [0, 0, -22.5],
							"uv": {
								"north": {"uv": [70, 111], "uv_size": [1, 1]},
								"east": {"uv": [65, 111], "uv_size": [5, 1]},
								"south": {"uv": [76, 111], "uv_size": [1, 1]},
								"west": {"uv": [71, 111], "uv_size": [5, 1]},
								"up": {"uv": [70, 106], "uv_size": [1, 5]},
								"down": {"uv": [71, 111], "uv_size": [1, -5]}
							}
						},
						{
							"origin": [-0.55, 19.3, -14.6],
							"size": [1, 1, 7],
							"pivot": [-0.05, 19.8, -13.6],
							"rotation": [0, 0, -22.5],
							"uv": {
								"north": {"uv": [70, 111], "uv_size": [1, 1]},
								"east": {"uv": [65, 111], "uv_size": [5, 1]},
								"south": {"uv": [76, 111], "uv_size": [1, 1]},
								"west": {"uv": [71, 111], "uv_size": [5, 1]},
								"up": {"uv": [70, 106], "uv_size": [1, 5]},
								"down": {"uv": [71, 111], "uv_size": [1, -5]}
							}
						}
					]
				},
				{
					"name": "bullet",
					"parent": "magazine",
					"pivot": [-0.05, 23.55, -15.6]
				},
				{
					"name": "clip",
					"parent": "main",
					"pivot": [-0.05, 23.55, -13.6],
					"cubes": [
						{
							"origin": [-0.8, 19.05, -7.85],
							"size": [1.5, 6.25, 0.5],
							"uv": {
								"north": {"uv": [16, 16], "uv_size": [1, 6]},
								"east": {"uv": [16, 16], "uv_size": [0, 6]},
								"south": {"uv": [17, 16], "uv_size": [1, 6]},
								"west": {"uv": [17, 16], "uv_size": [0, 6]},
								"up": {"uv": [16, 16], "uv_size": [1, 0]},
								"down": {"uv": [17, 16], "uv_size": [1, 0]}
							}
						}
					]
				},
				{
					"name": "leftarm",
					"parent": "main",
					"pivot": [10.7, 11.3, -8.6],
					"rotation": [-119.61483, 1.67666, -38.31282],
					"cubes": [
						{
							"origin": [6.7, -12.7, -12.6],
							"size": [8, 24, 8],
							"uv": {
								"north": {"uv": [40, 104], "uv_size": [8, 24]},
								"east": {"uv": [32, 104], "uv_size": [8, 24]},
								"south": {"uv": [56, 104], "uv_size": [8, 24]},
								"west": {"uv": [48, 104], "uv_size": [8, 24]},
								"up": {"uv": [40, 96], "uv_size": [8, 8]},
								"down": {"uv": [48, 104], "uv_size": [8, -8]}
							}
						}
					]
				},
				{
					"name": "rightarm",
					"parent": "main",
					"pivot": [-7.55, 12.05, 25.05],
					"rotation": [-90, -20, -45],
					"cubes": [
						{
							"origin": [-11.55, -11.95, 21.05],
							"size": [8, 24, 8],
							"uv": {
								"north": {"uv": [8, 104], "uv_size": [8, 24]},
								"east": {"uv": [0, 104], "uv_size": [8, 24]},
								"south": {"uv": [24, 104], "uv_size": [8, 24]},
								"west": {"uv": [16, 104], "uv_size": [8, 24]},
								"up": {"uv": [8, 96], "uv_size": [8, 8]},
								"down": {"uv": [16, 104], "uv_size": [8, -8]}
							}
						}
					]
				},
				{
					"name": "scope",
					"parent": "main",
					"pivot": [-0.05, 27.55, 15.95],
					"cubes": [
						{
							"origin": [-0.6, 27.05, 15.45],
							"size": [1, 1, 1],
							"uv": {
								"north": {"uv": [69, 123], "uv_size": [1, 1]},
								"east": {"uv": [68, 123], "uv_size": [1, 1]},
								"south": {"uv": [71, 123], "uv_size": [1, 1]},
								"west": {"uv": [70, 123], "uv_size": [1, 1]},
								"up": {"uv": [69, 122], "uv_size": [1, 1]},
								"down": {"uv": [70, 123], "uv_size": [1, -1]}
							}
						}
					]
				},
				{
					"name": "muzzleflash",
					"parent": "main",
					"pivot": [0, 24.35, -68.25],
					"cubes": [
						{
							"origin": [-1.2, 23.85, -77.8],
							"size": [2, 2, 2],
							"inflate": -0.4,
							"uv": {
								"north": {"uv": [68, 126], "uv_size": [2, 2]},
								"east": {"uv": [66, 126], "uv_size": [2, 2]},
								"south": {"uv": [72, 126], "uv_size": [2, 2]},
								"west": {"uv": [70, 126], "uv_size": [2, 2]},
								"up": {"uv": [68, 124], "uv_size": [2, 2]},
								"down": {"uv": [70, 126], "uv_size": [2, -2]}
							}
						}
					]
				},
				{
					"name": "_cb_suppressor",
					"parent": "main",
					"pivot": [-0.1, 24.85, -72.15],
					"cubes": [
						{
							"origin": [-0.6, 24.35, -72.65],
							"size": [1, 1, 1],
							"uv": {
								"north": {"uv": [0, 0], "uv_size": [1, 1]},
								"east": {"uv": [0, 0], "uv_size": [1, 1]},
								"south": {"uv": [0, 0], "uv_size": [1, 1]},
								"west": {"uv": [0, 0], "uv_size": [1, 1]},
								"up": {"uv": [1, 1], "uv_size": [-1, -1]},
								"down": {"uv": [1, 1], "uv_size": [-1, -1]}
							}
						}
					]
				}
			]
		}
	]
}