{
	"format_version": "1.12.0",
	"minecraft:geometry": [
		{
			"description": {
				"identifier": "geometry.unknown",
				"texture_width": 128,
				"texture_height": 128,
				"visible_bounds_width": 19,
				"visible_bounds_height": 6,
				"visible_bounds_offset": [0, 1, 0]
			},
			"bones": [
				{
					"name": "main",
					"pivot": [0, 20, 0]
				},
				{
					"name": "gun",
					"parent": "main",
					"pivot": [1, 11, -1]
				},
				{
					"name": "wood",
					"parent": "gun",
					"pivot": [0, 13.3, 31.2],
					"cubes": [
						{
							"origin": [-1.7, 21.95, -63.6],
							"size": [3.4, 3, 51],
							"uv": {
								"north": {"uv": [41, 92], "uv_size": [3.5, 3]},
								"east": {"uv": [51, 8], "uv_size": [51, 3]},
								"south": {"uv": [92, 42], "uv_size": [3.5, 3]},
								"west": {"uv": [51, 12], "uv_size": [51, 3]},
								"up": {"uv": [46, 0], "uv_size": [3.5, 51]},
								"down": {"uv": [10, 101], "uv_size": [3.5, -51]}
							}
						},
						{
							"origin": [-1.705, 21.95, -12.6],
							"size": [0.8, 3, 9],
							"uv": {
								"north": {"uv": [22, 107], "uv_size": [1, 3]},
								"east": {"uv": [64, 40], "uv_size": [9, 3]},
								"south": {"uv": [5, 108], "uv_size": [1, 3]},
								"west": {"uv": [67, 50], "uv_size": [9, 3]},
								"up": {"uv": [6, 87], "uv_size": [1, 9]},
								"down": {"uv": [88, 100], "uv_size": [1, -9]}
							}
						},
						{
							"origin": [-1.705, 21.95, -3.6],
							"size": [3.405, 3, 3],
							"uv": {
								"north": {"uv": [83, 91], "uv_size": [3.5, 3]},
								"east": {"uv": [34, 94], "uv_size": [3, 3]},
								"south": {"uv": [19, 92], "uv_size": [3.5, 3]},
								"west": {"uv": [94, 37], "uv_size": [3, 3]},
								"up": {"uv": [24, 92], "uv_size": [3.5, 3]},
								"down": {"uv": [29, 95], "uv_size": [3.5, -3]}
							}
						},
						{
							"origin": [-1.65, 20.69309, -51.97691],
							"size": [3.3, 3, 58.5],
							"pivot": [-0.05, 20.7, -23.5],
							"rotation": [-2.5, 0, 0],
							"uv": {
								"north": {"uv": [90, 90], "uv_size": [3.5, 3]},
								"east": {"uv": [51, 0], "uv_size": [58.5, 3]},
								"south": {"uv": [78, 91], "uv_size": [3.5, 3]},
								"west": {"uv": [51, 4], "uv_size": [58.5, 3]},
								"up": {"uv": [0, 0], "uv_size": [3.5, 58.5]},
								"down": {"uv": [5, 58.5], "uv_size": [3.5, -58.5]}
							}
						},
						{
							"origin": [-1.6, 15.65, 14.8],
							"size": [3.2, 5.5, 19.2],
							"pivot": [0, 18, 32],
							"rotation": [-5, 0, 0],
							"uv": {
								"north": {"uv": [58, 77], "uv_size": [3, 5.5]},
								"east": {"uv": [51, 21], "uv_size": [19, 5.5]},
								"south": {"uv": [78, 74], "uv_size": [3, 5.5]},
								"west": {"uv": [51, 28], "uv_size": [19, 5.5]},
								"up": {"uv": [42, 55], "uv_size": [3, 19]},
								"down": {"uv": [55, 63], "uv_size": [3, -19]}
							}
						},
						{
							"origin": [-1.45, 18.55, 9.2],
							"size": [2.8, 3.25, 7],
							"uv": {
								"north": {"uv": [90, 74], "uv_size": [3, 3.5]},
								"east": {"uv": [50, 66], "uv_size": [7, 3.5]},
								"south": {"uv": [90, 85], "uv_size": [3, 3.5]},
								"west": {"uv": [15, 69], "uv_size": [7, 3.5]},
								"up": {"uv": [74, 74], "uv_size": [3, 7]},
								"down": {"uv": [41, 82], "uv_size": [3, -7]}
							}
						},
						{
							"origin": [-1.4, 21.05, 9.87787],
							"size": [2.8, 3, 2],
							"pivot": [-0.1, 16.95, 10.7],
							"rotation": [-45, 0, 0],
							"uv": {
								"north": {"uv": [71, 93], "uv_size": [3, 3]},
								"east": {"uv": [98, 85], "uv_size": [2, 3]},
								"south": {"uv": [2, 94], "uv_size": [3, 3]},
								"west": {"uv": [90, 98], "uv_size": [2, 3]},
								"up": {"uv": [93, 98], "uv_size": [3, 2]},
								"down": {"uv": [98, 95], "uv_size": [3, -2]}
							}
						},
						{
							"origin": [-1.5, 10.3, 4.2],
							"size": [3, 4, 29.9],
							"pivot": [0, 13.3, 31.2],
							"rotation": [-20, 0, 0],
							"uv": {
								"north": {"uv": [54, 84], "uv_size": [3, 4]},
								"east": {"uv": [15, 50], "uv_size": [30, 4]},
								"south": {"uv": [84, 54], "uv_size": [3, 4]},
								"west": {"uv": [51, 16], "uv_size": [30, 4]},
								"up": {"uv": [51, 35], "uv_size": [3, 30]},
								"down": {"uv": [46, 82], "uv_size": [3, -30]}
							}
						},
						{
							"origin": [-1.6, 19.89599, -1.89009],
							"size": [3.2, 4, 7.9],
							"pivot": [0, 22.29599, 3.55991],
							"rotation": [-10, 0, 0],
							"uv": {
								"north": {"uv": [82, 86], "uv_size": [3, 4]},
								"east": {"uv": [33, 64], "uv_size": [8, 4]},
								"south": {"uv": [86, 86], "uv_size": [3, 4]},
								"west": {"uv": [64, 35], "uv_size": [8, 4]},
								"up": {"uv": [27, 69], "uv_size": [3, 8]},
								"down": {"uv": [31, 77], "uv_size": [3, -8]}
							}
						},
						{
							"origin": [-1.5, 14.3, 25.2],
							"size": [3, 4, 7.9],
							"pivot": [0, 13.3, 31.2],
							"rotation": [-20, 0, 0],
							"uv": {
								"north": {"uv": [86, 74], "uv_size": [3, 4]},
								"east": {"uv": [15, 64], "uv_size": [8, 4]},
								"south": {"uv": [78, 86], "uv_size": [3, 4]},
								"west": {"uv": [24, 64], "uv_size": [8, 4]},
								"up": {"uv": [58, 68], "uv_size": [3, 8]},
								"down": {"uv": [23, 77], "uv_size": [3, -8]}
							}
						},
						{
							"origin": [0.9, 21.95, -12.6],
							"size": [0.8, 3, 9],
							"uv": {
								"north": {"uv": [7, 108], "uv_size": [1, 3]},
								"east": {"uv": [67, 54], "uv_size": [9, 3]},
								"south": {"uv": [18, 108], "uv_size": [1, 3]},
								"west": {"uv": [67, 58], "uv_size": [9, 3]},
								"up": {"uv": [64, 92], "uv_size": [1, 9]},
								"down": {"uv": [58, 102], "uv_size": [1, -9]}
							}
						}
					]
				},
				{
					"name": "metal",
					"parent": "gun",
					"pivot": [0, 19.3, 4.75],
					"cubes": [
						{
							"origin": [-1.655, 18.95, -40.35],
							"size": [3.25, 1.5, 1],
							"uv": {
								"north": {"uv": [102, 57], "uv_size": [3.5, 1.5]},
								"east": {"uv": [84, 109], "uv_size": [1, 1.5]},
								"south": {"uv": [60, 102], "uv_size": [3.5, 1.5]},
								"west": {"uv": [109, 88], "uv_size": [1, 1.5]},
								"up": {"uv": [105, 53], "uv_size": [3.5, 1]},
								"down": {"uv": [105, 96], "uv_size": [3.5, -1]}
							}
						},
						{
							"origin": [-0.655, 20.45, -40.35],
							"size": [1.25, 0.5, 1],
							"uv": {
								"north": {"uv": [112, 86], "uv_size": [1.5, 0.5]},
								"east": {"uv": [113, 31], "uv_size": [1, 0.5]},
								"south": {"uv": [112, 94], "uv_size": [1.5, 0.5]},
								"west": {"uv": [113, 33], "uv_size": [1, 0.5]},
								"up": {"uv": [109, 49], "uv_size": [1.5, 1]},
								"down": {"uv": [92, 110], "uv_size": [1.5, -1]}
							}
						},
						{
							"origin": [0.7, 24.95, -25.85],
							"size": [0.5, 0.75, 25.25],
							"uv": {
								"north": {"uv": [92, 113], "uv_size": [0.5, 1]},
								"east": {"uv": [67, 66], "uv_size": [25, 1]},
								"south": {"uv": [94, 113], "uv_size": [0.5, 1]},
								"west": {"uv": [67, 68], "uv_size": [25, 1]},
								"up": {"uv": [0, 84], "uv_size": [0.5, 25]},
								"down": {"uv": [52, 109], "uv_size": [0.5, -25]}
							}
						},
						{
							"origin": [0.778, 25.295, -16.35],
							"size": [1, 1, 4],
							"pivot": [1, 24.8, 5],
							"rotation": [0, 0, -45],
							"uv": {
								"north": {"uv": [86, 111], "uv_size": [1, 1]},
								"east": {"uv": [101, 103], "uv_size": [4, 1]},
								"south": {"uv": [111, 88], "uv_size": [1, 1]},
								"west": {"uv": [104, 32], "uv_size": [4, 1]},
								"up": {"uv": [104, 77], "uv_size": [1, 4]},
								"down": {"uv": [82, 108], "uv_size": [1, -4]}
							}
						},
						{
							"origin": [-0.4, 26.8, -74.8],
							"size": [0.7, 1.45, 2],
							"inflate": -0.201,
							"uv": {
								"north": {"uv": [112, 83], "uv_size": [0.5, 1.5]},
								"east": {"uv": [107, 57], "uv_size": [2, 1.5]},
								"south": {"uv": [84, 112], "uv_size": [0.5, 1.5]},
								"west": {"uv": [107, 63], "uv_size": [2, 1.5]},
								"up": {"uv": [13, 111], "uv_size": [0.5, 2]},
								"down": {"uv": [15, 113], "uv_size": [0.5, -2]}
							}
						},
						{
							"origin": [-0.8, 24.05, -76.6],
							"size": [1.5, 1.5, 8],
							"pivot": [-0.05, 24.8, -16.6],
							"rotation": [0, 0, -22.5],
							"uv": {
								"north": {"uv": [49, 108], "uv_size": [1.5, 1.5]},
								"east": {"uv": [77, 59], "uv_size": [8, 1.5]},
								"south": {"uv": [74, 108], "uv_size": [1.5, 1.5]},
								"west": {"uv": [22, 85], "uv_size": [8, 1.5]},
								"up": {"uv": [58, 84], "uv_size": [1.5, 8]},
								"down": {"uv": [61, 93], "uv_size": [1.5, -8]}
							}
						},
						{
							"origin": [-1.05, 25.95, -74.65],
							"size": [2, 1.25, 2],
							"uv": {
								"north": {"uv": [107, 70], "uv_size": [2, 1.5]},
								"east": {"uv": [107, 104], "uv_size": [2, 1.5]},
								"south": {"uv": [107, 107], "uv_size": [2, 1.5]},
								"west": {"uv": [2, 108], "uv_size": [2, 1.5]},
								"up": {"uv": [68, 103], "uv_size": [2, 2]},
								"down": {"uv": [71, 105], "uv_size": [2, -2]}
							}
						},
						{
							"origin": [-1.05, 23.45, -74.65],
							"size": [2, 2.5, 2],
							"uv": {
								"north": {"uv": [102, 73], "uv_size": [2, 2.5]},
								"east": {"uv": [77, 102], "uv_size": [2, 2.5]},
								"south": {"uv": [89, 102], "uv_size": [2, 2.5]},
								"west": {"uv": [102, 93], "uv_size": [2, 2.5]},
								"up": {"uv": [44, 103], "uv_size": [2, 2]},
								"down": {"uv": [103, 62], "uv_size": [2, -2]}
							}
						},
						{
							"origin": [-1.55, 21.45, -64.6],
							"size": [3, 5, 1],
							"uv": {
								"north": {"uv": [74, 82], "uv_size": [3, 5]},
								"east": {"uv": [56, 102], "uv_size": [1, 5]},
								"south": {"uv": [82, 74], "uv_size": [3, 5]},
								"west": {"uv": [75, 102], "uv_size": [1, 5]},
								"up": {"uv": [55, 64], "uv_size": [3, 1]},
								"down": {"uv": [107, 45], "uv_size": [3, -1]}
							}
						},
						{
							"origin": [-1.55, 21.45, -68.6],
							"size": [3, 5, 1],
							"uv": {
								"north": {"uv": [83, 80], "uv_size": [3, 5]},
								"east": {"uv": [14, 103], "uv_size": [1, 5]},
								"south": {"uv": [84, 43], "uv_size": [3, 5]},
								"west": {"uv": [16, 103], "uv_size": [1, 5]},
								"up": {"uv": [108, 23], "uv_size": [3, 1]},
								"down": {"uv": [27, 109], "uv_size": [3, -1]}
							}
						},
						{
							"origin": [-1.55, 22.45, -67.6],
							"size": [3, 3, 3],
							"pivot": [-0.05, 23.95, -66.1],
							"rotation": [0, 0, -30],
							"uv": {
								"north": {"uv": [54, 94], "uv_size": [3, 3]},
								"east": {"uv": [60, 94], "uv_size": [3, 3]},
								"south": {"uv": [94, 74], "uv_size": [3, 3]},
								"west": {"uv": [94, 85], "uv_size": [3, 3]},
								"up": {"uv": [90, 94], "uv_size": [3, 3]},
								"down": {"uv": [94, 97], "uv_size": [3, -3]}
							}
						},
						{
							"origin": [-1.9, 20.95, -40.35],
							"size": [3.7, 5.6, 1],
							"uv": {
								"north": {"uv": [22, 78], "uv_size": [3.5, 5.5]},
								"east": {"uv": [87, 101], "uv_size": [1, 5.5]},
								"south": {"uv": [27, 78], "uv_size": [3.5, 5.5]},
								"west": {"uv": [54, 102], "uv_size": [1, 5.5]},
								"up": {"uv": [107, 40], "uv_size": [3.5, 1]},
								"down": {"uv": [107, 43], "uv_size": [3.5, -1]}
							}
						},
						{
							"origin": [0.7, 24.95, -63.6],
							"size": [1, 0.75, 23.25],
							"uv": {
								"north": {"uv": [111, 46], "uv_size": [1, 1]},
								"east": {"uv": [71, 72], "uv_size": [23, 1]},
								"south": {"uv": [48, 111], "uv_size": [1, 1]},
								"west": {"uv": [73, 35], "uv_size": [23, 1]},
								"up": {"uv": [15, 74], "uv_size": [1, 23]},
								"down": {"uv": [17, 97], "uv_size": [1, -23]}
							}
						},
						{
							"origin": [-2.278, 25.295, -63.6],
							"size": [1, 1, 23.25],
							"pivot": [-1.5, 24.8, -23],
							"rotation": [0, 0, 45],
							"uv": {
								"north": {"uv": [111, 2], "uv_size": [1, 1]},
								"east": {"uv": [67, 70], "uv_size": [23.5, 1]},
								"south": {"uv": [111, 4], "uv_size": [1, 1]},
								"west": {"uv": [71, 21], "uv_size": [23.5, 1]},
								"up": {"uv": [35, 69], "uv_size": [1, 23.5]},
								"down": {"uv": [37, 92.5], "uv_size": [1, -23.5]}
							}
						},
						{
							"origin": [-0.99, 25.41, -63.6],
							"size": [1.98, 1, 23.25],
							"uv": {
								"north": {"uv": [75, 93], "uv_size": [2, 1]},
								"east": {"uv": [71, 31], "uv_size": [23, 1]},
								"south": {"uv": [96, 108], "uv_size": [2, 1]},
								"west": {"uv": [71, 33], "uv_size": [23, 1]},
								"up": {"uv": [59, 44], "uv_size": [2, 23]},
								"down": {"uv": [0, 83], "uv_size": [2, -23]}
							}
						},
						{
							"origin": [1.278, 25.295, -63.6],
							"size": [1, 1, 23.25],
							"pivot": [1.5, 24.8, -23],
							"rotation": [0, 0, -45],
							"uv": {
								"north": {"uv": [111, 33], "uv_size": [1, 1]},
								"east": {"uv": [71, 23], "uv_size": [23.5, 1]},
								"south": {"uv": [111, 35], "uv_size": [1, 1]},
								"west": {"uv": [71, 25], "uv_size": [23.5, 1]},
								"up": {"uv": [39, 69], "uv_size": [1, 23.5]},
								"down": {"uv": [50, 94.5], "uv_size": [1, -23.5]}
							}
						},
						{
							"origin": [-1.05, 25.62128, -24.72124],
							"size": [0.5, 1, 7.3],
							"pivot": [-0.8, 26.6, -17.45],
							"rotation": [-7.5, 0, 0],
							"uv": {
								"north": {"uv": [113, 43], "uv_size": [0.5, 1]},
								"east": {"uv": [96, 83], "uv_size": [7.5, 1]},
								"south": {"uv": [113, 45], "uv_size": [0.5, 1]},
								"west": {"uv": [97, 35], "uv_size": [7.5, 1]},
								"up": {"uv": [68, 106], "uv_size": [0.5, 7.5]},
								"down": {"uv": [70, 113.5], "uv_size": [0.5, -7.5]}
							}
						},
						{
							"origin": [-1.4, 25.65, -17.35],
							"size": [2.7, 1.5, 1],
							"uv": {
								"north": {"uv": [106, 60], "uv_size": [2.5, 1.5]},
								"east": {"uv": [29, 110], "uv_size": [1, 1.5]},
								"south": {"uv": [106, 76], "uv_size": [2.5, 1.5]},
								"west": {"uv": [52, 110], "uv_size": [1, 1.5]},
								"up": {"uv": [108, 84], "uv_size": [2.5, 1]},
								"down": {"uv": [108, 87], "uv_size": [2.5, -1]}
							}
						},
						{
							"origin": [-1.4, 24.65, -25.85],
							"size": [2.7, 2.5, 1],
							"uv": {
								"north": {"uv": [54, 98], "uv_size": [2.5, 2.5]},
								"east": {"uv": [31, 108], "uv_size": [1, 2.5]},
								"south": {"uv": [60, 98], "uv_size": [2.5, 2.5]},
								"west": {"uv": [42, 108], "uv_size": [1, 2.5]},
								"up": {"uv": [108, 73], "uv_size": [2.5, 1]},
								"down": {"uv": [108, 83], "uv_size": [2.5, -1]}
							}
						},
						{
							"origin": [-1.15, 25.65, -24.85],
							"size": [2.2, 1, 7.5],
							"uv": {
								"north": {"uv": [19, 90], "uv_size": [2, 1]},
								"east": {"uv": [97, 49], "uv_size": [7.5, 1]},
								"south": {"uv": [92, 70], "uv_size": [2, 1]},
								"west": {"uv": [15, 98], "uv_size": [7.5, 1]},
								"up": {"uv": [41, 83], "uv_size": [2, 7.5]},
								"down": {"uv": [44, 90.5], "uv_size": [2, -7.5]}
							}
						},
						{
							"origin": [0.45, 25.62128, -24.72124],
							"size": [0.5, 1, 7.3],
							"pivot": [0, 26.6, -17.45],
							"rotation": [-7.5, 0, 0],
							"uv": {
								"north": {"uv": [47, 113], "uv_size": [0.5, 1]},
								"east": {"uv": [98, 16], "uv_size": [7.5, 1]},
								"south": {"uv": [49, 113], "uv_size": [0.5, 1]},
								"west": {"uv": [98, 18], "uv_size": [7.5, 1]},
								"up": {"uv": [72, 106], "uv_size": [0.5, 7.5]},
								"down": {"uv": [77, 113.5], "uv_size": [0.5, -7.5]}
							}
						},
						{
							"origin": [-0.55, 26.9, -24.6],
							"size": [1, 0.5, 6],
							"uv": {
								"north": {"uv": [51, 113], "uv_size": [1, 0.5]},
								"east": {"uv": [107, 51], "uv_size": [6, 0.5]},
								"south": {"uv": [113, 53], "uv_size": [1, 0.5]},
								"west": {"uv": [108, 13], "uv_size": [6, 0.5]},
								"up": {"uv": [45, 96], "uv_size": [1, 6]},
								"down": {"uv": [98, 102], "uv_size": [1, -6]}
							}
						},
						{
							"origin": [-1.3, 26.9, -18.6],
							"size": [2.5, 0.75, 1],
							"uv": {
								"north": {"uv": [60, 108], "uv_size": [2.5, 1]},
								"east": {"uv": [24, 111], "uv_size": [1, 1]},
								"south": {"uv": [64, 108], "uv_size": [2.5, 1]},
								"west": {"uv": [111, 31], "uv_size": [1, 1]},
								"up": {"uv": [108, 66], "uv_size": [2.5, 1]},
								"down": {"uv": [108, 69], "uv_size": [2.5, -1]}
							}
						},
						{
							"origin": [0.2, 27.65, -17.85],
							"size": [1, 0.5, 0.25],
							"uv": {
								"north": {"uv": [113, 57], "uv_size": [1, 0.5]},
								"east": {"uv": [114, 8], "uv_size": [0.5, 0.5]},
								"south": {"uv": [62, 113], "uv_size": [1, 0.5]},
								"west": {"uv": [114, 10], "uv_size": [0.5, 0.5]},
								"up": {"uv": [64, 113], "uv_size": [1, 0.5]},
								"down": {"uv": [66, 113.5], "uv_size": [1, -0.5]}
							}
						},
						{
							"origin": [-1.3, 27.65, -17.85],
							"size": [1, 0.5, 0.25],
							"uv": {
								"north": {"uv": [74, 113], "uv_size": [1, 0.5]},
								"east": {"uv": [12, 114], "uv_size": [0.5, 0.5]},
								"south": {"uv": [79, 113], "uv_size": [1, 0.5]},
								"west": {"uv": [14, 114], "uv_size": [0.5, 0.5]},
								"up": {"uv": [86, 113], "uv_size": [1, 0.5]},
								"down": {"uv": [88, 113.5], "uv_size": [1, -0.5]}
							}
						},
						{
							"origin": [-1.2, 24.95, -25.85],
							"size": [0.5, 0.75, 25.25],
							"uv": {
								"north": {"uv": [113, 88], "uv_size": [0.5, 1]},
								"east": {"uv": [67, 62], "uv_size": [25, 1]},
								"south": {"uv": [90, 113], "uv_size": [0.5, 1]},
								"west": {"uv": [67, 64], "uv_size": [25, 1]},
								"up": {"uv": [8, 82], "uv_size": [0.5, 25]},
								"down": {"uv": [47, 108], "uv_size": [0.5, -25]}
							}
						},
						{
							"origin": [-1.778, 25.295, -16.35],
							"size": [1, 1, 4],
							"pivot": [-1, 24.8, 5],
							"rotation": [0, 0, 45],
							"uv": {
								"north": {"uv": [50, 111], "uv_size": [1, 1]},
								"east": {"uv": [102, 51], "uv_size": [4, 1]},
								"south": {"uv": [74, 111], "uv_size": [1, 1]},
								"west": {"uv": [103, 14], "uv_size": [4, 1]},
								"up": {"uv": [18, 103], "uv_size": [1, 4]},
								"down": {"uv": [58, 107], "uv_size": [1, -4]}
							}
						},
						{
							"origin": [-0.51, 24.91, -4.6],
							"size": [1, 1.5, 4],
							"uv": {
								"north": {"uv": [66, 110], "uv_size": [1, 1.5]},
								"east": {"uv": [99, 80], "uv_size": [4, 1.5]},
								"south": {"uv": [110, 70], "uv_size": [1, 1.5]},
								"west": {"uv": [15, 100], "uv_size": [4, 1.5]},
								"up": {"uv": [10, 105], "uv_size": [1, 4]},
								"down": {"uv": [12, 109], "uv_size": [1, -4]}
							}
						},
						{
							"origin": [0.778, 25.295, -4.6],
							"size": [1, 1, 4],
							"pivot": [1, 24.8, 16.75],
							"rotation": [0, 0, -45],
							"uv": {
								"north": {"uv": [112, 41], "uv_size": [1, 1]},
								"east": {"uv": [104, 97], "uv_size": [4, 1]},
								"south": {"uv": [43, 112], "uv_size": [1, 1]},
								"west": {"uv": [104, 99], "uv_size": [4, 1]},
								"up": {"uv": [94, 104], "uv_size": [1, 4]},
								"down": {"uv": [105, 12], "uv_size": [1, -4]}
							}
						},
						{
							"origin": [-1.778, 25.295, -4.6],
							"size": [1, 1, 4],
							"pivot": [-1, 24.8, 16.75],
							"rotation": [0, 0, 45],
							"uv": {
								"north": {"uv": [112, 39], "uv_size": [1, 1]},
								"east": {"uv": [104, 88], "uv_size": [4, 1]},
								"south": {"uv": [41, 112], "uv_size": [1, 1]},
								"west": {"uv": [104, 90], "uv_size": [4, 1]},
								"up": {"uv": [84, 104], "uv_size": [1, 4]},
								"down": {"uv": [92, 108], "uv_size": [1, -4]}
							}
						},
						{
							"origin": [-0.51, 24.91, -16.35],
							"size": [1, 1.5, 4],
							"uv": {
								"north": {"uv": [11, 110], "uv_size": [1, 1.5]},
								"east": {"uv": [75, 99], "uv_size": [4, 1.5]},
								"south": {"uv": [27, 110], "uv_size": [1, 1.5]},
								"west": {"uv": [99, 77], "uv_size": [4, 1.5]},
								"up": {"uv": [97, 103], "uv_size": [1, 4]},
								"down": {"uv": [99, 107], "uv_size": [1, -4]}
							}
						},
						{
							"origin": [-1.7, 24.95, -63.6],
							"size": [1, 0.75, 23.25],
							"uv": {
								"north": {"uv": [111, 37], "uv_size": [1, 1]},
								"east": {"uv": [71, 27], "uv_size": [23, 1]},
								"south": {"uv": [111, 44], "uv_size": [1, 1]},
								"west": {"uv": [71, 29], "uv_size": [23, 1]},
								"up": {"uv": [67, 72], "uv_size": [1, 23]},
								"down": {"uv": [69, 95], "uv_size": [1, -23]}
							}
						},
						{
							"origin": [1.278, 26.045, -31.85],
							"size": [1, 1, 6],
							"pivot": [1.5, 25.55, -4],
							"rotation": [0, 0, -45],
							"uv": {
								"north": {"uv": [54, 112], "uv_size": [1, 1]},
								"east": {"uv": [100, 44], "uv_size": [6, 1]},
								"south": {"uv": [112, 55], "uv_size": [1, 1]},
								"west": {"uv": [101, 55], "uv_size": [6, 1]},
								"up": {"uv": [6, 101], "uv_size": [1, 6]},
								"down": {"uv": [42, 107], "uv_size": [1, -6]}
							}
						},
						{
							"origin": [0.7, 24.95, -31.85],
							"size": [1, 1.5, 6],
							"uv": {
								"north": {"uv": [79, 110], "uv_size": [1, 1.5]},
								"east": {"uv": [95, 58], "uv_size": [6, 1.5]},
								"south": {"uv": [89, 110], "uv_size": [1, 1.5]},
								"west": {"uv": [95, 70], "uv_size": [6, 1.5]},
								"up": {"uv": [2, 101], "uv_size": [1, 6]},
								"down": {"uv": [4, 107], "uv_size": [1, -6]}
							}
						},
						{
							"origin": [-0.99, 26.16, -31.85],
							"size": [1.98, 1, 6],
							"uv": {
								"north": {"uv": [104, 108], "uv_size": [2, 1]},
								"east": {"uv": [100, 40], "uv_size": [6, 1]},
								"south": {"uv": [14, 109], "uv_size": [2, 1]},
								"west": {"uv": [100, 42], "uv_size": [6, 1]},
								"up": {"uv": [64, 85], "uv_size": [2, 6]},
								"down": {"uv": [2, 93], "uv_size": [2, -6]}
							}
						},
						{
							"origin": [-2.278, 26.045, -31.85],
							"size": [1, 1, 6],
							"pivot": [-1.5, 25.55, -4],
							"rotation": [0, 0, 45],
							"uv": {
								"north": {"uv": [45, 112], "uv_size": [1, 1]},
								"east": {"uv": [98, 23], "uv_size": [6, 1]},
								"south": {"uv": [112, 48], "uv_size": [1, 1]},
								"west": {"uv": [98, 68], "uv_size": [6, 1]},
								"up": {"uv": [22, 100], "uv_size": [1, 6]},
								"down": {"uv": [100, 102], "uv_size": [1, -6]}
							}
						},
						{
							"origin": [-1.7, 24.95, -31.85],
							"size": [1, 1.5, 6],
							"uv": {
								"north": {"uv": [110, 75], "uv_size": [1, 1.5]},
								"east": {"uv": [95, 27], "uv_size": [6, 1.5]},
								"south": {"uv": [110, 78], "uv_size": [1, 1.5]},
								"west": {"uv": [95, 30], "uv_size": [6, 1.5]},
								"up": {"uv": [80, 99], "uv_size": [1, 6]},
								"down": {"uv": [20, 106], "uv_size": [1, -6]}
							}
						},
						{
							"origin": [0.6, 24.6, -39.75],
							"size": [1, 1.5, 8],
							"pivot": [-0.1, 25.83, -35.5],
							"rotation": [5, 0, 0],
							"uv": {
								"north": {"uv": [99, 110], "uv_size": [1, 1.5]},
								"east": {"uv": [87, 79], "uv_size": [8, 1.5]},
								"south": {"uv": [101, 110], "uv_size": [1, 1.5]},
								"west": {"uv": [87, 82], "uv_size": [8, 1.5]},
								"up": {"uv": [32, 96], "uv_size": [1, 8]},
								"down": {"uv": [40, 104], "uv_size": [1, -8]}
							}
						},
						{
							"origin": [0.29318, 24.81886, -39.75],
							"size": [1, 1, 8],
							"pivot": [-0.1, 25.83, -35.5],
							"rotation": [3.54002, 3.53329, -44.89078],
							"uv": {
								"north": {"uv": [112, 59], "uv_size": [1, 1]},
								"east": {"uv": [96, 25], "uv_size": [8, 1]},
								"south": {"uv": [60, 112], "uv_size": [1, 1]},
								"west": {"uv": [96, 53], "uv_size": [8, 1]},
								"up": {"uv": [28, 96], "uv_size": [1, 8]},
								"down": {"uv": [30, 104], "uv_size": [1, -8]}
							}
						},
						{
							"origin": [-0.89, 25.81, -39.75],
							"size": [1.78, 1, 8],
							"pivot": [0, 25.83, -35.5],
							"rotation": [5, 0, 0],
							"uv": {
								"north": {"uv": [24, 109], "uv_size": [2, 1]},
								"east": {"uv": [95, 91], "uv_size": [8, 1]},
								"south": {"uv": [109, 25], "uv_size": [2, 1]},
								"west": {"uv": [19, 96], "uv_size": [8, 1]},
								"up": {"uv": [32, 78], "uv_size": [2, 8]},
								"down": {"uv": [81, 58], "uv_size": [2, -8]}
							}
						},
						{
							"origin": [-1.29318, 24.81886, -39.75],
							"size": [1, 1, 8],
							"pivot": [0.1, 25.83, -35.5],
							"rotation": [3.54002, -3.53329, 44.89078],
							"uv": {
								"north": {"uv": [56, 112], "uv_size": [1, 1]},
								"east": {"uv": [95, 33], "uv_size": [8, 1]},
								"south": {"uv": [58, 112], "uv_size": [1, 1]},
								"west": {"uv": [95, 89], "uv_size": [8, 1]},
								"up": {"uv": [85, 95], "uv_size": [1, 8]},
								"down": {"uv": [96, 24], "uv_size": [1, -8]}
							}
						},
						{
							"origin": [-1.6, 24.6, -39.75],
							"size": [1, 1.5, 8],
							"pivot": [0.1, 25.83, -35.5],
							"rotation": [5, 0, 0],
							"uv": {
								"north": {"uv": [95, 110], "uv_size": [1, 1.5]},
								"east": {"uv": [86, 59], "uv_size": [8, 1.5]},
								"south": {"uv": [97, 110], "uv_size": [1, 1.5]},
								"west": {"uv": [87, 16], "uv_size": [8, 1.5]},
								"up": {"uv": [38, 94], "uv_size": [1, 8]},
								"down": {"uv": [83, 103], "uv_size": [1, -8]}
							}
						},
						{
							"origin": [-1.655, 9.7, 25.7],
							"size": [3.25, 1.5, 1],
							"uv": {
								"north": {"uv": [102, 64], "uv_size": [3.5, 1.5]},
								"east": {"uv": [0, 110], "uv_size": [1, 1.5]},
								"south": {"uv": [102, 70], "uv_size": [3.5, 1.5]},
								"west": {"uv": [9, 110], "uv_size": [1, 1.5]},
								"up": {"uv": [107, 16], "uv_size": [3.5, 1]},
								"down": {"uv": [107, 19], "uv_size": [3.5, -1]}
							}
						},
						{
							"origin": [-0.655, 11.2, 25.7],
							"size": [1.25, 0.5, 1],
							"uv": {
								"north": {"uv": [112, 96], "uv_size": [1.5, 0.5]},
								"east": {"uv": [113, 35], "uv_size": [1, 0.5]},
								"south": {"uv": [112, 98], "uv_size": [1.5, 0.5]},
								"west": {"uv": [113, 37], "uv_size": [1, 0.5]},
								"up": {"uv": [109, 97], "uv_size": [1.5, 1]},
								"down": {"uv": [109, 100], "uv_size": [1.5, -1]}
							}
						},
						{
							"origin": [-0.55, 18.8, -1],
							"size": [1, 1, 1],
							"pivot": [0, 19.3, -0.5],
							"rotation": [45, 0, 0],
							"uv": {
								"north": {"uv": [104, 101], "uv_size": [1, 1]},
								"east": {"uv": [110, 95], "uv_size": [1, 1]},
								"south": {"uv": [110, 101], "uv_size": [1, 1]},
								"west": {"uv": [103, 110], "uv_size": [1, 1]},
								"up": {"uv": [110, 103], "uv_size": [1, 1]},
								"down": {"uv": [105, 111], "uv_size": [1, -1]}
							}
						},
						{
							"origin": [-1.3, 19.25, -1.6],
							"size": [2.5, 1, 8],
							"uv": {
								"north": {"uv": [108, 55], "uv_size": [2.5, 1]},
								"east": {"uv": [87, 19], "uv_size": [8, 1]},
								"south": {"uv": [56, 108], "uv_size": [2.5, 1]},
								"west": {"uv": [93, 51], "uv_size": [8, 1]},
								"up": {"uv": [62, 76], "uv_size": [2.5, 8]},
								"down": {"uv": [77, 58], "uv_size": [2.5, -8]}
							}
						},
						{
							"origin": [-0.55, 17.9, 4.1],
							"size": [1, 0.5, 1.6],
							"pivot": [0, 18.05, 4.85],
							"rotation": [90, 0, 0],
							"uv": {
								"north": {"uv": [108, 112], "uv_size": [1, 0.5]},
								"east": {"uv": [112, 61], "uv_size": [1.5, 0.5]},
								"south": {"uv": [0, 113], "uv_size": [1, 0.5]},
								"west": {"uv": [112, 63], "uv_size": [1.5, 0.5]},
								"up": {"uv": [109, 31], "uv_size": [1, 1.5]},
								"down": {"uv": [33, 110.5], "uv_size": [1, -1.5]}
							}
						},
						{
							"origin": [-0.55, 17.25, 3.35],
							"size": [1, 0.5, 1.6],
							"pivot": [0, 17.3, 4.9],
							"rotation": [45, 0, 0],
							"uv": {
								"north": {"uv": [113, 0], "uv_size": [1, 0.5]},
								"east": {"uv": [112, 65], "uv_size": [1.5, 0.5]},
								"south": {"uv": [2, 113], "uv_size": [1, 0.5]},
								"west": {"uv": [112, 67], "uv_size": [1.5, 0.5]},
								"up": {"uv": [109, 34], "uv_size": [1, 1.5]},
								"down": {"uv": [35, 110.5], "uv_size": [1, -1.5]}
							}
						},
						{
							"origin": [-0.55, 18.15, 1.35],
							"size": [1, 0.5, 1.5],
							"pivot": [0, 18.3, 2.9],
							"rotation": [67.5, 0, 0],
							"uv": {
								"north": {"uv": [113, 2], "uv_size": [1, 0.5]},
								"east": {"uv": [112, 69], "uv_size": [1.5, 0.5]},
								"south": {"uv": [113, 4], "uv_size": [1, 0.5]},
								"west": {"uv": [112, 71], "uv_size": [1.5, 0.5]},
								"up": {"uv": [37, 109], "uv_size": [1, 1.5]},
								"down": {"uv": [109, 38.5], "uv_size": [1, -1.5]}
							}
						},
						{
							"origin": [-0.55, 18, 1.1],
							"size": [1, 0.5, 1.5],
							"pivot": [0, 18.05, 2.65],
							"rotation": [-67.5, 0, 0],
							"uv": {
								"north": {"uv": [113, 6], "uv_size": [1, 0.5]},
								"east": {"uv": [112, 73], "uv_size": [1.5, 0.5]},
								"south": {"uv": [8, 113], "uv_size": [1, 0.5]},
								"west": {"uv": [112, 75], "uv_size": [1.5, 0.5]},
								"up": {"uv": [39, 109], "uv_size": [1, 1.5]},
								"down": {"uv": [44, 110.5], "uv_size": [1, -1.5]}
							}
						},
						{
							"origin": [-0.55, 16.25, -1.15],
							"size": [1, 0.5, 1.6],
							"pivot": [0, 16.3, 0.4],
							"rotation": [-45, 0, 0],
							"uv": {
								"north": {"uv": [10, 113], "uv_size": [1, 0.5]},
								"east": {"uv": [112, 77], "uv_size": [1.5, 0.5]},
								"south": {"uv": [21, 113], "uv_size": [1, 0.5]},
								"west": {"uv": [112, 79], "uv_size": [1.5, 0.5]},
								"up": {"uv": [46, 109], "uv_size": [1, 1.5]},
								"down": {"uv": [109, 47.5], "uv_size": [1, -1.5]}
							}
						},
						{
							"origin": [-0.55, 16.15, 0.35],
							"size": [1, 0.5, 3.5],
							"uv": {
								"north": {"uv": [23, 113], "uv_size": [1, 0.5]},
								"east": {"uv": [109, 27], "uv_size": [3.5, 0.5]},
								"south": {"uv": [25, 113], "uv_size": [1, 0.5]},
								"west": {"uv": [109, 29], "uv_size": [3.5, 0.5]},
								"up": {"uv": [107, 8], "uv_size": [1, 3.5]},
								"down": {"uv": [20, 110.5], "uv_size": [1, -3.5]}
							}
						},
						{
							"origin": [-0.55, 17.9, -1.15],
							"size": [1, 0.5, 1.6],
							"pivot": [0, 18.05, -0.4],
							"rotation": [90, 0, 0],
							"uv": {
								"north": {"uv": [27, 113], "uv_size": [1, 0.5]},
								"east": {"uv": [81, 112], "uv_size": [1.5, 0.5]},
								"south": {"uv": [29, 113], "uv_size": [1, 0.5]},
								"west": {"uv": [112, 81], "uv_size": [1.5, 0.5]},
								"up": {"uv": [54, 109], "uv_size": [1, 1.5]},
								"down": {"uv": [82, 110.5], "uv_size": [1, -1.5]}
							}
						},
						{
							"origin": [-1.7, 9.55, 33.3],
							"size": [3.4, 11.7, 1.75],
							"pivot": [0, 18, 32],
							"rotation": [-5, 0, 0],
							"uv": {
								"north": {"uv": [62, 50], "uv_size": [3.5, 11.5]},
								"east": {"uv": [52, 71], "uv_size": [2, 11.5]},
								"south": {"uv": [62, 63], "uv_size": [3.5, 11.5]},
								"west": {"uv": [55, 71], "uv_size": [2, 11.5]},
								"up": {"uv": [2, 98], "uv_size": [3.5, 2]},
								"down": {"uv": [98, 22], "uv_size": [3.5, -2]}
							}
						},
						{
							"origin": [-0.55, 18.8, 4.25],
							"size": [1, 1, 1],
							"pivot": [0, 19.3, 4.75],
							"rotation": [45, 0, 0],
							"uv": {
								"north": {"uv": [110, 105], "uv_size": [1, 1]},
								"east": {"uv": [107, 110], "uv_size": [1, 1]},
								"south": {"uv": [110, 107], "uv_size": [1, 1]},
								"west": {"uv": [109, 110], "uv_size": [1, 1]},
								"up": {"uv": [111, 0], "uv_size": [1, 1]},
								"down": {"uv": [2, 112], "uv_size": [1, -1]}
							}
						}
					]
				},
				{
					"name": "clip",
					"parent": "gun",
					"pivot": [0, 24, -5]
				},
				{
					"name": "clip2",
					"parent": "clip",
					"pivot": [0, 24.5, -4.25],
					"cubes": [
						{
							"origin": [-0.74, 20.41, -4.6],
							"size": [1.48, 5, 1],
							"uv": {
								"north": {"uv": [69, 97], "uv_size": [1.5, 5]},
								"east": {"uv": [102, 97], "uv_size": [1, 5]},
								"south": {"uv": [72, 97], "uv_size": [1.5, 5]},
								"west": {"uv": [103, 8], "uv_size": [1, 5]},
								"up": {"uv": [110, 53], "uv_size": [1.5, 1]},
								"down": {"uv": [56, 111], "uv_size": [1.5, -1]}
							}
						}
					]
				},
				{
					"name": "bullet",
					"parent": "clip",
					"pivot": [-0.05, 25.55, -13.6],
					"cubes": [
						{
							"origin": [-1.05, 23.8, -12.1],
							"size": [1, 1, 7],
							"pivot": [-0.05, 25.8, -11.6],
							"rotation": [0, 0, -22.5],
							"uv": {
								"north": {"uv": [111, 6], "uv_size": [1, 1]},
								"east": {"uv": [102, 30], "uv_size": [5.5, 1]},
								"south": {"uv": [22, 111], "uv_size": [1, 1]},
								"west": {"uv": [102, 46], "uv_size": [5.5, 1]},
								"up": {"uv": [49, 101], "uv_size": [1, 5.5]},
								"down": {"uv": [66, 106.5], "uv_size": [1, -5.5]}
							}
						}
					]
				},
				{
					"name": "set",
					"parent": "clip",
					"pivot": [-0.05, 22.3, -9.35]
				},
				{
					"name": "action",
					"parent": "main",
					"pivot": [0.1, 25, 4.4],
					"cubes": [
						{
							"origin": [-0.21836, 24.72409, 1.9],
							"size": [0.5, 0.5, 1.5],
							"uv": {
								"north": {"uv": [114, 15], "uv_size": [0.5, 0.5]},
								"east": {"uv": [112, 100], "uv_size": [1.5, 0.5]},
								"south": {"uv": [16, 114], "uv_size": [0.5, 0.5]},
								"west": {"uv": [112, 102], "uv_size": [1.5, 0.5]},
								"up": {"uv": [103, 112], "uv_size": [0.5, 1.5]},
								"down": {"uv": [112, 105.5], "uv_size": [0.5, -1.5]}
							}
						},
						{
							"origin": [-0.42795, 25.22508, 0.9],
							"size": [1, 1, 1.5],
							"pivot": [0.07205, 25.72508, 1.65],
							"rotation": [0, 0, -45],
							"uv": {
								"north": {"uv": [37, 112], "uv_size": [1, 1]},
								"east": {"uv": [110, 57], "uv_size": [1.5, 1]},
								"south": {"uv": [39, 112], "uv_size": [1, 1]},
								"west": {"uv": [59, 110], "uv_size": [1.5, 1]},
								"up": {"uv": [110, 59], "uv_size": [1, 1.5]},
								"down": {"uv": [62, 111.5], "uv_size": [1, -1.5]}
							}
						},
						{
							"origin": [0.57205, 25.47508, 1],
							"size": [1, 0.5, 1.3],
							"uv": {
								"north": {"uv": [96, 113], "uv_size": [1, 0.5]},
								"east": {"uv": [105, 112], "uv_size": [1.5, 0.5]},
								"south": {"uv": [98, 113], "uv_size": [1, 0.5]},
								"west": {"uv": [112, 107], "uv_size": [1.5, 0.5]},
								"up": {"uv": [110, 62], "uv_size": [1, 1.5]},
								"down": {"uv": [64, 111.5], "uv_size": [1, -1.5]}
							}
						},
						{
							"origin": [-1.11836, 23.97409, -0.6],
							"size": [2.25, 2.5, 1.5],
							"uv": {
								"north": {"uv": [98, 64], "uv_size": [2.5, 2.5]},
								"east": {"uv": [79, 106], "uv_size": [1.5, 2.5]},
								"south": {"uv": [98, 73], "uv_size": [2.5, 2.5]},
								"west": {"uv": [89, 106], "uv_size": [1.5, 2.5]},
								"up": {"uv": [106, 79], "uv_size": [2.5, 1.5]},
								"down": {"uv": [106, 102.5], "uv_size": [2.5, -1.5]}
							}
						}
					]
				},
				{
					"name": "bolt",
					"parent": "action",
					"pivot": [0.1, 25, -10],
					"cubes": [
						{
							"origin": [-1.71836, 24.72409, 1.1],
							"size": [2, 0.5, 0.5],
							"pivot": [0.05, 24.95, 1.35],
							"rotation": [-30, 0, 0],
							"uv": {
								"north": {"uv": [111, 90], "uv_size": [2, 0.5]},
								"east": {"uv": [114, 17], "uv_size": [0.5, 0.5]},
								"south": {"uv": [91, 111], "uv_size": [2, 0.5]},
								"west": {"uv": [18, 114], "uv_size": [0.5, 0.5]},
								"up": {"uv": [111, 92], "uv_size": [2, 0.5]},
								"down": {"uv": [111, 109.5], "uv_size": [2, -0.5]}
							}
						},
						{
							"origin": [-5.46836, 24.92086, 1.11204],
							"size": [4, 0.5, 0.5],
							"pivot": [-1.46836, 25.17086, 1.36204],
							"rotation": [-30, 0, -60],
							"uv": {
								"north": {"uv": [99, 108], "uv_size": [4, 0.5]},
								"east": {"uv": [114, 19], "uv_size": [0.5, 0.5]},
								"south": {"uv": [109, 8], "uv_size": [4, 0.5]},
								"west": {"uv": [114, 21], "uv_size": [0.5, 0.5]},
								"up": {"uv": [109, 10], "uv_size": [4, 0.5]},
								"down": {"uv": [109, 20.5], "uv_size": [4, -0.5]}
							}
						},
						{
							"origin": [-3.96836, 21.57409, 0.85],
							"size": [1, 1, 1],
							"pivot": [-3.45, 22.05, 1.35],
							"rotation": [-39.48604, 13.64402, -33.13029],
							"uv": {
								"north": {"uv": [111, 111], "uv_size": [1, 1]},
								"east": {"uv": [4, 112], "uv_size": [1, 1]},
								"south": {"uv": [6, 112], "uv_size": [1, 1]},
								"west": {"uv": [112, 15], "uv_size": [1, 1]},
								"up": {"uv": [17, 112], "uv_size": [1, 1]},
								"down": {"uv": [112, 18], "uv_size": [1, -1]}
							}
						},
						{
							"origin": [-0.41836, 24.46069, 3.25],
							"size": [1, 1, 1],
							"pivot": [0.05, 24.95, 4.25],
							"rotation": [0, 0, -45],
							"uv": {
								"north": {"uv": [19, 112], "uv_size": [1, 1]},
								"east": {"uv": [112, 22], "uv_size": [1, 1]},
								"south": {"uv": [112, 24], "uv_size": [1, 1]},
								"west": {"uv": [31, 112], "uv_size": [1, 1]},
								"up": {"uv": [33, 112], "uv_size": [1, 1]},
								"down": {"uv": [35, 113], "uv_size": [1, -1]}
							}
						},
						{
							"origin": [-0.66836, 24.21069, -12.6],
							"size": [1.5, 1.5, 14.75],
							"pivot": [0.05, 24.95, 4.4],
							"rotation": [0, 0, -45],
							"uv": {
								"north": {"uv": [86, 108], "uv_size": [1.5, 1.5]},
								"east": {"uv": [73, 37], "uv_size": [15, 1.5]},
								"south": {"uv": [108, 92], "uv_size": [1.5, 1.5]},
								"west": {"uv": [74, 40], "uv_size": [15, 1.5]},
								"up": {"uv": [19, 74], "uv_size": [1.5, 15]},
								"down": {"uv": [71, 89], "uv_size": [1.5, -15]}
							}
						}
					]
				},
				{
					"name": "leftarm",
					"parent": "main",
					"pivot": [8, 16, 4],
					"rotation": [-93.00588, 13.78841, 33.01357],
					"cubes": [
						{
							"origin": [4, -8, 0],
							"size": [8, 24, 8],
							"uv": {
								"north": {"uv": [28, 0], "uv_size": [8, 24]},
								"east": {"uv": [28, 25], "uv_size": [8, 24]},
								"south": {"uv": [37, 0], "uv_size": [8, 24]},
								"west": {"uv": [37, 25], "uv_size": [8, 24]},
								"up": {"uv": [33, 55], "uv_size": [8, 8]},
								"down": {"uv": [55, 43], "uv_size": [8, -8]}
							}
						}
					]
				},
				{
					"name": "rightarm",
					"parent": "main",
					"pivot": [-8, 16, 24],
					"rotation": [-95.1423, -12.43955, 1.2179],
					"cubes": [
						{
							"origin": [-12, -8, 20],
							"size": [8, 24, 8],
							"uv": {
								"north": {"uv": [10, 0], "uv_size": [8, 24]},
								"east": {"uv": [19, 0], "uv_size": [8, 24]},
								"south": {"uv": [10, 25], "uv_size": [8, 24]},
								"west": {"uv": [19, 25], "uv_size": [8, 24]},
								"up": {"uv": [15, 55], "uv_size": [8, 8]},
								"down": {"uv": [24, 63], "uv_size": [8, -8]}
							}
						}
					]
				},
				{
					"name": "muzzleflash",
					"parent": "main",
					"pivot": [0, 24.35, -68.25],
					"cubes": [
						{
							"origin": [-1, 23.8, -79.9],
							"size": [2, 2, 2],
							"inflate": -0.4,
							"uv": {
								"north": {"uv": [71, 90], "uv_size": [2, 2]},
								"east": {"uv": [103, 20], "uv_size": [2, 2]},
								"south": {"uv": [24, 103], "uv_size": [2, 2]},
								"west": {"uv": [34, 103], "uv_size": [2, 2]},
								"up": {"uv": [37, 103], "uv_size": [2, 2]},
								"down": {"uv": [103, 39], "uv_size": [2, -2]}
							}
						}
					]
				},
				{
					"name": "scope",
					"parent": "main",
					"pivot": [-0.05, 28.06, 10.95],
					"cubes": [
						{
							"origin": [-0.3, 27.8, 10.7],
							"size": [0.5, 0.5, 0.5],
							"uv": {
								"north": {"uv": [100, 113], "uv_size": [0.5, 0.5]},
								"east": {"uv": [110, 113], "uv_size": [0.5, 0.5]},
								"south": {"uv": [113, 111], "uv_size": [0.5, 0.5]},
								"west": {"uv": [112, 113], "uv_size": [0.5, 0.5]},
								"up": {"uv": [4, 114], "uv_size": [0.5, 0.5]},
								"down": {"uv": [6, 114.5], "uv_size": [0.5, -0.5]}
							}
						}
					]
				},
				{
					"name": "_cb_scope",
					"parent": "main",
					"pivot": [-0.1, 30.85, -15.15],
					"cubes": [
						{
							"origin": [-0.6, 26.35, -13.65],
							"size": [1, 1, 1],
							"uv": {
								"north": {"uv": [0, 0], "uv_size": [1, 1]},
								"east": {"uv": [0, 0], "uv_size": [1, 1]},
								"south": {"uv": [0, 0], "uv_size": [1, 1]},
								"west": {"uv": [0, 0], "uv_size": [1, 1]},
								"up": {"uv": [1, 1], "uv_size": [-1, -1]},
								"down": {"uv": [1, 1], "uv_size": [-1, -1]}
							}
						}
					]
				},
				{
					"name": "_cb_suppressor",
					"parent": "main",
					"pivot": [-0.1, 24.85, -77.15],
					"cubes": [
						{
							"origin": [-0.6, 24.35, -76.65],
							"size": [1, 1, 1],
							"uv": {
								"north": {"uv": [0, 0], "uv_size": [1, 1]},
								"east": {"uv": [0, 0], "uv_size": [1, 1]},
								"south": {"uv": [0, 0], "uv_size": [1, 1]},
								"west": {"uv": [0, 0], "uv_size": [1, 1]},
								"up": {"uv": [1, 1], "uv_size": [-1, -1]},
								"down": {"uv": [1, 1], "uv_size": [-1, -1]}
							}
						}
					]
				}
			]
		}
	]
}