{
	"format_version": "1.12.0",
	"minecraft:geometry": [
		{
			"description": {
				"identifier": "geometry.unknown",
				"texture_width": 32,
				"texture_height": 32,
				"visible_bounds_width": 19,
				"visible_bounds_height": 6,
				"visible_bounds_offset": [0, 1, 0]
			},
			"bones": [
				{
					"name": "main",
					"pivot": [0, 20, 0]
				},
				{
					"name": "bayonet",
					"parent": "main",
					"pivot": [0, 0.3, 85.75],
					"cubes": [
						{
							"origin": [-0.55, 1.05, -6.15],
							"size": [1.1, 3, 15.4],
							"inflate": -0.201,
							"uv": {
								"north": {"uv": [9, 12], "uv_size": [1, 3]},
								"east": {"uv": [0, 0], "uv_size": [15, 3]},
								"south": {"uv": [18, 2], "uv_size": [1, 3]},
								"west": {"uv": [0, 3], "uv_size": [15, 3]},
								"up": {"uv": [7, 12], "uv_size": [1, 15]},
								"down": {"uv": [8, 27], "uv_size": [1, -15]}
							}
						},
						{
							"origin": [-2.75, 0.8, 9.85],
							"size": [3, 3, 10.4],
							"inflate": -0.3,
							"pivot": [-1.25, 5.8, 4.95],
							"rotation": [0, 0, -20],
							"uv": {
								"north": {"uv": [15, 2], "uv_size": [3, 3]},
								"east": {"uv": [0, 6], "uv_size": [10, 3]},
								"south": {"uv": [9, 16], "uv_size": [3, 3]},
								"west": {"uv": [0, 9], "uv_size": [10, 3]},
								"up": {"uv": [10, 6], "uv_size": [3, 10]},
								"down": {"uv": [0, 22], "uv_size": [3, -10]}
							}
						},
						{
							"origin": [-1.8, -0.2, 8.85],
							"size": [3.6, 7.5, 1.5],
							"inflate": -0.201,
							"uv": {
								"north": {"uv": [3, 12], "uv_size": [4, 7]},
								"east": {"uv": [13, 15], "uv_size": [2, 7]},
								"south": {"uv": [13, 6], "uv_size": [4, 7]},
								"west": {"uv": [15, 15], "uv_size": [2, 7]},
								"up": {"uv": [17, 5], "uv_size": [4, 2]},
								"down": {"uv": [17, 9], "uv_size": [4, -2]}
							}
						},
						{
							"origin": [-0.5, 1.05457, -14.04541],
							"size": [1, 1.25, 8.4],
							"inflate": -0.201,
							"pivot": [-0.5, 2.5, -5.95],
							"rotation": [-5, 0, 0],
							"uv": {
								"north": {"uv": [15, 5], "uv_size": [1, 1]},
								"east": {"uv": [17, 9], "uv_size": [8, 1]},
								"south": {"uv": [9, 15], "uv_size": [1, 1]},
								"west": {"uv": [17, 10], "uv_size": [8, 1]},
								"up": {"uv": [12, 16], "uv_size": [1, 8]},
								"down": {"uv": [17, 23], "uv_size": [1, -8]}
							}
						},
						{
							"origin": [-0.5, 2.80457, -14.04541],
							"size": [1, 1.25, 8.4],
							"inflate": -0.201,
							"pivot": [-0.5, 2.5, -5.95],
							"rotation": [5, 0, 0],
							"uv": {
								"north": {"uv": [19, 16], "uv_size": [1, 1]},
								"east": {"uv": [17, 11], "uv_size": [8, 1]},
								"south": {"uv": [19, 17], "uv_size": [1, 1]},
								"west": {"uv": [17, 12], "uv_size": [8, 1]},
								"up": {"uv": [4, 19], "uv_size": [1, 8]},
								"down": {"uv": [5, 27], "uv_size": [1, -8]}
							}
						},
						{
							"origin": [-0.55, 1.8, -14.15],
							"size": [1.1, 1.5, 8.4],
							"inflate": -0.201,
							"uv": {
								"north": {"uv": [19, 2], "uv_size": [1, 2]},
								"east": {"uv": [13, 13], "uv_size": [8, 2]},
								"south": {"uv": [6, 19], "uv_size": [1, 2]},
								"west": {"uv": [15, 0], "uv_size": [8, 2]},
								"up": {"uv": [18, 15], "uv_size": [1, 8]},
								"down": {"uv": [3, 27], "uv_size": [1, -8]}
							}
						}
					]
				},
				{
					"name": "_cb_suppressor",
					"parent": "main",
					"pivot": [0, 5.5, 5.25],
					"cubes": [
						{
							"origin": [-0.5, 5, 4.75],
							"size": [1, 1, 1],
							"uv": {
								"north": {"uv": [16, 5], "uv_size": [1, 1]},
								"east": {"uv": [19, 4], "uv_size": [1, 1]},
								"south": {"uv": [9, 19], "uv_size": [1, 1]},
								"west": {"uv": [10, 19], "uv_size": [1, 1]},
								"up": {"uv": [11, 19], "uv_size": [1, 1]},
								"down": {"uv": [19, 16], "uv_size": [1, -1]}
							}
						}
					]
				}
			]
		}
	]
}