{
	"format_version": "1.12.0",
	"minecraft:geometry": [
		{
			"description": {
				"identifier": "geometry.unknown",
				"texture_width": 128,
				"texture_height": 128,
				"visible_bounds_width": 19,
				"visible_bounds_height": 6,
				"visible_bounds_offset": [0, 1, 0]
			},
			"bones": [
				{
					"name": "main",
					"pivot": [0, 20, 0]
				},
				{
					"name": "gun",
					"parent": "main",
					"pivot": [1, 11, -1]
				},
				{
					"name": "wood",
					"parent": "gun",
					"pivot": [0, 13.3, 31.2],
					"cubes": [
						{
							"origin": [-1.655, 21.45, -53.6],
							"size": [3.25, 2, 40.3],
							"uv": {
								"north": {"uv": [80, 78], "uv_size": [3.5, 2]},
								"east": {"uv": [43, 24], "uv_size": [40.5, 2]},
								"south": {"uv": [80, 80], "uv_size": [3.5, 2]},
								"west": {"uv": [43, 26], "uv_size": [40.5, 2]},
								"up": {"uv": [32, 0], "uv_size": [3.5, 40.5]},
								"down": {"uv": [36, 40.5], "uv_size": [3.5, -40.5]}
							}
						},
						{
							"origin": [-0.655, 23.45, -53.6],
							"size": [2.25, 2, 40.3],
							"uv": {
								"north": {"uv": [76, 82], "uv_size": [2.5, 2]},
								"east": {"uv": [43, 36], "uv_size": [40.5, 2]},
								"south": {"uv": [79, 82], "uv_size": [2.5, 2]},
								"west": {"uv": [43, 38], "uv_size": [40.5, 2]},
								"up": {"uv": [40, 14], "uv_size": [2.5, 40.5]},
								"down": {"uv": [32, 81.5], "uv_size": [2.5, -40.5]}
							}
						},
						{
							"origin": [0.63429, 25.42929, -53.6],
							"size": [1, 2, 40.3],
							"pivot": [1.6, 25.4, -15],
							"rotation": [0, 0, -53],
							"uv": {
								"north": {"uv": [86, 15], "uv_size": [1, 2]},
								"east": {"uv": [43, 28], "uv_size": [40.5, 2]},
								"south": {"uv": [86, 17], "uv_size": [1, 2]},
								"west": {"uv": [43, 30], "uv_size": [40.5, 2]},
								"up": {"uv": [30, 48], "uv_size": [1, 40.5]},
								"down": {"uv": [31, 88.5], "uv_size": [1, -40.5]}
							}
						},
						{
							"origin": [-1.55, 20.69309, -40.97691],
							"size": [3, 1, 18.5],
							"pivot": [-0.05, 20.7, -23.5],
							"rotation": [-2.5, 0, 0],
							"uv": {
								"north": {"uv": [84, 33], "uv_size": [3, 1]},
								"east": {"uv": [62, 23], "uv_size": [18.5, 1]},
								"south": {"uv": [84, 34], "uv_size": [3, 1]},
								"west": {"uv": [65, 45], "uv_size": [18.5, 1]},
								"up": {"uv": [46, 54], "uv_size": [3, 18.5]},
								"down": {"uv": [38, 73.5], "uv_size": [3, -18.5]}
							}
						},
						{
							"origin": [-1.75, 19.3, -23.6],
							"size": [3.4, 4, 8],
							"pivot": [-0.05, 19.3, -15.6],
							"rotation": [-10, 0, 0],
							"uv": {
								"north": {"uv": [59, 73], "uv_size": [3.5, 4]},
								"east": {"uv": [62, 19], "uv_size": [8, 4]},
								"south": {"uv": [74, 10], "uv_size": [3.5, 4]},
								"west": {"uv": [63, 46], "uv_size": [8, 4]},
								"up": {"uv": [53, 65], "uv_size": [3.5, 8]},
								"down": {"uv": [57, 73], "uv_size": [3.5, -8]}
							}
						},
						{
							"origin": [0.95, 19.3, -13.35],
							"size": [0.75, 5, 8],
							"uv": {
								"north": {"uv": [8, 83], "uv_size": [1, 5]},
								"east": {"uv": [57, 60], "uv_size": [8, 5]},
								"south": {"uv": [22, 83], "uv_size": [1, 5]},
								"west": {"uv": [62, 10], "uv_size": [8, 5]},
								"up": {"uv": [80, 60], "uv_size": [1, 8]},
								"down": {"uv": [71, 88], "uv_size": [1, -8]}
							}
						},
						{
							"origin": [-1.8, 19.3, -15.6],
							"size": [3.5, 5, 2.25],
							"uv": {
								"north": {"uv": [0, 72], "uv_size": [3.5, 5]},
								"east": {"uv": [75, 2], "uv_size": [2.5, 5]},
								"south": {"uv": [13, 72], "uv_size": [3.5, 5]},
								"west": {"uv": [19, 75], "uv_size": [2.5, 5]},
								"up": {"uv": [78, 42], "uv_size": [3.5, 2.5]},
								"down": {"uv": [78, 75.5], "uv_size": [3.5, -2.5]}
							}
						},
						{
							"origin": [-1.8, 19.3, -5.35],
							"size": [3.5, 5, 12],
							"uv": {
								"north": {"uv": [70, 10], "uv_size": [3.5, 5]},
								"east": {"uv": [51, 46], "uv_size": [12, 5]},
								"south": {"uv": [71, 71], "uv_size": [3.5, 5]},
								"west": {"uv": [51, 51], "uv_size": [12, 5]},
								"up": {"uv": [19, 56], "uv_size": [3.5, 12]},
								"down": {"uv": [0, 72], "uv_size": [3.5, -12]}
							}
						},
						{
							"origin": [-1.6, 15.29553, 2.77787],
							"size": [3.2, 4, 12.25],
							"pivot": [-0.1, 17.05, 10.7],
							"rotation": [-45, 0, 0],
							"uv": {
								"north": {"uv": [59, 10], "uv_size": [3, 4]},
								"east": {"uv": [0, 56], "uv_size": [12.5, 4]},
								"south": {"uv": [74, 19], "uv_size": [3, 4]},
								"west": {"uv": [59, 0], "uv_size": [12.5, 4]},
								"up": {"uv": [35, 60], "uv_size": [3, 12.5]},
								"down": {"uv": [4, 77.5], "uv_size": [3, -12.5]}
							}
						},
						{
							"origin": [-1.55, 17.3, 9.2],
							"size": [3.1, 4, 4],
							"uv": {
								"north": {"uv": [75, 46], "uv_size": [3, 4]},
								"east": {"uv": [70, 19], "uv_size": [4, 4]},
								"south": {"uv": [75, 56], "uv_size": [3, 4]},
								"west": {"uv": [71, 46], "uv_size": [4, 4]},
								"up": {"uv": [75, 68], "uv_size": [3, 4]},
								"down": {"uv": [75, 76], "uv_size": [3, -4]}
							}
						},
						{
							"origin": [-1.55, 15.3, 13.2],
							"size": [3.1, 7, 19],
							"uv": {
								"north": {"uv": [27, 67], "uv_size": [3, 7]},
								"east": {"uv": [40, 0], "uv_size": [19, 7]},
								"south": {"uv": [19, 68], "uv_size": [3, 7]},
								"west": {"uv": [40, 7], "uv_size": [19, 7]},
								"up": {"uv": [27, 48], "uv_size": [3, 19]},
								"down": {"uv": [43, 73], "uv_size": [3, -19]}
							}
						},
						{
							"origin": [-1.5, 20.55, 8.77787],
							"size": [3, 2, 3.25],
							"pivot": [-0.1, 17.05, 10.7],
							"rotation": [-45, 0, 0],
							"uv": {
								"north": {"uv": [72, 2], "uv_size": [3, 2]},
								"east": {"uv": [76, 80], "uv_size": [3.5, 2]},
								"south": {"uv": [81, 2], "uv_size": [3, 2]},
								"west": {"uv": [80, 76], "uv_size": [3.5, 2]},
								"up": {"uv": [77, 19], "uv_size": [3, 3.5]},
								"down": {"uv": [59, 80.5], "uv_size": [3, -3.5]}
							}
						},
						{
							"origin": [-1.5, 10.3, 13.2],
							"size": [3, 5, 18.9],
							"pivot": [0, 13.3, 31.2],
							"rotation": [-17.5, 0, 0],
							"uv": {
								"north": {"uv": [35, 73], "uv_size": [3, 5]},
								"east": {"uv": [43, 14], "uv_size": [19, 5]},
								"south": {"uv": [43, 73], "uv_size": [3, 5]},
								"west": {"uv": [43, 19], "uv_size": [19, 5]},
								"up": {"uv": [35, 41], "uv_size": [3, 19]},
								"down": {"uv": [24, 67], "uv_size": [3, -19]}
							}
						},
						{
							"origin": [-1.63429, 25.42929, -53.6],
							"size": [1, 2, 40.3],
							"pivot": [-1.6, 25.4, -15],
							"rotation": [0, 0, 53],
							"uv": {
								"north": {"uv": [18, 86], "uv_size": [1, 2]},
								"east": {"uv": [43, 32], "uv_size": [40.5, 2]},
								"south": {"uv": [19, 86], "uv_size": [1, 2]},
								"west": {"uv": [43, 34], "uv_size": [40.5, 2]},
								"up": {"uv": [41, 55], "uv_size": [1, 40.5]},
								"down": {"uv": [42, 95.5], "uv_size": [1, -40.5]}
							}
						},
						{
							"origin": [-1.655, 23.45, -53.6],
							"size": [1, 2, 26],
							"uv": {
								"north": {"uv": [63, 86], "uv_size": [1, 2]},
								"east": {"uv": [49, 56], "uv_size": [26, 2]},
								"south": {"uv": [64, 86], "uv_size": [1, 2]},
								"west": {"uv": [49, 58], "uv_size": [26, 2]},
								"up": {"uv": [23, 56], "uv_size": [1, 26]},
								"down": {"uv": [24, 93], "uv_size": [1, -26]}
							}
						},
						{
							"origin": [-0.905, 23.45, -11.3],
							"size": [0.25, 1.75, 10.6],
							"uv": {
								"north": {"uv": [88, 6], "uv_size": [0.5, 2]},
								"east": {"uv": [69, 60], "uv_size": [10.5, 2]},
								"south": {"uv": [7, 88], "uv_size": [0.5, 2]},
								"west": {"uv": [69, 62], "uv_size": [10.5, 2]},
								"up": {"uv": [33, 82], "uv_size": [0.5, 10.5]},
								"down": {"uv": [34, 92.5], "uv_size": [0.5, -10.5]}
							}
						},
						{
							"origin": [-1.655, 23.45, -27.6],
							"size": [1, 1.25, 14.3],
							"uv": {
								"north": {"uv": [87, 17], "uv_size": [1, 1.5]},
								"east": {"uv": [63, 54], "uv_size": [14.5, 1.5]},
								"south": {"uv": [20, 87], "uv_size": [1, 1.5]},
								"west": {"uv": [65, 40], "uv_size": [14.5, 1.5]},
								"up": {"uv": [57, 73], "uv_size": [1, 14.5]},
								"down": {"uv": [58, 87.5], "uv_size": [1, -14.5]}
							}
						},
						{
							"origin": [-0.95, 19.3, -13.35],
							"size": [1.9, 1, 8],
							"uv": {
								"north": {"uv": [86, 44], "uv_size": [2, 1]},
								"east": {"uv": [80, 20], "uv_size": [8, 1]},
								"south": {"uv": [86, 62], "uv_size": [2, 1]},
								"west": {"uv": [80, 21], "uv_size": [8, 1]},
								"up": {"uv": [38, 41], "uv_size": [2, 8]},
								"down": {"uv": [17, 80], "uv_size": [2, -8]}
							}
						},
						{
							"origin": [-1.8, 19.3, -13.35],
							"size": [0.85, 5, 8],
							"uv": {
								"north": {"uv": [12, 60], "uv_size": [1, 5]},
								"east": {"uv": [4, 60], "uv_size": [8, 5]},
								"south": {"uv": [78, 10], "uv_size": [1, 5]},
								"west": {"uv": [49, 60], "uv_size": [8, 5]},
								"up": {"uv": [70, 79], "uv_size": [1, 8]},
								"down": {"uv": [17, 88], "uv_size": [1, -8]}
							}
						}
					]
				},
				{
					"name": "metal",
					"parent": "gun",
					"pivot": [0, 19.3, 4.75],
					"cubes": [
						{
							"origin": [-1.655, 19.2, -35.3],
							"size": [3.25, 1.5, 1],
							"uv": {
								"north": {"uv": [82, 42], "uv_size": [3.5, 1.5]},
								"east": {"uv": [21, 87], "uv_size": [1, 1.5]},
								"south": {"uv": [82, 50], "uv_size": [3.5, 1.5]},
								"west": {"uv": [87, 28], "uv_size": [1, 1.5]},
								"up": {"uv": [74, 14], "uv_size": [3.5, 1]},
								"down": {"uv": [82, 45], "uv_size": [3.5, -1]}
							}
						},
						{
							"origin": [-0.655, 20.7, -35.3],
							"size": [1.25, 0.5, 1],
							"uv": {
								"north": {"uv": [88, 29], "uv_size": [1.5, 0.5]},
								"east": {"uv": [71, 88], "uv_size": [1, 0.5]},
								"south": {"uv": [88, 33], "uv_size": [1.5, 0.5]},
								"west": {"uv": [88, 71], "uv_size": [1, 0.5]},
								"up": {"uv": [87, 23], "uv_size": [1.5, 1]},
								"down": {"uv": [87, 31], "uv_size": [1.5, -1]}
							}
						},
						{
							"origin": [-0.755, 20.7, -55.3],
							"size": [1.45, 2, 1],
							"uv": {
								"north": {"uv": [1, 85], "uv_size": [1.5, 2]},
								"east": {"uv": [86, 67], "uv_size": [1, 2]},
								"south": {"uv": [85, 4], "uv_size": [1.5, 2]},
								"west": {"uv": [86, 71], "uv_size": [1, 2]},
								"up": {"uv": [87, 35], "uv_size": [1.5, 1]},
								"down": {"uv": [36, 88], "uv_size": [1.5, -1]}
							}
						},
						{
							"origin": [-1.655, 9.7, 25.7],
							"size": [3.25, 1.5, 1],
							"uv": {
								"north": {"uv": [82, 52], "uv_size": [3.5, 1.5]},
								"east": {"uv": [87, 33], "uv_size": [1, 1.5]},
								"south": {"uv": [82, 67], "uv_size": [3.5, 1.5]},
								"west": {"uv": [35, 87], "uv_size": [1, 1.5]},
								"up": {"uv": [82, 71], "uv_size": [3.5, 1]},
								"down": {"uv": [82, 76], "uv_size": [3.5, -1]}
							}
						},
						{
							"origin": [-0.655, 11.2, 25.7],
							"size": [1.25, 0.5, 1],
							"uv": {
								"north": {"uv": [88, 34], "uv_size": [1.5, 0.5]},
								"east": {"uv": [72, 88], "uv_size": [1, 0.5]},
								"south": {"uv": [36, 88], "uv_size": [1.5, 0.5]},
								"west": {"uv": [88, 72], "uv_size": [1, 0.5]},
								"up": {"uv": [87, 31], "uv_size": [1.5, 1]},
								"down": {"uv": [87, 33], "uv_size": [1.5, -1]}
							}
						},
						{
							"origin": [-1.3, 26.8, -65.9],
							"size": [1, 2, 2.5],
							"inflate": -0.201,
							"pivot": [-0.5, 27, -16.75],
							"rotation": [0, 0, -5],
							"uv": {
								"north": {"uv": [48, 86], "uv_size": [1, 2]},
								"east": {"uv": [83, 9], "uv_size": [2.5, 2]},
								"south": {"uv": [86, 50], "uv_size": [1, 2]},
								"west": {"uv": [46, 83], "uv_size": [2.5, 2]},
								"up": {"uv": [16, 85], "uv_size": [1, 2.5]},
								"down": {"uv": [59, 87.5], "uv_size": [1, -2.5]}
							}
						},
						{
							"origin": [-0.4, 26.8, -65.65],
							"size": [0.8, 1.45, 2],
							"inflate": -0.201,
							"uv": {
								"north": {"uv": [14, 87], "uv_size": [1, 1.5]},
								"east": {"uv": [84, 76], "uv_size": [2, 1.5]},
								"south": {"uv": [87, 15], "uv_size": [1, 1.5]},
								"west": {"uv": [78, 84], "uv_size": [2, 1.5]},
								"up": {"uv": [86, 52], "uv_size": [1, 2]},
								"down": {"uv": [53, 88], "uv_size": [1, -2]}
							}
						},
						{
							"origin": [0.3, 26.8, -65.9],
							"size": [1, 2, 2.5],
							"inflate": -0.201,
							"pivot": [0.5, 27, -16.75],
							"rotation": [0, 0, 5],
							"uv": {
								"north": {"uv": [54, 86], "uv_size": [1, 2]},
								"east": {"uv": [53, 83], "uv_size": [2.5, 2]},
								"south": {"uv": [55, 86], "uv_size": [1, 2]},
								"west": {"uv": [83, 60], "uv_size": [2.5, 2]},
								"up": {"uv": [60, 85], "uv_size": [1, 2.5]},
								"down": {"uv": [68, 87.5], "uv_size": [1, -2.5]}
							}
						},
						{
							"origin": [0.86, 27.55, 0.05],
							"size": [0.52, 0.715, 1],
							"uv": {
								"north": {"uv": [88, 77], "uv_size": [0.5, 0.5]},
								"east": {"uv": [88, 62], "uv_size": [1, 0.5]},
								"south": {"uv": [88, 78], "uv_size": [0.5, 0.5]},
								"west": {"uv": [63, 88], "uv_size": [1, 0.5]},
								"up": {"uv": [88, 63], "uv_size": [0.5, 1]},
								"down": {"uv": [64, 89], "uv_size": [0.5, -1]}
							}
						},
						{
							"origin": [0.875, 26.7, -0.6],
							"size": [0.5, 1, 0.75],
							"pivot": [0, 27.195, 0.4],
							"rotation": [-45, 0, 0],
							"uv": {
								"north": {"uv": [60, 88], "uv_size": [0.5, 1]},
								"east": {"uv": [88, 1], "uv_size": [1, 1]},
								"south": {"uv": [88, 60], "uv_size": [0.5, 1]},
								"west": {"uv": [88, 2], "uv_size": [1, 1]},
								"up": {"uv": [61, 88], "uv_size": [0.5, 1]},
								"down": {"uv": [88, 62], "uv_size": [0.5, -1]}
							}
						},
						{
							"origin": [0.875, 26.95, 0.4],
							"size": [0.5, 0.75, 1],
							"pivot": [0, 27.195, 1.4],
							"rotation": [-45, 0, 0],
							"uv": {
								"north": {"uv": [56, 88], "uv_size": [0.5, 1]},
								"east": {"uv": [0, 88], "uv_size": [1, 1]},
								"south": {"uv": [88, 56], "uv_size": [0.5, 1]},
								"west": {"uv": [88, 0], "uv_size": [1, 1]},
								"up": {"uv": [57, 88], "uv_size": [0.5, 1]},
								"down": {"uv": [88, 58], "uv_size": [0.5, -1]}
							}
						},
						{
							"origin": [0.86, 24.26, -0.64],
							"size": [0.52, 3.29, 2.4],
							"uv": {
								"north": {"uv": [77, 86], "uv_size": [0.5, 3.5]},
								"east": {"uv": [78, 46], "uv_size": [2.5, 3.5]},
								"south": {"uv": [86, 77], "uv_size": [0.5, 3.5]},
								"west": {"uv": [78, 54], "uv_size": [2.5, 3.5]},
								"up": {"uv": [45, 87], "uv_size": [0.5, 2.5]},
								"down": {"uv": [87, 47.5], "uv_size": [0.5, -2.5]}
							}
						},
						{
							"origin": [-1.3, 21.45, -54.6],
							"size": [2.5, 5, 1],
							"uv": {
								"north": {"uv": [27, 74], "uv_size": [2.5, 5]},
								"east": {"uv": [82, 82], "uv_size": [1, 5]},
								"south": {"uv": [38, 74], "uv_size": [2.5, 5]},
								"west": {"uv": [5, 83], "uv_size": [1, 5]},
								"up": {"uv": [85, 55], "uv_size": [2.5, 1]},
								"down": {"uv": [85, 57], "uv_size": [2.5, -1]}
							}
						},
						{
							"origin": [-1.05, 21.95, -59.4],
							"size": [2, 4, 2],
							"uv": {
								"north": {"uv": [38, 49], "uv_size": [2, 4]},
								"east": {"uv": [68, 79], "uv_size": [2, 4]},
								"south": {"uv": [80, 6], "uv_size": [2, 4]},
								"west": {"uv": [80, 10], "uv_size": [2, 4]},
								"up": {"uv": [18, 84], "uv_size": [2, 2]},
								"down": {"uv": [20, 86], "uv_size": [2, -2]}
							}
						},
						{
							"origin": [-1.05, 23.45, -66.65],
							"size": [2, 2.5, 4],
							"uv": {
								"north": {"uv": [6, 83], "uv_size": [2, 2.5]},
								"east": {"uv": [74, 42], "uv_size": [4, 2.5]},
								"south": {"uv": [83, 6], "uv_size": [2, 2.5]},
								"west": {"uv": [75, 7], "uv_size": [4, 2.5]},
								"up": {"uv": [18, 80], "uv_size": [2, 4]},
								"down": {"uv": [20, 84], "uv_size": [2, -4]}
							}
						},
						{
							"origin": [-1.05, 25.95, -65.65],
							"size": [2, 1.25, 2],
							"uv": {
								"north": {"uv": [84, 78], "uv_size": [2, 1.5]},
								"east": {"uv": [80, 84], "uv_size": [2, 1.5]},
								"south": {"uv": [84, 80], "uv_size": [2, 1.5]},
								"west": {"uv": [83, 84], "uv_size": [2, 1.5]},
								"up": {"uv": [84, 24], "uv_size": [2, 2]},
								"down": {"uv": [84, 28], "uv_size": [2, -2]}
							}
						},
						{
							"origin": [-0.55, 18.8, 0],
							"size": [1, 1, 1],
							"pivot": [0, 19.3, 0.5],
							"rotation": [45, 0, 0],
							"uv": {
								"north": {"uv": [78, 6], "uv_size": [1, 1]},
								"east": {"uv": [81, 67], "uv_size": [1, 1]},
								"south": {"uv": [50, 87], "uv_size": [1, 1]},
								"west": {"uv": [51, 87], "uv_size": [1, 1]},
								"up": {"uv": [87, 51], "uv_size": [1, 1]},
								"down": {"uv": [52, 88], "uv_size": [1, -1]}
							}
						},
						{
							"origin": [-1.3, 19.25, -1.6],
							"size": [2.5, 1, 8],
							"uv": {
								"north": {"uv": [85, 8], "uv_size": [2.5, 1]},
								"east": {"uv": [78, 58], "uv_size": [8, 1]},
								"south": {"uv": [46, 85], "uv_size": [2.5, 1]},
								"west": {"uv": [78, 59], "uv_size": [8, 1]},
								"up": {"uv": [65, 71], "uv_size": [2.5, 8]},
								"down": {"uv": [68, 79], "uv_size": [2.5, -8]}
							}
						},
						{
							"origin": [-0.55, 22.3, -60.85],
							"size": [1, 1, 7.25],
							"pivot": [-0.05, 22.8, -13.85],
							"rotation": [0, 0, -22.5],
							"uv": {
								"north": {"uv": [87, 61], "uv_size": [1, 1]},
								"east": {"uv": [80, 22], "uv_size": [7.5, 1]},
								"south": {"uv": [87, 64], "uv_size": [1, 1]},
								"west": {"uv": [80, 40], "uv_size": [7.5, 1]},
								"up": {"uv": [74, 80], "uv_size": [1, 7.5]},
								"down": {"uv": [75, 87.5], "uv_size": [1, -7.5]}
							}
						},
						{
							"origin": [-0.8, 24.05, -72.6],
							"size": [1.5, 1.5, 19],
							"pivot": [-0.05, 24.8, -16.6],
							"rotation": [0, 0, -22.5],
							"uv": {
								"north": {"uv": [85, 69], "uv_size": [1.5, 1.5]},
								"east": {"uv": [63, 50], "uv_size": [19, 1.5]},
								"south": {"uv": [85, 73], "uv_size": [1.5, 1.5]},
								"west": {"uv": [63, 52], "uv_size": [19, 1.5]},
								"up": {"uv": [49, 65], "uv_size": [1.5, 19]},
								"down": {"uv": [51, 84], "uv_size": [1.5, -19]}
							}
						},
						{
							"origin": [-0.55, 17.9, 4.1],
							"size": [1, 0.5, 1.6],
							"pivot": [0, 18.05, 4.85],
							"rotation": [90, 0, 0],
							"uv": {
								"north": {"uv": [29, 88], "uv_size": [1, 0.5]},
								"east": {"uv": [88, 16], "uv_size": [1.5, 0.5]},
								"south": {"uv": [32, 88], "uv_size": [1, 0.5]},
								"west": {"uv": [17, 88], "uv_size": [1.5, 0.5]},
								"up": {"uv": [80, 86], "uv_size": [1, 1.5]},
								"down": {"uv": [81, 87.5], "uv_size": [1, -1.5]}
							}
						},
						{
							"origin": [-0.55, 17.25, 3.35],
							"size": [1, 0.5, 1.6],
							"pivot": [0, 17.3, 4.9],
							"rotation": [45, 0, 0],
							"uv": {
								"north": {"uv": [38, 88], "uv_size": [1, 0.5]},
								"east": {"uv": [88, 17], "uv_size": [1.5, 0.5]},
								"south": {"uv": [39, 88], "uv_size": [1, 0.5]},
								"west": {"uv": [88, 18], "uv_size": [1.5, 0.5]},
								"up": {"uv": [86, 81], "uv_size": [1, 1.5]},
								"down": {"uv": [83, 87.5], "uv_size": [1, -1.5]}
							}
						},
						{
							"origin": [-0.55, 18.15, 1.85],
							"size": [1, 0.5, 1.5],
							"pivot": [0, 18.3, 3.4],
							"rotation": [67.5, 0, 0],
							"uv": {
								"north": {"uv": [40, 88], "uv_size": [1, 0.5]},
								"east": {"uv": [88, 19], "uv_size": [1.5, 0.5]},
								"south": {"uv": [88, 40], "uv_size": [1, 0.5]},
								"west": {"uv": [88, 20], "uv_size": [1.5, 0.5]},
								"up": {"uv": [86, 83], "uv_size": [1, 1.5]},
								"down": {"uv": [84, 87.5], "uv_size": [1, -1.5]}
							}
						},
						{
							"origin": [-0.55, 18, 1.6],
							"size": [1, 0.5, 1.5],
							"pivot": [0, 18.05, 3.15],
							"rotation": [-67.5, 0, 0],
							"uv": {
								"north": {"uv": [88, 41], "uv_size": [1, 0.5]},
								"east": {"uv": [88, 21], "uv_size": [1.5, 0.5]},
								"south": {"uv": [88, 42], "uv_size": [1, 0.5]},
								"west": {"uv": [22, 88], "uv_size": [1.5, 0.5]},
								"up": {"uv": [86, 85], "uv_size": [1, 1.5]},
								"down": {"uv": [87, 1.5], "uv_size": [1, -1.5]}
							}
						},
						{
							"origin": [-0.55, 16.25, -0.15],
							"size": [1, 0.5, 1.6],
							"pivot": [0, 16.3, 1.4],
							"rotation": [-45, 0, 0],
							"uv": {
								"north": {"uv": [88, 43], "uv_size": [1, 0.5]},
								"east": {"uv": [88, 22], "uv_size": [1.5, 0.5]},
								"south": {"uv": [88, 44], "uv_size": [1, 0.5]},
								"west": {"uv": [88, 24], "uv_size": [1.5, 0.5]},
								"up": {"uv": [1, 87], "uv_size": [1, 1.5]},
								"down": {"uv": [2, 88.5], "uv_size": [1, -1.5]}
							}
						},
						{
							"origin": [-0.55, 16.15, 1.35],
							"size": [1, 0.5, 2.5],
							"uv": {
								"north": {"uv": [88, 45], "uv_size": [1, 0.5]},
								"east": {"uv": [87, 36], "uv_size": [2.5, 0.5]},
								"south": {"uv": [46, 88], "uv_size": [1, 0.5]},
								"west": {"uv": [87, 37], "uv_size": [2.5, 0.5]},
								"up": {"uv": [3, 85], "uv_size": [1, 2.5]},
								"down": {"uv": [15, 87.5], "uv_size": [1, -2.5]}
							}
						},
						{
							"origin": [-0.55, 17.9, -0.15],
							"size": [1, 0.5, 1.6],
							"pivot": [0, 18.05, 0.6],
							"rotation": [90, 0, 0],
							"uv": {
								"north": {"uv": [88, 46], "uv_size": [1, 0.5]},
								"east": {"uv": [88, 25], "uv_size": [1.5, 0.5]},
								"south": {"uv": [47, 88], "uv_size": [1, 0.5]},
								"west": {"uv": [88, 26], "uv_size": [1.5, 0.5]},
								"up": {"uv": [87, 4], "uv_size": [1, 1.5]},
								"down": {"uv": [87, 7.5], "uv_size": [1, -1.5]}
							}
						},
						{
							"origin": [-0.3, 18.4, 0.35],
							"size": [0.5, 1.5, 1.5],
							"pivot": [0, 18.05, 0.6],
							"rotation": [90, 0, 0],
							"uv": {
								"north": {"uv": [19, 88], "uv_size": [0.5, 1.5]},
								"east": {"uv": [86, 2], "uv_size": [1.5, 1.5]},
								"south": {"uv": [27, 88], "uv_size": [0.5, 1.5]},
								"west": {"uv": [6, 86], "uv_size": [1.5, 1.5]},
								"up": {"uv": [88, 27], "uv_size": [0.5, 1.5]},
								"down": {"uv": [28, 89.5], "uv_size": [0.5, -1.5]}
							}
						},
						{
							"origin": [-1.375, 24.3, 1.15],
							"size": [2.75, 1.4, 4],
							"uv": {
								"north": {"uv": [83, 62], "uv_size": [3, 1.5]},
								"east": {"uv": [81, 4], "uv_size": [4, 1.5]},
								"south": {"uv": [83, 82], "uv_size": [3, 1.5]},
								"west": {"uv": [5, 81], "uv_size": [4, 1.5]},
								"up": {"uv": [71, 76], "uv_size": [3, 4]},
								"down": {"uv": [74, 80], "uv_size": [3, -4]}
							}
						},
						{
							"origin": [-1.375, 26, -6.35],
							"size": [0.75, 1, 3],
							"uv": {
								"north": {"uv": [87, 74], "uv_size": [1, 1]},
								"east": {"uv": [84, 46], "uv_size": [3, 1]},
								"south": {"uv": [87, 75], "uv_size": [1, 1]},
								"west": {"uv": [84, 47], "uv_size": [3, 1]},
								"up": {"uv": [74, 68], "uv_size": [1, 3]},
								"down": {"uv": [49, 87], "uv_size": [1, -3]}
							}
						},
						{
							"origin": [0.625, 26, -6.35],
							"size": [0.75, 1, 3],
							"uv": {
								"north": {"uv": [87, 82], "uv_size": [1, 1]},
								"east": {"uv": [84, 48], "uv_size": [3, 1]},
								"south": {"uv": [87, 83], "uv_size": [1, 1]},
								"west": {"uv": [84, 49], "uv_size": [3, 1]},
								"up": {"uv": [50, 84], "uv_size": [1, 3]},
								"down": {"uv": [51, 87], "uv_size": [1, -3]}
							}
						},
						{
							"origin": [-0.625, 26, -5.35],
							"size": [1.25, 1, 2],
							"uv": {
								"north": {"uv": [12, 87], "uv_size": [1.5, 1]},
								"east": {"uv": [86, 27], "uv_size": [2, 1]},
								"south": {"uv": [87, 12], "uv_size": [1.5, 1]},
								"west": {"uv": [86, 41], "uv_size": [2, 1]},
								"up": {"uv": [72, 84], "uv_size": [1.5, 2]},
								"down": {"uv": [76, 86], "uv_size": [1.5, -2]}
							}
						},
						{
							"origin": [-1.325, 25.25, -4.35],
							"size": [2.65, 1.5, 4],
							"uv": {
								"north": {"uv": [84, 28], "uv_size": [2.5, 1.5]},
								"east": {"uv": [81, 54], "uv_size": [4, 1.5]},
								"south": {"uv": [84, 30], "uv_size": [2.5, 1.5]},
								"west": {"uv": [81, 56], "uv_size": [4, 1.5]},
								"up": {"uv": [77, 76], "uv_size": [2.5, 4]},
								"down": {"uv": [78, 6], "uv_size": [2.5, -4]}
							}
						},
						{
							"origin": [-0.4, 27.65, 0.35],
							"size": [0.8, 0.8, 0.4],
							"pivot": [0, 28.05, 17.95],
							"rotation": [0, 0, -45],
							"uv": {
								"north": {"uv": [1, 88.5], "uv_size": [1.5, 1.5]},
								"east": {"uv": [88, 64], "uv_size": [0.5, 1]},
								"south": {"uv": [89, 0], "uv_size": [1.5, 1.5]},
								"west": {"uv": [65, 88], "uv_size": [0.5, 1]},
								"up": {"uv": [88, 65], "uv_size": [1, 0.5]},
								"down": {"uv": [66, 88.5], "uv_size": [1, -0.5]}
							}
						},
						{
							"origin": [-1.9, 26.65, 0.35],
							"size": [0.8, 0.8, 0.5],
							"pivot": [-1.5, 27.05, 0.55],
							"rotation": [90, -45, -90],
							"uv": {
								"north": {"uv": [88, 4], "uv_size": [1, 1]},
								"east": {"uv": [88, 66], "uv_size": [0.5, 1]},
								"south": {"uv": [5, 88], "uv_size": [1, 1]},
								"west": {"uv": [67, 88], "uv_size": [0.5, 1]},
								"up": {"uv": [88, 67], "uv_size": [1, 0.5]},
								"down": {"uv": [68, 88.5], "uv_size": [1, -0.5]}
							}
						},
						{
							"origin": [1.3, 26.65, 0.4],
							"size": [0.8, 0.8, 0.5],
							"pivot": [1.7, 27.05, 0.55],
							"rotation": [90, -45, -90],
							"uv": {
								"north": {"uv": [88, 5], "uv_size": [1, 1]},
								"east": {"uv": [88, 68], "uv_size": [0.5, 1]},
								"south": {"uv": [6, 88], "uv_size": [1, 1]},
								"west": {"uv": [69, 88], "uv_size": [0.5, 1]},
								"up": {"uv": [88, 69], "uv_size": [1, 0.5]},
								"down": {"uv": [88, 70.5], "uv_size": [1, -0.5]}
							}
						},
						{
							"origin": [-0.15, 27.4, 0.45],
							"size": [0.3, 0.3, 0.2],
							"uv": {
								"north": {"uv": [88, 79], "uv_size": [0.5, 0.5]},
								"east": {"uv": [80, 88], "uv_size": [0.5, 0.5]},
								"south": {"uv": [88, 80], "uv_size": [0.5, 0.5]},
								"west": {"uv": [81, 88], "uv_size": [0.5, 0.5]},
								"up": {"uv": [88, 81], "uv_size": [0.5, 0.5]},
								"down": {"uv": [88, 82.5], "uv_size": [0.5, -0.5]}
							}
						},
						{
							"origin": [-1.375, 25.2, 0.4],
							"size": [2.75, 1, 2],
							"pivot": [0, 25.695, 1.9],
							"rotation": [-45, 0, 0],
							"uv": {
								"north": {"uv": [84, 37], "uv_size": [3, 1]},
								"east": {"uv": [85, 66], "uv_size": [2, 1]},
								"south": {"uv": [84, 38], "uv_size": [3, 1]},
								"west": {"uv": [86, 13], "uv_size": [2, 1]},
								"up": {"uv": [81, 46], "uv_size": [3, 2]},
								"down": {"uv": [81, 50], "uv_size": [3, -2]}
							}
						},
						{
							"origin": [-1.375, 26.95, 0.4],
							"size": [0.5, 0.75, 1],
							"pivot": [0, 27.195, 1.4],
							"rotation": [-45, 0, 0],
							"uv": {
								"north": {"uv": [52, 88], "uv_size": [0.5, 1]},
								"east": {"uv": [87, 85], "uv_size": [1, 1]},
								"south": {"uv": [88, 52], "uv_size": [0.5, 1]},
								"west": {"uv": [86, 87], "uv_size": [1, 1]},
								"up": {"uv": [53, 88], "uv_size": [0.5, 1]},
								"down": {"uv": [88, 54], "uv_size": [0.5, -1]}
							}
						},
						{
							"origin": [-1.375, 26.7, -0.6],
							"size": [0.5, 1, 0.75],
							"pivot": [0, 27.195, 0.4],
							"rotation": [-45, 0, 0],
							"uv": {
								"north": {"uv": [54, 88], "uv_size": [0.5, 1]},
								"east": {"uv": [87, 86], "uv_size": [1, 1]},
								"south": {"uv": [88, 54], "uv_size": [0.5, 1]},
								"west": {"uv": [87, 87], "uv_size": [1, 1]},
								"up": {"uv": [55, 88], "uv_size": [0.5, 1]},
								"down": {"uv": [88, 56], "uv_size": [0.5, -1]}
							}
						},
						{
							"origin": [-1.38, 27.55, 0.05],
							"size": [0.52, 0.715, 1],
							"uv": {
								"north": {"uv": [76, 88], "uv_size": [0.5, 0.5]},
								"east": {"uv": [58, 88], "uv_size": [1, 0.5]},
								"south": {"uv": [88, 76], "uv_size": [0.5, 0.5]},
								"west": {"uv": [88, 58], "uv_size": [1, 0.5]},
								"up": {"uv": [59, 88], "uv_size": [0.5, 1]},
								"down": {"uv": [88, 60], "uv_size": [0.5, -1]}
							}
						},
						{
							"origin": [-1.38, 24.26, -0.64],
							"size": [0.52, 3.29, 2.4],
							"uv": {
								"north": {"uv": [78, 86], "uv_size": [0.5, 3.5]},
								"east": {"uv": [46, 79], "uv_size": [2.5, 3.5]},
								"south": {"uv": [79, 86], "uv_size": [0.5, 3.5]},
								"west": {"uv": [53, 79], "uv_size": [2.5, 3.5]},
								"up": {"uv": [87, 48], "uv_size": [0.5, 2.5]},
								"down": {"uv": [49, 89.5], "uv_size": [0.5, -2.5]}
							}
						},
						{
							"origin": [-1.275, 21.7, -1.65],
							"size": [2.55, 5.75, 1],
							"pivot": [0, 25.695, -0.1],
							"rotation": [-75, 0, 0],
							"uv": {
								"north": {"uv": [46, 73], "uv_size": [2.5, 6]},
								"east": {"uv": [9, 81], "uv_size": [1, 6]},
								"south": {"uv": [53, 73], "uv_size": [2.5, 6]},
								"west": {"uv": [10, 81], "uv_size": [1, 6]},
								"up": {"uv": [53, 85], "uv_size": [2.5, 1]},
								"down": {"uv": [85, 55], "uv_size": [2.5, -1]}
							}
						},
						{
							"origin": [-1.38, 23.8, 4.39],
							"size": [2.75, 1.75, 1],
							"pivot": [-1.55, 24.3, 4.4],
							"rotation": [10, 0, 0],
							"uv": {
								"north": {"uv": [81, 15], "uv_size": [3, 2]},
								"east": {"uv": [86, 9], "uv_size": [1, 2]},
								"south": {"uv": [81, 17], "uv_size": [3, 2]},
								"west": {"uv": [86, 11], "uv_size": [1, 2]},
								"up": {"uv": [84, 35], "uv_size": [3, 1]},
								"down": {"uv": [84, 37], "uv_size": [3, -1]}
							}
						},
						{
							"origin": [-1.6, 9.9, 31.8],
							"size": [3.2, 12.5, 1.2],
							"pivot": [0, 18, 32],
							"rotation": [-5, 0, 0],
							"uv": {
								"north": {"uv": [7, 65], "uv_size": [3, 12.5]},
								"east": {"uv": [63, 73], "uv_size": [1, 12.5]},
								"south": {"uv": [10, 65], "uv_size": [3, 12.5]},
								"west": {"uv": [64, 73], "uv_size": [1, 12.5]},
								"up": {"uv": [83, 11], "uv_size": [3, 1]},
								"down": {"uv": [84, 33], "uv_size": [3, -1]}
							}
						},
						{
							"origin": [0.755, 23.8, -13.3],
							"size": [0.75, 1.9, 18.45],
							"pivot": [1.5, 24.3, 4.4],
							"rotation": [0, 0, -5],
							"uv": {
								"north": {"uv": [87, 66], "uv_size": [0.5, 2]},
								"east": {"uv": [62, 15], "uv_size": [18.5, 2]},
								"south": {"uv": [87, 68], "uv_size": [0.5, 2]},
								"west": {"uv": [62, 17], "uv_size": [18.5, 2]},
								"up": {"uv": [62, 77], "uv_size": [0.5, 18.5]},
								"down": {"uv": [4, 96.5], "uv_size": [0.5, -18.5]}
							}
						},
						{
							"origin": [1.005, 23.8, -6.3],
							"size": [1, 1, 2],
							"pivot": [1.5, 24.3, 4.4],
							"rotation": [0, 0, -5],
							"uv": {
								"north": {"uv": [87, 84], "uv_size": [1, 1]},
								"east": {"uv": [86, 42], "uv_size": [2, 1]},
								"south": {"uv": [85, 87], "uv_size": [1, 1]},
								"west": {"uv": [86, 43], "uv_size": [2, 1]},
								"up": {"uv": [46, 86], "uv_size": [1, 2]},
								"down": {"uv": [47, 88], "uv_size": [1, -2]}
							}
						},
						{
							"origin": [-1.505, 23.8, 2.7],
							"size": [0.75, 1.9, 2.45],
							"pivot": [-1.5, 24.3, 4.4],
							"rotation": [0, 0, 5],
							"uv": {
								"north": {"uv": [70, 87], "uv_size": [0.5, 2]},
								"east": {"uv": [82, 69], "uv_size": [2.5, 2]},
								"south": {"uv": [87, 70], "uv_size": [0.5, 2]},
								"west": {"uv": [82, 73], "uv_size": [2.5, 2]},
								"up": {"uv": [43, 87], "uv_size": [0.5, 2.5]},
								"down": {"uv": [44, 89.5], "uv_size": [0.5, -2.5]}
							}
						},
						{
							"origin": [-0.55, 18.8, 4.25],
							"size": [1, 1, 1],
							"pivot": [0, 19.3, 4.75],
							"rotation": [45, 0, 0],
							"uv": {
								"north": {"uv": [87, 52], "uv_size": [1, 1]},
								"east": {"uv": [87, 53], "uv_size": [1, 1]},
								"south": {"uv": [87, 58], "uv_size": [1, 1]},
								"west": {"uv": [87, 59], "uv_size": [1, 1]},
								"up": {"uv": [87, 60], "uv_size": [1, 1]},
								"down": {"uv": [61, 88], "uv_size": [1, -1]}
							}
						}
					]
				},
				{
					"name": "bayonet",
					"parent": "metal",
					"pivot": [-0.5, 19.75, -92.95],
					"cubes": [
						{
							"origin": [-2.75, 19.3, -71.15],
							"size": [3, 3, 15.4],
							"inflate": -0.3,
							"pivot": [-1.25, 24.3, -76.05],
							"rotation": [0, 0, -20],
							"uv": {
								"north": {"uv": [5, 78], "uv_size": [3, 3]},
								"east": {"uv": [59, 4], "uv_size": [15.5, 3]},
								"south": {"uv": [8, 78], "uv_size": [3, 3]},
								"west": {"uv": [59, 7], "uv_size": [15.5, 3]},
								"up": {"uv": [13, 56], "uv_size": [3, 15.5]},
								"down": {"uv": [16, 71.5], "uv_size": [3, -15.5]}
							}
						},
						{
							"origin": [-1.8, 18.8, -72.15],
							"size": [3.6, 7.5, 1.5],
							"inflate": -0.201,
							"uv": {
								"north": {"uv": [65, 60], "uv_size": [3.5, 7.5]},
								"east": {"uv": [13, 77], "uv_size": [1.5, 7.5]},
								"south": {"uv": [61, 65], "uv_size": [3.5, 7.5]},
								"west": {"uv": [15, 77], "uv_size": [1.5, 7.5]},
								"up": {"uv": [81, 65], "uv_size": [3.5, 1.5]},
								"down": {"uv": [82, 13.5], "uv_size": [3.5, -1.5]}
							}
						},
						{
							"origin": [-0.55, 19.55, -93.15],
							"size": [1.1, 3, 21.4],
							"inflate": -0.201,
							"uv": {
								"north": {"uv": [52, 84], "uv_size": [1, 3]},
								"east": {"uv": [43, 40], "uv_size": [21.5, 3]},
								"south": {"uv": [0, 85], "uv_size": [1, 3]},
								"west": {"uv": [43, 43], "uv_size": [21.5, 3]},
								"up": {"uv": [25, 67], "uv_size": [1, 21.5]},
								"down": {"uv": [26, 88.5], "uv_size": [1, -21.5]}
							}
						},
						{
							"origin": [-0.55, 20.3, -101.15],
							"size": [1.1, 2.25, 8.4],
							"inflate": -0.201,
							"uv": {
								"north": {"uv": [69, 85], "uv_size": [1, 2.5]},
								"east": {"uv": [65, 42], "uv_size": [8.5, 2.5]},
								"south": {"uv": [85, 84], "uv_size": [1, 2.5]},
								"west": {"uv": [65, 68], "uv_size": [8.5, 2.5]},
								"up": {"uv": [79, 64], "uv_size": [1, 8.5]},
								"down": {"uv": [65, 87.5], "uv_size": [1, -8.5]}
							}
						},
						{
							"origin": [-0.5, 19.55, -101.15],
							"size": [1, 2, 8.4],
							"inflate": -0.201,
							"pivot": [-0.5, 19.75, -92.95],
							"rotation": [-5, 0, 0],
							"uv": {
								"north": {"uv": [86, 58], "uv_size": [1, 2]},
								"east": {"uv": [69, 64], "uv_size": [8.5, 2]},
								"south": {"uv": [86, 60], "uv_size": [1, 2]},
								"west": {"uv": [69, 66], "uv_size": [8.5, 2]},
								"up": {"uv": [66, 79], "uv_size": [1, 8.5]},
								"down": {"uv": [67, 87.5], "uv_size": [1, -8.5]}
							}
						}
					]
				},
				{
					"name": "tassel",
					"parent": "gun",
					"pivot": [0, 20.7, -54.8],
					"cubes": [
						{
							"origin": [-0.55, 18.7, -55.3],
							"size": [1, 2, 1],
							"uv": {
								"north": {"uv": [72, 86], "uv_size": [1, 2]},
								"east": {"uv": [73, 86], "uv_size": [1, 2]},
								"south": {"uv": [86, 75], "uv_size": [1, 2]},
								"west": {"uv": [76, 86], "uv_size": [1, 2]},
								"up": {"uv": [8, 88], "uv_size": [1, 1]},
								"down": {"uv": [88, 9], "uv_size": [1, -1]}
							}
						},
						{
							"origin": [-0.5, 9.7, -55.3],
							"size": [1, 9, 1],
							"pivot": [0, 18.7, -54.8],
							"rotation": [90, 82.5, 90],
							"uv": {
								"north": {"uv": [11, 78], "uv_size": [1, 9]},
								"east": {"uv": [12, 78], "uv_size": [1, 9]},
								"south": {"uv": [35, 78], "uv_size": [1, 9]},
								"west": {"uv": [36, 78], "uv_size": [1, 9]},
								"up": {"uv": [9, 88], "uv_size": [1, 1]},
								"down": {"uv": [88, 10], "uv_size": [1, -1]}
							}
						},
						{
							"origin": [-0.45, 9.7, -55.3],
							"size": [1, 9, 1],
							"pivot": [0.05, 18.7, -54.8],
							"rotation": [0, 0, 7.5],
							"uv": {
								"north": {"uv": [78, 64], "uv_size": [1, 9]},
								"east": {"uv": [79, 6], "uv_size": [1, 9]},
								"south": {"uv": [27, 79], "uv_size": [1, 9]},
								"west": {"uv": [28, 79], "uv_size": [1, 9]},
								"up": {"uv": [88, 11], "uv_size": [1, 1]},
								"down": {"uv": [12, 89], "uv_size": [1, -1]}
							}
						},
						{
							"origin": [-0.55, 9.7, -55.3],
							"size": [1, 9, 1],
							"pivot": [-0.05, 18.7, -54.8],
							"rotation": [0, 0, -7.5],
							"uv": {
								"north": {"uv": [37, 78], "uv_size": [1, 9]},
								"east": {"uv": [43, 78], "uv_size": [1, 9]},
								"south": {"uv": [44, 78], "uv_size": [1, 9]},
								"west": {"uv": [45, 78], "uv_size": [1, 9]},
								"up": {"uv": [10, 88], "uv_size": [1, 1]},
								"down": {"uv": [88, 11], "uv_size": [1, -1]}
							}
						},
						{
							"origin": [-0.5, 9.7, -55.3],
							"size": [1, 9, 1],
							"pivot": [0, 18.7, -54.8],
							"rotation": [-90, -82.5, 90],
							"uv": {
								"north": {"uv": [29, 79], "uv_size": [1, 9]},
								"east": {"uv": [38, 79], "uv_size": [1, 9]},
								"south": {"uv": [39, 79], "uv_size": [1, 9]},
								"west": {"uv": [40, 79], "uv_size": [1, 9]},
								"up": {"uv": [13, 88], "uv_size": [1, 1]},
								"down": {"uv": [88, 14], "uv_size": [1, -1]}
							}
						}
					]
				},
				{
					"name": "clip",
					"parent": "gun",
					"pivot": [0, 0, 0]
				},
				{
					"name": "shell",
					"parent": "clip",
					"pivot": [-0.05, 25.55, -13.6],
					"cubes": [
						{
							"origin": [-1.05, 23.8, -11.85],
							"size": [1, 1, 5.25],
							"pivot": [-0.05, 25.8, -13.6],
							"rotation": [0, 0, -22.5],
							"uv": {
								"north": {"uv": [88, 15], "uv_size": [1, 1]},
								"east": {"uv": [81, 23], "uv_size": [5.5, 1]},
								"south": {"uv": [16, 88], "uv_size": [1, 1]},
								"west": {"uv": [81, 64], "uv_size": [5.5, 1]},
								"up": {"uv": [23, 82], "uv_size": [1, 5.5]},
								"down": {"uv": [32, 87.5], "uv_size": [1, -5.5]}
							}
						}
					]
				},
				{
					"name": "set",
					"parent": "clip",
					"pivot": [-0.05, 22.3, -9.35],
					"cubes": [
						{
							"origin": [-0.8, 20.3, -8.35],
							"size": [1.5, 4, 2],
							"uv": {
								"north": {"uv": [59, 81], "uv_size": [1.5, 4]},
								"east": {"uv": [80, 68], "uv_size": [2, 4]},
								"south": {"uv": [81, 60], "uv_size": [1.5, 4]},
								"west": {"uv": [72, 80], "uv_size": [2, 4]},
								"up": {"uv": [85, 6], "uv_size": [1.5, 2]},
								"down": {"uv": [13, 87], "uv_size": [1.5, -2]}
							}
						},
						{
							"origin": [-1.05, 21.3, -11.85],
							"size": [1, 1, 5.25],
							"pivot": [-0.05, 23.3, -13.6],
							"rotation": [0, 0, -22.5],
							"uv": {
								"north": {"uv": [88, 15], "uv_size": [1, 1]},
								"east": {"uv": [81, 23], "uv_size": [5.5, 1]},
								"south": {"uv": [16, 88], "uv_size": [1, 1]},
								"west": {"uv": [81, 64], "uv_size": [5.5, 1]},
								"up": {"uv": [23, 82], "uv_size": [1, 5.5]},
								"down": {"uv": [32, 87.5], "uv_size": [1, -5.5]}
							}
						},
						{
							"origin": [-1.05, 22.8, -11.85],
							"size": [1, 1, 5.25],
							"pivot": [-0.05, 24.8, -13.6],
							"rotation": [0, 0, -22.5],
							"uv": {
								"north": {"uv": [88, 15], "uv_size": [1, 1]},
								"east": {"uv": [81, 23], "uv_size": [5.5, 1]},
								"south": {"uv": [16, 88], "uv_size": [1, 1]},
								"west": {"uv": [81, 64], "uv_size": [5.5, 1]},
								"up": {"uv": [23, 82], "uv_size": [1, 5.5]},
								"down": {"uv": [32, 87.5], "uv_size": [1, -5.5]}
							}
						},
						{
							"origin": [-1.05, 21.8, -11.85],
							"size": [1, 1, 5.25],
							"pivot": [-0.05, 23.8, -13.6],
							"rotation": [0, 0, -22.5],
							"uv": {
								"north": {"uv": [88, 15], "uv_size": [1, 1]},
								"east": {"uv": [81, 23], "uv_size": [5.5, 1]},
								"south": {"uv": [16, 88], "uv_size": [1, 1]},
								"west": {"uv": [81, 64], "uv_size": [5.5, 1]},
								"up": {"uv": [23, 82], "uv_size": [1, 5.5]},
								"down": {"uv": [32, 87.5], "uv_size": [1, -5.5]}
							}
						},
						{
							"origin": [-1.05, 20.8, -11.85],
							"size": [1, 1, 5.25],
							"pivot": [-0.05, 22.8, -13.6],
							"rotation": [0, 0, -22.5],
							"uv": {
								"north": {"uv": [88, 15], "uv_size": [1, 1]},
								"east": {"uv": [81, 23], "uv_size": [5.5, 1]},
								"south": {"uv": [16, 88], "uv_size": [1, 1]},
								"west": {"uv": [81, 64], "uv_size": [5.5, 1]},
								"up": {"uv": [23, 82], "uv_size": [1, 5.5]},
								"down": {"uv": [32, 87.5], "uv_size": [1, -5.5]}
							}
						},
						{
							"origin": [-1.05, 23.3, -11.85],
							"size": [1, 1, 5.25],
							"pivot": [-0.05, 25.3, -13.6],
							"rotation": [0, 0, -22.5],
							"uv": {
								"north": {"uv": [88, 15], "uv_size": [1, 1]},
								"east": {"uv": [81, 23], "uv_size": [5.5, 1]},
								"south": {"uv": [16, 88], "uv_size": [1, 1]},
								"west": {"uv": [81, 64], "uv_size": [5.5, 1]},
								"up": {"uv": [23, 82], "uv_size": [1, 5.5]},
								"down": {"uv": [32, 87.5], "uv_size": [1, -5.5]}
							}
						},
						{
							"origin": [-1.05, 22.3, -11.85],
							"size": [1, 1, 5.25],
							"pivot": [-0.05, 24.3, -13.6],
							"rotation": [0, 0, -22.5],
							"uv": {
								"north": {"uv": [88, 15], "uv_size": [1, 1]},
								"east": {"uv": [81, 23], "uv_size": [5.5, 1]},
								"south": {"uv": [16, 88], "uv_size": [1, 1]},
								"west": {"uv": [81, 64], "uv_size": [5.5, 1]},
								"up": {"uv": [23, 82], "uv_size": [1, 5.5]},
								"down": {"uv": [32, 87.5], "uv_size": [1, -5.5]}
							}
						},
						{
							"origin": [-1.05, 20.3, -11.85],
							"size": [1, 1, 5.25],
							"pivot": [-0.05, 22.3, -13.6],
							"rotation": [0, 0, -22.5],
							"uv": {
								"north": {"uv": [88, 15], "uv_size": [1, 1]},
								"east": {"uv": [81, 23], "uv_size": [5.5, 1]},
								"south": {"uv": [16, 88], "uv_size": [1, 1]},
								"west": {"uv": [81, 64], "uv_size": [5.5, 1]},
								"up": {"uv": [23, 82], "uv_size": [1, 5.5]},
								"down": {"uv": [32, 87.5], "uv_size": [1, -5.5]}
							}
						}
					]
				},
				{
					"name": "action",
					"parent": "main",
					"pivot": [0.05, 25.85, -13.3],
					"cubes": [
						{
							"origin": [-1.655, 24.3, -13.3],
							"size": [0.75, 1, 3],
							"uv": {
								"north": {"uv": [88, 47], "uv_size": [0.5, 1]},
								"east": {"uv": [84, 39], "uv_size": [3, 1]},
								"south": {"uv": [48, 88], "uv_size": [0.5, 1]},
								"west": {"uv": [84, 45], "uv_size": [3, 1]},
								"up": {"uv": [87, 9], "uv_size": [0.5, 3]},
								"down": {"uv": [11, 90], "uv_size": [0.5, -3]}
							}
						},
						{
							"origin": [-1.655, 25.3, -13.3],
							"size": [0.75, 1, 2],
							"uv": {
								"north": {"uv": [50, 88], "uv_size": [0.5, 1]},
								"east": {"uv": [20, 86], "uv_size": [2, 1]},
								"south": {"uv": [88, 50], "uv_size": [0.5, 1]},
								"west": {"uv": [86, 24], "uv_size": [2, 1]},
								"up": {"uv": [87, 76], "uv_size": [0.5, 2]},
								"down": {"uv": [87, 80], "uv_size": [0.5, -2]}
							}
						},
						{
							"origin": [-1.65, 25.26, -11.9],
							"size": [0.74, 0.75, 1.8],
							"pivot": [-1.5, 25.3, -11.3],
							"rotation": [-35, 0, 0],
							"uv": {
								"north": {"uv": [51, 88], "uv_size": [0.5, 1]},
								"east": {"uv": [86, 25], "uv_size": [2, 1]},
								"south": {"uv": [88, 51], "uv_size": [0.5, 1]},
								"west": {"uv": [86, 26], "uv_size": [2, 1]},
								"up": {"uv": [87, 80], "uv_size": [0.5, 2]},
								"down": {"uv": [82, 89], "uv_size": [0.5, -2]}
							}
						},
						{
							"origin": [-3.405, 24.3, -10.3],
							"size": [2.5, 1, 0.5],
							"uv": {
								"north": {"uv": [85, 57], "uv_size": [2.5, 1]},
								"east": {"uv": [88, 48], "uv_size": [0.5, 1]},
								"south": {"uv": [85, 65], "uv_size": [2.5, 1]},
								"west": {"uv": [88, 49], "uv_size": [0.5, 1]},
								"up": {"uv": [87, 38], "uv_size": [2.5, 0.5]},
								"down": {"uv": [87, 39.5], "uv_size": [2.5, -0.5]}
							}
						},
						{
							"origin": [-1.655, 24.7, -27.6],
							"size": [1, 0.75, 14.3],
							"uv": {
								"north": {"uv": [87, 72], "uv_size": [1, 1]},
								"east": {"uv": [72, 0], "uv_size": [14.5, 1]},
								"south": {"uv": [87, 73], "uv_size": [1, 1]},
								"west": {"uv": [72, 1], "uv_size": [14.5, 1]},
								"up": {"uv": [22, 68], "uv_size": [1, 14.5]},
								"down": {"uv": [56, 87.5], "uv_size": [1, -14.5]}
							}
						}
					]
				},
				{
					"name": "cover",
					"parent": "action",
					"pivot": [0.7, 24.3, -10],
					"cubes": [
						{
							"origin": [-0.8, 24.3, -13.3],
							"size": [1.5, 0.75, 8],
							"uv": {
								"north": {"uv": [86, 63], "uv_size": [1.5, 1]},
								"east": {"uv": [80, 14], "uv_size": [8, 1]},
								"south": {"uv": [9, 87], "uv_size": [1.5, 1]},
								"west": {"uv": [80, 19], "uv_size": [8, 1]},
								"up": {"uv": [0, 77], "uv_size": [1.5, 8]},
								"down": {"uv": [2, 85], "uv_size": [1.5, -8]}
							}
						}
					]
				},
				{
					"name": "leftarm",
					"parent": "main",
					"pivot": [10.7, 11.3, -5.6],
					"rotation": [-119.61483, 1.67666, -38.31282],
					"cubes": [
						{
							"origin": [6.7, -12.7, -9.6],
							"size": [8, 24, 8],
							"uv": {
								"north": {"uv": [24, 0], "uv_size": [8, 24]},
								"east": {"uv": [8, 24], "uv_size": [8, 24]},
								"south": {"uv": [16, 24], "uv_size": [8, 24]},
								"west": {"uv": [24, 24], "uv_size": [8, 24]},
								"up": {"uv": [8, 48], "uv_size": [8, 8]},
								"down": {"uv": [16, 56], "uv_size": [8, -8]}
							}
						}
					]
				},
				{
					"name": "rightarm",
					"parent": "main",
					"pivot": [-6.55, 11.05, 23.55],
					"rotation": [-103.96325, -13.5636, -22.43191],
					"cubes": [
						{
							"origin": [-10.55, -12.95, 19.05],
							"size": [8, 24, 8],
							"uv": {
								"north": {"uv": [0, 0], "uv_size": [8, 24]},
								"east": {"uv": [8, 0], "uv_size": [8, 24]},
								"south": {"uv": [16, 0], "uv_size": [8, 24]},
								"west": {"uv": [0, 24], "uv_size": [8, 24]},
								"up": {"uv": [43, 46], "uv_size": [8, 8]},
								"down": {"uv": [0, 56], "uv_size": [8, -8]}
							}
						}
					]
				},
				{
					"name": "muzzleflash",
					"parent": "main",
					"pivot": [0, 24.35, -68.25],
					"cubes": [
						{
							"origin": [-1, 23.8, -76.9],
							"size": [2, 2, 2],
							"inflate": -0.4,
							"uv": {
								"north": {"uv": [38, 53], "uv_size": [2, 2]},
								"east": {"uv": [49, 54], "uv_size": [2, 2]},
								"south": {"uv": [68, 83], "uv_size": [2, 2]},
								"west": {"uv": [84, 2], "uv_size": [2, 2]},
								"up": {"uv": [84, 15], "uv_size": [2, 2]},
								"down": {"uv": [84, 19], "uv_size": [2, -2]}
							}
						}
					]
				},
				{
					"name": "scope",
					"parent": "main",
					"pivot": [0, 28.05, 10.95],
					"cubes": [
						{
							"origin": [-0.25, 27.8, 10.7],
							"size": [0.5, 0.5, 0.5],
							"uv": {
								"north": {"uv": [73, 88], "uv_size": [0.5, 0.5]},
								"east": {"uv": [88, 73], "uv_size": [0.5, 0.5]},
								"south": {"uv": [74, 88], "uv_size": [0.5, 0.5]},
								"west": {"uv": [88, 74], "uv_size": [0.5, 0.5]},
								"up": {"uv": [75, 88], "uv_size": [0.5, 0.5]},
								"down": {"uv": [88, 75.5], "uv_size": [0.5, -0.5]}
							}
						}
					]
				},
				{
					"name": "_cb_suppressor",
					"parent": "main",
					"pivot": [-0.1, 24.85, -72.4],
					"cubes": [
						{
							"origin": [-0.6, 24.35, -72.9],
							"size": [1, 1, 1],
							"uv": {
								"north": {"uv": [0, 0], "uv_size": [1, 1]},
								"east": {"uv": [0, 0], "uv_size": [1, 1]},
								"south": {"uv": [0, 0], "uv_size": [1, 1]},
								"west": {"uv": [0, 0], "uv_size": [1, 1]},
								"up": {"uv": [1, 1], "uv_size": [-1, -1]},
								"down": {"uv": [1, 1], "uv_size": [-1, -1]}
							}
						}
					]
				}
			]
		}
	]
}