{
	"format_version": "1.12.0",
	"minecraft:geometry": [
		{
			"description": {
				"identifier": "geometry.unknown",
				"texture_width": 128,
				"texture_height": 128,
				"visible_bounds_width": 19,
				"visible_bounds_height": 6,
				"visible_bounds_offset": [0, 1, 0]
			},
			"bones": [
				{
					"name": "main",
					"pivot": [0, 20, 0]
				},
				{
					"name": "gun",
					"parent": "main",
					"pivot": [1, 11, -1]
				},
				{
					"name": "wood",
					"parent": "gun",
					"pivot": [0, 13.3, 31.2],
					"cubes": [
						{
							"origin": [-1.655, 21.45, -45.6],
							"size": [3.25, 2, 32.3],
							"uv": {
								"north": {"uv": [78, 50], "uv_size": [3, 2]},
								"east": {"uv": [8, 48], "uv_size": [32, 2]},
								"south": {"uv": [78, 64], "uv_size": [3, 2]},
								"west": {"uv": [40, 48], "uv_size": [32, 2]},
								"up": {"uv": [32, 14], "uv_size": [3, 32]},
								"down": {"uv": [35, 46], "uv_size": [3, -32]}
							}
						},
						{
							"origin": [-0.655, 23.45, -45.6],
							"size": [2.25, 2, 32.3],
							"uv": {
								"north": {"uv": [80, 76], "uv_size": [2, 2]},
								"east": {"uv": [51, 4], "uv_size": [32, 2]},
								"south": {"uv": [78, 80], "uv_size": [2, 2]},
								"west": {"uv": [51, 6], "uv_size": [32, 2]},
								"up": {"uv": [8, 52], "uv_size": [2, 32]},
								"down": {"uv": [10, 84], "uv_size": [2, -32]}
							}
						},
						{
							"origin": [0.63429, 25.42929, -45.6],
							"size": [1, 2, 32.3],
							"pivot": [1.6, 25.4, -15],
							"rotation": [0, 0, -53],
							"uv": {
								"north": {"uv": [82, 74], "uv_size": [1, 2]},
								"east": {"uv": [8, 50], "uv_size": [32, 2]},
								"south": {"uv": [75, 82], "uv_size": [1, 2]},
								"west": {"uv": [40, 50], "uv_size": [32, 2]},
								"up": {"uv": [6, 56], "uv_size": [1, 32]},
								"down": {"uv": [7, 88], "uv_size": [1, -32]}
							}
						},
						{
							"origin": [-1.55, 20.69309, -40.97691],
							"size": [3, 1, 18.5],
							"pivot": [-0.05, 20.7, -23.5],
							"rotation": [-2.5, 0, 0],
							"uv": {
								"north": {"uv": [81, 28], "uv_size": [3, 1]},
								"east": {"uv": [65, 45], "uv_size": [18, 1]},
								"south": {"uv": [81, 31], "uv_size": [3, 1]},
								"west": {"uv": [65, 46], "uv_size": [18, 1]},
								"up": {"uv": [48, 52], "uv_size": [3, 18]},
								"down": {"uv": [51, 70], "uv_size": [3, -18]}
							}
						},
						{
							"origin": [-1.75, 19.3, -23.6],
							"size": [3.4, 4, 8],
							"pivot": [-0.05, 19.3, -15.6],
							"rotation": [-10, 0, 0],
							"uv": {
								"north": {"uv": [74, 35], "uv_size": [3, 4]},
								"east": {"uv": [18, 64], "uv_size": [8, 4]},
								"south": {"uv": [74, 64], "uv_size": [3, 4]},
								"west": {"uv": [26, 64], "uv_size": [8, 4]},
								"up": {"uv": [66, 64], "uv_size": [3, 8]},
								"down": {"uv": [2, 76], "uv_size": [3, -8]}
							}
						},
						{
							"origin": [0.95, 19.3, -13.35],
							"size": [0.85, 5, 8],
							"uv": {
								"north": {"uv": [59, 79], "uv_size": [1, 5]},
								"east": {"uv": [57, 38], "uv_size": [8, 5]},
								"south": {"uv": [67, 79], "uv_size": [1, 5]},
								"west": {"uv": [57, 43], "uv_size": [8, 5]},
								"up": {"uv": [17, 77], "uv_size": [1, 8]},
								"down": {"uv": [77, 38], "uv_size": [1, -8]}
							}
						},
						{
							"origin": [-1.8, 19.3, -15.6],
							"size": [3.6, 5, 2.25],
							"uv": {
								"north": {"uv": [68, 31], "uv_size": [4, 5]},
								"east": {"uv": [34, 57], "uv_size": [2, 5]},
								"south": {"uv": [68, 36], "uv_size": [4, 5]},
								"west": {"uv": [26, 75], "uv_size": [2, 5]},
								"up": {"uv": [77, 24], "uv_size": [4, 2]},
								"down": {"uv": [56, 79], "uv_size": [4, -2]}
							}
						},
						{
							"origin": [-1.8, 19.3, -5.35],
							"size": [3.5, 5, 12],
							"uv": {
								"north": {"uv": [68, 26], "uv_size": [4, 5]},
								"east": {"uv": [12, 52], "uv_size": [12, 5]},
								"south": {"uv": [29, 68], "uv_size": [4, 5]},
								"west": {"uv": [24, 52], "uv_size": [12, 5]},
								"up": {"uv": [54, 26], "uv_size": [4, 12]},
								"down": {"uv": [2, 68], "uv_size": [4, -12]}
							}
						},
						{
							"origin": [-1.6, 15.29553, 2.77787],
							"size": [3.2, 4, 12.25],
							"pivot": [-0.1, 17.05, 10.7],
							"rotation": [-45, 0, 0],
							"uv": {
								"north": {"uv": [72, 48], "uv_size": [3, 4]},
								"east": {"uv": [54, 18], "uv_size": [12, 4]},
								"south": {"uv": [72, 72], "uv_size": [3, 4]},
								"west": {"uv": [54, 22], "uv_size": [12, 4]},
								"up": {"uv": [58, 26], "uv_size": [3, 12]},
								"down": {"uv": [61, 38], "uv_size": [3, -12]}
							}
						},
						{
							"origin": [-1.55, 17.3, 9.2],
							"size": [3.1, 4, 4],
							"uv": {
								"north": {"uv": [29, 73], "uv_size": [3, 4]},
								"east": {"uv": [70, 64], "uv_size": [4, 4]},
								"south": {"uv": [56, 73], "uv_size": [3, 4]},
								"west": {"uv": [70, 68], "uv_size": [4, 4]},
								"up": {"uv": [59, 73], "uv_size": [3, 4]},
								"down": {"uv": [74, 35], "uv_size": [3, -4]}
							}
						},
						{
							"origin": [-1.55, 15.3, 13.2],
							"size": [3.1, 7, 19],
							"uv": {
								"north": {"uv": [22, 68], "uv_size": [3, 7]},
								"east": {"uv": [32, 0], "uv_size": [19, 7]},
								"south": {"uv": [25, 68], "uv_size": [3, 7]},
								"west": {"uv": [32, 7], "uv_size": [19, 7]},
								"up": {"uv": [42, 52], "uv_size": [3, 19]},
								"down": {"uv": [45, 71], "uv_size": [3, -19]}
							}
						},
						{
							"origin": [-1.5, 20.55, 8.77787],
							"size": [3, 2, 3.25],
							"pivot": [-0.1, 17.05, 10.7],
							"rotation": [-45, 0, 0],
							"uv": {
								"north": {"uv": [78, 31], "uv_size": [3, 2]},
								"east": {"uv": [78, 33], "uv_size": [3, 2]},
								"south": {"uv": [78, 35], "uv_size": [3, 2]},
								"west": {"uv": [78, 48], "uv_size": [3, 2]},
								"up": {"uv": [2, 76], "uv_size": [3, 3]},
								"down": {"uv": [76, 42], "uv_size": [3, -3]}
							}
						},
						{
							"origin": [-1.5, 10.3, 13.2],
							"size": [3, 5, 18.9],
							"pivot": [0, 13.3, 31.2],
							"rotation": [-17.5, 0, 0],
							"uv": {
								"north": {"uv": [12, 72], "uv_size": [3, 5]},
								"east": {"uv": [38, 38], "uv_size": [19, 5]},
								"south": {"uv": [15, 72], "uv_size": [3, 5]},
								"west": {"uv": [38, 43], "uv_size": [19, 5]},
								"up": {"uv": [36, 52], "uv_size": [3, 19]},
								"down": {"uv": [39, 71], "uv_size": [3, -19]}
							}
						},
						{
							"origin": [-1.63429, 25.42929, -45.6],
							"size": [1, 2, 32.3],
							"pivot": [-1.6, 25.4, -15],
							"rotation": [0, 0, 53],
							"uv": {
								"north": {"uv": [83, 1], "uv_size": [1, 2]},
								"east": {"uv": [51, 0], "uv_size": [32, 2]},
								"south": {"uv": [83, 3], "uv_size": [1, 2]},
								"west": {"uv": [51, 2], "uv_size": [32, 2]},
								"up": {"uv": [34, 64], "uv_size": [1, 32]},
								"down": {"uv": [35, 96], "uv_size": [1, -32]}
							}
						},
						{
							"origin": [-1.655, 23.45, -45.6],
							"size": [1, 2, 18],
							"uv": {
								"north": {"uv": [83, 5], "uv_size": [1, 2]},
								"east": {"uv": [62, 60], "uv_size": [18, 2]},
								"south": {"uv": [12, 83], "uv_size": [1, 2]},
								"west": {"uv": [62, 62], "uv_size": [18, 2]},
								"up": {"uv": [51, 70], "uv_size": [1, 18]},
								"down": {"uv": [52, 88], "uv_size": [1, -18]}
							}
						},
						{
							"origin": [-0.905, 23.45, -11.3],
							"size": [0.25, 1.75, 10.6],
							"uv": {
								"north": {"uv": [83, 78], "uv_size": [1, 2]},
								"east": {"uv": [65, 41], "uv_size": [11, 2]},
								"south": {"uv": [83, 80], "uv_size": [1, 2]},
								"west": {"uv": [65, 43], "uv_size": [11, 2]},
								"up": {"uv": [32, 73], "uv_size": [1, 11]},
								"down": {"uv": [62, 84], "uv_size": [1, -11]}
							}
						},
						{
							"origin": [-1.655, 23.45, -27.6],
							"size": [1, 1.25, 14.3],
							"uv": {
								"north": {"uv": [85, 9], "uv_size": [1, 1]},
								"east": {"uv": [72, 11], "uv_size": [14, 1]},
								"south": {"uv": [10, 85], "uv_size": [1, 1]},
								"west": {"uv": [72, 12], "uv_size": [14, 1]},
								"up": {"uv": [65, 71], "uv_size": [1, 14]},
								"down": {"uv": [66, 86], "uv_size": [1, -14]}
							}
						},
						{
							"origin": [-1.8, 19.3, -13.35],
							"size": [0.85, 5, 8],
							"uv": {
								"north": {"uv": [50, 79], "uv_size": [1, 5]},
								"east": {"uv": [18, 57], "uv_size": [8, 5]},
								"south": {"uv": [56, 79], "uv_size": [1, 5]},
								"west": {"uv": [26, 57], "uv_size": [8, 5]},
								"up": {"uv": [63, 73], "uv_size": [1, 8]},
								"down": {"uv": [14, 85], "uv_size": [1, -8]}
							}
						}
					]
				},
				{
					"name": "metal",
					"parent": "gun",
					"pivot": [0, 19.3, 4.75],
					"cubes": [
						{
							"origin": [-1.655, 19.45, -41.3],
							"size": [3.25, 1.5, 1],
							"uv": {
								"north": {"uv": [47, 79], "uv_size": [3, 2]},
								"east": {"uv": [84, 3], "uv_size": [1, 2]},
								"south": {"uv": [79, 52], "uv_size": [3, 2]},
								"west": {"uv": [4, 84], "uv_size": [1, 2]},
								"up": {"uv": [82, 8], "uv_size": [3, 1]},
								"down": {"uv": [82, 10], "uv_size": [3, -1]}
							}
						},
						{
							"origin": [-0.655, 20.95, -41.3],
							"size": [1.25, 0.5, 1],
							"uv": {
								"north": {"uv": [11, 85], "uv_size": [1, 1]},
								"east": {"uv": [12, 85], "uv_size": [1, 1]},
								"south": {"uv": [13, 85], "uv_size": [1, 1]},
								"west": {"uv": [85, 13], "uv_size": [1, 1]},
								"up": {"uv": [14, 85], "uv_size": [1, 1]},
								"down": {"uv": [85, 15], "uv_size": [1, -1]}
							}
						},
						{
							"origin": [-1.3, 26.8, -65.9],
							"size": [1, 2, 2.5],
							"inflate": -0.201,
							"pivot": [-0.5, 27, -16.75],
							"rotation": [0, 0, -5],
							"uv": {
								"north": {"uv": [83, 58], "uv_size": [1, 2]},
								"east": {"uv": [38, 79], "uv_size": [3, 2]},
								"south": {"uv": [83, 60], "uv_size": [1, 2]},
								"west": {"uv": [79, 39], "uv_size": [3, 2]},
								"up": {"uv": [82, 13], "uv_size": [1, 3]},
								"down": {"uv": [18, 85], "uv_size": [1, -3]}
							}
						},
						{
							"origin": [-0.4, 26.8, -65.65],
							"size": [0.8, 1.45, 2],
							"inflate": -0.201,
							"uv": {
								"north": {"uv": [78, 84], "uv_size": [1, 1]},
								"east": {"uv": [83, 68], "uv_size": [2, 1]},
								"south": {"uv": [84, 78], "uv_size": [1, 1]},
								"west": {"uv": [83, 69], "uv_size": [2, 1]},
								"up": {"uv": [83, 70], "uv_size": [1, 2]},
								"down": {"uv": [83, 74], "uv_size": [1, -2]}
							}
						},
						{
							"origin": [0.3, 26.8, -65.9],
							"size": [1, 2, 2.5],
							"inflate": -0.201,
							"pivot": [0.5, 27, -16.75],
							"rotation": [0, 0, 5],
							"uv": {
								"north": {"uv": [73, 83], "uv_size": [1, 2]},
								"east": {"uv": [41, 79], "uv_size": [3, 2]},
								"south": {"uv": [74, 83], "uv_size": [1, 2]},
								"west": {"uv": [79, 41], "uv_size": [3, 2]},
								"up": {"uv": [82, 18], "uv_size": [1, 3]},
								"down": {"uv": [19, 85], "uv_size": [1, -3]}
							}
						},
						{
							"origin": [0.86, 27.55, 0.05],
							"size": [0.52, 0.715, 1],
							"uv": {
								"north": {"uv": [72, 84], "uv_size": [1, 1]},
								"east": {"uv": [84, 72], "uv_size": [1, 1]},
								"south": {"uv": [84, 73], "uv_size": [1, 1]},
								"west": {"uv": [75, 84], "uv_size": [1, 1]},
								"up": {"uv": [76, 84], "uv_size": [1, 1]},
								"down": {"uv": [77, 85], "uv_size": [1, -1]}
							}
						},
						{
							"origin": [0.875, 26.7, -0.6],
							"size": [0.5, 1, 0.75],
							"pivot": [0, 27.195, 0.4],
							"rotation": [-45, 0, 0],
							"uv": {
								"north": {"uv": [67, 84], "uv_size": [1, 1]},
								"east": {"uv": [84, 67], "uv_size": [1, 1]},
								"south": {"uv": [68, 84], "uv_size": [1, 1]},
								"west": {"uv": [69, 84], "uv_size": [1, 1]},
								"up": {"uv": [84, 70], "uv_size": [1, 1]},
								"down": {"uv": [84, 72], "uv_size": [1, -1]}
							}
						},
						{
							"origin": [0.875, 26.95, 0.4],
							"size": [0.5, 0.75, 1],
							"pivot": [0, 27.195, 1.4],
							"rotation": [-45, 0, 0],
							"uv": {
								"north": {"uv": [84, 58], "uv_size": [1, 1]},
								"east": {"uv": [59, 84], "uv_size": [1, 1]},
								"south": {"uv": [84, 59], "uv_size": [1, 1]},
								"west": {"uv": [84, 60], "uv_size": [1, 1]},
								"up": {"uv": [84, 61], "uv_size": [1, 1]},
								"down": {"uv": [62, 85], "uv_size": [1, -1]}
							}
						},
						{
							"origin": [0.86, 24.26, -0.64],
							"size": [0.52, 3.29, 2.4],
							"uv": {
								"north": {"uv": [0, 82], "uv_size": [1, 3]},
								"east": {"uv": [54, 78], "uv_size": [2, 3]},
								"south": {"uv": [1, 82], "uv_size": [1, 3]},
								"west": {"uv": [78, 74], "uv_size": [2, 3]},
								"up": {"uv": [44, 83], "uv_size": [1, 2]},
								"down": {"uv": [83, 47], "uv_size": [1, -2]}
							}
						},
						{
							"origin": [-1.3, 21.45, -46.6],
							"size": [2.5, 5, 1],
							"uv": {
								"north": {"uv": [72, 18], "uv_size": [3, 5]},
								"east": {"uv": [57, 79], "uv_size": [1, 5]},
								"south": {"uv": [72, 26], "uv_size": [3, 5]},
								"west": {"uv": [58, 79], "uv_size": [1, 5]},
								"up": {"uv": [81, 50], "uv_size": [3, 1]},
								"down": {"uv": [81, 52], "uv_size": [3, -1]}
							}
						},
						{
							"origin": [-1.05, 21.95, -51.4],
							"size": [2, 4, 2],
							"uv": {
								"north": {"uv": [72, 76], "uv_size": [2, 4]},
								"east": {"uv": [74, 76], "uv_size": [2, 4]},
								"south": {"uv": [76, 76], "uv_size": [2, 4]},
								"west": {"uv": [12, 77], "uv_size": [2, 4]},
								"up": {"uv": [72, 80], "uv_size": [2, 2]},
								"down": {"uv": [74, 82], "uv_size": [2, -2]}
							}
						},
						{
							"origin": [-1.05, 23.45, -66.65],
							"size": [2, 2.5, 4],
							"uv": {
								"north": {"uv": [79, 26], "uv_size": [2, 3]},
								"east": {"uv": [22, 75], "uv_size": [4, 3]},
								"south": {"uv": [36, 79], "uv_size": [2, 3]},
								"west": {"uv": [75, 26], "uv_size": [4, 3]},
								"up": {"uv": [15, 77], "uv_size": [2, 4]},
								"down": {"uv": [29, 81], "uv_size": [2, -4]}
							}
						},
						{
							"origin": [-1.05, 25.95, -65.65],
							"size": [2, 1.25, 2],
							"uv": {
								"north": {"uv": [83, 74], "uv_size": [2, 1]},
								"east": {"uv": [83, 75], "uv_size": [2, 1]},
								"south": {"uv": [83, 76], "uv_size": [2, 1]},
								"west": {"uv": [83, 77], "uv_size": [2, 1]},
								"up": {"uv": [80, 78], "uv_size": [2, 2]},
								"down": {"uv": [80, 82], "uv_size": [2, -2]}
							}
						},
						{
							"origin": [-0.55, 18.8, 0],
							"size": [1, 1, 1],
							"pivot": [0, 19.3, 0.5],
							"rotation": [45, 0, 0],
							"uv": {
								"north": {"uv": [84, 5], "uv_size": [1, 1]},
								"east": {"uv": [84, 6], "uv_size": [1, 1]},
								"south": {"uv": [8, 84], "uv_size": [1, 1]},
								"west": {"uv": [9, 84], "uv_size": [1, 1]},
								"up": {"uv": [10, 84], "uv_size": [1, 1]},
								"down": {"uv": [11, 85], "uv_size": [1, -1]}
							}
						},
						{
							"origin": [-0.55, 16.55736, -5.75736],
							"size": [1, 3, 1],
							"pivot": [0, 19.3, -5.5],
							"rotation": [15, 0, 0],
							"uv": {
								"north": {"uv": [29, 81], "uv_size": [1, 3]},
								"east": {"uv": [30, 81], "uv_size": [1, 3]},
								"south": {"uv": [41, 81], "uv_size": [1, 3]},
								"west": {"uv": [42, 81], "uv_size": [1, 3]},
								"up": {"uv": [37, 84], "uv_size": [1, 1]},
								"down": {"uv": [38, 85], "uv_size": [1, -1]}
							}
						},
						{
							"origin": [-1.3, 19.25, -1.6],
							"size": [2.5, 1, 8],
							"uv": {
								"north": {"uv": [80, 23], "uv_size": [3, 1]},
								"east": {"uv": [72, 13], "uv_size": [8, 1]},
								"south": {"uv": [18, 81], "uv_size": [3, 1]},
								"west": {"uv": [72, 23], "uv_size": [8, 1]},
								"up": {"uv": [65, 33], "uv_size": [3, 8]},
								"down": {"uv": [66, 26], "uv_size": [3, -8]}
							}
						},
						{
							"origin": [-0.55, 22.3, -53.85],
							"size": [1, 1, 7.25],
							"pivot": [-0.05, 22.8, -13.85],
							"rotation": [0, 0, -22.5],
							"uv": {
								"north": {"uv": [84, 34], "uv_size": [1, 1]},
								"east": {"uv": [77, 38], "uv_size": [7, 1]},
								"south": {"uv": [84, 35], "uv_size": [1, 1]},
								"west": {"uv": [78, 30], "uv_size": [7, 1]},
								"up": {"uv": [22, 78], "uv_size": [1, 7]},
								"down": {"uv": [23, 85], "uv_size": [1, -7]}
							}
						},
						{
							"origin": [-0.8, 24.05, -72.6],
							"size": [1.5, 1.5, 26],
							"pivot": [-0.05, 24.8, -16.6],
							"rotation": [0, 0, -22.5],
							"uv": {
								"north": {"uv": [26, 80], "uv_size": [2, 2]},
								"east": {"uv": [54, 14], "uv_size": [26, 2]},
								"south": {"uv": [80, 58], "uv_size": [2, 2]},
								"west": {"uv": [54, 16], "uv_size": [26, 2]},
								"up": {"uv": [54, 52], "uv_size": [2, 26]},
								"down": {"uv": [0, 82], "uv_size": [2, -26]}
							}
						},
						{
							"origin": [-0.55, 17.9, 4.1],
							"size": [1, 0.5, 1.6],
							"pivot": [0, 18.05, 4.85],
							"rotation": [90, 0, 0],
							"uv": {
								"north": {"uv": [84, 14], "uv_size": [1, 1]},
								"east": {"uv": [72, 38], "uv_size": [2, 1]},
								"south": {"uv": [15, 84], "uv_size": [1, 1]},
								"west": {"uv": [75, 30], "uv_size": [2, 1]},
								"up": {"uv": [27, 82], "uv_size": [1, 2]},
								"down": {"uv": [36, 84], "uv_size": [1, -2]}
							}
						},
						{
							"origin": [-0.55, 17.25, 3.35],
							"size": [1, 0.5, 1.6],
							"pivot": [0, 17.3, 4.9],
							"rotation": [45, 0, 0],
							"uv": {
								"north": {"uv": [84, 15], "uv_size": [1, 1]},
								"east": {"uv": [82, 16], "uv_size": [2, 1]},
								"south": {"uv": [16, 84], "uv_size": [1, 1]},
								"west": {"uv": [82, 21], "uv_size": [2, 1]},
								"up": {"uv": [37, 82], "uv_size": [1, 2]},
								"down": {"uv": [38, 84], "uv_size": [1, -2]}
							}
						},
						{
							"origin": [-0.55, 18.15, 1.85],
							"size": [1, 0.5, 1.5],
							"pivot": [0, 18.3, 3.4],
							"rotation": [67.5, 0, 0],
							"uv": {
								"north": {"uv": [84, 16], "uv_size": [1, 1]},
								"east": {"uv": [39, 82], "uv_size": [2, 1]},
								"south": {"uv": [84, 17], "uv_size": [1, 1]},
								"west": {"uv": [82, 39], "uv_size": [2, 1]},
								"up": {"uv": [82, 40], "uv_size": [1, 2]},
								"down": {"uv": [82, 44], "uv_size": [1, -2]}
							}
						},
						{
							"origin": [-0.55, 18, 1.6],
							"size": [1, 0.5, 1.5],
							"pivot": [0, 18.05, 3.15],
							"rotation": [-67.5, 0, 0],
							"uv": {
								"north": {"uv": [84, 19], "uv_size": [1, 1]},
								"east": {"uv": [43, 82], "uv_size": [2, 1]},
								"south": {"uv": [84, 20], "uv_size": [1, 1]},
								"west": {"uv": [82, 44], "uv_size": [2, 1]},
								"up": {"uv": [45, 82], "uv_size": [1, 2]},
								"down": {"uv": [46, 84], "uv_size": [1, -2]}
							}
						},
						{
							"origin": [-0.55, 16.25, -0.15],
							"size": [1, 0.5, 1.6],
							"pivot": [0, 16.3, 1.4],
							"rotation": [-45, 0, 0],
							"uv": {
								"north": {"uv": [21, 84], "uv_size": [1, 1]},
								"east": {"uv": [47, 82], "uv_size": [2, 1]},
								"south": {"uv": [84, 21], "uv_size": [1, 1]},
								"west": {"uv": [82, 52], "uv_size": [2, 1]},
								"up": {"uv": [82, 58], "uv_size": [1, 2]},
								"down": {"uv": [82, 62], "uv_size": [1, -2]}
							}
						},
						{
							"origin": [-0.55, 16.15, 1.35],
							"size": [1, 0.5, 2.5],
							"uv": {
								"north": {"uv": [84, 22], "uv_size": [1, 1]},
								"east": {"uv": [81, 24], "uv_size": [3, 1]},
								"south": {"uv": [84, 23], "uv_size": [1, 1]},
								"west": {"uv": [81, 25], "uv_size": [3, 1]},
								"up": {"uv": [68, 79], "uv_size": [1, 3]},
								"down": {"uv": [21, 84], "uv_size": [1, -3]}
							}
						},
						{
							"origin": [-0.55, 17.9, -0.15],
							"size": [1, 0.5, 1.6],
							"pivot": [0, 18.05, 0.6],
							"rotation": [90, 0, 0],
							"uv": {
								"north": {"uv": [24, 84], "uv_size": [1, 1]},
								"east": {"uv": [82, 53], "uv_size": [2, 1]},
								"south": {"uv": [84, 24], "uv_size": [1, 1]},
								"west": {"uv": [82, 62], "uv_size": [2, 1]},
								"up": {"uv": [68, 82], "uv_size": [1, 2]},
								"down": {"uv": [82, 70], "uv_size": [1, -2]}
							}
						},
						{
							"origin": [-0.3, 18.4, 0.35],
							"size": [0.5, 1.5, 1.5],
							"pivot": [0, 18.05, 0.6],
							"rotation": [90, 0, 0],
							"uv": {
								"north": {"uv": [76, 82], "uv_size": [1, 2]},
								"east": {"uv": [80, 60], "uv_size": [2, 2]},
								"south": {"uv": [82, 76], "uv_size": [1, 2]},
								"west": {"uv": [80, 62], "uv_size": [2, 2]},
								"up": {"uv": [77, 82], "uv_size": [1, 2]},
								"down": {"uv": [78, 84], "uv_size": [1, -2]}
							}
						},
						{
							"origin": [-1.375, 24.3, 1.15],
							"size": [2.75, 1.4, 4],
							"uv": {
								"north": {"uv": [81, 32], "uv_size": [3, 1]},
								"east": {"uv": [80, 17], "uv_size": [4, 1]},
								"south": {"uv": [81, 33], "uv_size": [3, 1]},
								"west": {"uv": [18, 80], "uv_size": [4, 1]},
								"up": {"uv": [74, 68], "uv_size": [3, 4]},
								"down": {"uv": [75, 22], "uv_size": [3, -4]}
							}
						},
						{
							"origin": [-1.375, 26, -6.35],
							"size": [0.75, 1, 3],
							"uv": {
								"north": {"uv": [84, 42], "uv_size": [1, 1]},
								"east": {"uv": [81, 54], "uv_size": [3, 1]},
								"south": {"uv": [84, 43], "uv_size": [1, 1]},
								"west": {"uv": [81, 55], "uv_size": [3, 1]},
								"up": {"uv": [55, 81], "uv_size": [1, 3]},
								"down": {"uv": [63, 84], "uv_size": [1, -3]}
							}
						},
						{
							"origin": [0.625, 26, -6.35],
							"size": [0.75, 1, 3],
							"uv": {
								"north": {"uv": [84, 48], "uv_size": [1, 1]},
								"east": {"uv": [81, 66], "uv_size": [3, 1]},
								"south": {"uv": [49, 84], "uv_size": [1, 1]},
								"west": {"uv": [81, 67], "uv_size": [3, 1]},
								"up": {"uv": [81, 68], "uv_size": [1, 3]},
								"down": {"uv": [81, 74], "uv_size": [1, -3]}
							}
						},
						{
							"origin": [-0.625, 26, -5.35],
							"size": [1.25, 1, 2],
							"uv": {
								"north": {"uv": [84, 49], "uv_size": [1, 1]},
								"east": {"uv": [83, 29], "uv_size": [2, 1]},
								"south": {"uv": [50, 84], "uv_size": [1, 1]},
								"west": {"uv": [83, 37], "uv_size": [2, 1]},
								"up": {"uv": [39, 83], "uv_size": [1, 2]},
								"down": {"uv": [40, 85], "uv_size": [1, -2]}
							}
						},
						{
							"origin": [-1.325, 25.25, -4.35],
							"size": [2.65, 1.5, 4],
							"uv": {
								"north": {"uv": [79, 43], "uv_size": [3, 2]},
								"east": {"uv": [32, 46], "uv_size": [4, 2]},
								"south": {"uv": [44, 79], "uv_size": [3, 2]},
								"west": {"uv": [72, 39], "uv_size": [4, 2]},
								"up": {"uv": [75, 48], "uv_size": [3, 4]},
								"down": {"uv": [75, 76], "uv_size": [3, -4]}
							}
						},
						{
							"origin": [-0.4, 27.65, 0.35],
							"size": [0.8, 0.8, 0.4],
							"pivot": [0, 28.05, 17.95],
							"rotation": [0, 0, -45],
							"uv": {
								"north": {"uv": [77, 85], "uv_size": [3, 3]},
								"east": {"uv": [84, 79], "uv_size": [1, 1]},
								"south": {"uv": [80, 85], "uv_size": [3, 3]},
								"west": {"uv": [84, 80], "uv_size": [1, 1]},
								"up": {"uv": [84, 81], "uv_size": [1, 1]},
								"down": {"uv": [84, 83], "uv_size": [1, -1]}
							}
						},
						{
							"origin": [-1.9, 26.65, 0.35],
							"size": [0.8, 0.8, 0.5],
							"pivot": [-1.5, 27.05, 0.55],
							"rotation": [90, -45, -90],
							"uv": {
								"north": {"uv": [85, 1], "uv_size": [1, 1]},
								"east": {"uv": [2, 85], "uv_size": [1, 1]},
								"south": {"uv": [85, 2], "uv_size": [1, 1]},
								"west": {"uv": [3, 85], "uv_size": [1, 1]},
								"up": {"uv": [85, 3], "uv_size": [1, 1]},
								"down": {"uv": [85, 5], "uv_size": [1, -1]}
							}
						},
						{
							"origin": [1.3, 26.65, 0.4],
							"size": [0.8, 0.8, 0.5],
							"pivot": [1.7, 27.05, 0.55],
							"rotation": [90, -45, -90],
							"uv": {
								"north": {"uv": [85, 5], "uv_size": [1, 1]},
								"east": {"uv": [85, 6], "uv_size": [1, 1]},
								"south": {"uv": [85, 7], "uv_size": [1, 1]},
								"west": {"uv": [8, 85], "uv_size": [1, 1]},
								"up": {"uv": [85, 8], "uv_size": [1, 1]},
								"down": {"uv": [9, 86], "uv_size": [1, -1]}
							}
						},
						{
							"origin": [-0.15, 27.4, 0.45],
							"size": [0.3, 0.3, 0.2],
							"uv": {
								"north": {"uv": [83, 84], "uv_size": [1, 1]},
								"east": {"uv": [84, 83], "uv_size": [1, 1]},
								"south": {"uv": [84, 84], "uv_size": [1, 1]},
								"west": {"uv": [0, 85], "uv_size": [1, 1]},
								"up": {"uv": [85, 0], "uv_size": [1, 1]},
								"down": {"uv": [1, 86], "uv_size": [1, -1]}
							}
						},
						{
							"origin": [-1.375, 25.2, 0.4],
							"size": [2.75, 1, 2],
							"pivot": [0, 25.695, 1.9],
							"rotation": [-45, 0, 0],
							"uv": {
								"north": {"uv": [81, 36], "uv_size": [3, 1]},
								"east": {"uv": [82, 63], "uv_size": [2, 1]},
								"south": {"uv": [38, 81], "uv_size": [3, 1]},
								"west": {"uv": [73, 82], "uv_size": [2, 1]},
								"up": {"uv": [78, 70], "uv_size": [3, 2]},
								"down": {"uv": [78, 74], "uv_size": [3, -2]}
							}
						},
						{
							"origin": [-1.375, 26.95, 0.4],
							"size": [0.5, 0.75, 1],
							"pivot": [0, 27.195, 1.4],
							"rotation": [-45, 0, 0],
							"uv": {
								"north": {"uv": [84, 52], "uv_size": [1, 1]},
								"east": {"uv": [53, 84], "uv_size": [1, 1]},
								"south": {"uv": [84, 53], "uv_size": [1, 1]},
								"west": {"uv": [54, 84], "uv_size": [1, 1]},
								"up": {"uv": [84, 54], "uv_size": [1, 1]},
								"down": {"uv": [55, 85], "uv_size": [1, -1]}
							}
						},
						{
							"origin": [-1.375, 26.7, -0.6],
							"size": [0.5, 1, 0.75],
							"pivot": [0, 27.195, 0.4],
							"rotation": [-45, 0, 0],
							"uv": {
								"north": {"uv": [84, 55], "uv_size": [1, 1]},
								"east": {"uv": [56, 84], "uv_size": [1, 1]},
								"south": {"uv": [84, 56], "uv_size": [1, 1]},
								"west": {"uv": [57, 84], "uv_size": [1, 1]},
								"up": {"uv": [84, 57], "uv_size": [1, 1]},
								"down": {"uv": [58, 85], "uv_size": [1, -1]}
							}
						},
						{
							"origin": [-1.38, 27.55, 0.05],
							"size": [0.52, 0.715, 1],
							"uv": {
								"north": {"uv": [84, 62], "uv_size": [1, 1]},
								"east": {"uv": [63, 84], "uv_size": [1, 1]},
								"south": {"uv": [84, 63], "uv_size": [1, 1]},
								"west": {"uv": [84, 64], "uv_size": [1, 1]},
								"up": {"uv": [84, 65], "uv_size": [1, 1]},
								"down": {"uv": [84, 67], "uv_size": [1, -1]}
							}
						},
						{
							"origin": [-1.38, 24.26, -0.64],
							"size": [0.52, 3.29, 2.4],
							"uv": {
								"north": {"uv": [2, 82], "uv_size": [1, 3]},
								"east": {"uv": [78, 77], "uv_size": [2, 3]},
								"south": {"uv": [3, 82], "uv_size": [1, 3]},
								"west": {"uv": [2, 79], "uv_size": [2, 3]},
								"up": {"uv": [47, 83], "uv_size": [1, 2]},
								"down": {"uv": [48, 85], "uv_size": [1, -2]}
							}
						},
						{
							"origin": [-1.275, 21.7, -1.65],
							"size": [2.55, 5.75, 1],
							"pivot": [0, 25.695, -0.1],
							"rotation": [-75, 0, 0],
							"uv": {
								"north": {"uv": [69, 18], "uv_size": [3, 6]},
								"east": {"uv": [24, 78], "uv_size": [1, 6]},
								"south": {"uv": [48, 70], "uv_size": [3, 6]},
								"west": {"uv": [25, 78], "uv_size": [1, 6]},
								"up": {"uv": [43, 81], "uv_size": [3, 1]},
								"down": {"uv": [46, 82], "uv_size": [3, -1]}
							}
						},
						{
							"origin": [-1.38, 23.8, 4.39],
							"size": [2.75, 1.75, 1],
							"pivot": [-1.55, 24.3, 4.4],
							"rotation": [10, 0, 0],
							"uv": {
								"north": {"uv": [78, 66], "uv_size": [3, 2]},
								"east": {"uv": [69, 82], "uv_size": [1, 2]},
								"south": {"uv": [78, 68], "uv_size": [3, 2]},
								"west": {"uv": [82, 70], "uv_size": [1, 2]},
								"up": {"uv": [81, 34], "uv_size": [3, 1]},
								"down": {"uv": [81, 36], "uv_size": [3, -1]}
							}
						},
						{
							"origin": [-1.6, 9.9, 31.8],
							"size": [3.2, 12.5, 1.2],
							"pivot": [0, 18, 32],
							"rotation": [-5, 0, 0],
							"uv": {
								"north": {"uv": [56, 58], "uv_size": [3, 13]},
								"east": {"uv": [70, 72], "uv_size": [1, 13]},
								"south": {"uv": [59, 58], "uv_size": [3, 13]},
								"west": {"uv": [71, 72], "uv_size": [1, 13]},
								"up": {"uv": [81, 26], "uv_size": [3, 1]},
								"down": {"uv": [81, 28], "uv_size": [3, -1]}
							}
						},
						{
							"origin": [0.755, 23.8, -13.3],
							"size": [0.75, 1.9, 18.45],
							"pivot": [1.5, 24.3, 4.4],
							"rotation": [0, 0, -5],
							"uv": {
								"north": {"uv": [72, 82], "uv_size": [1, 2]},
								"east": {"uv": [18, 62], "uv_size": [18, 2]},
								"south": {"uv": [82, 72], "uv_size": [1, 2]},
								"west": {"uv": [62, 58], "uv_size": [18, 2]},
								"up": {"uv": [33, 68], "uv_size": [1, 18]},
								"down": {"uv": [69, 82], "uv_size": [1, -18]}
							}
						},
						{
							"origin": [1.005, 23.8, -6.3],
							"size": [1, 1, 2],
							"pivot": [1.5, 24.3, 4.4],
							"rotation": [0, 0, -5],
							"uv": {
								"north": {"uv": [84, 50], "uv_size": [1, 1]},
								"east": {"uv": [83, 40], "uv_size": [2, 1]},
								"south": {"uv": [84, 51], "uv_size": [1, 1]},
								"west": {"uv": [83, 41], "uv_size": [2, 1]},
								"up": {"uv": [83, 42], "uv_size": [1, 2]},
								"down": {"uv": [43, 85], "uv_size": [1, -2]}
							}
						},
						{
							"origin": [-1.505, 23.8, 2.7],
							"size": [0.75, 1.9, 2.45],
							"pivot": [-1.5, 24.3, 4.4],
							"rotation": [0, 0, 5],
							"uv": {
								"north": {"uv": [82, 78], "uv_size": [1, 2]},
								"east": {"uv": [80, 74], "uv_size": [2, 2]},
								"south": {"uv": [79, 82], "uv_size": [1, 2]},
								"west": {"uv": [76, 80], "uv_size": [2, 2]},
								"up": {"uv": [80, 82], "uv_size": [1, 2]},
								"down": {"uv": [82, 82], "uv_size": [1, -2]}
							}
						},
						{
							"origin": [-0.55, 18.8, 4.25],
							"size": [1, 1, 1],
							"pivot": [0, 19.3, 4.75],
							"rotation": [45, 0, 0],
							"uv": {
								"north": {"uv": [25, 84], "uv_size": [1, 1]},
								"east": {"uv": [84, 25], "uv_size": [1, 1]},
								"south": {"uv": [84, 26], "uv_size": [1, 1]},
								"west": {"uv": [27, 84], "uv_size": [1, 1]},
								"up": {"uv": [84, 27], "uv_size": [1, 1]},
								"down": {"uv": [84, 29], "uv_size": [1, -1]}
							}
						}
					]
				},
				{
					"name": "bayonet",
					"parent": "metal",
					"pivot": [-0.5, 19.75, -87.95],
					"cubes": [
						{
							"origin": [-2.75, 19.3, -66.15],
							"size": [3, 3, 15.4],
							"inflate": -0.3,
							"pivot": [-1.25, 24.3, -71.05],
							"rotation": [0, 0, -20],
							"uv": {
								"north": {"uv": [76, 42], "uv_size": [3, 3]},
								"east": {"uv": [56, 52], "uv_size": [15, 3]},
								"south": {"uv": [48, 76], "uv_size": [3, 3]},
								"west": {"uv": [56, 55], "uv_size": [15, 3]},
								"up": {"uv": [12, 57], "uv_size": [3, 15]},
								"down": {"uv": [15, 72], "uv_size": [3, -15]}
							}
						},
						{
							"origin": [-1.8, 18.8, -67.15],
							"size": [3.6, 7.5, 1.5],
							"inflate": -0.201,
							"uv": {
								"north": {"uv": [64, 26], "uv_size": [4, 7]},
								"east": {"uv": [72, 31], "uv_size": [2, 7]},
								"south": {"uv": [62, 64], "uv_size": [4, 7]},
								"west": {"uv": [67, 72], "uv_size": [2, 7]},
								"up": {"uv": [78, 18], "uv_size": [4, 2]},
								"down": {"uv": [78, 22], "uv_size": [4, -2]}
							}
						},
						{
							"origin": [-0.55, 19.55, -88.15],
							"size": [1.1, 3, 21.4],
							"inflate": -0.201,
							"uv": {
								"north": {"uv": [20, 82], "uv_size": [1, 3]},
								"east": {"uv": [51, 8], "uv_size": [21, 3]},
								"south": {"uv": [26, 82], "uv_size": [1, 3]},
								"west": {"uv": [51, 11], "uv_size": [21, 3]},
								"up": {"uv": [5, 68], "uv_size": [1, 21]},
								"down": {"uv": [28, 89], "uv_size": [1, -21]}
							}
						},
						{
							"origin": [-0.55, 20.3, -96.15],
							"size": [1.1, 2.25, 8.4],
							"inflate": -0.201,
							"uv": {
								"north": {"uv": [81, 83], "uv_size": [1, 2]},
								"east": {"uv": [71, 54], "uv_size": [8, 2]},
								"south": {"uv": [82, 83], "uv_size": [1, 2]},
								"west": {"uv": [56, 71], "uv_size": [8, 2]},
								"up": {"uv": [31, 77], "uv_size": [1, 8]},
								"down": {"uv": [60, 85], "uv_size": [1, -8]}
							}
						},
						{
							"origin": [-0.5, 19.55, -96.15],
							"size": [1, 2, 8.4],
							"inflate": -0.201,
							"pivot": [-0.5, 19.75, -87.95],
							"rotation": [-5, 0, 0],
							"uv": {
								"north": {"uv": [83, 82], "uv_size": [1, 2]},
								"east": {"uv": [71, 56], "uv_size": [8, 2]},
								"south": {"uv": [84, 1], "uv_size": [1, 2]},
								"west": {"uv": [72, 8], "uv_size": [8, 2]},
								"up": {"uv": [61, 77], "uv_size": [1, 8]},
								"down": {"uv": [77, 72], "uv_size": [1, -8]}
							}
						}
					]
				},
				{
					"name": "magazine",
					"parent": "main",
					"pivot": [0.5, 6.75, -10.25],
					"cubes": [
						{
							"origin": [-1.05, 9.75, -13.4],
							"size": [2, 12, 7.55],
							"pivot": [0.75, 9.75, -6.05],
							"rotation": [-2.5, 0, 0],
							"uv": {
								"north": {"uv": [18, 68], "uv_size": [2, 12]},
								"east": {"uv": [38, 14], "uv_size": [8, 12]},
								"south": {"uv": [20, 68], "uv_size": [2, 12]},
								"west": {"uv": [38, 26], "uv_size": [8, 12]},
								"up": {"uv": [36, 71], "uv_size": [2, 8]},
								"down": {"uv": [38, 79], "uv_size": [2, -8]}
							}
						}
					]
				},
				{
					"name": "bullet",
					"parent": "magazine",
					"pivot": [-0.15, 21.4, -15.7],
					"cubes": [
						{
							"origin": [-1.05, 21.55, -11.85],
							"size": [1, 1, 5.25],
							"pivot": [-0.05, 23.55, -13.6],
							"rotation": [0, 0, -22.5],
							"uv": {
								"north": {"uv": [36, 84], "uv_size": [1, 1]},
								"east": {"uv": [78, 37], "uv_size": [5, 1]},
								"south": {"uv": [84, 36], "uv_size": [1, 1]},
								"west": {"uv": [79, 47], "uv_size": [5, 1]},
								"up": {"uv": [64, 33], "uv_size": [1, 5]},
								"down": {"uv": [4, 84], "uv_size": [1, -5]}
							}
						}
					]
				},
				{
					"name": "magazine2",
					"parent": "main",
					"pivot": [0.5, 6.75, -10.25],
					"cubes": [
						{
							"origin": [-1.05, 9.75, -13.4],
							"size": [2, 12, 7.55],
							"pivot": [0.75, 9.75, -6.05],
							"rotation": [-2.5, 0, 0],
							"uv": {
								"north": {"uv": [18, 68], "uv_size": [2, 12]},
								"east": {"uv": [38, 14], "uv_size": [8, 12]},
								"south": {"uv": [20, 68], "uv_size": [2, 12]},
								"west": {"uv": [38, 26], "uv_size": [8, 12]},
								"up": {"uv": [36, 71], "uv_size": [2, 8]},
								"down": {"uv": [38, 79], "uv_size": [2, -8]}
							}
						}
					]
				},
				{
					"name": "bullet2",
					"parent": "magazine2",
					"pivot": [-0.15, 21.4, -15.7],
					"cubes": [
						{
							"origin": [-1.05, 21.55, -11.85],
							"size": [1, 1, 5.25],
							"pivot": [-0.05, 23.55, -13.6],
							"rotation": [0, 0, -22.5],
							"uv": {
								"north": {"uv": [36, 84], "uv_size": [1, 1]},
								"east": {"uv": [78, 37], "uv_size": [5, 1]},
								"south": {"uv": [84, 36], "uv_size": [1, 1]},
								"west": {"uv": [79, 47], "uv_size": [5, 1]},
								"up": {"uv": [64, 33], "uv_size": [1, 5]},
								"down": {"uv": [4, 84], "uv_size": [1, -5]}
							}
						}
					]
				},
				{
					"name": "action",
					"parent": "main",
					"pivot": [0.05, 25.85, -13.3],
					"cubes": [
						{
							"origin": [-0.8, 22.3, -13.3],
							"size": [1.5, 1.75, 8],
							"uv": {
								"north": {"uv": [12, 81], "uv_size": [2, 2]},
								"east": {"uv": [69, 24], "uv_size": [8, 2]},
								"south": {"uv": [15, 81], "uv_size": [2, 2]},
								"west": {"uv": [71, 52], "uv_size": [8, 2]},
								"up": {"uv": [44, 71], "uv_size": [2, 8]},
								"down": {"uv": [46, 79], "uv_size": [2, -8]}
							}
						},
						{
							"origin": [-1.655, 24.3, -13.3],
							"size": [0.75, 1, 3],
							"uv": {
								"north": {"uv": [84, 38], "uv_size": [1, 1]},
								"east": {"uv": [81, 48], "uv_size": [3, 1]},
								"south": {"uv": [84, 39], "uv_size": [1, 1]},
								"west": {"uv": [81, 49], "uv_size": [3, 1]},
								"up": {"uv": [49, 81], "uv_size": [1, 3]},
								"down": {"uv": [54, 84], "uv_size": [1, -3]}
							}
						},
						{
							"origin": [-1.655, 25.3, -13.3],
							"size": [0.75, 1, 2],
							"uv": {
								"north": {"uv": [84, 45], "uv_size": [1, 1]},
								"east": {"uv": [83, 7], "uv_size": [2, 1]},
								"south": {"uv": [46, 84], "uv_size": [1, 1]},
								"west": {"uv": [83, 13], "uv_size": [2, 1]},
								"up": {"uv": [13, 83], "uv_size": [1, 2]},
								"down": {"uv": [83, 16], "uv_size": [1, -2]}
							}
						},
						{
							"origin": [-1.65, 25.26, -11.9],
							"size": [0.74, 0.75, 1.8],
							"pivot": [-1.5, 25.3, -11.3],
							"rotation": [-35, 0, 0],
							"uv": {
								"north": {"uv": [84, 46], "uv_size": [1, 1]},
								"east": {"uv": [15, 83], "uv_size": [2, 1]},
								"south": {"uv": [84, 47], "uv_size": [1, 1]},
								"west": {"uv": [83, 18], "uv_size": [2, 1]},
								"up": {"uv": [83, 19], "uv_size": [1, 2]},
								"down": {"uv": [83, 24], "uv_size": [1, -2]}
							}
						},
						{
							"origin": [-3.405, 24.3, -10.3],
							"size": [2.5, 1, 0.5],
							"uv": {
								"north": {"uv": [81, 56], "uv_size": [3, 1]},
								"east": {"uv": [84, 44], "uv_size": [1, 1]},
								"south": {"uv": [81, 57], "uv_size": [3, 1]},
								"west": {"uv": [45, 84], "uv_size": [1, 1]},
								"up": {"uv": [81, 64], "uv_size": [3, 1]},
								"down": {"uv": [81, 66], "uv_size": [3, -1]}
							}
						},
						{
							"origin": [-1.655, 24.7, -27.6],
							"size": [1, 0.75, 14.3],
							"uv": {
								"north": {"uv": [41, 84], "uv_size": [1, 1]},
								"east": {"uv": [65, 47], "uv_size": [14, 1]},
								"south": {"uv": [42, 84], "uv_size": [1, 1]},
								"west": {"uv": [72, 10], "uv_size": [14, 1]},
								"up": {"uv": [53, 70], "uv_size": [1, 14]},
								"down": {"uv": [64, 85], "uv_size": [1, -14]}
							}
						}
					]
				},
				{
					"name": "cover",
					"parent": "action",
					"pivot": [0.7, 24.3, -10],
					"cubes": [
						{
							"origin": [-0.8, 24.3, -13.3],
							"size": [1.5, 0.75, 8],
							"uv": {
								"north": {"uv": [81, 82], "uv_size": [2, 1]},
								"east": {"uv": [75, 22], "uv_size": [8, 1]},
								"south": {"uv": [83, 0], "uv_size": [2, 1]},
								"west": {"uv": [75, 29], "uv_size": [8, 1]},
								"up": {"uv": [40, 71], "uv_size": [2, 8]},
								"down": {"uv": [42, 79], "uv_size": [2, -8]}
							}
						}
					]
				},
				{
					"name": "leftarm",
					"parent": "main",
					"pivot": [10.7, 11.3, -8.6],
					"rotation": [-94.62132, 32.87183, 27.87947],
					"cubes": [
						{
							"origin": [6.7, -12.7, -12.6],
							"size": [8, 24, 8],
							"uv": {
								"north": {"uv": [24, 0], "uv_size": [8, 24]},
								"east": {"uv": [8, 24], "uv_size": [8, 24]},
								"south": {"uv": [16, 24], "uv_size": [8, 24]},
								"west": {"uv": [24, 24], "uv_size": [8, 24]},
								"up": {"uv": [46, 30], "uv_size": [8, 8]},
								"down": {"uv": [0, 56], "uv_size": [8, -8]}
							}
						}
					]
				},
				{
					"name": "rightarm",
					"parent": "main",
					"pivot": [-8.55, 15.05, 24.05],
					"rotation": [-92.28799, -15.75795, -11.58657],
					"cubes": [
						{
							"origin": [-12.55, -8.95, 20.05],
							"size": [8, 24, 8],
							"uv": {
								"north": {"uv": [0, 0], "uv_size": [8, 24]},
								"east": {"uv": [8, 0], "uv_size": [8, 24]},
								"south": {"uv": [16, 0], "uv_size": [8, 24]},
								"west": {"uv": [0, 24], "uv_size": [8, 24]},
								"up": {"uv": [46, 14], "uv_size": [8, 8]},
								"down": {"uv": [46, 30], "uv_size": [8, -8]}
							}
						}
					]
				},
				{
					"name": "muzzleflash",
					"parent": "main",
					"pivot": [0, 24.35, -68.25],
					"cubes": [
						{
							"origin": [-1, 23.8, -76.9],
							"size": [2, 2, 2],
							"inflate": -0.4,
							"uv": {
								"north": {"uv": [36, 46], "uv_size": [2, 2]},
								"east": {"uv": [79, 54], "uv_size": [2, 2]},
								"south": {"uv": [79, 56], "uv_size": [2, 2]},
								"west": {"uv": [80, 8], "uv_size": [2, 2]},
								"up": {"uv": [80, 13], "uv_size": [2, 2]},
								"down": {"uv": [80, 17], "uv_size": [2, -2]}
							}
						}
					]
				},
				{
					"name": "scope",
					"parent": "main",
					"pivot": [0, 28.05, 10.95],
					"cubes": [
						{
							"origin": [-0.25, 27.8, 10.7],
							"size": [0.5, 0.5, 0.5],
							"uv": {
								"north": {"uv": [29, 84], "uv_size": [1, 1]},
								"east": {"uv": [30, 84], "uv_size": [1, 1]},
								"south": {"uv": [84, 31], "uv_size": [1, 1]},
								"west": {"uv": [32, 84], "uv_size": [1, 1]},
								"up": {"uv": [84, 32], "uv_size": [1, 1]},
								"down": {"uv": [84, 34], "uv_size": [1, -1]}
							}
						}
					]
				},
				{
					"name": "_cb_suppressor",
					"parent": "main",
					"pivot": [-0.1, 24.85, -72.4],
					"cubes": [
						{
							"origin": [-0.6, 24.35, -72.9],
							"size": [1, 1, 1],
							"uv": {
								"north": {"uv": [0, 0], "uv_size": [1, 1]},
								"east": {"uv": [0, 0], "uv_size": [1, 1]},
								"south": {"uv": [0, 0], "uv_size": [1, 1]},
								"west": {"uv": [0, 0], "uv_size": [1, 1]},
								"up": {"uv": [1, 1], "uv_size": [-1, -1]},
								"down": {"uv": [1, 1], "uv_size": [-1, -1]}
							}
						}
					]
				}
			]
		}
	]
}