{
  "loader": "forge:separate_transforms",
  "gui_light": "front",
  "base":
{
  "credit": "Made with Blockbench",
  "parent": "builtin/entity",
  "display": {
    "thirdperson_righthand": {
      "translation": [
        0,
        -2.5,
        0
      ]
    },
    "thirdperson_lefthand": {
      "translation": [
        0,
        -2.5,
        0
      ]
    },
    "firstperson_righthand": {
      "translation": [
        0,
        -2.5,
        0
      ]
    },
    "firstperson_lefthand": {
      "translation": [
        0,
        -2.5,
        0
      ]
    }
  }
},
"perspectives": {
  "gui": {
    "parent": "item/generated",
    "textures": {
      "layer0": "pointblank:item/hotmagiccore.icon"
    }
  }
}
}