{
	"format_version": "1.12.0",
	"minecraft:geometry": [
		{
			"description": {
				"identifier": "geometry.unknown",
				"texture_width": 128,
				"texture_height": 128,
				"visible_bounds_width": 11,
				"visible_bounds_height": 4,
				"visible_bounds_offset": [0, 1, 0]
			},
			"bones": [
				{
					"name": "main",
					"pivot": [0, 20, 0]
				},
				{
					"name": "gun",
					"parent": "main",
					"pivot": [1, 11, -1]
				},
				{
					"name": "Metal",
					"parent": "gun",
					"pivot": [0, 8, 1],
					"cubes": [
						{
							"origin": [-2.99, 24.975, 5.575],
							"size": [3.99, 2.8, 3.5],
							"pivot": [0, 9.625, 1],
							"rotation": [-22.5, 0, 0],
							"uv": {
								"north": {"uv": [87, 9], "uv_size": [4, 3]},
								"east": {"uv": [79, 34], "uv_size": [3, 3]},
								"south": {"uv": [87, 12], "uv_size": [4, 3]},
								"west": {"uv": [29, 88], "uv_size": [3, 3]},
								"up": {"uv": [87, 15], "uv_size": [4, 3]},
								"down": {"uv": [87, 21], "uv_size": [4, -3]}
							}
						},
						{
							"origin": [-3, 21.475, 3.575],
							"size": [4.01, 4.55, 6.25],
							"pivot": [0, 8, 1],
							"rotation": [-19, 0, 0],
							"uv": {
								"north": {"uv": [82, 70], "uv_size": [4, 5]},
								"east": {"uv": [73, 73], "uv_size": [6, 5]},
								"south": {"uv": [0, 83], "uv_size": [4, 5]},
								"west": {"uv": [14, 74], "uv_size": [6, 5]},
								"up": {"uv": [6, 82], "uv_size": [4, 6]},
								"down": {"uv": [10, 88], "uv_size": [4, -6]}
							}
						},
						{
							"origin": [-2.99, 25.6, -1.675],
							"size": [3.99, 2.8, 3.875],
							"pivot": [0, 9.625, 1],
							"rotation": [-35, 0, 0],
							"uv": {
								"north": {"uv": [87, 21], "uv_size": [4, 3]},
								"east": {"uv": [40, 87], "uv_size": [4, 3]},
								"south": {"uv": [51, 87], "uv_size": [4, 3]},
								"west": {"uv": [66, 87], "uv_size": [4, 3]},
								"up": {"uv": [85, 82], "uv_size": [4, 4]},
								"down": {"uv": [86, 5], "uv_size": [4, -4]}
							}
						},
						{
							"origin": [-3, 34.075, -1.89],
							"size": [4.01, 0.925, 1.625],
							"pivot": [0, 21.75, 8.375],
							"rotation": [35, 0, 0],
							"uv": {
								"north": {"uv": [93, 23], "uv_size": [4, 1]},
								"east": {"uv": [12, 96], "uv_size": [2, 1]},
								"south": {"uv": [93, 36], "uv_size": [4, 1]},
								"west": {"uv": [14, 96], "uv_size": [2, 1]},
								"up": {"uv": [90, 68], "uv_size": [4, 2]},
								"down": {"uv": [90, 72], "uv_size": [4, -2]}
							}
						},
						{
							"origin": [-2.99, 20.05, -11.925],
							"size": [3.99, 2.8, 3.875],
							"pivot": [0, 9.625, 0.625],
							"rotation": [-35, 0, 0],
							"uv": {
								"north": {"uv": [89, 78], "uv_size": [4, 3]},
								"east": {"uv": [81, 89], "uv_size": [4, 3]},
								"south": {"uv": [89, 81], "uv_size": [4, 3]},
								"west": {"uv": [89, 84], "uv_size": [4, 3]},
								"up": {"uv": [86, 48], "uv_size": [4, 4]},
								"down": {"uv": [86, 56], "uv_size": [4, -4]}
							}
						},
						{
							"origin": [-3.01, 25.85, -17.425],
							"size": [4.02, 1.05, 11.125],
							"uv": {
								"north": {"uv": [18, 93], "uv_size": [4, 1]},
								"east": {"uv": [90, 3], "uv_size": [11, 1]},
								"south": {"uv": [93, 18], "uv_size": [4, 1]},
								"west": {"uv": [90, 4], "uv_size": [11, 1]},
								"up": {"uv": [16, 63], "uv_size": [4, 11]},
								"down": {"uv": [20, 74], "uv_size": [4, -11]}
							}
						},
						{
							"origin": [-3.01, 19.225, -17.425],
							"size": [4.02, 4.3, 11.625],
							"uv": {
								"north": {"uv": [18, 86], "uv_size": [4, 4]},
								"east": {"uv": [55, 22], "uv_size": [12, 4]},
								"south": {"uv": [22, 86], "uv_size": [4, 4]},
								"west": {"uv": [63, 0], "uv_size": [12, 4]},
								"up": {"uv": [40, 61], "uv_size": [4, 12]},
								"down": {"uv": [44, 73], "uv_size": [4, -12]}
							}
						},
						{
							"origin": [-3.01, 23.475, -17.425],
							"size": [4.02, 2.425, 1.5],
							"uv": {
								"north": {"uv": [89, 90], "uv_size": [4, 2]},
								"east": {"uv": [94, 30], "uv_size": [2, 2]},
								"south": {"uv": [91, 9], "uv_size": [4, 2]},
								"west": {"uv": [94, 32], "uv_size": [2, 2]},
								"up": {"uv": [91, 11], "uv_size": [4, 2]},
								"down": {"uv": [91, 15], "uv_size": [4, -2]}
							}
						},
						{
							"origin": [-0.01, 23.475, -17.425],
							"size": [1.02, 2.675, 11.625],
							"uv": {
								"north": {"uv": [56, 94], "uv_size": [1, 3]},
								"east": {"uv": [67, 23], "uv_size": [12, 3]},
								"south": {"uv": [70, 94], "uv_size": [1, 3]},
								"west": {"uv": [67, 34], "uv_size": [12, 3]},
								"up": {"uv": [80, 85], "uv_size": [1, 12]},
								"down": {"uv": [2, 100], "uv_size": [1, -12]}
							}
						},
						{
							"origin": [-3.01, 25.85, -6.3],
							"size": [4.02, 1.8, 4.25],
							"uv": {
								"north": {"uv": [90, 53], "uv_size": [4, 2]},
								"east": {"uv": [90, 64], "uv_size": [4, 2]},
								"south": {"uv": [65, 90], "uv_size": [4, 2]},
								"west": {"uv": [90, 66], "uv_size": [4, 2]},
								"up": {"uv": [86, 5], "uv_size": [4, 4]},
								"down": {"uv": [14, 90], "uv_size": [4, -4]}
							}
						},
						{
							"origin": [-3.01, 19.225, -5.8],
							"size": [4.02, 6.675, 3.75],
							"uv": {
								"north": {"uv": [14, 79], "uv_size": [4, 7]},
								"east": {"uv": [79, 17], "uv_size": [4, 7]},
								"south": {"uv": [18, 79], "uv_size": [4, 7]},
								"west": {"uv": [22, 79], "uv_size": [4, 7]},
								"up": {"uv": [86, 34], "uv_size": [4, 4]},
								"down": {"uv": [86, 48], "uv_size": [4, -4]}
							}
						},
						{
							"origin": [-3.01, 19.225, -2.05],
							"size": [4.02, 7.3, 11.625],
							"uv": {
								"north": {"uv": [77, 78], "uv_size": [4, 7]},
								"east": {"uv": [16, 48], "uv_size": [12, 7]},
								"south": {"uv": [79, 10], "uv_size": [4, 7]},
								"west": {"uv": [48, 34], "uv_size": [12, 7]},
								"up": {"uv": [60, 54], "uv_size": [4, 12]},
								"down": {"uv": [56, 72], "uv_size": [4, -12]}
							}
						},
						{
							"origin": [-2.885, 21.725, -6.175],
							"size": [4.02, 1.3, 3.25],
							"uv": {
								"north": {"uv": [93, 46], "uv_size": [4, 1]},
								"east": {"uv": [95, 13], "uv_size": [3, 1]},
								"south": {"uv": [94, 40], "uv_size": [4, 1]},
								"west": {"uv": [95, 14], "uv_size": [3, 1]},
								"up": {"uv": [85, 89], "uv_size": [4, 3]},
								"down": {"uv": [89, 90], "uv_size": [4, -3]}
							}
						},
						{
							"origin": [-2.885, 21.725, 10.7],
							"size": [4.02, 1.3, 0.625],
							"uv": {
								"north": {"uv": [94, 49], "uv_size": [4, 1]},
								"east": {"uv": [97, 18], "uv_size": [1, 1]},
								"south": {"uv": [94, 50], "uv_size": [4, 1]},
								"west": {"uv": [19, 97], "uv_size": [1, 1]},
								"up": {"uv": [94, 51], "uv_size": [4, 1]},
								"down": {"uv": [94, 53], "uv_size": [4, -1]}
							}
						},
						{
							"origin": [-2.885, 21.725, -2.925],
							"size": [4.02, 1.3, 13.625],
							"uv": {
								"north": {"uv": [94, 47], "uv_size": [4, 1]},
								"east": {"uv": [86, 58], "uv_size": [14, 1]},
								"south": {"uv": [94, 48], "uv_size": [4, 1]},
								"west": {"uv": [86, 59], "uv_size": [14, 1]},
								"up": {"uv": [48, 55], "uv_size": [4, 14]},
								"down": {"uv": [52, 69], "uv_size": [4, -14]}
							}
						},
						{
							"origin": [0.99, 23.725, -2.3],
							"size": [0.27, 0.55, 4],
							"uv": {
								"north": {"uv": [89, 96], "uv_size": [1, 1]},
								"east": {"uv": [94, 41], "uv_size": [4, 1]},
								"south": {"uv": [90, 96], "uv_size": [1, 1]},
								"west": {"uv": [43, 94], "uv_size": [4, 1]},
								"up": {"uv": [57, 91], "uv_size": [1, 4]},
								"down": {"uv": [54, 96], "uv_size": [1, -4]}
							}
						},
						{
							"origin": [1.24, 22.975, -3.925],
							"size": [0.395, 0.425, 0.535],
							"uv": {
								"north": {"uv": [20, 97], "uv_size": [1, 1]},
								"east": {"uv": [21, 97], "uv_size": [1, 1]},
								"south": {"uv": [22, 97], "uv_size": [1, 1]},
								"west": {"uv": [23, 97], "uv_size": [1, 1]},
								"up": {"uv": [97, 23], "uv_size": [1, 1]},
								"down": {"uv": [97, 25], "uv_size": [1, -1]}
							}
						},
						{
							"origin": [0.99, 21.35, -6.175],
							"size": [0.27, 0.425, 17.5],
							"uv": {
								"north": {"uv": [91, 96], "uv_size": [1, 1]},
								"east": {"uv": [82, 42], "uv_size": [18, 1]},
								"south": {"uv": [92, 96], "uv_size": [1, 1]},
								"west": {"uv": [82, 43], "uv_size": [18, 1]},
								"up": {"uv": [4, 83], "uv_size": [1, 18]},
								"down": {"uv": [5, 101], "uv_size": [1, -18]}
							}
						},
						{
							"origin": [0.99, 20.475, -3.675],
							"size": [0.145, 0.8, 4.125],
							"uv": {
								"north": {"uv": [98, 23], "uv_size": [1, 1]},
								"east": {"uv": [94, 66], "uv_size": [4, 1]},
								"south": {"uv": [24, 98], "uv_size": [1, 1]},
								"west": {"uv": [94, 67], "uv_size": [4, 1]},
								"up": {"uv": [77, 92], "uv_size": [1, 4]},
								"down": {"uv": [30, 98], "uv_size": [1, -4]}
							}
						},
						{
							"origin": [0.99, 18.725, -6.55],
							"size": [0.145, 1.925, 1],
							"pivot": [0.25, 4.875, -1.875],
							"rotation": [-10, 0, 0],
							"uv": {
								"north": {"uv": [96, 60], "uv_size": [1, 2]},
								"east": {"uv": [62, 96], "uv_size": [1, 2]},
								"south": {"uv": [63, 96], "uv_size": [1, 2]},
								"west": {"uv": [64, 96], "uv_size": [1, 2]},
								"up": {"uv": [98, 24], "uv_size": [1, 1]},
								"down": {"uv": [25, 99], "uv_size": [1, -1]}
							}
						},
						{
							"origin": [0.99, 18.85, -6.425],
							"size": [0.27, 0.675, 0.75],
							"pivot": [0.25, 4.875, -1.875],
							"rotation": [-10, 0, 0],
							"uv": {
								"north": {"uv": [98, 25], "uv_size": [1, 1]},
								"east": {"uv": [26, 98], "uv_size": [1, 1]},
								"south": {"uv": [27, 98], "uv_size": [1, 1]},
								"west": {"uv": [28, 98], "uv_size": [1, 1]},
								"up": {"uv": [29, 98], "uv_size": [1, 1]},
								"down": {"uv": [30, 99], "uv_size": [1, -1]}
							}
						},
						{
							"origin": [1.115, 21.725, -6.175],
							"size": [0.145, 1.3, 0.375],
							"uv": {
								"north": {"uv": [93, 96], "uv_size": [1, 1]},
								"east": {"uv": [94, 96], "uv_size": [1, 1]},
								"south": {"uv": [96, 94], "uv_size": [1, 1]},
								"west": {"uv": [95, 96], "uv_size": [1, 1]},
								"up": {"uv": [96, 96], "uv_size": [1, 1]},
								"down": {"uv": [0, 98], "uv_size": [1, -1]}
							}
						},
						{
							"origin": [-3.02, 11.6, 38.02],
							"size": [4.04, 13.4, 1],
							"pivot": [0, 8, 1],
							"rotation": [-5, 0, 0],
							"uv": {
								"north": {"uv": [56, 47], "uv_size": [4, 13]},
								"east": {"uv": [78, 85], "uv_size": [1, 13]},
								"south": {"uv": [59, 0], "uv_size": [4, 13]},
								"west": {"uv": [79, 85], "uv_size": [1, 13]},
								"up": {"uv": [59, 13], "uv_size": [4, 1]},
								"down": {"uv": [75, 68], "uv_size": [4, -1]}
							}
						},
						{
							"origin": [0.99, 22.975, -6.175],
							"size": [0.27, 0.425, 17.5],
							"uv": {
								"north": {"uv": [97, 61], "uv_size": [1, 1]},
								"east": {"uv": [82, 75], "uv_size": [18, 1]},
								"south": {"uv": [97, 62], "uv_size": [1, 1]},
								"west": {"uv": [82, 76], "uv_size": [18, 1]},
								"up": {"uv": [50, 85], "uv_size": [1, 18]},
								"down": {"uv": [58, 103], "uv_size": [1, -18]}
							}
						},
						{
							"origin": [-2.125, 24, -84.5],
							"size": [2.25, 2.125, 68.375],
							"uv": {
								"north": {"uv": [71, 68], "uv_size": [2, 2]},
								"east": {"uv": [32, 26], "uv_size": [68, 2]},
								"south": {"uv": [93, 19], "uv_size": [2, 2]},
								"west": {"uv": [32, 28], "uv_size": [68, 2]},
								"up": {"uv": [32, 30], "uv_size": [2, 68]},
								"down": {"uv": [34, 98], "uv_size": [2, -68]}
							}
						},
						{
							"origin": [-2.25, 23.875, -68.25],
							"size": [2.5, 2.375, 2.5],
							"uv": {
								"north": {"uv": [91, 32], "uv_size": [3, 2]},
								"east": {"uv": [60, 91], "uv_size": [3, 2]},
								"south": {"uv": [6, 92], "uv_size": [3, 2]},
								"west": {"uv": [9, 92], "uv_size": [3, 2]},
								"up": {"uv": [17, 90], "uv_size": [3, 3]},
								"down": {"uv": [20, 93], "uv_size": [3, -3]}
							}
						},
						{
							"origin": [-2.25, 23.875, -82.5],
							"size": [2.5, 2.375, 2.5],
							"uv": {
								"north": {"uv": [26, 92], "uv_size": [3, 2]},
								"east": {"uv": [36, 92], "uv_size": [3, 2]},
								"south": {"uv": [43, 92], "uv_size": [3, 2]},
								"west": {"uv": [51, 92], "uv_size": [3, 2]},
								"up": {"uv": [23, 90], "uv_size": [3, 3]},
								"down": {"uv": [90, 37], "uv_size": [3, -3]}
							}
						},
						{
							"origin": [-1.5, 26.25, -82.5],
							"size": [1, 1.625, 2.5],
							"uv": {
								"north": {"uv": [75, 13], "uv_size": [1, 2]},
								"east": {"uv": [92, 73], "uv_size": [3, 2]},
								"south": {"uv": [85, 1], "uv_size": [1, 2]},
								"west": {"uv": [74, 92], "uv_size": [3, 2]},
								"up": {"uv": [48, 94], "uv_size": [1, 3]},
								"down": {"uv": [55, 97], "uv_size": [1, -3]}
							}
						},
						{
							"origin": [-1.625, 26.25, -82.5],
							"size": [0.125, 2.375, 2.5],
							"uv": {
								"north": {"uv": [24, 96], "uv_size": [1, 2]},
								"east": {"uv": [87, 92], "uv_size": [3, 2]},
								"south": {"uv": [42, 96], "uv_size": [1, 2]},
								"west": {"uv": [90, 92], "uv_size": [3, 2]},
								"up": {"uv": [52, 95], "uv_size": [1, 3]},
								"down": {"uv": [53, 98], "uv_size": [1, -3]}
							}
						},
						{
							"origin": [-0.5, 26.25, -82.5],
							"size": [0.125, 2.375, 2.5],
							"uv": {
								"north": {"uv": [43, 96], "uv_size": [1, 2]},
								"east": {"uv": [12, 93], "uv_size": [3, 2]},
								"south": {"uv": [54, 96], "uv_size": [1, 2]},
								"west": {"uv": [15, 93], "uv_size": [3, 2]},
								"up": {"uv": [57, 95], "uv_size": [1, 3]},
								"down": {"uv": [60, 98], "uv_size": [1, -3]}
							}
						},
						{
							"origin": [3.765, 29.5, -82.5],
							"size": [0.125, 0.5, 2.5],
							"pivot": [5.25, 12.875, -1],
							"rotation": [0, 0, -15],
							"uv": {
								"north": {"uv": [17, 98], "uv_size": [1, 1]},
								"east": {"uv": [95, 56], "uv_size": [3, 1]},
								"south": {"uv": [18, 98], "uv_size": [1, 1]},
								"west": {"uv": [95, 57], "uv_size": [3, 1]},
								"up": {"uv": [95, 60], "uv_size": [1, 3]},
								"down": {"uv": [61, 98], "uv_size": [1, -3]}
							}
						},
						{
							"origin": [-1.5, 28.95, -82.5],
							"size": [1, 0.125, 2.5],
							"uv": {
								"north": {"uv": [98, 19], "uv_size": [1, 1]},
								"east": {"uv": [67, 95], "uv_size": [3, 1]},
								"south": {"uv": [20, 98], "uv_size": [1, 1]},
								"west": {"uv": [95, 73], "uv_size": [3, 1]},
								"up": {"uv": [71, 95], "uv_size": [1, 3]},
								"down": {"uv": [72, 98], "uv_size": [1, -3]}
							}
						},
						{
							"origin": [-5.965, 28.875, -82.5],
							"size": [0.125, 0.5, 2.5],
							"pivot": [-4.875, 12.25, -1],
							"rotation": [0, 0, 15],
							"uv": {
								"north": {"uv": [98, 18], "uv_size": [1, 1]},
								"east": {"uv": [62, 95], "uv_size": [3, 1]},
								"south": {"uv": [19, 98], "uv_size": [1, 1]},
								"west": {"uv": [95, 63], "uv_size": [3, 1]},
								"up": {"uv": [65, 95], "uv_size": [1, 3]},
								"down": {"uv": [66, 98], "uv_size": [1, -3]}
							}
						},
						{
							"origin": [-1.375, 27.875, -82.5],
							"size": [0.75, 0.125, 2.5],
							"uv": {
								"north": {"uv": [14, 98], "uv_size": [1, 1]},
								"east": {"uv": [95, 39], "uv_size": [3, 1]},
								"south": {"uv": [98, 14], "uv_size": [1, 1]},
								"west": {"uv": [41, 95], "uv_size": [3, 1]},
								"up": {"uv": [44, 95], "uv_size": [1, 3]},
								"down": {"uv": [45, 98], "uv_size": [1, -3]}
							}
						},
						{
							"origin": [-1.075, 28, -82.5],
							"size": [0.125, 0.25, 2.5],
							"uv": {
								"north": {"uv": [15, 98], "uv_size": [1, 1]},
								"east": {"uv": [95, 44], "uv_size": [3, 1]},
								"south": {"uv": [16, 98], "uv_size": [1, 1]},
								"west": {"uv": [95, 45], "uv_size": [3, 1]},
								"up": {"uv": [46, 95], "uv_size": [1, 3]},
								"down": {"uv": [51, 98], "uv_size": [1, -3]}
							}
						},
						{
							"origin": [-2.25, 23.875, -94.5],
							"size": [2.5, 2.375, 11.5],
							"uv": {
								"north": {"uv": [65, 92], "uv_size": [3, 2]},
								"east": {"uv": [79, 24], "uv_size": [12, 2]},
								"south": {"uv": [68, 92], "uv_size": [3, 2]},
								"west": {"uv": [82, 40], "uv_size": [12, 2]},
								"up": {"uv": [52, 69], "uv_size": [3, 12]},
								"down": {"uv": [67, 82], "uv_size": [3, -12]}
							}
						},
						{
							"origin": [-2, 20.875, -69.375],
							"size": [2, 2, 55.375],
							"uv": {
								"north": {"uv": [93, 78], "uv_size": [2, 2]},
								"east": {"uv": [36, 30], "uv_size": [55, 2]},
								"south": {"uv": [93, 80], "uv_size": [2, 2]},
								"west": {"uv": [36, 32], "uv_size": [55, 2]},
								"up": {"uv": [36, 34], "uv_size": [2, 55]},
								"down": {"uv": [38, 89], "uv_size": [2, -55]}
							}
						},
						{
							"origin": [-3.01, 19.35, 13.025],
							"size": [4.02, 5.5, 2.575],
							"pivot": [0, 8, 1],
							"rotation": [-5, 0, 0],
							"uv": {
								"north": {"uv": [82, 34], "uv_size": [4, 6]},
								"east": {"uv": [44, 83], "uv_size": [3, 6]},
								"south": {"uv": [82, 49], "uv_size": [4, 6]},
								"west": {"uv": [63, 84], "uv_size": [3, 6]},
								"up": {"uv": [36, 89], "uv_size": [4, 3]},
								"down": {"uv": [74, 92], "uv_size": [4, -3]}
							}
						},
						{
							"origin": [-2.125, 20.75, -46.375],
							"size": [2.25, 2.25, 1.5],
							"uv": {
								"north": {"uv": [93, 82], "uv_size": [2, 2]},
								"east": {"uv": [93, 84], "uv_size": [2, 2]},
								"south": {"uv": [93, 86], "uv_size": [2, 2]},
								"west": {"uv": [93, 88], "uv_size": [2, 2]},
								"up": {"uv": [93, 90], "uv_size": [2, 2]},
								"down": {"uv": [93, 94], "uv_size": [2, -2]}
							}
						},
						{
							"origin": [-2.125, 20.75, -68.25],
							"size": [2.25, 2.25, 2.5],
							"uv": {
								"north": {"uv": [0, 94], "uv_size": [2, 2]},
								"east": {"uv": [78, 44], "uv_size": [3, 2]},
								"south": {"uv": [6, 94], "uv_size": [2, 2]},
								"west": {"uv": [91, 30], "uv_size": [3, 2]},
								"up": {"uv": [47, 91], "uv_size": [2, 3]},
								"down": {"uv": [55, 94], "uv_size": [2, -3]}
							}
						},
						{
							"origin": [-1.625, 23, -68.25],
							"size": [1.25, 0.875, 2.5],
							"uv": {
								"north": {"uv": [85, 96], "uv_size": [1, 1]},
								"east": {"uv": [95, 10], "uv_size": [3, 1]},
								"south": {"uv": [86, 96], "uv_size": [1, 1]},
								"west": {"uv": [95, 11], "uv_size": [3, 1]},
								"up": {"uv": [51, 78], "uv_size": [1, 3]},
								"down": {"uv": [47, 97], "uv_size": [1, -3]}
							}
						},
						{
							"origin": [-2.125, 20.75, -70.375],
							"size": [2.25, 2.25, 1.5],
							"uv": {
								"north": {"uv": [8, 94], "uv_size": [2, 2]},
								"east": {"uv": [10, 94], "uv_size": [2, 2]},
								"south": {"uv": [18, 94], "uv_size": [2, 2]},
								"west": {"uv": [20, 94], "uv_size": [2, 2]},
								"up": {"uv": [26, 94], "uv_size": [2, 2]},
								"down": {"uv": [28, 96], "uv_size": [2, -2]}
							}
						},
						{
							"origin": [5.74, 22.975, -3.925],
							"size": [0.395, 0.425, 0.375],
							"pivot": [4.125, 7.625, 2],
							"rotation": [0, 45, 0],
							"uv": {
								"north": {"uv": [97, 25], "uv_size": [1, 1]},
								"east": {"uv": [26, 97], "uv_size": [1, 1]},
								"south": {"uv": [27, 97], "uv_size": [1, 1]},
								"west": {"uv": [28, 97], "uv_size": [1, 1]},
								"up": {"uv": [29, 97], "uv_size": [1, 1]},
								"down": {"uv": [31, 98], "uv_size": [1, -1]}
							}
						},
						{
							"origin": [5.74, 21.35, -3.925],
							"size": [0.395, 0.425, 0.375],
							"pivot": [4.125, 6, 2],
							"rotation": [0, 45, 0],
							"uv": {
								"north": {"uv": [47, 97], "uv_size": [1, 1]},
								"east": {"uv": [48, 97], "uv_size": [1, 1]},
								"south": {"uv": [49, 97], "uv_size": [1, 1]},
								"west": {"uv": [55, 97], "uv_size": [1, 1]},
								"up": {"uv": [56, 97], "uv_size": [1, 1]},
								"down": {"uv": [97, 61], "uv_size": [1, -1]}
							}
						},
						{
							"origin": [1.24, 21.35, -3.925],
							"size": [0.395, 0.425, 0.535],
							"uv": {
								"north": {"uv": [97, 36], "uv_size": [1, 1]},
								"east": {"uv": [38, 97], "uv_size": [1, 1]},
								"south": {"uv": [39, 97], "uv_size": [1, 1]},
								"west": {"uv": [40, 97], "uv_size": [1, 1]},
								"up": {"uv": [41, 97], "uv_size": [1, 1]},
								"down": {"uv": [97, 47], "uv_size": [1, -1]}
							}
						},
						{
							"origin": [-2.375, 23.625, -31.375],
							"size": [2.75, 2.75, 14],
							"uv": {
								"north": {"uv": [70, 89], "uv_size": [3, 3]},
								"east": {"uv": [64, 54], "uv_size": [14, 3]},
								"south": {"uv": [14, 90], "uv_size": [3, 3]},
								"west": {"uv": [64, 57], "uv_size": [14, 3]},
								"up": {"uv": [64, 60], "uv_size": [3, 14]},
								"down": {"uv": [60, 80], "uv_size": [3, -14]}
							}
						},
						{
							"origin": [-2.51, 19.2, -16.499],
							"size": [3.02, 0.875, 11.25],
							"uv": {
								"north": {"uv": [12, 95], "uv_size": [3, 1]},
								"east": {"uv": [90, 7], "uv_size": [11, 1]},
								"south": {"uv": [95, 12], "uv_size": [3, 1]},
								"west": {"uv": [90, 8], "uv_size": [11, 1]},
								"up": {"uv": [3, 72], "uv_size": [3, 11]},
								"down": {"uv": [72, 15], "uv_size": [3, -11]}
							}
						},
						{
							"origin": [-0.25, 23.875, -94.625],
							"size": [0.5, 2.375, 0.125],
							"uv": {
								"north": {"uv": [116.125, 126], "uv_size": [1, 2]},
								"east": {"uv": [107.5, 126], "uv_size": [1, 2]},
								"south": {"uv": [106.125, 126], "uv_size": [1, 2]},
								"west": {"uv": [109.75, 126], "uv_size": [1, 2]},
								"up": {"uv": [109.5, 127], "uv_size": [1, 1]},
								"down": {"uv": [107.125, 128], "uv_size": [1, -1]}
							}
						},
						{
							"origin": [-1.75, 25.75, -94.625],
							"size": [1.5, 0.5, 0.125],
							"uv": {
								"north": {"uv": [98, 186], "uv_size": [2, 2]},
								"east": {"uv": [186, 104], "uv_size": [2, 2]},
								"south": {"uv": [188, 90], "uv_size": [2, 2]},
								"west": {"uv": [96, 188], "uv_size": [2, 2]},
								"up": {"uv": [98, 188], "uv_size": [2, 2]},
								"down": {"uv": [188, 106], "uv_size": [2, -2]}
							}
						},
						{
							"origin": [-2.25, 23.875, -94.625],
							"size": [0.5, 2.375, 0.125],
							"uv": {
								"north": {"uv": [110.75, 126], "uv_size": [1, 2]},
								"east": {"uv": [106.875, 125.75], "uv_size": [1, 2]},
								"south": {"uv": [100.125, 126], "uv_size": [1, 2]},
								"west": {"uv": [103.5, 126], "uv_size": [1, 2]},
								"up": {"uv": [106.125, 127], "uv_size": [1, 1]},
								"down": {"uv": [111.75, 128], "uv_size": [1, -1]}
							}
						},
						{
							"origin": [-1.75, 23.875, -94.625],
							"size": [1.5, 0.5, 0.125],
							"uv": {
								"north": {"uv": [98, 192], "uv_size": [2, 2]},
								"east": {"uv": [192, 104], "uv_size": [2, 2]},
								"south": {"uv": [194, 90], "uv_size": [2, 2]},
								"west": {"uv": [96, 194], "uv_size": [2, 2]},
								"up": {"uv": [98, 194], "uv_size": [2, 2]},
								"down": {"uv": [194, 106], "uv_size": [2, -2]}
							}
						}
					]
				},
				{
					"name": "TriggerMag",
					"parent": "Metal",
					"pivot": [0, -0.875, 13.875],
					"cubes": [
						{
							"origin": [-2, 47.1, 14.875],
							"size": [2, 0.875, 1.5],
							"pivot": [0, 36.125, -1.525],
							"rotation": [-102.5, 0, 0],
							"uv": {
								"north": {"uv": [74, 95], "uv_size": [2, 1]},
								"east": {"uv": [95, 74], "uv_size": [2, 1]},
								"south": {"uv": [95, 78], "uv_size": [2, 1]},
								"west": {"uv": [95, 79], "uv_size": [2, 1]},
								"up": {"uv": [93, 21], "uv_size": [2, 2]},
								"down": {"uv": [22, 95], "uv_size": [2, -2]}
							}
						},
						{
							"origin": [-2, 5.125, 28.751],
							"size": [2, 0.875, 3.125],
							"pivot": [0, -0.875, 10.875],
							"rotation": [85, 0, 0],
							"uv": {
								"north": {"uv": [95, 80], "uv_size": [2, 1]},
								"east": {"uv": [72, 46], "uv_size": [3, 1]},
								"south": {"uv": [81, 95], "uv_size": [2, 1]},
								"west": {"uv": [36, 94], "uv_size": [3, 1]},
								"up": {"uv": [91, 21], "uv_size": [2, 3]},
								"down": {"uv": [29, 94], "uv_size": [2, -3]}
							}
						},
						{
							"origin": [-2, 45.35, 31.775],
							"size": [2, 0.875, 1.6],
							"pivot": [0, 34.125, 15.475],
							"rotation": [-154, 0, 0],
							"uv": {
								"north": {"uv": [95, 81], "uv_size": [2, 1]},
								"east": {"uv": [95, 82], "uv_size": [2, 1]},
								"south": {"uv": [83, 95], "uv_size": [2, 1]},
								"west": {"uv": [95, 83], "uv_size": [2, 1]},
								"up": {"uv": [24, 93], "uv_size": [2, 2]},
								"down": {"uv": [93, 36], "uv_size": [2, -2]}
							}
						},
						{
							"origin": [-2, 29.425, 36.275],
							"size": [2, 1, 1.6],
							"pivot": [0, 18.125, 20.475],
							"rotation": [150, 0, 0],
							"uv": {
								"north": {"uv": [95, 84], "uv_size": [2, 1]},
								"east": {"uv": [85, 95], "uv_size": [2, 1]},
								"south": {"uv": [95, 85], "uv_size": [2, 1]},
								"west": {"uv": [95, 86], "uv_size": [2, 1]},
								"up": {"uv": [93, 38], "uv_size": [2, 2]},
								"down": {"uv": [39, 95], "uv_size": [2, -2]}
							}
						},
						{
							"origin": [-2, 6.55, 36.525],
							"size": [2, 1, 1.6],
							"pivot": [0, 18.125, 20.475],
							"rotation": [-150, 0, 0],
							"uv": {
								"north": {"uv": [95, 88], "uv_size": [2, 1]},
								"east": {"uv": [89, 95], "uv_size": [2, 1]},
								"south": {"uv": [95, 89], "uv_size": [2, 1]},
								"west": {"uv": [95, 90], "uv_size": [2, 1]},
								"up": {"uv": [41, 93], "uv_size": [2, 2]},
								"down": {"uv": [93, 46], "uv_size": [2, -2]}
							}
						},
						{
							"origin": [-2, 6.55, 43.15],
							"size": [2, 1, 1.6],
							"pivot": [0, 18.125, 27.1],
							"rotation": [-150, 0, 0],
							"uv": {
								"north": {"uv": [95, 93], "uv_size": [2, 1]},
								"east": {"uv": [95, 95], "uv_size": [2, 1]},
								"south": {"uv": [0, 96], "uv_size": [2, 1]},
								"west": {"uv": [96, 1], "uv_size": [2, 1]},
								"up": {"uv": [93, 56], "uv_size": [2, 2]},
								"down": {"uv": [60, 95], "uv_size": [2, -2]}
							}
						},
						{
							"origin": [-2, -10.2, 30.275],
							"size": [2, 1, 1.6],
							"pivot": [0, 1.375, 14.225],
							"rotation": [150, 0, 0],
							"uv": {
								"north": {"uv": [96, 2], "uv_size": [2, 1]},
								"east": {"uv": [6, 96], "uv_size": [2, 1]},
								"south": {"uv": [8, 96], "uv_size": [2, 1]},
								"west": {"uv": [10, 96], "uv_size": [2, 1]},
								"up": {"uv": [93, 60], "uv_size": [2, 2]},
								"down": {"uv": [93, 64], "uv_size": [2, -2]}
							}
						},
						{
							"origin": [-2, 6.325, 36.145],
							"size": [2, 4, 0.875],
							"pivot": [0, -4.875, 15.875],
							"rotation": [90, 0, 0],
							"uv": {
								"north": {"uv": [6, 78], "uv_size": [2, 4]},
								"east": {"uv": [47, 73], "uv_size": [1, 4]},
								"south": {"uv": [63, 90], "uv_size": [2, 4]},
								"west": {"uv": [81, 49], "uv_size": [1, 4]},
								"up": {"uv": [87, 95], "uv_size": [2, 1]},
								"down": {"uv": [95, 88], "uv_size": [2, -1]}
							}
						},
						{
							"origin": [-2, 10.125, 27.126],
							"size": [2, 4.625, 5.75],
							"pivot": [0, -0.875, 10.875],
							"rotation": [90, 0, 0],
							"uv": {
								"north": {"uv": [75, 46], "uv_size": [2, 5]},
								"east": {"uv": [20, 74], "uv_size": [6, 5]},
								"south": {"uv": [12, 88], "uv_size": [2, 5]},
								"west": {"uv": [26, 74], "uv_size": [6, 5]},
								"up": {"uv": [6, 72], "uv_size": [2, 6]},
								"down": {"uv": [0, 94], "uv_size": [2, -6]}
							}
						},
						{
							"origin": [-2.5, 14.75, 27.126],
							"size": [3, 0.5, 5.75],
							"pivot": [0, -0.875, 10.875],
							"rotation": [90, 0, 0],
							"uv": {
								"north": {"uv": [93, 94], "uv_size": [3, 1]},
								"east": {"uv": [91, 24], "uv_size": [6, 1]},
								"south": {"uv": [95, 9], "uv_size": [3, 1]},
								"west": {"uv": [91, 25], "uv_size": [6, 1]},
								"up": {"uv": [47, 85], "uv_size": [3, 6]},
								"down": {"uv": [55, 91], "uv_size": [3, -6]}
							}
						},
						{
							"origin": [-2, 9.375, 27.126],
							"size": [2, 0.75, 0.75],
							"pivot": [0, -0.875, 10.875],
							"rotation": [90, 0, 0],
							"uv": {
								"north": {"uv": [91, 95], "uv_size": [2, 1]},
								"east": {"uv": [83, 96], "uv_size": [1, 1]},
								"south": {"uv": [95, 91], "uv_size": [2, 1]},
								"west": {"uv": [84, 96], "uv_size": [1, 1]},
								"up": {"uv": [95, 92], "uv_size": [2, 1]},
								"down": {"uv": [93, 96], "uv_size": [2, -1]}
							}
						},
						{
							"origin": [-1.25, 8.625, 33.175],
							"size": [1, 0.7, 3],
							"pivot": [0, -2.875, 13.875],
							"rotation": [85, 0, 0],
							"uv": {
								"north": {"uv": [75, 96], "uv_size": [1, 1]},
								"east": {"uv": [94, 69], "uv_size": [3, 1]},
								"south": {"uv": [77, 96], "uv_size": [1, 1]},
								"west": {"uv": [94, 70], "uv_size": [3, 1]},
								"up": {"uv": [55, 69], "uv_size": [1, 3]},
								"down": {"uv": [78, 13], "uv_size": [1, -3]}
							}
						},
						{
							"origin": [0, 43.375, 6.55],
							"size": [1.25, 0.575, 0.625],
							"pivot": [1.25, 31.75, -14],
							"rotation": [-62.5, 0, 0],
							"uv": {
								"north": {"uv": [67, 97], "uv_size": [1, 1]},
								"east": {"uv": [68, 97], "uv_size": [1, 1]},
								"south": {"uv": [97, 68], "uv_size": [1, 1]},
								"west": {"uv": [69, 97], "uv_size": [1, 1]},
								"up": {"uv": [97, 69], "uv_size": [1, 1]},
								"down": {"uv": [70, 98], "uv_size": [1, -1]}
							}
						},
						{
							"origin": [0.875, 43.25, 6.3],
							"size": [0.25, 0.825, 1],
							"pivot": [1.375, 31.75, -14],
							"rotation": [-62.5, 0, 0],
							"uv": {
								"north": {"uv": [97, 70], "uv_size": [1, 1]},
								"east": {"uv": [97, 71], "uv_size": [1, 1]},
								"south": {"uv": [74, 97], "uv_size": [1, 1]},
								"west": {"uv": [97, 74], "uv_size": [1, 1]},
								"up": {"uv": [75, 97], "uv_size": [1, 1]},
								"down": {"uv": [76, 98], "uv_size": [1, -1]}
							}
						},
						{
							"origin": [1, 43.25, 5.05],
							"size": [0.25, 0.825, 1.25],
							"pivot": [1.375, 31.75, -14],
							"rotation": [-62.5, 0, 0],
							"uv": {
								"north": {"uv": [77, 97], "uv_size": [1, 1]},
								"east": {"uv": [97, 78], "uv_size": [1, 1]},
								"south": {"uv": [97, 79], "uv_size": [1, 1]},
								"west": {"uv": [80, 97], "uv_size": [1, 1]},
								"up": {"uv": [97, 80], "uv_size": [1, 1]},
								"down": {"uv": [81, 98], "uv_size": [1, -1]}
							}
						}
					]
				},
				{
					"name": "Bolt",
					"parent": "Metal",
					"pivot": [0, 8, 1],
					"cubes": [
						{
							"origin": [-2.375, 23.5, -15.875],
							"size": [2.5, 2.625, 10.125],
							"uv": {
								"north": {"uv": [40, 90], "uv_size": [3, 3]},
								"east": {"uv": [67, 51], "uv_size": [10, 3]},
								"south": {"uv": [90, 44], "uv_size": [3, 3]},
								"west": {"uv": [75, 0], "uv_size": [10, 3]},
								"up": {"uv": [75, 3], "uv_size": [3, 10]},
								"down": {"uv": [76, 23], "uv_size": [3, -10]}
							}
						}
					]
				},
				{
					"name": "Primer",
					"parent": "Metal",
					"pivot": [4.125, 7.25, 2],
					"cubes": [
						{
							"origin": [1.115, 21.725, -5.8],
							"size": [0.27, 1.3, 16.875],
							"uv": {
								"north": {"uv": [87, 96], "uv_size": [1, 1]},
								"east": {"uv": [82, 77], "uv_size": [17, 1]},
								"south": {"uv": [88, 96], "uv_size": [1, 1]},
								"west": {"uv": [85, 0], "uv_size": [17, 1]},
								"up": {"uv": [59, 85], "uv_size": [1, 17]},
								"down": {"uv": [73, 102], "uv_size": [1, -17]}
							}
						},
						{
							"origin": [-2.26, 21.725, -8.425],
							"size": [0.645, 1.3, 0.375],
							"pivot": [-4.125, 7.25, -2.5],
							"rotation": [0, -45, 0],
							"uv": {
								"north": {"uv": [7, 97], "uv_size": [1, 1]},
								"east": {"uv": [8, 97], "uv_size": [1, 1]},
								"south": {"uv": [9, 97], "uv_size": [1, 1]},
								"west": {"uv": [10, 97], "uv_size": [1, 1]},
								"up": {"uv": [11, 97], "uv_size": [1, 1]},
								"down": {"uv": [12, 98], "uv_size": [1, -1]}
							}
						},
						{
							"origin": [1.24, 21.725, -4.925],
							"size": [1.895, 1.3, 1.25],
							"uv": {
								"north": {"uv": [16, 96], "uv_size": [2, 1]},
								"east": {"uv": [1, 97], "uv_size": [1, 1]},
								"south": {"uv": [18, 96], "uv_size": [2, 1]},
								"west": {"uv": [6, 97], "uv_size": [1, 1]},
								"up": {"uv": [20, 96], "uv_size": [2, 1]},
								"down": {"uv": [22, 97], "uv_size": [2, -1]}
							}
						},
						{
							"origin": [5.74, 21.725, -3.925],
							"size": [0.895, 1.3, 0.375],
							"pivot": [4.125, 7.25, 2],
							"rotation": [0, 45, 0],
							"uv": {
								"north": {"uv": [13, 97], "uv_size": [1, 1]},
								"east": {"uv": [14, 97], "uv_size": [1, 1]},
								"south": {"uv": [15, 97], "uv_size": [1, 1]},
								"west": {"uv": [16, 97], "uv_size": [1, 1]},
								"up": {"uv": [17, 97], "uv_size": [1, 1]},
								"down": {"uv": [18, 98], "uv_size": [1, -1]}
							}
						}
					]
				},
				{
					"name": "Sight",
					"parent": "Metal",
					"pivot": [0, 8, 1],
					"cubes": [
						{
							"origin": [-2.885, 26.85, 2.45],
							"size": [0.395, 1.8, 6.25],
							"uv": {
								"north": {"uv": [43, 90], "uv_size": [1, 2]},
								"east": {"uv": [86, 73], "uv_size": [6, 2]},
								"south": {"uv": [69, 90], "uv_size": [1, 2]},
								"west": {"uv": [90, 1], "uv_size": [6, 2]},
								"up": {"uv": [31, 91], "uv_size": [1, 6]},
								"down": {"uv": [49, 97], "uv_size": [1, -6]}
							}
						},
						{
							"origin": [-2.885, 26.6, 1.95],
							"size": [3.77, 0.3, 7.625],
							"uv": {
								"north": {"uv": [94, 53], "uv_size": [4, 1]},
								"east": {"uv": [90, 37], "uv_size": [8, 1]},
								"south": {"uv": [94, 54], "uv_size": [4, 1]},
								"west": {"uv": [90, 55], "uv_size": [8, 1]},
								"up": {"uv": [55, 72], "uv_size": [4, 8]},
								"down": {"uv": [40, 81], "uv_size": [4, -8]}
							}
						},
						{
							"origin": [-2.385, 26.35, 1.95],
							"size": [2.77, 0.3, 7.625],
							"uv": {
								"north": {"uv": [38, 95], "uv_size": [3, 1]},
								"east": {"uv": [90, 72], "uv_size": [8, 1]},
								"south": {"uv": [95, 38], "uv_size": [3, 1]},
								"west": {"uv": [91, 15], "uv_size": [8, 1]},
								"up": {"uv": [60, 80], "uv_size": [3, 8]},
								"down": {"uv": [70, 89], "uv_size": [3, -8]}
							}
						},
						{
							"origin": [-2.885, 27.955, -6.73],
							"size": [0.395, 0.675, 1.16],
							"pivot": [0, 8, 1],
							"rotation": [-41, 0, 0],
							"uv": {
								"north": {"uv": [97, 87], "uv_size": [1, 1]},
								"east": {"uv": [88, 97], "uv_size": [1, 1]},
								"south": {"uv": [97, 88], "uv_size": [1, 1]},
								"west": {"uv": [89, 97], "uv_size": [1, 1]},
								"up": {"uv": [97, 89], "uv_size": [1, 1]},
								"down": {"uv": [90, 98], "uv_size": [1, -1]}
							}
						},
						{
							"origin": [-3.01, 26.85, -7.925],
							"size": [4.02, 0.55, 0.55],
							"pivot": [0, 8, 1],
							"rotation": [-45, 0, 0],
							"uv": {
								"north": {"uv": [62, 94], "uv_size": [4, 1]},
								"east": {"uv": [3, 98], "uv_size": [1, 1]},
								"south": {"uv": [94, 64], "uv_size": [4, 1]},
								"west": {"uv": [6, 98], "uv_size": [1, 1]},
								"up": {"uv": [94, 65], "uv_size": [4, 1]},
								"down": {"uv": [66, 95], "uv_size": [4, -1]}
							}
						},
						{
							"origin": [-2.885, 26.85, 8.7],
							"size": [0.395, 1.05, 0.875],
							"uv": {
								"north": {"uv": [97, 81], "uv_size": [1, 1]},
								"east": {"uv": [82, 97], "uv_size": [1, 1]},
								"south": {"uv": [97, 82], "uv_size": [1, 1]},
								"west": {"uv": [83, 97], "uv_size": [1, 1]},
								"up": {"uv": [97, 83], "uv_size": [1, 1]},
								"down": {"uv": [84, 98], "uv_size": [1, -1]}
							}
						},
						{
							"origin": [-2.135, 27.6, 6.325],
							"size": [2.27, 0.425, 2.5],
							"uv": {
								"north": {"uv": [26, 96], "uv_size": [2, 1]},
								"east": {"uv": [15, 95], "uv_size": [3, 1]},
								"south": {"uv": [28, 96], "uv_size": [2, 1]},
								"west": {"uv": [95, 19], "uv_size": [3, 1]},
								"up": {"uv": [71, 92], "uv_size": [2, 3]},
								"down": {"uv": [81, 95], "uv_size": [2, -3]}
							}
						},
						{
							"origin": [-0.76, 27.975, 6.325],
							"size": [0.645, 0.375, 0.375],
							"uv": {
								"north": {"uv": [7, 98], "uv_size": [1, 1]},
								"east": {"uv": [8, 98], "uv_size": [1, 1]},
								"south": {"uv": [9, 98], "uv_size": [1, 1]},
								"west": {"uv": [98, 9], "uv_size": [1, 1]},
								"up": {"uv": [10, 98], "uv_size": [1, 1]},
								"down": {"uv": [98, 11], "uv_size": [1, -1]}
							}
						},
						{
							"origin": [-1.885, 27.975, 6.325],
							"size": [0.645, 0.375, 0.375],
							"uv": {
								"north": {"uv": [11, 98], "uv_size": [1, 1]},
								"east": {"uv": [98, 11], "uv_size": [1, 1]},
								"south": {"uv": [12, 98], "uv_size": [1, 1]},
								"west": {"uv": [98, 12], "uv_size": [1, 1]},
								"up": {"uv": [13, 98], "uv_size": [1, 1]},
								"down": {"uv": [98, 14], "uv_size": [1, -1]}
							}
						},
						{
							"origin": [-2.135, 27.225, 6.325],
							"size": [2.27, 0.425, 2.5],
							"uv": {
								"north": {"uv": [96, 30], "uv_size": [2, 1]},
								"east": {"uv": [95, 20], "uv_size": [3, 1]},
								"south": {"uv": [96, 31], "uv_size": [2, 1]},
								"west": {"uv": [95, 21], "uv_size": [3, 1]},
								"up": {"uv": [83, 92], "uv_size": [2, 3]},
								"down": {"uv": [85, 95], "uv_size": [2, -3]}
							}
						},
						{
							"origin": [-0.26, 27.6, 2.95],
							"size": [0.395, 0.425, 3.375],
							"uv": {
								"north": {"uv": [0, 98], "uv_size": [1, 1]},
								"east": {"uv": [22, 95], "uv_size": [3, 1]},
								"south": {"uv": [1, 98], "uv_size": [1, 1]},
								"west": {"uv": [95, 22], "uv_size": [3, 1]},
								"up": {"uv": [3, 95], "uv_size": [1, 3]},
								"down": {"uv": [25, 98], "uv_size": [1, -3]}
							}
						},
						{
							"origin": [-2.135, 27.6, 2.95],
							"size": [0.395, 0.425, 3.375],
							"uv": {
								"north": {"uv": [98, 1], "uv_size": [1, 1]},
								"east": {"uv": [95, 34], "uv_size": [3, 1]},
								"south": {"uv": [98, 2], "uv_size": [1, 1]},
								"west": {"uv": [95, 35], "uv_size": [3, 1]},
								"up": {"uv": [36, 95], "uv_size": [1, 3]},
								"down": {"uv": [37, 98], "uv_size": [1, -3]}
							}
						},
						{
							"origin": [-2.135, 27.6, 2.45],
							"size": [2.27, 0.425, 0.5],
							"uv": {
								"north": {"uv": [96, 32], "uv_size": [2, 1]},
								"east": {"uv": [97, 96], "uv_size": [1, 1]},
								"south": {"uv": [96, 33], "uv_size": [2, 1]},
								"west": {"uv": [97, 97], "uv_size": [1, 1]},
								"up": {"uv": [38, 96], "uv_size": [2, 1]},
								"down": {"uv": [40, 97], "uv_size": [2, -1]}
							}
						},
						{
							"origin": [0.49, 26.85, 1.95],
							"size": [0.395, 1.8, 6.75],
							"uv": {
								"north": {"uv": [46, 92], "uv_size": [1, 2]},
								"east": {"uv": [86, 60], "uv_size": [7, 2]},
								"south": {"uv": [76, 95], "uv_size": [1, 2]},
								"west": {"uv": [86, 62], "uv_size": [7, 2]},
								"up": {"uv": [66, 74], "uv_size": [1, 7]},
								"down": {"uv": [3, 95], "uv_size": [1, -7]}
							}
						},
						{
							"origin": [0.49, 26.85, 8.7],
							"size": [0.395, 1.05, 0.875],
							"uv": {
								"north": {"uv": [97, 84], "uv_size": [1, 1]},
								"east": {"uv": [85, 97], "uv_size": [1, 1]},
								"south": {"uv": [97, 85], "uv_size": [1, 1]},
								"west": {"uv": [86, 97], "uv_size": [1, 1]},
								"up": {"uv": [97, 86], "uv_size": [1, 1]},
								"down": {"uv": [87, 98], "uv_size": [1, -1]}
							}
						},
						{
							"origin": [0.49, 27.955, -6.73],
							"size": [0.395, 0.675, 1.16],
							"pivot": [0, 8, 1],
							"rotation": [-41, 0, 0],
							"uv": {
								"north": {"uv": [97, 90], "uv_size": [1, 1]},
								"east": {"uv": [91, 97], "uv_size": [1, 1]},
								"south": {"uv": [97, 91], "uv_size": [1, 1]},
								"west": {"uv": [92, 97], "uv_size": [1, 1]},
								"up": {"uv": [97, 92], "uv_size": [1, 1]},
								"down": {"uv": [93, 98], "uv_size": [1, -1]}
							}
						},
						{
							"origin": [-0.385, 26.85, 8.825],
							"size": [0.645, 0.3, 0.625],
							"uv": {
								"north": {"uv": [97, 93], "uv_size": [1, 1]},
								"east": {"uv": [94, 97], "uv_size": [1, 1]},
								"south": {"uv": [97, 94], "uv_size": [1, 1]},
								"west": {"uv": [95, 97], "uv_size": [1, 1]},
								"up": {"uv": [97, 95], "uv_size": [1, 1]},
								"down": {"uv": [96, 98], "uv_size": [1, -1]}
							}
						},
						{
							"origin": [-2.26, 26.85, 8.825],
							"size": [0.645, 0.3, 0.625],
							"uv": {
								"north": {"uv": [98, 20], "uv_size": [1, 1]},
								"east": {"uv": [21, 98], "uv_size": [1, 1]},
								"south": {"uv": [98, 21], "uv_size": [1, 1]},
								"west": {"uv": [22, 98], "uv_size": [1, 1]},
								"up": {"uv": [98, 22], "uv_size": [1, 1]},
								"down": {"uv": [23, 99], "uv_size": [1, -1]}
							}
						}
					]
				},
				{
					"name": "Wood",
					"parent": "gun",
					"pivot": [0, 11, -1],
					"cubes": [
						{
							"origin": [-2.97, 15.6, 26.02],
							"size": [3.95, 6.8, 7],
							"pivot": [0, 8, 1],
							"rotation": [-5, 0, 0],
							"uv": {
								"north": {"uv": [28, 48], "uv_size": [4, 7]},
								"east": {"uv": [60, 34], "uv_size": [7, 7]},
								"south": {"uv": [75, 60], "uv_size": [4, 7]},
								"west": {"uv": [60, 47], "uv_size": [7, 7]},
								"up": {"uv": [77, 46], "uv_size": [4, 7]},
								"down": {"uv": [78, 10], "uv_size": [4, -7]}
							}
						},
						{
							"origin": [-3.01, 19.35, 15.525],
							"size": [4.02, 5.5, 23.075],
							"pivot": [0, 8, 1],
							"rotation": [-5, 0, 0],
							"uv": {
								"north": {"uv": [40, 81], "uv_size": [4, 6]},
								"east": {"uv": [32, 14], "uv_size": [23, 6]},
								"south": {"uv": [51, 81], "uv_size": [4, 6]},
								"west": {"uv": [32, 20], "uv_size": [23, 6]},
								"up": {"uv": [8, 48], "uv_size": [4, 23]},
								"down": {"uv": [12, 71], "uv_size": [4, -23]}
							}
						},
						{
							"origin": [-3.02, 16.225, 13.77],
							"size": [4.05, 2.075, 7.125],
							"uv": {
								"north": {"uv": [90, 47], "uv_size": [4, 2]},
								"east": {"uv": [86, 38], "uv_size": [7, 2]},
								"south": {"uv": [90, 49], "uv_size": [4, 2]},
								"west": {"uv": [86, 56], "uv_size": [7, 2]},
								"up": {"uv": [78, 37], "uv_size": [4, 7]},
								"down": {"uv": [47, 85], "uv_size": [4, -7]}
							}
						},
						{
							"origin": [-3.02, 19.475, 14.77],
							"size": [4.05, 5.48, 5.375],
							"pivot": [0, 11, 0],
							"rotation": [-5, 0, 0],
							"uv": {
								"north": {"uv": [83, 9], "uv_size": [4, 5]},
								"east": {"uv": [55, 80], "uv_size": [5, 5]},
								"south": {"uv": [83, 14], "uv_size": [4, 5]},
								"west": {"uv": [81, 44], "uv_size": [5, 5]},
								"up": {"uv": [83, 19], "uv_size": [4, 5]},
								"down": {"uv": [81, 89], "uv_size": [4, -5]}
							}
						},
						{
							"origin": [-3.02, 25.6, -1.105],
							"size": [4.05, 3.2, 2.125],
							"pivot": [0, 11, 0],
							"rotation": [-65, 0, 0],
							"uv": {
								"north": {"uv": [86, 64], "uv_size": [4, 3]},
								"east": {"uv": [14, 71], "uv_size": [2, 3]},
								"south": {"uv": [86, 67], "uv_size": [4, 3]},
								"west": {"uv": [91, 18], "uv_size": [2, 3]},
								"up": {"uv": [51, 90], "uv_size": [4, 2]},
								"down": {"uv": [90, 53], "uv_size": [4, -2]}
							}
						},
						{
							"origin": [-3, 22.6, 11.2],
							"size": [4.01, 2.8, 24],
							"pivot": [0, 8, 1],
							"rotation": [-22.5, 0, 0],
							"uv": {
								"north": {"uv": [86, 70], "uv_size": [4, 3]},
								"east": {"uv": [48, 41], "uv_size": [24, 3]},
								"south": {"uv": [85, 86], "uv_size": [4, 3]},
								"west": {"uv": [48, 44], "uv_size": [24, 3]},
								"up": {"uv": [0, 48], "uv_size": [4, 24]},
								"down": {"uv": [4, 72], "uv_size": [4, -24]}
							}
						},
						{
							"origin": [-2.97, 13.6, 33.02],
							"size": [3.95, 8.8, 5],
							"pivot": [0, 8, 1],
							"rotation": [-5, 0, 0],
							"uv": {
								"north": {"uv": [68, 14], "uv_size": [4, 9]},
								"east": {"uv": [63, 4], "uv_size": [5, 9]},
								"south": {"uv": [48, 69], "uv_size": [4, 9]},
								"west": {"uv": [63, 13], "uv_size": [5, 9]},
								"up": {"uv": [82, 55], "uv_size": [4, 5]},
								"down": {"uv": [82, 65], "uv_size": [4, -5]}
							}
						},
						{
							"origin": [-2.96, 17.6, 20.02],
							"size": [3.93, 4.8, 6],
							"pivot": [0, 8, 1],
							"rotation": [-5, 0, 0],
							"uv": {
								"north": {"uv": [82, 65], "uv_size": [4, 5]},
								"east": {"uv": [72, 41], "uv_size": [6, 5]},
								"south": {"uv": [66, 82], "uv_size": [4, 5]},
								"west": {"uv": [73, 68], "uv_size": [6, 5]},
								"up": {"uv": [81, 78], "uv_size": [4, 6]},
								"down": {"uv": [82, 9], "uv_size": [4, -6]}
							}
						},
						{
							"origin": [-2.99, 21.6, 12.02],
							"size": [3.98, 4.2, 8],
							"pivot": [0, 11, -1],
							"rotation": [-15, 0, 0],
							"uv": {
								"north": {"uv": [74, 85], "uv_size": [4, 4]},
								"east": {"uv": [67, 37], "uv_size": [8, 4]},
								"south": {"uv": [85, 78], "uv_size": [4, 4]},
								"west": {"uv": [67, 47], "uv_size": [8, 4]},
								"up": {"uv": [71, 60], "uv_size": [4, 8]},
								"down": {"uv": [72, 23], "uv_size": [4, -8]}
							}
						},
						{
							"origin": [-3, 19.225, -44.425],
							"size": [4.01, 6.675, 27],
							"uv": {
								"north": {"uv": [78, 53], "uv_size": [4, 7]},
								"east": {"uv": [32, 0], "uv_size": [27, 7]},
								"south": {"uv": [73, 78], "uv_size": [4, 7]},
								"west": {"uv": [32, 7], "uv_size": [27, 7]},
								"up": {"uv": [40, 34], "uv_size": [4, 27]},
								"down": {"uv": [44, 61], "uv_size": [4, -27]}
							}
						}
					]
				},
				{
					"name": "magazine",
					"parent": "main",
					"pivot": [0.5, 4.625, -11.125],
					"cubes": [
						{
							"origin": [-2.375, 26.2, 22.275],
							"size": [2.75, 1, 11.1],
							"pivot": [0, 16.5, 9.35],
							"rotation": [168.5, 0, 0],
							"uv": {
								"north": {"uv": [51, 94], "uv_size": [3, 1]},
								"east": {"uv": [90, 5], "uv_size": [11, 1]},
								"south": {"uv": [94, 68], "uv_size": [3, 1]},
								"west": {"uv": [90, 6], "uv_size": [11, 1]},
								"up": {"uv": [70, 70], "uv_size": [3, 11]},
								"down": {"uv": [8, 82], "uv_size": [3, -11]}
							}
						},
						{
							"origin": [-2.385, 9.5, -9.249],
							"size": [2.77, 10.625, 4],
							"uv": {
								"north": {"uv": [11, 71], "uv_size": [3, 11]},
								"east": {"uv": [24, 63], "uv_size": [4, 11]},
								"south": {"uv": [0, 72], "uv_size": [3, 11]},
								"west": {"uv": [28, 63], "uv_size": [4, 11]},
								"up": {"uv": [9, 88], "uv_size": [3, 4]},
								"down": {"uv": [26, 92], "uv_size": [3, -4]}
							}
						},
						{
							"origin": [-2.385, 8.625, -5.624],
							"size": [2.77, 0.875, 0.375],
							"uv": {
								"north": {"uv": [94, 71], "uv_size": [3, 1]},
								"east": {"uv": [81, 96], "uv_size": [1, 1]},
								"south": {"uv": [74, 94], "uv_size": [3, 1]},
								"west": {"uv": [82, 96], "uv_size": [1, 1]},
								"up": {"uv": [87, 94], "uv_size": [3, 1]},
								"down": {"uv": [90, 95], "uv_size": [3, -1]}
							}
						},
						{
							"origin": [-2.385, 10.375, -13.249],
							"size": [2.77, 9.75, 4],
							"uv": {
								"north": {"uv": [44, 73], "uv_size": [3, 10]},
								"east": {"uv": [67, 60], "uv_size": [4, 10]},
								"south": {"uv": [63, 74], "uv_size": [3, 10]},
								"west": {"uv": [68, 4], "uv_size": [4, 10]},
								"up": {"uv": [75, 37], "uv_size": [3, 4]},
								"down": {"uv": [6, 92], "uv_size": [3, -4]}
							}
						},
						{
							"origin": [-2.385, 10.875, -16.374],
							"size": [2.77, 9.25, 3.125],
							"uv": {
								"north": {"uv": [26, 79], "uv_size": [3, 9]},
								"east": {"uv": [29, 79], "uv_size": [3, 9]},
								"south": {"uv": [79, 60], "uv_size": [3, 9]},
								"west": {"uv": [79, 69], "uv_size": [3, 9]},
								"up": {"uv": [60, 88], "uv_size": [3, 3]},
								"down": {"uv": [44, 92], "uv_size": [3, -3]}
							}
						},
						{
							"origin": [-1.375, 18.675, -14.7],
							"size": [1, 1, 8],
							"inflate": 0.2,
							"pivot": [-0.025, 19.775, -14.7],
							"rotation": [0, 0, 45],
							"uv": {
								"north": {"uv": [98, 30], "uv_size": [1, 1]},
								"east": {"uv": [91, 16], "uv_size": [8, 1]},
								"south": {"uv": [31, 98], "uv_size": [1, 1]},
								"west": {"uv": [91, 17], "uv_size": [8, 1]},
								"up": {"uv": [63, 66], "uv_size": [1, 8]},
								"down": {"uv": [59, 80], "uv_size": [1, -8]}
							}
						}
					]
				},
				{
					"name": "rightarm",
					"parent": "main",
					"pivot": [-4.3, 8.8, 21.8],
					"rotation": [-101.81106, -12.40003, -2.46982],
					"cubes": [
						{"origin": [-9.79714, -9.00215, 13.11968], "size": [8, 24, 8], "pivot": [-1.3, -3.2, 18.8], "rotation": [0, 0, -15], "uv": [32, 145]}
					]
				},
				{
					"name": "leftarm",
					"parent": "main",
					"pivot": [9.325, 11.3, -8.6],
					"rotation": [-119.61483, 1.67666, -38.31282],
					"cubes": [
						{"origin": [4.44266, -13.06711, -13.19358], "size": [8, 24, 8], "uv": [0, 143]}
					]
				},
				{
					"name": "muzzleflash",
					"parent": "main",
					"pivot": [-1, 25.1, -94.625],
					"cubes": [
						{"origin": [-1.5, 24.6, -94.925], "size": [1, 1, 1], "inflate": -0.4, "uv": [27, 69]}
					]
				},
				{
					"name": "scope",
					"parent": "main",
					"pivot": [-1, 28.25, 18],
					"cubes": [
						{"origin": [-1.5, 27.55, 22.95], "size": [1, 1, 1], "inflate": -0.4, "uv": [27, 69]}
					]
				},
				{
					"name": "Bullet",
					"parent": "main",
					"pivot": [-0.15, 26.4, -25.7],
					"cubes": [
						{
							"origin": [-1.5, 22.8, -25.2],
							"size": [1, 1, 8],
							"inflate": 0.2,
							"pivot": [-0.15, 23.9, -25.2],
							"rotation": [0, 0, 45],
							"uv": {
								"north": {"uv": [98, 30], "uv_size": [1, 1]},
								"east": {"uv": [91, 16], "uv_size": [8, 1]},
								"south": {"uv": [31, 98], "uv_size": [1, 1]},
								"west": {"uv": [91, 17], "uv_size": [8, 1]},
								"up": {"uv": [63, 66], "uv_size": [1, 8]},
								"down": {"uv": [59, 80], "uv_size": [1, -8]}
							}
						}
					]
				},
				{
					"name": "Bullet2",
					"parent": "main",
					"pivot": [-0.15, 26.4, -25.7],
					"cubes": [
						{
							"origin": [-1.5, 22.8, -25.2],
							"size": [1, 1, 8],
							"inflate": 0.2,
							"pivot": [-0.15, 23.9, -25.2],
							"rotation": [0, 0, 45],
							"uv": {
								"north": {"uv": [98, 30], "uv_size": [1, 1]},
								"east": {"uv": [91, 16], "uv_size": [8, 1]},
								"south": {"uv": [31, 98], "uv_size": [1, 1]},
								"west": {"uv": [91, 17], "uv_size": [8, 1]},
								"up": {"uv": [63, 66], "uv_size": [1, 8]},
								"down": {"uv": [59, 80], "uv_size": [1, -8]}
							}
						}
					]
				}
			]
		}
	]
}