{
	"format_version": "1.12.0",
	"minecraft:geometry": [
		{
			"description": {
				"identifier": "geometry.unknown",
				"texture_width": 128,
				"texture_height": 128,
				"visible_bounds_width": 14,
				"visible_bounds_height": 4,
				"visible_bounds_offset": [0, 1, 0]
			},
			"bones": [
				{
					"name": "main",
					"pivot": [0, 20, 0]
				},
				{
					"name": "gun",
					"parent": "main",
					"pivot": [1, 11, -1]
				},
				{
					"name": "Wood",
					"parent": "gun",
					"pivot": [0, 9, 1],
					"cubes": [
						{
							"origin": [-2.75, 21.875, -100.125],
							"size": [3.5, 3.575, 15.125],
							"uv": {
								"north": {"uv": [89, 62], "uv_size": [4, 4]},
								"east": {"uv": [52, 67], "uv_size": [15, 4]},
								"south": {"uv": [2, 90], "uv_size": [4, 4]},
								"west": {"uv": [67, 67], "uv_size": [15, 4]},
								"up": {"uv": [0, 64], "uv_size": [4, 15]},
								"down": {"uv": [4, 79], "uv_size": [4, -15]}
							}
						},
						{
							"origin": [-2.96, 18.35, 16.77],
							"size": [3.93, 4.8, 6],
							"pivot": [0, 8.75, -2.25],
							"rotation": [-5, 0, 0],
							"uv": {
								"north": {"uv": [87, 78], "uv_size": [4, 5]},
								"east": {"uv": [2, 79], "uv_size": [6, 5]},
								"south": {"uv": [88, 4], "uv_size": [4, 5]},
								"west": {"uv": [79, 62], "uv_size": [6, 5]},
								"up": {"uv": [28, 85], "uv_size": [4, 6]},
								"down": {"uv": [85, 68], "uv_size": [4, -6]}
							}
						},
						{
							"origin": [-2.97, 28.25, -0.45],
							"size": [3.95, 4.8, 2],
							"pivot": [0, 9.75, -2.25],
							"rotation": [-52.5, 0, 0],
							"uv": {
								"north": {"uv": [82, 85], "uv_size": [4, 5]},
								"east": {"uv": [32, 94], "uv_size": [2, 5]},
								"south": {"uv": [24, 86], "uv_size": [4, 5]},
								"west": {"uv": [34, 94], "uv_size": [2, 5]},
								"up": {"uv": [94, 56], "uv_size": [4, 2]},
								"down": {"uv": [94, 60], "uv_size": [4, -2]}
							}
						},
						{
							"origin": [12.64329, 32.44131, -56.73],
							"size": [0.9801, 1.37214, 23.9658],
							"pivot": [15.6816, 13.7214, -11.7509],
							"rotation": [0, 0, -45],
							"uv": {
								"north": {"uv": [105, 68], "uv_size": [1, 1]},
								"east": {"uv": [78, 45], "uv_size": [24, 1]},
								"south": {"uv": [105, 69], "uv_size": [1, 1]},
								"west": {"uv": [80, 29], "uv_size": [24, 1]},
								"up": {"uv": [39, 74], "uv_size": [1, 24]},
								"down": {"uv": [79, 106], "uv_size": [1, -24]}
							}
						},
						{
							"origin": [-1.9602, 25.4826, -56.73],
							"size": [1.9602, 0.9801, 23.9658],
							"uv": {
								"north": {"uv": [104, 48], "uv_size": [2, 1]},
								"east": {"uv": [80, 30], "uv_size": [24, 1]},
								"south": {"uv": [49, 104], "uv_size": [2, 1]},
								"west": {"uv": [80, 37], "uv_size": [24, 1]},
								"up": {"uv": [64, 71], "uv_size": [2, 24]},
								"down": {"uv": [66, 95], "uv_size": [2, -24]}
							}
						},
						{
							"origin": [-13.57438, 27.57021, -56.73],
							"size": [0.9801, 1.37214, 23.9658],
							"pivot": [-10.7811, 13.7214, -11.7509],
							"rotation": [0, 0, 45],
							"uv": {
								"north": {"uv": [70, 105], "uv_size": [1, 1]},
								"east": {"uv": [80, 38], "uv_size": [24, 1]},
								"south": {"uv": [105, 70], "uv_size": [1, 1]},
								"west": {"uv": [80, 39], "uv_size": [24, 1]},
								"up": {"uv": [36, 83], "uv_size": [1, 24]},
								"down": {"uv": [72, 107], "uv_size": [1, -24]}
							}
						},
						{
							"origin": [-3, 22, -96.5],
							"size": [4, 3, 41.5],
							"uv": {
								"north": {"uv": [48, 93], "uv_size": [4, 3]},
								"east": {"uv": [52, 48], "uv_size": [42, 3]},
								"south": {"uv": [93, 60], "uv_size": [4, 3]},
								"west": {"uv": [52, 51], "uv_size": [42, 3]},
								"up": {"uv": [48, 4], "uv_size": [4, 42]},
								"down": {"uv": [48, 88], "uv_size": [4, -42]}
							}
						},
						{
							"origin": [-3, 25, -96.25],
							"size": [4, 0.5, 63.5],
							"uv": {
								"north": {"uv": [100, 79], "uv_size": [4, 1]},
								"east": {"uv": [56, 46], "uv_size": [64, 1]},
								"south": {"uv": [100, 81], "uv_size": [4, 1]},
								"west": {"uv": [56, 47], "uv_size": [64, 1]},
								"up": {"uv": [0, 0], "uv_size": [4, 64]},
								"down": {"uv": [4, 64], "uv_size": [4, -64]}
							}
						},
						{
							"origin": [-3, 21, -54],
							"size": [4, 4, 36],
							"uv": {
								"north": {"uv": [91, 14], "uv_size": [4, 4]},
								"east": {"uv": [52, 4], "uv_size": [36, 4]},
								"south": {"uv": [52, 91], "uv_size": [4, 4]},
								"west": {"uv": [52, 8], "uv_size": [36, 4]},
								"up": {"uv": [12, 52], "uv_size": [4, 36]},
								"down": {"uv": [52, 48], "uv_size": [4, -36]}
							}
						},
						{
							"origin": [-2.99, 20.8, -96.5],
							"size": [3.97, 1.875, 43.3],
							"pivot": [2, 12.125, -36],
							"rotation": [-0.9, 0, 0],
							"uv": {
								"north": {"uv": [96, 89], "uv_size": [4, 2]},
								"east": {"uv": [52, 54], "uv_size": [43, 2]},
								"south": {"uv": [96, 91], "uv_size": [4, 2]},
								"west": {"uv": [56, 12], "uv_size": [43, 2]},
								"up": {"uv": [44, 4], "uv_size": [4, 43]},
								"down": {"uv": [44, 90], "uv_size": [4, -43]}
							}
						},
						{
							"origin": [-2.99, 19.55, -54],
							"size": [3.97, 2, 35.8],
							"pivot": [2, 11, -1],
							"rotation": [-1.5, 0, 0],
							"uv": {
								"north": {"uv": [3, 96], "uv_size": [4, 2]},
								"east": {"uv": [56, 33], "uv_size": [36, 2]},
								"south": {"uv": [96, 33], "uv_size": [4, 2]},
								"west": {"uv": [56, 35], "uv_size": [36, 2]},
								"up": {"uv": [16, 52], "uv_size": [4, 36]},
								"down": {"uv": [20, 88], "uv_size": [4, -36]}
							}
						},
						{
							"origin": [-3, 20, -18],
							"size": [4, 3, 22],
							"uv": {
								"north": {"uv": [93, 63], "uv_size": [4, 3]},
								"east": {"uv": [56, 43], "uv_size": [22, 3]},
								"south": {"uv": [92, 93], "uv_size": [4, 3]},
								"west": {"uv": [52, 56], "uv_size": [22, 3]},
								"up": {"uv": [32, 52], "uv_size": [4, 22]},
								"down": {"uv": [36, 74], "uv_size": [4, -22]}
							}
						},
						{
							"origin": [-3, 23, -2],
							"size": [4, 2, 6],
							"uv": {
								"north": {"uv": [96, 40], "uv_size": [4, 2]},
								"east": {"uv": [90, 40], "uv_size": [6, 2]},
								"south": {"uv": [96, 43], "uv_size": [4, 2]},
								"west": {"uv": [91, 81], "uv_size": [6, 2]},
								"up": {"uv": [83, 73], "uv_size": [4, 6]},
								"down": {"uv": [83, 85], "uv_size": [4, -6]}
							}
						},
						{
							"origin": [-3, 23, -12],
							"size": [4, 2, 10],
							"uv": {
								"north": {"uv": [48, 96], "uv_size": [4, 2]},
								"east": {"uv": [80, 40], "uv_size": [10, 2]},
								"south": {"uv": [96, 48], "uv_size": [4, 2]},
								"west": {"uv": [82, 68], "uv_size": [10, 2]},
								"up": {"uv": [75, 56], "uv_size": [4, 10]},
								"down": {"uv": [24, 86], "uv_size": [4, -10]}
							}
						},
						{
							"origin": [-3, 23, -18],
							"size": [4, 2, 6],
							"uv": {
								"north": {"uv": [96, 50], "uv_size": [4, 2]},
								"east": {"uv": [2, 94], "uv_size": [6, 2]},
								"south": {"uv": [96, 72], "uv_size": [4, 2]},
								"west": {"uv": [94, 4], "uv_size": [6, 2]},
								"up": {"uv": [2, 84], "uv_size": [4, 6]},
								"down": {"uv": [84, 27], "uv_size": [4, -6]}
							}
						},
						{
							"origin": [-3, 20.6, 2.645],
							"size": [4, 3.8, 5.375],
							"pivot": [0, 11, -1],
							"rotation": [-7.5, 0, 0],
							"uv": {
								"north": {"uv": [12, 92], "uv_size": [4, 4]},
								"east": {"uv": [12, 88], "uv_size": [5, 4]},
								"south": {"uv": [16, 92], "uv_size": [4, 4]},
								"west": {"uv": [17, 88], "uv_size": [5, 4]},
								"up": {"uv": [88, 21], "uv_size": [4, 5]},
								"down": {"uv": [48, 93], "uv_size": [4, -5]}
							}
						},
						{
							"origin": [-2.98, 21.6, 0.145],
							"size": [3.97, 4.2, 15.125],
							"pivot": [0, 11, -1],
							"rotation": [-15, 0, 0],
							"uv": {
								"north": {"uv": [91, 73], "uv_size": [4, 4]},
								"east": {"uv": [68, 14], "uv_size": [15, 4]},
								"south": {"uv": [91, 77], "uv_size": [4, 4]},
								"west": {"uv": [68, 18], "uv_size": [15, 4]},
								"up": {"uv": [40, 71], "uv_size": [4, 15]},
								"down": {"uv": [52, 86], "uv_size": [4, -15]}
							}
						},
						{
							"origin": [-3, 23.35, 7.95],
							"size": [4.01, 2.8, 24],
							"pivot": [0, 8.75, -2.25],
							"rotation": [-22.5, 0, 0],
							"uv": {
								"north": {"uv": [94, 6], "uv_size": [4, 3]},
								"east": {"uv": [56, 37], "uv_size": [24, 3]},
								"south": {"uv": [94, 9], "uv_size": [4, 3]},
								"west": {"uv": [56, 40], "uv_size": [24, 3]},
								"up": {"uv": [24, 52], "uv_size": [4, 24]},
								"down": {"uv": [28, 76], "uv_size": [4, -24]}
							}
						},
						{
							"origin": [-2.97, 16.35, 22.77],
							"size": [3.95, 6.8, 7],
							"pivot": [0, 8.75, -2.25],
							"rotation": [-5, 0, 0],
							"uv": {
								"north": {"uv": [80, 22], "uv_size": [4, 7]},
								"east": {"uv": [68, 22], "uv_size": [7, 7]},
								"south": {"uv": [83, 14], "uv_size": [4, 7]},
								"west": {"uv": [68, 59], "uv_size": [7, 7]},
								"up": {"uv": [32, 83], "uv_size": [4, 7]},
								"down": {"uv": [56, 90], "uv_size": [4, -7]}
							}
						},
						{
							"origin": [-2.97, 14.35, 29.77],
							"size": [3.95, 8.8, 5],
							"pivot": [0, 8.75, -2.25],
							"rotation": [-5, 0, 0],
							"uv": {
								"north": {"uv": [28, 76], "uv_size": [4, 9]},
								"east": {"uv": [32, 74], "uv_size": [5, 9]},
								"south": {"uv": [76, 73], "uv_size": [4, 9]},
								"west": {"uv": [75, 22], "uv_size": [5, 9]},
								"up": {"uv": [52, 86], "uv_size": [4, 5]},
								"down": {"uv": [86, 90], "uv_size": [4, -5]}
							}
						},
						{
							"origin": [-2.99, 22.35, 16.025],
							"size": [3.99, 1.8, 19.325],
							"pivot": [0, 8.75, -2.25],
							"rotation": [-5, 0, 0],
							"uv": {
								"north": {"uv": [96, 74], "uv_size": [4, 2]},
								"east": {"uv": [60, 31], "uv_size": [19, 2]},
								"south": {"uv": [96, 76], "uv_size": [4, 2]},
								"west": {"uv": [76, 71], "uv_size": [19, 2]},
								"up": {"uv": [40, 52], "uv_size": [4, 19]},
								"down": {"uv": [56, 33], "uv_size": [4, -19]}
							}
						},
						{
							"origin": [-2.97, 27.5, 2.8],
							"size": [3.95, 4.8, 2],
							"pivot": [0, 9, 1],
							"rotation": [-52.5, 0, 0],
							"uv": {
								"north": {"uv": [87, 14], "uv_size": [4, 5]},
								"east": {"uv": [58, 94], "uv_size": [2, 5]},
								"south": {"uv": [87, 73], "uv_size": [4, 5]},
								"west": {"uv": [60, 94], "uv_size": [2, 5]},
								"up": {"uv": [96, 78], "uv_size": [4, 2]},
								"down": {"uv": [80, 98], "uv_size": [4, -2]}
							}
						},
						{
							"origin": [-3.01, 12.35, 34.77],
							"size": [4.03, 11.775, 1],
							"pivot": [0, 8.75, -2.25],
							"rotation": [-5, 0, 0],
							"uv": {
								"north": {"uv": [68, 71], "uv_size": [4, 12]},
								"east": {"uv": [38, 92], "uv_size": [1, 12]},
								"south": {"uv": [72, 71], "uv_size": [4, 12]},
								"west": {"uv": [78, 92], "uv_size": [1, 12]},
								"up": {"uv": [100, 77], "uv_size": [4, 1]},
								"down": {"uv": [100, 79], "uv_size": [4, -1]}
							}
						}
					]
				},
				{
					"name": "Metal",
					"parent": "gun",
					"pivot": [0, 8, 1],
					"cubes": [
						{
							"origin": [-3, 25, -18.375],
							"size": [3, 1, 5.125],
							"uv": {
								"north": {"uv": [82, 67], "uv_size": [3, 1]},
								"east": {"uv": [96, 95], "uv_size": [5, 1]},
								"south": {"uv": [101, 61], "uv_size": [3, 1]},
								"west": {"uv": [97, 17], "uv_size": [5, 1]},
								"up": {"uv": [92, 21], "uv_size": [3, 5]},
								"down": {"uv": [92, 71], "uv_size": [3, -5]}
							}
						},
						{
							"origin": [0, 25, -18.375],
							"size": [1, 1, 6.375],
							"uv": {
								"north": {"uv": [74, 30], "uv_size": [1, 1]},
								"east": {"uv": [96, 93], "uv_size": [6, 1]},
								"south": {"uv": [78, 66], "uv_size": [1, 1]},
								"west": {"uv": [96, 94], "uv_size": [6, 1]},
								"up": {"uv": [7, 96], "uv_size": [1, 6]},
								"down": {"uv": [22, 102], "uv_size": [1, -6]}
							}
						},
						{
							"origin": [0, 25, -12],
							"size": [1, 1, 13.7],
							"uv": {
								"north": {"uv": [105, 72], "uv_size": [1, 1]},
								"east": {"uv": [60, 30], "uv_size": [14, 1]},
								"south": {"uv": [73, 105], "uv_size": [1, 1]},
								"west": {"uv": [80, 42], "uv_size": [14, 1]},
								"up": {"uv": [75, 83], "uv_size": [1, 14]},
								"down": {"uv": [20, 106], "uv_size": [1, -14]}
							}
						},
						{
							"origin": [-3, 25, -2.925],
							"size": [1, 1, 4.625],
							"uv": {
								"north": {"uv": [83, 21], "uv_size": [1, 1]},
								"east": {"uv": [97, 97], "uv_size": [5, 1]},
								"south": {"uv": [104, 95], "uv_size": [1, 1]},
								"west": {"uv": [98, 6], "uv_size": [5, 1]},
								"up": {"uv": [3, 98], "uv_size": [1, 5]},
								"down": {"uv": [4, 103], "uv_size": [1, -5]}
							}
						},
						{
							"origin": [9.9, 32.45, -18.375],
							"size": [0.7, 1.4, 2.375],
							"pivot": [16, 14, -1],
							"rotation": [0, 0, -35],
							"uv": {
								"north": {"uv": [104, 97], "uv_size": [1, 1]},
								"east": {"uv": [76, 102], "uv_size": [2, 1]},
								"south": {"uv": [98, 104], "uv_size": [1, 1]},
								"west": {"uv": [102, 93], "uv_size": [2, 1]},
								"up": {"uv": [82, 83], "uv_size": [1, 2]},
								"down": {"uv": [95, 104], "uv_size": [1, -2]}
							}
						},
						{
							"origin": [9.9, 32.45, -16],
							"size": [0.7, 1.4, 9.75],
							"pivot": [16, 14, 5],
							"rotation": [0, 0, -35],
							"uv": {
								"north": {"uv": [71, 105], "uv_size": [1, 1]},
								"east": {"uv": [88, 26], "uv_size": [10, 1]},
								"south": {"uv": [105, 71], "uv_size": [1, 1]},
								"west": {"uv": [91, 18], "uv_size": [10, 1]},
								"up": {"uv": [62, 94], "uv_size": [1, 10]},
								"down": {"uv": [63, 104], "uv_size": [1, -10]}
							}
						},
						{
							"origin": [-2.15, 26.125, -18.374],
							"size": [2.3, 1, 5.125],
							"uv": {
								"north": {"uv": [102, 94], "uv_size": [2, 1]},
								"east": {"uv": [98, 7], "uv_size": [5, 1]},
								"south": {"uv": [102, 97], "uv_size": [2, 1]},
								"west": {"uv": [98, 8], "uv_size": [5, 1]},
								"up": {"uv": [42, 94], "uv_size": [2, 5]},
								"down": {"uv": [44, 99], "uv_size": [2, -5]}
							}
						},
						{
							"origin": [-11.325, 28.42, -18.375],
							"size": [1, 1.4, 5.125],
							"pivot": [-11, 14, -1],
							"rotation": [0, 0, 35],
							"uv": {
								"north": {"uv": [104, 98], "uv_size": [1, 1]},
								"east": {"uv": [98, 9], "uv_size": [5, 1]},
								"south": {"uv": [99, 104], "uv_size": [1, 1]},
								"west": {"uv": [98, 10], "uv_size": [5, 1]},
								"up": {"uv": [5, 98], "uv_size": [1, 5]},
								"down": {"uv": [6, 103], "uv_size": [1, -5]}
							}
						},
						{
							"origin": [13.2, 32.85, -21],
							"size": [0.7, 1.4, 2.625],
							"pivot": [16, 13.75, -3.375],
							"rotation": [0, 0, -45],
							"uv": {
								"north": {"uv": [57, 105], "uv_size": [1, 1]},
								"east": {"uv": [102, 42], "uv_size": [3, 1]},
								"south": {"uv": [105, 57], "uv_size": [1, 1]},
								"west": {"uv": [102, 43], "uv_size": [3, 1]},
								"up": {"uv": [0, 102], "uv_size": [1, 3]},
								"down": {"uv": [1, 105], "uv_size": [1, -3]}
							}
						},
						{
							"origin": [-2, 25.75, -20.999],
							"size": [2, 1, 2.625],
							"uv": {
								"north": {"uv": [104, 34], "uv_size": [2, 1]},
								"east": {"uv": [102, 40], "uv_size": [3, 1]},
								"south": {"uv": [104, 35], "uv_size": [2, 1]},
								"west": {"uv": [102, 41], "uv_size": [3, 1]},
								"up": {"uv": [97, 63], "uv_size": [2, 3]},
								"down": {"uv": [92, 100], "uv_size": [2, -3]}
							}
						},
						{
							"origin": [-13.85, 27.88, -21],
							"size": [1, 1.4, 2.625],
							"pivot": [-11, 13.75, -3.375],
							"rotation": [0, 0, 45],
							"uv": {
								"north": {"uv": [58, 105], "uv_size": [1, 1]},
								"east": {"uv": [102, 44], "uv_size": [3, 1]},
								"south": {"uv": [105, 58], "uv_size": [1, 1]},
								"west": {"uv": [102, 45], "uv_size": [3, 1]},
								"up": {"uv": [7, 102], "uv_size": [1, 3]},
								"down": {"uv": [18, 105], "uv_size": [1, -3]}
							}
						},
						{
							"origin": [-3, 25, -21],
							"size": [4, 0.75, 2.625],
							"uv": {
								"north": {"uv": [100, 51], "uv_size": [4, 1]},
								"east": {"uv": [102, 32], "uv_size": [3, 1]},
								"south": {"uv": [100, 76], "uv_size": [4, 1]},
								"west": {"uv": [102, 33], "uv_size": [3, 1]},
								"up": {"uv": [88, 9], "uv_size": [4, 3]},
								"down": {"uv": [92, 36], "uv_size": [4, -3]}
							}
						},
						{
							"origin": [13.2, 32.6, -22],
							"size": [0.7, 1.4, 1],
							"pivot": [16, 13.5, -4.875],
							"rotation": [0, 0, -45],
							"uv": {
								"north": {"uv": [104, 99], "uv_size": [1, 1]},
								"east": {"uv": [100, 104], "uv_size": [1, 1]},
								"south": {"uv": [104, 100], "uv_size": [1, 1]},
								"west": {"uv": [101, 104], "uv_size": [1, 1]},
								"up": {"uv": [104, 101], "uv_size": [1, 1]},
								"down": {"uv": [102, 105], "uv_size": [1, -1]}
							}
						},
						{
							"origin": [-2, 25.5, -21.999],
							"size": [2, 1, 1],
							"uv": {
								"north": {"uv": [99, 102], "uv_size": [2, 1]},
								"east": {"uv": [103, 104], "uv_size": [1, 1]},
								"south": {"uv": [101, 102], "uv_size": [2, 1]},
								"west": {"uv": [104, 103], "uv_size": [1, 1]},
								"up": {"uv": [102, 101], "uv_size": [2, 1]},
								"down": {"uv": [3, 104], "uv_size": [2, -1]}
							}
						},
						{
							"origin": [-13.85, 27.63, -22],
							"size": [1, 1.4, 1],
							"pivot": [-11, 13.5, -4.875],
							"rotation": [0, 0, 45],
							"uv": {
								"north": {"uv": [104, 104], "uv_size": [1, 1]},
								"east": {"uv": [0, 105], "uv_size": [1, 1]},
								"south": {"uv": [1, 105], "uv_size": [1, 1]},
								"west": {"uv": [2, 105], "uv_size": [1, 1]},
								"up": {"uv": [3, 105], "uv_size": [1, 1]},
								"down": {"uv": [4, 106], "uv_size": [1, -1]}
							}
						},
						{
							"origin": [-3, 25, -22],
							"size": [4, 0.5, 1],
							"uv": {
								"north": {"uv": [98, 86], "uv_size": [4, 1]},
								"east": {"uv": [105, 4], "uv_size": [1, 1]},
								"south": {"uv": [98, 87], "uv_size": [4, 1]},
								"west": {"uv": [5, 105], "uv_size": [1, 1]},
								"up": {"uv": [98, 88], "uv_size": [4, 1]},
								"down": {"uv": [97, 99], "uv_size": [4, -1]}
							}
						},
						{
							"origin": [13.2, 32.35, -23],
							"size": [0.7, 1.4, 1],
							"pivot": [16, 13.25, -7],
							"rotation": [0, 0, -45],
							"uv": {
								"north": {"uv": [105, 5], "uv_size": [1, 1]},
								"east": {"uv": [105, 6], "uv_size": [1, 1]},
								"south": {"uv": [7, 105], "uv_size": [1, 1]},
								"west": {"uv": [105, 7], "uv_size": [1, 1]},
								"up": {"uv": [8, 105], "uv_size": [1, 1]},
								"down": {"uv": [105, 9], "uv_size": [1, -1]}
							}
						},
						{
							"origin": [-2, 25.25, -22.999],
							"size": [2, 1, 1],
							"uv": {
								"north": {"uv": [5, 103], "uv_size": [2, 1]},
								"east": {"uv": [9, 105], "uv_size": [1, 1]},
								"south": {"uv": [103, 6], "uv_size": [2, 1]},
								"west": {"uv": [105, 9], "uv_size": [1, 1]},
								"up": {"uv": [103, 7], "uv_size": [2, 1]},
								"down": {"uv": [8, 104], "uv_size": [2, -1]}
							}
						},
						{
							"origin": [-13.85, 27.38, -23],
							"size": [1, 1.4, 1],
							"pivot": [-11, 13.25, -7],
							"rotation": [0, 0, 45],
							"uv": {
								"north": {"uv": [10, 105], "uv_size": [1, 1]},
								"east": {"uv": [105, 10], "uv_size": [1, 1]},
								"south": {"uv": [11, 105], "uv_size": [1, 1]},
								"west": {"uv": [105, 11], "uv_size": [1, 1]},
								"up": {"uv": [12, 105], "uv_size": [1, 1]},
								"down": {"uv": [105, 13], "uv_size": [1, -1]}
							}
						},
						{
							"origin": [-3, 25, -23],
							"size": [4, 0.25, 1],
							"uv": {
								"north": {"uv": [99, 12], "uv_size": [4, 1]},
								"east": {"uv": [13, 105], "uv_size": [1, 1]},
								"south": {"uv": [99, 13], "uv_size": [4, 1]},
								"west": {"uv": [14, 105], "uv_size": [1, 1]},
								"up": {"uv": [99, 14], "uv_size": [4, 1]},
								"down": {"uv": [99, 16], "uv_size": [4, -1]}
							}
						},
						{
							"origin": [9.9, 32.45, -6.301],
							"size": [0.7, 1.4, 8],
							"pivot": [16, 14, 7],
							"rotation": [0, 0, -35],
							"uv": {
								"north": {"uv": [15, 105], "uv_size": [1, 1]},
								"east": {"uv": [94, 28], "uv_size": [8, 1]},
								"south": {"uv": [105, 15], "uv_size": [1, 1]},
								"west": {"uv": [94, 42], "uv_size": [8, 1]},
								"up": {"uv": [70, 94], "uv_size": [1, 8]},
								"down": {"uv": [71, 102], "uv_size": [1, -8]}
							}
						},
						{
							"origin": [-11.325, 28.42, -2.926],
							"size": [1, 1.4, 4.625],
							"pivot": [-11, 14, 7],
							"rotation": [0, 0, 35],
							"uv": {
								"north": {"uv": [105, 16], "uv_size": [1, 1]},
								"east": {"uv": [98, 11], "uv_size": [5, 1]},
								"south": {"uv": [105, 17], "uv_size": [1, 1]},
								"west": {"uv": [98, 26], "uv_size": [5, 1]},
								"up": {"uv": [39, 98], "uv_size": [1, 5]},
								"down": {"uv": [46, 103], "uv_size": [1, -5]}
							}
						},
						{
							"origin": [-13.71013, 27.84592, -55.4098],
							"size": [0.9899, 1.38586, 2.313],
							"pivot": [-10.88891, 13.85861, -23.87841],
							"rotation": [0, 0, 45],
							"uv": {
								"north": {"uv": [18, 105], "uv_size": [1, 1]},
								"east": {"uv": [103, 8], "uv_size": [2, 1]},
								"south": {"uv": [105, 18], "uv_size": [1, 1]},
								"west": {"uv": [103, 9], "uv_size": [2, 1]},
								"up": {"uv": [96, 102], "uv_size": [1, 2]},
								"down": {"uv": [10, 105], "uv_size": [1, -2]}
							}
						},
						{
							"origin": [-3.03, 25.25, -55.43],
							"size": [4.04, 0.505, 2.313],
							"uv": {
								"north": {"uv": [99, 16], "uv_size": [4, 1]},
								"east": {"uv": [103, 10], "uv_size": [2, 1]},
								"south": {"uv": [99, 19], "uv_size": [4, 1]},
								"west": {"uv": [11, 103], "uv_size": [2, 1]},
								"up": {"uv": [80, 94], "uv_size": [4, 2]},
								"down": {"uv": [94, 85], "uv_size": [4, -2]}
							}
						},
						{
							"origin": [-1.03, -3.1, -55.43],
							"size": [4.04, 4.4, 2.313],
							"pivot": [0, 11.11, -13.02],
							"rotation": [0, 0, 180],
							"uv": {
								"north": {"uv": [32, 90], "uv_size": [4, 4]},
								"east": {"uv": [42, 86], "uv_size": [2, 4]},
								"south": {"uv": [42, 90], "uv_size": [4, 4]},
								"west": {"uv": [73, 94], "uv_size": [2, 4]},
								"up": {"uv": [94, 85], "uv_size": [4, 2]},
								"down": {"uv": [94, 89], "uv_size": [4, -2]}
							}
						},
						{
							"origin": [-0.78, 0.65, -62.18],
							"size": [3.79, 0.525, 6.813],
							"pivot": [0, 11.985, -15.27],
							"rotation": [0, 0, 180],
							"uv": {
								"north": {"uv": [101, 36], "uv_size": [4, 1]},
								"east": {"uv": [68, 29], "uv_size": [7, 1]},
								"south": {"uv": [101, 60], "uv_size": [4, 1]},
								"west": {"uv": [92, 96], "uv_size": [7, 1]},
								"up": {"uv": [60, 83], "uv_size": [4, 7]},
								"down": {"uv": [68, 90], "uv_size": [4, -7]}
							}
						},
						{
							"origin": [12.76972, 32.76572, -55.4098],
							"size": [0.9899, 1.38586, 2.313],
							"pivot": [15.83842, 13.85861, -23.87841],
							"rotation": [0, 0, -45],
							"uv": {
								"north": {"uv": [19, 105], "uv_size": [1, 1]},
								"east": {"uv": [103, 11], "uv_size": [2, 1]},
								"south": {"uv": [105, 19], "uv_size": [1, 1]},
								"west": {"uv": [103, 12], "uv_size": [2, 1]},
								"up": {"uv": [13, 103], "uv_size": [1, 2]},
								"down": {"uv": [103, 15], "uv_size": [1, -2]}
							}
						},
						{
							"origin": [-1.9798, 25.73743, -55.4098],
							"size": [1.9798, 0.9899, 2.313],
							"uv": {
								"north": {"uv": [14, 103], "uv_size": [2, 1]},
								"east": {"uv": [103, 15], "uv_size": [2, 1]},
								"south": {"uv": [16, 103], "uv_size": [2, 1]},
								"west": {"uv": [103, 16], "uv_size": [2, 1]},
								"up": {"uv": [73, 98], "uv_size": [2, 2]},
								"down": {"uv": [76, 100], "uv_size": [2, -2]}
							}
						},
						{
							"origin": [-1.03, -3.21, -100.055],
							"size": [4.04, 3.81, 3.813],
							"pivot": [0, 11.11, -57.145],
							"rotation": [0, 0, 180],
							"uv": {
								"north": {"uv": [56, 90], "uv_size": [4, 4]},
								"east": {"uv": [90, 56], "uv_size": [4, 4]},
								"south": {"uv": [60, 90], "uv_size": [4, 4]},
								"west": {"uv": [68, 90], "uv_size": [4, 4]},
								"up": {"uv": [82, 90], "uv_size": [4, 4]},
								"down": {"uv": [90, 87], "uv_size": [4, -4]}
							}
						},
						{
							"origin": [-0.655, -2.835, -100.055],
							"size": [3.29, 0.435, 1.563],
							"pivot": [0, 11.485, -57.145],
							"rotation": [0, 0, 180],
							"uv": {
								"north": {"uv": [102, 53], "uv_size": [3, 1]},
								"east": {"uv": [45, 104], "uv_size": [2, 1]},
								"south": {"uv": [58, 102], "uv_size": [3, 1]},
								"west": {"uv": [47, 104], "uv_size": [2, 1]},
								"up": {"uv": [87, 83], "uv_size": [3, 2]},
								"down": {"uv": [89, 68], "uv_size": [3, -2]}
							}
						},
						{
							"origin": [12.76972, 32.44572, -98.5348],
							"size": [0.9899, 1.38586, 2.313],
							"pivot": [15.83842, 13.53861, -68.00341],
							"rotation": [0, 0, -45],
							"uv": {
								"north": {"uv": [105, 20], "uv_size": [1, 1]},
								"east": {"uv": [103, 19], "uv_size": [2, 1]},
								"south": {"uv": [105, 21], "uv_size": [1, 1]},
								"west": {"uv": [103, 20], "uv_size": [2, 1]},
								"up": {"uv": [103, 21], "uv_size": [1, 2]},
								"down": {"uv": [103, 25], "uv_size": [1, -2]}
							}
						},
						{
							"origin": [-1.9798, 25.41743, -98.5348],
							"size": [1.9798, 0.9899, 2.313],
							"uv": {
								"north": {"uv": [24, 103], "uv_size": [2, 1]},
								"east": {"uv": [103, 25], "uv_size": [2, 1]},
								"south": {"uv": [26, 103], "uv_size": [2, 1]},
								"west": {"uv": [103, 26], "uv_size": [2, 1]},
								"up": {"uv": [99, 20], "uv_size": [2, 2]},
								"down": {"uv": [99, 24], "uv_size": [2, -2]}
							}
						},
						{
							"origin": [-2.075, 23.91743, -110.0348],
							"size": [2.2, 2.2, 2.313],
							"uv": {
								"north": {"uv": [24, 99], "uv_size": [2, 2]},
								"east": {"uv": [26, 99], "uv_size": [2, 2]},
								"south": {"uv": [28, 99], "uv_size": [2, 2]},
								"west": {"uv": [30, 99], "uv_size": [2, 2]},
								"up": {"uv": [32, 99], "uv_size": [2, 2]},
								"down": {"uv": [34, 101], "uv_size": [2, -2]}
							}
						},
						{
							"origin": [-1.49, 24.54243, -109.9098],
							"size": [0.95, 2.2, 2.063],
							"uv": {
								"north": {"uv": [28, 103], "uv_size": [1, 2]},
								"east": {"uv": [40, 99], "uv_size": [2, 2]},
								"south": {"uv": [29, 103], "uv_size": [1, 2]},
								"west": {"uv": [42, 99], "uv_size": [2, 2]},
								"up": {"uv": [30, 103], "uv_size": [1, 2]},
								"down": {"uv": [31, 105], "uv_size": [1, -2]}
							}
						},
						{
							"origin": [-1.2298, 20.66743, -99.7848],
							"size": [0.4798, 0.9899, 2.313],
							"uv": {
								"north": {"uv": [22, 105], "uv_size": [1, 1]},
								"east": {"uv": [103, 27], "uv_size": [2, 1]},
								"south": {"uv": [105, 22], "uv_size": [1, 1]},
								"west": {"uv": [32, 103], "uv_size": [2, 1]},
								"up": {"uv": [34, 103], "uv_size": [1, 2]},
								"down": {"uv": [35, 105], "uv_size": [1, -2]}
							}
						},
						{
							"origin": [-1.2298, 20.54243, -55.4098],
							"size": [0.4798, 1.1149, 2.188],
							"uv": {
								"north": {"uv": [106, 58], "uv_size": [1, 1]},
								"east": {"uv": [104, 94], "uv_size": [2, 1]},
								"south": {"uv": [59, 106], "uv_size": [1, 1]},
								"west": {"uv": [95, 104], "uv_size": [2, 1]},
								"up": {"uv": [93, 104], "uv_size": [1, 2]},
								"down": {"uv": [97, 106], "uv_size": [1, -2]}
							}
						},
						{
							"origin": [-1.9798, 20.66743, -99.7948],
							"size": [1.9798, 0.4899, 2.35],
							"uv": {
								"north": {"uv": [39, 103], "uv_size": [2, 1]},
								"east": {"uv": [41, 103], "uv_size": [2, 1]},
								"south": {"uv": [43, 103], "uv_size": [2, 1]},
								"west": {"uv": [45, 103], "uv_size": [2, 1]},
								"up": {"uv": [44, 99], "uv_size": [2, 2]},
								"down": {"uv": [47, 101], "uv_size": [2, -2]}
							}
						},
						{
							"origin": [-13.71013, 27.52592, -98.5348],
							"size": [0.9899, 1.38586, 2.313],
							"pivot": [-10.88891, 13.53861, -68.00341],
							"rotation": [0, 0, 45],
							"uv": {
								"north": {"uv": [23, 105], "uv_size": [1, 1]},
								"east": {"uv": [47, 103], "uv_size": [2, 1]},
								"south": {"uv": [105, 23], "uv_size": [1, 1]},
								"west": {"uv": [49, 103], "uv_size": [2, 1]},
								"up": {"uv": [51, 103], "uv_size": [1, 2]},
								"down": {"uv": [52, 105], "uv_size": [1, -2]}
							}
						},
						{
							"origin": [12.76972, 32.44572, -100.0348],
							"size": [0.9899, 0.51086, 1.563],
							"pivot": [15.83842, 13.53861, -69.50341],
							"rotation": [0, 0, -45],
							"uv": {
								"north": {"uv": [61, 105], "uv_size": [1, 1]},
								"east": {"uv": [39, 104], "uv_size": [2, 1]},
								"south": {"uv": [105, 62], "uv_size": [1, 1]},
								"west": {"uv": [41, 104], "uv_size": [2, 1]},
								"up": {"uv": [43, 104], "uv_size": [1, 2]},
								"down": {"uv": [44, 106], "uv_size": [1, -2]}
							}
						},
						{
							"origin": [-13.71013, 27.52592, -100.0348],
							"size": [0.9899, 0.51086, 1.563],
							"pivot": [-10.88891, 13.53861, -69.50341],
							"rotation": [0, 0, 45],
							"uv": {
								"north": {"uv": [105, 59], "uv_size": [1, 1]},
								"east": {"uv": [37, 104], "uv_size": [2, 1]},
								"south": {"uv": [105, 60], "uv_size": [1, 1]},
								"west": {"uv": [104, 37], "uv_size": [2, 1]},
								"up": {"uv": [27, 104], "uv_size": [1, 2]},
								"down": {"uv": [104, 40], "uv_size": [1, -2]}
							}
						},
						{
							"origin": [-1.1, 24.25, -109.875],
							"size": [0.2, 3.275, 2],
							"uv": {
								"north": {"uv": [74, 56], "uv_size": [1, 3]},
								"east": {"uv": [40, 96], "uv_size": [2, 3]},
								"south": {"uv": [101, 62], "uv_size": [1, 3]},
								"west": {"uv": [0, 97], "uv_size": [2, 3]},
								"up": {"uv": [53, 103], "uv_size": [1, 2]},
								"down": {"uv": [54, 105], "uv_size": [1, -2]}
							}
						},
						{
							"origin": [-2, 24, -113.375],
							"size": [2, 2, 98.75],
							"uv": {
								"north": {"uv": [49, 99], "uv_size": [2, 2]},
								"east": {"uv": [8, 0], "uv_size": [99, 2]},
								"south": {"uv": [56, 99], "uv_size": [2, 2]},
								"west": {"uv": [8, 2], "uv_size": [99, 2]},
								"up": {"uv": [8, 4], "uv_size": [2, 99]},
								"down": {"uv": [10, 103], "uv_size": [2, -99]}
							}
						},
						{
							"origin": [-2, 24, -113.5],
							"size": [0.375, 2, 0.125],
							"uv": {
								"north": {"uv": [94, 103], "uv_size": [1, 2]},
								"east": {"uv": [6, 104], "uv_size": [1, 2]},
								"south": {"uv": [16, 104], "uv_size": [1, 2]},
								"west": {"uv": [17, 104], "uv_size": [1, 2]},
								"up": {"uv": [49, 105], "uv_size": [1, 1]},
								"down": {"uv": [105, 50], "uv_size": [1, -1]}
							}
						},
						{
							"origin": [-1.625, 25.625, -113.5],
							"size": [1.25, 0.375, 0.125],
							"uv": {
								"north": {"uv": [51, 105], "uv_size": [1, 1]},
								"east": {"uv": [105, 51], "uv_size": [1, 1]},
								"south": {"uv": [52, 105], "uv_size": [1, 1]},
								"west": {"uv": [105, 52], "uv_size": [1, 1]},
								"up": {"uv": [53, 105], "uv_size": [1, 1]},
								"down": {"uv": [105, 54], "uv_size": [1, -1]}
							}
						},
						{
							"origin": [-1.625, 24, -113.5],
							"size": [1.25, 0.375, 0.125],
							"uv": {
								"north": {"uv": [54, 105], "uv_size": [1, 1]},
								"east": {"uv": [105, 54], "uv_size": [1, 1]},
								"south": {"uv": [55, 105], "uv_size": [1, 1]},
								"west": {"uv": [105, 55], "uv_size": [1, 1]},
								"up": {"uv": [56, 105], "uv_size": [1, 1]},
								"down": {"uv": [105, 57], "uv_size": [1, -1]}
							}
						},
						{
							"origin": [-0.375, 24, -113.5],
							"size": [0.375, 2, 0.125],
							"uv": {
								"north": {"uv": [21, 104], "uv_size": [1, 2]},
								"east": {"uv": [104, 21], "uv_size": [1, 2]},
								"south": {"uv": [104, 23], "uv_size": [1, 2]},
								"west": {"uv": [24, 104], "uv_size": [1, 2]},
								"up": {"uv": [50, 105], "uv_size": [1, 1]},
								"down": {"uv": [105, 51], "uv_size": [1, -1]}
							}
						},
						{
							"origin": [-2.875, 12.475, 34.895],
							"size": [3.77, 11.525, 1],
							"pivot": [0, 8.75, -2.125],
							"rotation": [-5, 0, 0],
							"uv": {
								"north": {"uv": [56, 71], "uv_size": [4, 12]},
								"east": {"uv": [21, 92], "uv_size": [1, 12]},
								"south": {"uv": [60, 71], "uv_size": [4, 12]},
								"west": {"uv": [37, 92], "uv_size": [1, 12]},
								"up": {"uv": [99, 24], "uv_size": [4, 1]},
								"down": {"uv": [58, 100], "uv_size": [4, -1]}
							}
						},
						{
							"origin": [-3.25, 53.97, -77.775],
							"size": [4.5, 0.6, 0.6],
							"pivot": [-5.875, 43, -94.275],
							"rotation": [-135, 0, 0],
							"uv": {
								"north": {"uv": [47, 98], "uv_size": [5, 1]},
								"east": {"uv": [105, 24], "uv_size": [1, 1]},
								"south": {"uv": [98, 56], "uv_size": [5, 1]},
								"west": {"uv": [25, 105], "uv_size": [1, 1]},
								"up": {"uv": [98, 57], "uv_size": [5, 1]},
								"down": {"uv": [98, 59], "uv_size": [5, -1]}
							}
						},
						{
							"origin": [-3.25, 53.97, -33.9],
							"size": [4.5, 0.6, 0.6],
							"pivot": [-5.875, 43, -50.4],
							"rotation": [-135, 0, 0],
							"uv": {
								"north": {"uv": [98, 59], "uv_size": [5, 1]},
								"east": {"uv": [105, 25], "uv_size": [1, 1]},
								"south": {"uv": [80, 98], "uv_size": [5, 1]},
								"west": {"uv": [26, 105], "uv_size": [1, 1]},
								"up": {"uv": [98, 83], "uv_size": [5, 1]},
								"down": {"uv": [98, 85], "uv_size": [5, -1]}
							}
						},
						{
							"origin": [-1.625, 22, -110.5],
							"size": [1.125, 1, 3.125],
							"uv": {
								"north": {"uv": [105, 66], "uv_size": [1, 1]},
								"east": {"uv": [102, 62], "uv_size": [3, 1]},
								"south": {"uv": [105, 67], "uv_size": [1, 1]},
								"west": {"uv": [102, 63], "uv_size": [3, 1]},
								"up": {"uv": [19, 102], "uv_size": [1, 3]},
								"down": {"uv": [22, 105], "uv_size": [1, -3]}
							}
						},
						{
							"origin": [-1.375, 22.125, -109.5],
							"size": [0.75, 0.75, 9.375],
							"uv": {
								"north": {"uv": [105, 63], "uv_size": [1, 1]},
								"east": {"uv": [92, 36], "uv_size": [9, 1]},
								"south": {"uv": [105, 64], "uv_size": [1, 1]},
								"west": {"uv": [94, 27], "uv_size": [9, 1]},
								"up": {"uv": [68, 94], "uv_size": [1, 9]},
								"down": {"uv": [69, 103], "uv_size": [1, -9]}
							}
						}
					]
				},
				{
					"name": "TriggerMag",
					"parent": "Metal",
					"pivot": [0, 0, 12],
					"cubes": [
						{
							"origin": [-2.15, 47.85, 13],
							"size": [2.3, 1, 1.5],
							"pivot": [0, 37, -3.4],
							"rotation": [-102.5, 0, 0],
							"uv": {
								"north": {"uv": [103, 54], "uv_size": [2, 1]},
								"east": {"uv": [103, 55], "uv_size": [2, 1]},
								"south": {"uv": [103, 56], "uv_size": [2, 1]},
								"west": {"uv": [103, 57], "uv_size": [2, 1]},
								"up": {"uv": [99, 60], "uv_size": [2, 2]},
								"down": {"uv": [99, 64], "uv_size": [2, -2]}
							}
						},
						{
							"origin": [-2.15, 4, 28.3],
							"size": [2.3, 2, 1],
							"pivot": [0, 0, 9],
							"rotation": [85, 0, 0],
							"uv": {
								"north": {"uv": [99, 64], "uv_size": [2, 2]},
								"east": {"uv": [55, 103], "uv_size": [1, 2]},
								"south": {"uv": [80, 99], "uv_size": [2, 2]},
								"west": {"uv": [58, 103], "uv_size": [1, 2]},
								"up": {"uv": [103, 58], "uv_size": [2, 1]},
								"down": {"uv": [59, 104], "uv_size": [2, -1]}
							}
						},
						{
							"origin": [-2.1401, 6, 27.001],
							"size": [2.29, 1, 3],
							"pivot": [0, 0, 9],
							"rotation": [85, 0, 0],
							"uv": {
								"north": {"uv": [103, 59], "uv_size": [2, 1]},
								"east": {"uv": [101, 65], "uv_size": [3, 1]},
								"south": {"uv": [64, 103], "uv_size": [2, 1]},
								"west": {"uv": [80, 101], "uv_size": [3, 1]},
								"up": {"uv": [12, 97], "uv_size": [2, 3]},
								"down": {"uv": [14, 100], "uv_size": [2, -3]}
							}
						},
						{
							"origin": [-2.1401, 46.1, 29.9],
							"size": [2.29, 1, 1.6],
							"pivot": [0, 35, 13.6],
							"rotation": [-154, 0, 0],
							"uv": {
								"north": {"uv": [66, 103], "uv_size": [2, 1]},
								"east": {"uv": [103, 66], "uv_size": [2, 1]},
								"south": {"uv": [103, 67], "uv_size": [2, 1]},
								"west": {"uv": [68, 103], "uv_size": [2, 1]},
								"up": {"uv": [82, 99], "uv_size": [2, 2]},
								"down": {"uv": [84, 101], "uv_size": [2, -2]}
							}
						},
						{
							"origin": [-2.14, 45.97, 23.1],
							"size": [2.28, 1, 1.6],
							"pivot": [0, 35, 6.6],
							"rotation": [-154, 0, 0],
							"uv": {
								"north": {"uv": [103, 68], "uv_size": [2, 1]},
								"east": {"uv": [103, 69], "uv_size": [2, 1]},
								"south": {"uv": [103, 70], "uv_size": [2, 1]},
								"west": {"uv": [103, 71], "uv_size": [2, 1]},
								"up": {"uv": [86, 99], "uv_size": [2, 2]},
								"down": {"uv": [88, 101], "uv_size": [2, -2]}
							}
						},
						{
							"origin": [-2.25, 49.47, 17.475],
							"size": [2.5, 0.8, 0.8],
							"pivot": [-5.875, 38.5, 0.975],
							"rotation": [-135, 0, 0],
							"uv": {
								"north": {"uv": [83, 101], "uv_size": [3, 1]},
								"east": {"uv": [105, 26], "uv_size": [1, 1]},
								"south": {"uv": [86, 101], "uv_size": [3, 1]},
								"west": {"uv": [105, 27], "uv_size": [1, 1]},
								"up": {"uv": [94, 101], "uv_size": [3, 1]},
								"down": {"uv": [101, 96], "uv_size": [3, -1]}
							}
						},
						{
							"origin": [-2.25, 49.595, 6.725],
							"size": [2.5, 0.8, 0.8],
							"pivot": [-5.875, 38.625, -9.775],
							"rotation": [-135, 0, 0],
							"uv": {
								"north": {"uv": [101, 98], "uv_size": [3, 1]},
								"east": {"uv": [28, 105], "uv_size": [1, 1]},
								"south": {"uv": [99, 101], "uv_size": [3, 1]},
								"west": {"uv": [105, 28], "uv_size": [1, 1]},
								"up": {"uv": [101, 99], "uv_size": [3, 1]},
								"down": {"uv": [101, 101], "uv_size": [3, -1]}
							}
						},
						{
							"origin": [-2.14, 35.7, 24.9],
							"size": [2.28, 1, 9.6],
							"pivot": [0, 26, 10.6],
							"rotation": [176, 0, 0],
							"uv": {
								"north": {"uv": [75, 103], "uv_size": [2, 1]},
								"east": {"uv": [68, 66], "uv_size": [10, 1]},
								"south": {"uv": [80, 103], "uv_size": [2, 1]},
								"west": {"uv": [82, 70], "uv_size": [10, 1]},
								"up": {"uv": [6, 84], "uv_size": [2, 10]},
								"down": {"uv": [40, 96], "uv_size": [2, -10]}
							}
						},
						{
							"origin": [-2.1401, 30.3, 34.4],
							"size": [2.29, 1, 1.6],
							"pivot": [0, 19, 18.6],
							"rotation": [150, 0, 0],
							"uv": {
								"north": {"uv": [103, 80], "uv_size": [2, 1]},
								"east": {"uv": [82, 103], "uv_size": [2, 1]},
								"south": {"uv": [103, 83], "uv_size": [2, 1]},
								"west": {"uv": [84, 103], "uv_size": [2, 1]},
								"up": {"uv": [94, 99], "uv_size": [2, 2]},
								"down": {"uv": [96, 101], "uv_size": [2, -2]}
							}
						},
						{
							"origin": [-2.15, 7.2, 34.27],
							"size": [2.3, 4, 1],
							"pivot": [0, -4, 14],
							"rotation": [90, 0, 0],
							"uv": {
								"north": {"uv": [84, 94], "uv_size": [2, 4]},
								"east": {"uv": [51, 99], "uv_size": [1, 4]},
								"south": {"uv": [94, 89], "uv_size": [2, 4]},
								"west": {"uv": [98, 99], "uv_size": [1, 4]},
								"up": {"uv": [103, 84], "uv_size": [2, 1]},
								"down": {"uv": [103, 86], "uv_size": [2, -1]}
							}
						},
						{
							"origin": [-2.15, 15, 28.6],
							"size": [2.3, 2, 2],
							"pivot": [0, 4, 12.6],
							"rotation": [102.5, 0, 0],
							"uv": {
								"north": {"uv": [99, 99], "uv_size": [2, 2]},
								"east": {"uv": [0, 100], "uv_size": [2, 2]},
								"south": {"uv": [100, 4], "uv_size": [2, 2]},
								"west": {"uv": [12, 100], "uv_size": [2, 2]},
								"up": {"uv": [14, 100], "uv_size": [2, 2]},
								"down": {"uv": [16, 102], "uv_size": [2, -2]}
							}
						},
						{
							"origin": [-2.1401, 13.65, 20.95],
							"size": [2.29, 1, 4],
							"pivot": [0, 3, 2.6],
							"rotation": [107.5, 0, 0],
							"uv": {
								"north": {"uv": [86, 103], "uv_size": [2, 1]},
								"east": {"uv": [99, 96], "uv_size": [4, 1]},
								"south": {"uv": [90, 103], "uv_size": [2, 1]},
								"west": {"uv": [100, 31], "uv_size": [4, 1]},
								"up": {"uv": [95, 14], "uv_size": [2, 4]},
								"down": {"uv": [95, 25], "uv_size": [2, -4]}
							}
						},
						{
							"origin": [-2.15, 11, 28.001],
							"size": [2.3, 1, 3],
							"pivot": [0, 0, 9],
							"rotation": [90, 0, 0],
							"uv": {
								"north": {"uv": [92, 103], "uv_size": [2, 1]},
								"east": {"uv": [102, 4], "uv_size": [3, 1]},
								"south": {"uv": [103, 96], "uv_size": [2, 1]},
								"west": {"uv": [102, 5], "uv_size": [3, 1]},
								"up": {"uv": [97, 14], "uv_size": [2, 3]},
								"down": {"uv": [16, 100], "uv_size": [2, -3]}
							}
						},
						{
							"origin": [-2, -0.375, 34.3],
							"size": [1.5, 0.7, 1.5],
							"pivot": [0, -2, 11.25],
							"rotation": [110, 0, 0],
							"uv": {
								"north": {"uv": [98, 103], "uv_size": [2, 1]},
								"east": {"uv": [100, 103], "uv_size": [2, 1]},
								"south": {"uv": [102, 103], "uv_size": [2, 1]},
								"west": {"uv": [103, 102], "uv_size": [2, 1]},
								"up": {"uv": [18, 100], "uv_size": [2, 2]},
								"down": {"uv": [100, 34], "uv_size": [2, -2]}
							}
						},
						{
							"origin": [-2, 12.625, 27.55],
							"size": [1.5, 0.7, 1.625],
							"pivot": [0, -2, 11.25],
							"rotation": [75, 0, 0],
							"uv": {
								"north": {"uv": [104, 14], "uv_size": [2, 1]},
								"east": {"uv": [25, 104], "uv_size": [2, 1]},
								"south": {"uv": [104, 29], "uv_size": [2, 1]},
								"west": {"uv": [104, 30], "uv_size": [2, 1]},
								"up": {"uv": [100, 74], "uv_size": [2, 2]},
								"down": {"uv": [76, 102], "uv_size": [2, -2]}
							}
						},
						{
							"origin": [-2.15, 12, 16.9],
							"size": [2.3, 2, 1],
							"pivot": [0, 0, -3],
							"rotation": [90, 0, 0],
							"uv": {
								"north": {"uv": [100, 40], "uv_size": [2, 2]},
								"east": {"uv": [77, 103], "uv_size": [1, 2]},
								"south": {"uv": [100, 43], "uv_size": [2, 2]},
								"west": {"uv": [88, 103], "uv_size": [1, 2]},
								"up": {"uv": [2, 104], "uv_size": [2, 1]},
								"down": {"uv": [4, 105], "uv_size": [2, -1]}
							}
						},
						{
							"origin": [-2.15, -6.875, 16.65],
							"size": [2.3, 5.875, 1.25],
							"pivot": [0, 0, -3],
							"rotation": [90, 0, 0],
							"uv": {
								"north": {"uv": [76, 92], "uv_size": [2, 6]},
								"east": {"uv": [23, 96], "uv_size": [1, 6]},
								"south": {"uv": [92, 87], "uv_size": [2, 6]},
								"west": {"uv": [75, 97], "uv_size": [1, 6]},
								"up": {"uv": [104, 31], "uv_size": [2, 1]},
								"down": {"uv": [32, 105], "uv_size": [2, -1]}
							}
						},
						{
							"origin": [-2.15, 17, -13.999],
							"size": [2.3, 3, 11],
							"uv": {
								"north": {"uv": [18, 97], "uv_size": [2, 3]},
								"east": {"uv": [79, 56], "uv_size": [11, 3]},
								"south": {"uv": [97, 19], "uv_size": [2, 3]},
								"west": {"uv": [79, 59], "uv_size": [11, 3]},
								"up": {"uv": [73, 83], "uv_size": [2, 11]},
								"down": {"uv": [80, 94], "uv_size": [2, -11]}
							}
						}
					]
				},
				{
					"name": "Sight",
					"parent": "TriggerMag",
					"pivot": [0, 0, 6.375],
					"cubes": [
						{
							"origin": [-2.26, 25, -32.75],
							"size": [2.52, 1.875, 9.5],
							"uv": {
								"north": {"uv": [97, 81], "uv_size": [3, 2]},
								"east": {"uv": [84, 27], "uv_size": [10, 2]},
								"south": {"uv": [94, 97], "uv_size": [3, 2]},
								"west": {"uv": [87, 19], "uv_size": [10, 2]},
								"up": {"uv": [80, 73], "uv_size": [3, 10]},
								"down": {"uv": [76, 92], "uv_size": [3, -10]}
							}
						},
						{
							"origin": [-2.385, 26.625, -31.375],
							"size": [2.395, 0.375, 8],
							"uv": {
								"north": {"uv": [91, 104], "uv_size": [2, 1]},
								"east": {"uv": [96, 35], "uv_size": [8, 1]},
								"south": {"uv": [104, 93], "uv_size": [2, 1]},
								"west": {"uv": [96, 52], "uv_size": [8, 1]},
								"up": {"uv": [30, 91], "uv_size": [2, 8]},
								"down": {"uv": [92, 12], "uv_size": [2, -8]}
							}
						},
						{
							"origin": [-0.75, 13.25, -50.5],
							"size": [1, 0.875, 0.25],
							"pivot": [0, -12.5, -20.625],
							"rotation": [-45, 0, 0],
							"uv": {
								"north": {"uv": [31, 106], "uv_size": [1, 1]},
								"east": {"uv": [106, 31], "uv_size": [1, 1]},
								"south": {"uv": [32, 106], "uv_size": [1, 1]},
								"west": {"uv": [106, 32], "uv_size": [1, 1]},
								"up": {"uv": [33, 106], "uv_size": [1, 1]},
								"down": {"uv": [106, 34], "uv_size": [1, -1]}
							}
						},
						{
							"origin": [-2.375, 13.25, -50.5],
							"size": [1.125, 0.875, 0.25],
							"pivot": [0, -12.5, -20.625],
							"rotation": [-45, 0, 0],
							"uv": {
								"north": {"uv": [34, 106], "uv_size": [1, 1]},
								"east": {"uv": [106, 34], "uv_size": [1, 1]},
								"south": {"uv": [35, 106], "uv_size": [1, 1]},
								"west": {"uv": [106, 35], "uv_size": [1, 1]},
								"up": {"uv": [106, 36], "uv_size": [1, 1]},
								"down": {"uv": [37, 107], "uv_size": [1, -1]}
							}
						},
						{
							"origin": [-1.25, 13.25, -50.5],
							"size": [0.5, 0.5, 0.25],
							"pivot": [0.5, -12.5, -20.625],
							"rotation": [-45, 0, 0],
							"uv": {
								"north": {"uv": [106, 37], "uv_size": [1, 1]},
								"east": {"uv": [38, 106], "uv_size": [1, 1]},
								"south": {"uv": [106, 38], "uv_size": [1, 1]},
								"west": {"uv": [39, 106], "uv_size": [1, 1]},
								"up": {"uv": [106, 39], "uv_size": [1, 1]},
								"down": {"uv": [40, 107], "uv_size": [1, -1]}
							}
						},
						{
							"origin": [-1.25, 13.25, -50.75],
							"size": [0.5, 0.75, 0.125],
							"pivot": [0.5, -12.5, -21],
							"rotation": [-45, 0, 0],
							"uv": {
								"north": {"uv": [47, 106], "uv_size": [1, 1]},
								"east": {"uv": [48, 106], "uv_size": [1, 1]},
								"south": {"uv": [106, 48], "uv_size": [1, 1]},
								"west": {"uv": [49, 106], "uv_size": [1, 1]},
								"up": {"uv": [106, 49], "uv_size": [1, 1]},
								"down": {"uv": [50, 107], "uv_size": [1, -1]}
							}
						},
						{
							"origin": [-0.75, 13.25, -50.75],
							"size": [1, 1.125, 0.125],
							"pivot": [0, -12.5, -21],
							"rotation": [-45, 0, 0],
							"uv": {
								"north": {"uv": [106, 43], "uv_size": [1, 1]},
								"east": {"uv": [44, 106], "uv_size": [1, 1]},
								"south": {"uv": [106, 44], "uv_size": [1, 1]},
								"west": {"uv": [45, 106], "uv_size": [1, 1]},
								"up": {"uv": [106, 45], "uv_size": [1, 1]},
								"down": {"uv": [46, 107], "uv_size": [1, -1]}
							}
						},
						{
							"origin": [-2.375, 13.25, -50.75],
							"size": [1.125, 1.125, 0.125],
							"pivot": [0, -12.5, -21],
							"rotation": [-45, 0, 0],
							"uv": {
								"north": {"uv": [106, 40], "uv_size": [1, 1]},
								"east": {"uv": [41, 106], "uv_size": [1, 1]},
								"south": {"uv": [106, 41], "uv_size": [1, 1]},
								"west": {"uv": [42, 106], "uv_size": [1, 1]},
								"up": {"uv": [106, 42], "uv_size": [1, 1]},
								"down": {"uv": [43, 107], "uv_size": [1, -1]}
							}
						},
						{
							"origin": [-2.24, -2.75, -36.875],
							"size": [0.25, 1.795, 0.575],
							"pivot": [2.625, 20.25, -57.125],
							"rotation": [60, 0, 0],
							"uv": {
								"north": {"uv": [75, 104], "uv_size": [1, 2]},
								"east": {"uv": [76, 104], "uv_size": [1, 2]},
								"south": {"uv": [104, 76], "uv_size": [1, 2]},
								"west": {"uv": [78, 104], "uv_size": [1, 2]},
								"up": {"uv": [7, 106], "uv_size": [1, 1]},
								"down": {"uv": [106, 8], "uv_size": [1, -1]}
							}
						},
						{
							"origin": [-2.239, -14.15, -35.525],
							"size": [0.25, 2.295, 0.575],
							"pivot": [2.625, 10.625, -55.875],
							"rotation": [81.5, 0, 0],
							"uv": {
								"north": {"uv": [104, 78], "uv_size": [1, 2]},
								"east": {"uv": [80, 104], "uv_size": [1, 2]},
								"south": {"uv": [81, 104], "uv_size": [1, 2]},
								"west": {"uv": [104, 81], "uv_size": [1, 2]},
								"up": {"uv": [14, 106], "uv_size": [1, 1]},
								"down": {"uv": [106, 15], "uv_size": [1, -1]}
							}
						},
						{
							"origin": [-2.24, 26.75, -31.8],
							"size": [0.25, 1.25, 1.25],
							"uv": {
								"north": {"uv": [8, 106], "uv_size": [1, 1]},
								"east": {"uv": [106, 8], "uv_size": [1, 1]},
								"south": {"uv": [9, 106], "uv_size": [1, 1]},
								"west": {"uv": [106, 9], "uv_size": [1, 1]},
								"up": {"uv": [10, 106], "uv_size": [1, 1]},
								"down": {"uv": [106, 11], "uv_size": [1, -1]}
							}
						},
						{
							"origin": [-2.24, 26.75, -30.6],
							"size": [0.25, 0.75, 2.575],
							"uv": {
								"north": {"uv": [15, 106], "uv_size": [1, 1]},
								"east": {"uv": [102, 75], "uv_size": [3, 1]},
								"south": {"uv": [106, 15], "uv_size": [1, 1]},
								"west": {"uv": [80, 102], "uv_size": [3, 1]},
								"up": {"uv": [70, 102], "uv_size": [1, 3]},
								"down": {"uv": [71, 105], "uv_size": [1, -3]}
							}
						},
						{
							"origin": [-2.24, 26.75, -32.1],
							"size": [0.25, 0.5, 0.325],
							"uv": {
								"north": {"uv": [16, 106], "uv_size": [1, 1]},
								"east": {"uv": [106, 16], "uv_size": [1, 1]},
								"south": {"uv": [17, 106], "uv_size": [1, 1]},
								"west": {"uv": [106, 17], "uv_size": [1, 1]},
								"up": {"uv": [18, 106], "uv_size": [1, 1]},
								"down": {"uv": [106, 19], "uv_size": [1, -1]}
							}
						},
						{
							"origin": [-2.239, 31, -54.125],
							"size": [0.25, 1.42, 0.575],
							"pivot": [2.625, 1.5, -48.625],
							"rotation": [-42.5, 0, 0],
							"uv": {
								"north": {"uv": [11, 106], "uv_size": [1, 1]},
								"east": {"uv": [106, 11], "uv_size": [1, 1]},
								"south": {"uv": [12, 106], "uv_size": [1, 1]},
								"west": {"uv": [106, 12], "uv_size": [1, 1]},
								"up": {"uv": [13, 106], "uv_size": [1, 1]},
								"down": {"uv": [106, 14], "uv_size": [1, -1]}
							}
						},
						{
							"origin": [-0.0101, -2.75, -36.875],
							"size": [0.25, 1.795, 0.575],
							"pivot": [4.875, 20.25, -57.125],
							"rotation": [60, 0, 0],
							"uv": {
								"north": {"uv": [86, 104], "uv_size": [1, 2]},
								"east": {"uv": [87, 104], "uv_size": [1, 2]},
								"south": {"uv": [89, 104], "uv_size": [1, 2]},
								"west": {"uv": [90, 104], "uv_size": [1, 2]},
								"up": {"uv": [30, 106], "uv_size": [1, 1]},
								"down": {"uv": [106, 31], "uv_size": [1, -1]}
							}
						},
						{
							"origin": [-0.0101, 26.75, -31.8],
							"size": [0.25, 1.25, 1.25],
							"uv": {
								"north": {"uv": [27, 106], "uv_size": [1, 1]},
								"east": {"uv": [106, 27], "uv_size": [1, 1]},
								"south": {"uv": [28, 106], "uv_size": [1, 1]},
								"west": {"uv": [106, 28], "uv_size": [1, 1]},
								"up": {"uv": [29, 106], "uv_size": [1, 1]},
								"down": {"uv": [106, 30], "uv_size": [1, -1]}
							}
						},
						{
							"origin": [-0.0102, 31, -54.125],
							"size": [0.25, 1.42, 0.575],
							"pivot": [4.875, 1.5, -48.625],
							"rotation": [-42.5, 0, 0],
							"uv": {
								"north": {"uv": [24, 106], "uv_size": [1, 1]},
								"east": {"uv": [106, 24], "uv_size": [1, 1]},
								"south": {"uv": [25, 106], "uv_size": [1, 1]},
								"west": {"uv": [106, 25], "uv_size": [1, 1]},
								"up": {"uv": [26, 106], "uv_size": [1, 1]},
								"down": {"uv": [106, 27], "uv_size": [1, -1]}
							}
						},
						{
							"origin": [-0.0102, -14.15, -35.525],
							"size": [0.25, 2.295, 0.575],
							"pivot": [4.875, 10.625, -55.875],
							"rotation": [81.5, 0, 0],
							"uv": {
								"north": {"uv": [82, 104], "uv_size": [1, 2]},
								"east": {"uv": [83, 104], "uv_size": [1, 2]},
								"south": {"uv": [84, 104], "uv_size": [1, 2]},
								"west": {"uv": [85, 104], "uv_size": [1, 2]},
								"up": {"uv": [23, 106], "uv_size": [1, 1]},
								"down": {"uv": [106, 24], "uv_size": [1, -1]}
							}
						},
						{
							"origin": [-0.0101, 26.75, -30.6],
							"size": [0.25, 0.75, 2.575],
							"uv": {
								"north": {"uv": [22, 106], "uv_size": [1, 1]},
								"east": {"uv": [83, 102], "uv_size": [3, 1]},
								"south": {"uv": [106, 22], "uv_size": [1, 1]},
								"west": {"uv": [86, 102], "uv_size": [3, 1]},
								"up": {"uv": [73, 102], "uv_size": [1, 3]},
								"down": {"uv": [74, 105], "uv_size": [1, -3]}
							}
						},
						{
							"origin": [-0.0101, 26.75, -32.1],
							"size": [0.25, 0.5, 0.325],
							"uv": {
								"north": {"uv": [19, 106], "uv_size": [1, 1]},
								"east": {"uv": [106, 19], "uv_size": [1, 1]},
								"south": {"uv": [20, 106], "uv_size": [1, 1]},
								"west": {"uv": [106, 20], "uv_size": [1, 1]},
								"up": {"uv": [21, 106], "uv_size": [1, 1]},
								"down": {"uv": [106, 22], "uv_size": [1, -1]}
							}
						},
						{
							"origin": [-2.45, 11.325, -60.725],
							"size": [3.1, 0.525, 0.525],
							"pivot": [0.25, -15.875, -27.5],
							"rotation": [-45, 0, 0],
							"uv": {
								"north": {"uv": [102, 86], "uv_size": [3, 1]},
								"east": {"uv": [106, 50], "uv_size": [1, 1]},
								"south": {"uv": [102, 87], "uv_size": [3, 1]},
								"west": {"uv": [51, 106], "uv_size": [1, 1]},
								"up": {"uv": [102, 88], "uv_size": [3, 1]},
								"down": {"uv": [102, 90], "uv_size": [3, -1]}
							}
						},
						{
							"origin": [-2.45, 10.575, -53.475],
							"size": [2.85, 0.525, 0.525],
							"pivot": [0.25, -16.625, -20.25],
							"rotation": [-45, 0, 0],
							"uv": {
								"north": {"uv": [102, 90], "uv_size": [3, 1]},
								"east": {"uv": [106, 57], "uv_size": [1, 1]},
								"south": {"uv": [102, 91], "uv_size": [3, 1]},
								"west": {"uv": [58, 106], "uv_size": [1, 1]},
								"up": {"uv": [92, 102], "uv_size": [3, 1]},
								"down": {"uv": [102, 93], "uv_size": [3, -1]}
							}
						},
						{
							"origin": [0.475, 11.075, -61.1],
							"size": [0.475, 1.25, 1.25],
							"pivot": [0, -15.75, -27.625],
							"rotation": [-45, 0, 0],
							"uv": {
								"north": {"uv": [106, 51], "uv_size": [1, 1]},
								"east": {"uv": [52, 106], "uv_size": [1, 1]},
								"south": {"uv": [106, 52], "uv_size": [1, 1]},
								"west": {"uv": [53, 106], "uv_size": [1, 1]},
								"up": {"uv": [106, 53], "uv_size": [1, 1]},
								"down": {"uv": [54, 107], "uv_size": [1, -1]}
							}
						},
						{
							"origin": [0.725, 11.325, -60.85],
							"size": [0.35, 0.75, 0.75],
							"pivot": [0.125, -15.75, -27.625],
							"rotation": [-45, 0, 0],
							"uv": {
								"north": {"uv": [106, 54], "uv_size": [1, 1]},
								"east": {"uv": [55, 106], "uv_size": [1, 1]},
								"south": {"uv": [106, 55], "uv_size": [1, 1]},
								"west": {"uv": [56, 106], "uv_size": [1, 1]},
								"up": {"uv": [106, 56], "uv_size": [1, 1]},
								"down": {"uv": [57, 107], "uv_size": [1, -1]}
							}
						}
					]
				},
				{
					"name": "Bolt",
					"parent": "gun",
					"pivot": [0, 0, -2],
					"cubes": [
						{
							"origin": [8.125, 28.3, 2.99],
							"size": [1.625, 1.625, 2.342],
							"pivot": [8, 15.465, 16.6],
							"rotation": [0, 0, -45],
							"uv": {
								"north": {"uv": [92, 100], "uv_size": [2, 2]},
								"east": {"uv": [101, 20], "uv_size": [2, 2]},
								"south": {"uv": [101, 22], "uv_size": [2, 2]},
								"west": {"uv": [24, 101], "uv_size": [2, 2]},
								"up": {"uv": [26, 101], "uv_size": [2, 2]},
								"down": {"uv": [28, 103], "uv_size": [2, -2]}
							}
						},
						{
							"origin": [8.25, 28.425, 0.115],
							"size": [1.375, 1.375, 2.967],
							"pivot": [8, 15.465, 13.725],
							"rotation": [0, 0, -45],
							"uv": {
								"north": {"uv": [31, 105], "uv_size": [1, 1]},
								"east": {"uv": [12, 102], "uv_size": [3, 1]},
								"south": {"uv": [32, 105], "uv_size": [1, 1]},
								"west": {"uv": [15, 102], "uv_size": [3, 1]},
								"up": {"uv": [89, 101], "uv_size": [1, 3]},
								"down": {"uv": [97, 104], "uv_size": [1, -3]}
							}
						},
						{
							"origin": [8.125, 28.3, 5.615],
							"size": [1.625, 1.625, 0.342],
							"pivot": [8, 15.465, 17.225],
							"rotation": [0, 0, -45],
							"uv": {
								"north": {"uv": [47, 101], "uv_size": [2, 2]},
								"east": {"uv": [68, 104], "uv_size": [1, 2]},
								"south": {"uv": [49, 101], "uv_size": [2, 2]},
								"west": {"uv": [69, 104], "uv_size": [1, 2]},
								"up": {"uv": [104, 61], "uv_size": [2, 1]},
								"down": {"uv": [104, 66], "uv_size": [2, -1]}
							}
						},
						{
							"origin": [8.375, 28.55, 5.365],
							"size": [1.125, 1.125, 0.717],
							"pivot": [8, 15.465, 16.975],
							"rotation": [0, 0, -45],
							"uv": {
								"north": {"uv": [105, 76], "uv_size": [1, 1]},
								"east": {"uv": [77, 105], "uv_size": [1, 1]},
								"south": {"uv": [105, 77], "uv_size": [1, 1]},
								"west": {"uv": [105, 78], "uv_size": [1, 1]},
								"up": {"uv": [105, 79], "uv_size": [1, 1]},
								"down": {"uv": [105, 81], "uv_size": [1, -1]}
							}
						},
						{
							"origin": [8.75, 28.925, 5.49],
							"size": [0.375, 0.375, 0.717],
							"pivot": [8, 15.465, 16.975],
							"rotation": [0, 0, -45],
							"uv": {
								"north": {"uv": [4, 106], "uv_size": [1, 1]},
								"east": {"uv": [106, 4], "uv_size": [1, 1]},
								"south": {"uv": [5, 106], "uv_size": [1, 1]},
								"west": {"uv": [106, 5], "uv_size": [1, 1]},
								"up": {"uv": [6, 106], "uv_size": [1, 1]},
								"down": {"uv": [106, 7], "uv_size": [1, -1]}
							}
						},
						{
							"origin": [-0.125, 25.3, 0.125],
							"size": [0.625, 1, 4.175],
							"uv": {
								"north": {"uv": [105, 81], "uv_size": [1, 1]},
								"east": {"uv": [100, 82], "uv_size": [4, 1]},
								"south": {"uv": [105, 82], "uv_size": [1, 1]},
								"west": {"uv": [101, 18], "uv_size": [4, 1]},
								"up": {"uv": [56, 101], "uv_size": [1, 4]},
								"down": {"uv": [57, 105], "uv_size": [1, -4]}
							}
						},
						{
							"origin": [-2, 24.8, -3],
							"size": [2, 2, 4.925],
							"uv": {
								"north": {"uv": [100, 89], "uv_size": [2, 2]},
								"east": {"uv": [78, 43], "uv_size": [18, 2]},
								"south": {"uv": [100, 91], "uv_size": [2, 2]},
								"west": {"uv": [79, 31], "uv_size": [18, 2]},
								"up": {"uv": [37, 74], "uv_size": [2, 18]},
								"down": {"uv": [0, 97], "uv_size": [2, -18]}
							}
						}
					]
				},
				{
					"name": "Bolt2",
					"parent": "Bolt",
					"pivot": [-1, 25.89214, -4.79817],
					"cubes": [
						{
							"origin": [-2, 24.8, -13.25],
							"size": [2, 2, 10.3],
							"uv": {
								"north": {"uv": [100, 89], "uv_size": [2, 2]},
								"east": {"uv": [78, 43], "uv_size": [18, 2]},
								"south": {"uv": [100, 91], "uv_size": [2, 2]},
								"west": {"uv": [79, 31], "uv_size": [18, 2]},
								"up": {"uv": [37, 74], "uv_size": [2, 18]},
								"down": {"uv": [0, 97], "uv_size": [2, -18]}
							}
						},
						{
							"origin": [-2.125, 25.06, -4.625],
							"size": [0.875, 1.73, 1.3],
							"pivot": [-1.25, 0, -0.375],
							"rotation": [0, 15, 0],
							"uv": {
								"north": {"uv": [59, 104], "uv_size": [1, 2]},
								"east": {"uv": [60, 104], "uv_size": [1, 2]},
								"south": {"uv": [62, 104], "uv_size": [1, 2]},
								"west": {"uv": [63, 104], "uv_size": [1, 2]},
								"up": {"uv": [105, 73], "uv_size": [1, 1]},
								"down": {"uv": [74, 106], "uv_size": [1, -1]}
							}
						},
						{
							"origin": [-5.125, 25.25, -4.925],
							"size": [4.125, 1.3, 1.3],
							"uv": {
								"north": {"uv": [100, 34], "uv_size": [4, 1]},
								"east": {"uv": [29, 105], "uv_size": [1, 1]},
								"south": {"uv": [100, 48], "uv_size": [4, 1]},
								"west": {"uv": [30, 105], "uv_size": [1, 1]},
								"up": {"uv": [100, 49], "uv_size": [4, 1]},
								"down": {"uv": [100, 51], "uv_size": [4, -1]}
							}
						},
						{
							"origin": [-7.625, 25.375, -4.8],
							"size": [2.5, 1.05, 1.05],
							"uv": {
								"north": {"uv": [102, 64], "uv_size": [3, 1]},
								"east": {"uv": [2, 106], "uv_size": [1, 1]},
								"south": {"uv": [102, 72], "uv_size": [3, 1]},
								"west": {"uv": [3, 106], "uv_size": [1, 1]},
								"up": {"uv": [102, 73], "uv_size": [3, 1]},
								"down": {"uv": [102, 75], "uv_size": [3, -1]}
							}
						},
						{
							"origin": [-4, 25.06, -5.375],
							"size": [0.875, 1.73, 1.3],
							"pivot": [-3.125, 0, -1.125],
							"rotation": [0, -15, 0],
							"uv": {
								"north": {"uv": [64, 104], "uv_size": [1, 2]},
								"east": {"uv": [65, 104], "uv_size": [1, 2]},
								"south": {"uv": [66, 104], "uv_size": [1, 2]},
								"west": {"uv": [67, 104], "uv_size": [1, 2]},
								"up": {"uv": [105, 74], "uv_size": [1, 1]},
								"down": {"uv": [105, 76], "uv_size": [1, -1]}
							}
						},
						{
							"origin": [-2.875, 25.05, -5.625],
							"size": [0.875, 1.75, 2.675],
							"uv": {
								"north": {"uv": [104, 49], "uv_size": [1, 2]},
								"east": {"uv": [90, 60], "uv_size": [3, 2]},
								"south": {"uv": [104, 51], "uv_size": [1, 2]},
								"west": {"uv": [97, 31], "uv_size": [3, 2]},
								"up": {"uv": [23, 102], "uv_size": [1, 3]},
								"down": {"uv": [61, 105], "uv_size": [1, -3]}
							}
						},
						{
							"origin": [-9.535, 24.87, -5.195],
							"size": [2, 2, 2],
							"uv": {
								"north": {"uv": [30, 101], "uv_size": [2, 2]},
								"east": {"uv": [32, 101], "uv_size": [2, 2]},
								"south": {"uv": [34, 101], "uv_size": [2, 2]},
								"west": {"uv": [40, 101], "uv_size": [2, 2]},
								"up": {"uv": [42, 101], "uv_size": [2, 2]},
								"down": {"uv": [44, 103], "uv_size": [2, -2]}
							}
						}
					]
				},
				{
					"name": "Bolt3",
					"parent": "Bolt",
					"pivot": [7.25, 15.59, 13.725],
					"cubes": [
						{
							"origin": [8.125, 29.925, 2.24],
							"size": [0.75, 1.125, 0.467],
							"pivot": [7.25, 15.59, 13.725],
							"rotation": [0, 0, -45],
							"uv": {
								"north": {"uv": [105, 92], "uv_size": [1, 1]},
								"east": {"uv": [94, 105], "uv_size": [1, 1]},
								"south": {"uv": [95, 105], "uv_size": [1, 1]},
								"west": {"uv": [105, 95], "uv_size": [1, 1]},
								"up": {"uv": [96, 105], "uv_size": [1, 1]},
								"down": {"uv": [105, 97], "uv_size": [1, -1]}
							}
						},
						{
							"origin": [8.875, 30.675, 2.24],
							"size": [0.125, 0.375, 0.467],
							"pivot": [7.25, 15.59, 13.725],
							"rotation": [0, 0, -45],
							"uv": {
								"north": {"uv": [105, 88], "uv_size": [1, 1]},
								"east": {"uv": [105, 89], "uv_size": [1, 1]},
								"south": {"uv": [105, 90], "uv_size": [1, 1]},
								"west": {"uv": [91, 105], "uv_size": [1, 1]},
								"up": {"uv": [105, 91], "uv_size": [1, 1]},
								"down": {"uv": [92, 106], "uv_size": [1, -1]}
							}
						},
						{
							"origin": [7.875, 28.55, 2.24],
							"size": [1.125, 1.375, 0.467],
							"pivot": [7.25, 15.59, 13.725],
							"rotation": [0, 0, -45],
							"uv": {
								"north": {"uv": [105, 83], "uv_size": [1, 1]},
								"east": {"uv": [105, 84], "uv_size": [1, 1]},
								"south": {"uv": [105, 85], "uv_size": [1, 1]},
								"west": {"uv": [105, 86], "uv_size": [1, 1]},
								"up": {"uv": [105, 87], "uv_size": [1, 1]},
								"down": {"uv": [88, 106], "uv_size": [1, -1]}
							}
						},
						{
							"origin": [17.25, 24.925, 2.24],
							"size": [0.625, 0.375, 0.467],
							"pivot": [7.25, 15.59, 13.725],
							"rotation": [0, 0, -90],
							"uv": {
								"north": {"uv": [105, 100], "uv_size": [1, 1]},
								"east": {"uv": [101, 105], "uv_size": [1, 1]},
								"south": {"uv": [105, 101], "uv_size": [1, 1]},
								"west": {"uv": [102, 105], "uv_size": [1, 1]},
								"up": {"uv": [105, 102], "uv_size": [1, 1]},
								"down": {"uv": [103, 106], "uv_size": [1, -1]}
							}
						},
						{
							"origin": [7.5, 28.925, 2.24],
							"size": [0.375, 0.625, 0.467],
							"pivot": [7.25, 15.59, 13.725],
							"rotation": [0, 0, -45],
							"uv": {
								"north": {"uv": [105, 97], "uv_size": [1, 1]},
								"east": {"uv": [98, 105], "uv_size": [1, 1]},
								"south": {"uv": [105, 98], "uv_size": [1, 1]},
								"west": {"uv": [99, 105], "uv_size": [1, 1]},
								"up": {"uv": [105, 99], "uv_size": [1, 1]},
								"down": {"uv": [100, 106], "uv_size": [1, -1]}
							}
						},
						{
							"origin": [-2, 25.175, 2.24],
							"size": [0.625, 0.375, 0.467],
							"uv": {
								"north": {"uv": [105, 103], "uv_size": [1, 1]},
								"east": {"uv": [104, 105], "uv_size": [1, 1]},
								"south": {"uv": [105, 104], "uv_size": [1, 1]},
								"west": {"uv": [105, 105], "uv_size": [1, 1]},
								"up": {"uv": [0, 106], "uv_size": [1, 1]},
								"down": {"uv": [1, 107], "uv_size": [1, -1]}
							}
						}
					]
				},
				{
					"name": "bullet",
					"parent": "main",
					"pivot": [-0.15, 30.15, -22.575],
					"cubes": [
						{
							"origin": [-1.05, 24.05, -22.45],
							"size": [0.75, 0.75, 8.875],
							"inflate": 0.2,
							"pivot": [-0.15, 25.15, -21.575],
							"rotation": [0, 0, 45],
							"uv": {
								"north": {"uv": [105, 32], "uv_size": [1, 1]},
								"east": {"uv": [94, 53], "uv_size": [8, 1]},
								"south": {"uv": [33, 105], "uv_size": [1, 1]},
								"west": {"uv": [95, 25], "uv_size": [8, 1]},
								"up": {"uv": [52, 95], "uv_size": [1, 8]},
								"down": {"uv": [53, 103], "uv_size": [1, -8]}
							}
						}
					]
				},
				{
					"name": "bullet2",
					"parent": "main",
					"pivot": [-0.15, 30.15, -22.575],
					"cubes": [
						{
							"origin": [-1.05, 24.05, -22.45],
							"size": [0.75, 0.75, 8.875],
							"inflate": 0.2,
							"pivot": [-0.15, 25.15, -21.575],
							"rotation": [0, 0, 45],
							"uv": {
								"north": {"uv": [105, 32], "uv_size": [1, 1]},
								"east": {"uv": [94, 53], "uv_size": [8, 1]},
								"south": {"uv": [33, 105], "uv_size": [1, 1]},
								"west": {"uv": [95, 25], "uv_size": [8, 1]},
								"up": {"uv": [52, 95], "uv_size": [1, 8]},
								"down": {"uv": [53, 103], "uv_size": [1, -8]}
							}
						}
					]
				},
				{
					"name": "rightarm",
					"parent": "main",
					"pivot": [-4.3, 8.8, 21.8],
					"rotation": [-101.81106, -12.40003, -2.46982],
					"cubes": [
						{
							"origin": [-8.3, -8.2, 9.8],
							"size": [8, 24, 8],
							"pivot": [-1.3, -3.2, 18.8],
							"rotation": [0, 0, -22.5],
							"uv": {
								"north": {"uv": [12, 4], "uv_size": [8, 24]},
								"east": {"uv": [20, 4], "uv_size": [8, 24]},
								"south": {"uv": [28, 4], "uv_size": [8, 24]},
								"west": {"uv": [12, 28], "uv_size": [8, 24]},
								"up": {"uv": [52, 59], "uv_size": [8, 8]},
								"down": {"uv": [60, 22], "uv_size": [8, -8]}
							}
						}
					]
				},
				{
					"name": "leftarm",
					"parent": "main",
					"pivot": [10.7, 11.3, -8.6],
					"rotation": [-119.61483, 1.67666, -38.31282],
					"cubes": [
						{
							"origin": [6.7, -12.7, -12.6],
							"size": [8, 24, 8],
							"uv": {
								"north": {"uv": [20, 28], "uv_size": [8, 24]},
								"east": {"uv": [28, 28], "uv_size": [8, 24]},
								"south": {"uv": [36, 4], "uv_size": [8, 24]},
								"west": {"uv": [36, 28], "uv_size": [8, 24]},
								"up": {"uv": [60, 22], "uv_size": [8, 8]},
								"down": {"uv": [60, 67], "uv_size": [8, -8]}
							}
						}
					]
				},
				{
					"name": "muzzleflash",
					"parent": "main",
					"pivot": [-1, 24.975, -98.125],
					"cubes": [
						{
							"origin": [-1.5, 24.475, -98.425],
							"size": [1, 1, 1],
							"inflate": -0.4,
							"uv": {
								"north": {"uv": [105, 33], "uv_size": [1, 1]},
								"east": {"uv": [34, 105], "uv_size": [1, 1]},
								"south": {"uv": [35, 105], "uv_size": [1, 1]},
								"west": {"uv": [105, 36], "uv_size": [1, 1]},
								"up": {"uv": [37, 105], "uv_size": [1, 1]},
								"down": {"uv": [38, 106], "uv_size": [1, -1]}
							}
						}
					]
				},
				{
					"name": "scope",
					"parent": "main",
					"pivot": [-1, 27.425, 4.75],
					"cubes": [
						{
							"origin": [-2.5, 26.925, 32.45],
							"size": [1, 1, 1],
							"inflate": -0.4,
							"uv": {
								"north": {"uv": [105, 38], "uv_size": [1, 1]},
								"east": {"uv": [39, 105], "uv_size": [1, 1]},
								"south": {"uv": [105, 39], "uv_size": [1, 1]},
								"west": {"uv": [40, 105], "uv_size": [1, 1]},
								"up": {"uv": [105, 40], "uv_size": [1, 1]},
								"down": {"uv": [41, 106], "uv_size": [1, -1]}
							}
						}
					]
				}
			]
		}
	]
}