{
	"format_version": "1.12.0",
	"minecraft:geometry": [
		{
			"description": {
				"identifier": "geometry.unknown",
				"texture_width": 128,
				"texture_height": 128,
				"visible_bounds_width": 12,
				"visible_bounds_height": 4,
				"visible_bounds_offset": [0, 1, 0]
			},
			"bones": [
				{
					"name": "main",
					"pivot": [0, 20, 0]
				},
				{
					"name": "gun",
					"parent": "main",
					"pivot": [1, 11, -1]
				},
				{
					"name": "Wood",
					"parent": "gun",
					"pivot": [0, 9, 1],
					"cubes": [
						{
							"origin": [-3, 21, -85.25],
							"size": [4, 4, 37.5],
							"uv": {
								"north": {"uv": [40, 75], "uv_size": [4, 4]},
								"east": {"uv": [36, 14], "uv_size": [38, 4]},
								"south": {"uv": [74, 75], "uv_size": [4, 4]},
								"west": {"uv": [36, 18], "uv_size": [38, 4]},
								"up": {"uv": [36, 22], "uv_size": [4, 38]},
								"down": {"uv": [40, 60], "uv_size": [4, -38]}
							}
						},
						{
							"origin": [-3, 21, -47.625],
							"size": [4, 4, 29.625],
							"uv": {
								"north": {"uv": [44, 76], "uv_size": [4, 4]},
								"east": {"uv": [48, 22], "uv_size": [30, 4]},
								"south": {"uv": [48, 76], "uv_size": [4, 4]},
								"west": {"uv": [48, 26], "uv_size": [30, 4]},
								"up": {"uv": [12, 48], "uv_size": [4, 30]},
								"down": {"uv": [16, 78], "uv_size": [4, -30]}
							}
						},
						{
							"origin": [-2.998, 19.925, -47],
							"size": [3.99, 2, 36.925],
							"pivot": [2, 11, -1],
							"rotation": [-0.5, 0, 0],
							"uv": {
								"north": {"uv": [81, 74], "uv_size": [4, 2]},
								"east": {"uv": [48, 50], "uv_size": [37, 2]},
								"south": {"uv": [81, 79], "uv_size": [4, 2]},
								"west": {"uv": [48, 52], "uv_size": [37, 2]},
								"up": {"uv": [44, 22], "uv_size": [4, 37]},
								"down": {"uv": [0, 85], "uv_size": [4, -37]}
							}
						},
						{
							"origin": [-3, 22, -90.375],
							"size": [4, 3.075, 3],
							"uv": {
								"north": {"uv": [74, 19], "uv_size": [4, 3]},
								"east": {"uv": [79, 21], "uv_size": [3, 3]},
								"south": {"uv": [23, 78], "uv_size": [4, 3]},
								"west": {"uv": [79, 24], "uv_size": [3, 3]},
								"up": {"uv": [27, 78], "uv_size": [4, 3]},
								"down": {"uv": [78, 34], "uv_size": [4, -3]}
							}
						},
						{
							"origin": [-3, -6.19, -93],
							"size": [4, 0.95, 3.5],
							"pivot": [0, 0, 0],
							"rotation": [-17.5, 0, 0],
							"uv": {
								"north": {"uv": [85, 27], "uv_size": [4, 1]},
								"east": {"uv": [85, 28], "uv_size": [4, 1]},
								"south": {"uv": [85, 29], "uv_size": [4, 1]},
								"west": {"uv": [85, 30], "uv_size": [4, 1]},
								"up": {"uv": [78, 12], "uv_size": [4, 4]},
								"down": {"uv": [16, 82], "uv_size": [4, -4]}
							}
						},
						{
							"origin": [-3, 20.25, -18],
							"size": [4, 2.75, 7.875],
							"uv": {
								"north": {"uv": [78, 34], "uv_size": [4, 3]},
								"east": {"uv": [69, 11], "uv_size": [8, 3]},
								"south": {"uv": [78, 37], "uv_size": [4, 3]},
								"west": {"uv": [70, 45], "uv_size": [8, 3]},
								"up": {"uv": [46, 68], "uv_size": [4, 8]},
								"down": {"uv": [50, 76], "uv_size": [4, -8]}
							}
						},
						{
							"origin": [-3, 23, -12],
							"size": [4, 2, 1.875],
							"uv": {
								"north": {"uv": [81, 81], "uv_size": [4, 2]},
								"east": {"uv": [85, 8], "uv_size": [2, 2]},
								"south": {"uv": [12, 82], "uv_size": [4, 2]},
								"west": {"uv": [9, 85], "uv_size": [2, 2]},
								"up": {"uv": [82, 12], "uv_size": [4, 2]},
								"down": {"uv": [82, 16], "uv_size": [4, -2]}
							}
						},
						{
							"origin": [-3, 23, -18],
							"size": [4, 2, 6],
							"uv": {
								"north": {"uv": [79, 27], "uv_size": [4, 2]},
								"east": {"uv": [70, 48], "uv_size": [6, 2]},
								"south": {"uv": [79, 29], "uv_size": [4, 2]},
								"west": {"uv": [74, 43], "uv_size": [6, 2]},
								"up": {"uv": [20, 72], "uv_size": [4, 6]},
								"down": {"uv": [24, 78], "uv_size": [4, -6]}
							}
						},
						{
							"origin": [-3, 20.1, 11.525],
							"size": [4, 3.05, 24.2],
							"uv": {
								"north": {"uv": [78, 40], "uv_size": [4, 3]},
								"east": {"uv": [48, 54], "uv_size": [24, 3]},
								"south": {"uv": [78, 45], "uv_size": [4, 3]},
								"west": {"uv": [48, 57], "uv_size": [24, 3]},
								"up": {"uv": [20, 48], "uv_size": [4, 24]},
								"down": {"uv": [24, 72], "uv_size": [4, -24]}
							}
						},
						{
							"origin": [-2.99, 21.85, 1.02],
							"size": [3.98, 5.2, 32.5],
							"pivot": [0, 12.25, -4.75],
							"rotation": [-15, 0, 0],
							"uv": {
								"north": {"uv": [74, 14], "uv_size": [4, 5]},
								"east": {"uv": [36, 4], "uv_size": [33, 5]},
								"south": {"uv": [74, 38], "uv_size": [4, 5]},
								"west": {"uv": [36, 9], "uv_size": [33, 5]},
								"up": {"uv": [4, 48], "uv_size": [4, 33]},
								"down": {"uv": [8, 81], "uv_size": [4, -33]}
							}
						},
						{
							"origin": [-2.97, 17.725, 22.27],
							"size": [3.95, 5.925, 7],
							"pivot": [0, 9.25, -2.75],
							"rotation": [-5, 0, 0],
							"uv": {
								"north": {"uv": [28, 72], "uv_size": [4, 6]},
								"east": {"uv": [63, 38], "uv_size": [7, 6]},
								"south": {"uv": [72, 54], "uv_size": [4, 6]},
								"west": {"uv": [63, 44], "uv_size": [7, 6]},
								"up": {"uv": [69, 4], "uv_size": [4, 7]},
								"down": {"uv": [70, 45], "uv_size": [4, -7]}
							}
						},
						{
							"origin": [-2.96, 17.6, 20.02],
							"size": [3.93, 4.8, 6],
							"pivot": [0, 8, 1],
							"rotation": [-5, 0, 0],
							"uv": {
								"north": {"uv": [74, 60], "uv_size": [4, 5]},
								"east": {"uv": [54, 68], "uv_size": [6, 5]},
								"south": {"uv": [74, 65], "uv_size": [4, 5]},
								"west": {"uv": [60, 68], "uv_size": [6, 5]},
								"up": {"uv": [73, 4], "uv_size": [4, 6]},
								"down": {"uv": [54, 79], "uv_size": [4, -6]}
							}
						},
						{
							"origin": [-2.97, 16.475, 29.27],
							"size": [3.95, 7.175, 5],
							"pivot": [0, 9.25, -2.75],
							"rotation": [-5, 0, 0],
							"uv": {
								"north": {"uv": [70, 60], "uv_size": [4, 7]},
								"east": {"uv": [36, 68], "uv_size": [5, 7]},
								"south": {"uv": [70, 67], "uv_size": [4, 7]},
								"west": {"uv": [41, 68], "uv_size": [5, 7]},
								"up": {"uv": [70, 74], "uv_size": [4, 5]},
								"down": {"uv": [74, 75], "uv_size": [4, -5]}
							}
						}
					]
				},
				{
					"name": "Metal",
					"parent": "gun",
					"pivot": [0, 8, 1],
					"cubes": [
						{
							"origin": [-3, 25, -14.175],
							"size": [4, 0.125, 4.075],
							"uv": {
								"north": {"uv": [85, 10], "uv_size": [4, 1]},
								"east": {"uv": [12, 85], "uv_size": [4, 1]},
								"south": {"uv": [85, 16], "uv_size": [4, 1]},
								"west": {"uv": [85, 17], "uv_size": [4, 1]},
								"up": {"uv": [77, 8], "uv_size": [4, 4]},
								"down": {"uv": [12, 82], "uv_size": [4, -4]}
							}
						},
						{
							"origin": [-3, 20, -10.125],
							"size": [1, 5, 14.825],
							"uv": {
								"north": {"uv": [68, 83], "uv_size": [1, 5]},
								"east": {"uv": [48, 40], "uv_size": [15, 5]},
								"south": {"uv": [69, 83], "uv_size": [1, 5]},
								"west": {"uv": [48, 45], "uv_size": [15, 5]},
								"up": {"uv": [21, 78], "uv_size": [1, 15]},
								"down": {"uv": [22, 93], "uv_size": [1, -15]}
							}
						},
						{
							"origin": [-3, 25, -7.125],
							"size": [0.875, 1.125, 8.45],
							"uv": {
								"north": {"uv": [56, 89], "uv_size": [1, 1]},
								"east": {"uv": [81, 4], "uv_size": [8, 1]},
								"south": {"uv": [89, 56], "uv_size": [1, 1]},
								"west": {"uv": [81, 5], "uv_size": [8, 1]},
								"up": {"uv": [5, 81], "uv_size": [1, 8]},
								"down": {"uv": [6, 89], "uv_size": [1, -8]}
							}
						},
						{
							"origin": [-3, 25, -10.125],
							"size": [1, 1, 3.075],
							"uv": {
								"north": {"uv": [89, 57], "uv_size": [1, 1]},
								"east": {"uv": [23, 86], "uv_size": [3, 1]},
								"south": {"uv": [60, 89], "uv_size": [1, 1]},
								"west": {"uv": [86, 23], "uv_size": [3, 1]},
								"up": {"uv": [60, 84], "uv_size": [1, 3]},
								"down": {"uv": [49, 88], "uv_size": [1, -3]}
							}
						},
						{
							"origin": [-2.999, 23.25, -3.5],
							"size": [1, 1, 3.075],
							"pivot": [0, 0, -13.625],
							"rotation": [15, 0, 0],
							"uv": {
								"north": {"uv": [89, 60], "uv_size": [1, 1]},
								"east": {"uv": [26, 86], "uv_size": [3, 1]},
								"south": {"uv": [61, 89], "uv_size": [1, 1]},
								"west": {"uv": [36, 86], "uv_size": [3, 1]},
								"up": {"uv": [50, 85], "uv_size": [1, 3]},
								"down": {"uv": [29, 89], "uv_size": [1, -3]}
							}
						},
						{
							"origin": [-2.999, 20.75, 6.125],
							"size": [0.875, 1, 1.47],
							"pivot": [0, 0, -13.625],
							"rotation": [15, 0, 0],
							"uv": {
								"north": {"uv": [89, 62], "uv_size": [1, 1]},
								"east": {"uv": [63, 89], "uv_size": [1, 1]},
								"south": {"uv": [89, 63], "uv_size": [1, 1]},
								"west": {"uv": [64, 89], "uv_size": [1, 1]},
								"up": {"uv": [65, 89], "uv_size": [1, 1]},
								"down": {"uv": [89, 66], "uv_size": [1, -1]}
							}
						},
						{
							"origin": [-2.999, 26.6, -14.33],
							"size": [0.875, 1, 2.845],
							"pivot": [0, 0, -13.625],
							"rotation": [-15, 0, 0],
							"uv": {
								"north": {"uv": [66, 89], "uv_size": [1, 1]},
								"east": {"uv": [45, 86], "uv_size": [3, 1]},
								"south": {"uv": [89, 66], "uv_size": [1, 1]},
								"west": {"uv": [52, 86], "uv_size": [3, 1]},
								"up": {"uv": [30, 86], "uv_size": [1, 3]},
								"down": {"uv": [39, 89], "uv_size": [1, -3]}
							}
						},
						{
							"origin": [-2.125, 26.475, -14.33],
							"size": [0.125, 1, 2.845],
							"pivot": [0.125, -0.125, -13.625],
							"rotation": [-15, 0, 0],
							"uv": {
								"north": {"uv": [80, 89], "uv_size": [1, 1]},
								"east": {"uv": [81, 86], "uv_size": [3, 1]},
								"south": {"uv": [89, 80], "uv_size": [1, 1]},
								"west": {"uv": [86, 83], "uv_size": [3, 1]},
								"up": {"uv": [84, 86], "uv_size": [1, 3]},
								"down": {"uv": [85, 89], "uv_size": [1, -3]}
							}
						},
						{
							"origin": [-2.125, 24.875, -7.125],
							"size": [0.125, 1.125, 8.45],
							"uv": {
								"north": {"uv": [79, 89], "uv_size": [1, 1]},
								"east": {"uv": [81, 20], "uv_size": [8, 1]},
								"south": {"uv": [89, 79], "uv_size": [1, 1]},
								"west": {"uv": [81, 71], "uv_size": [8, 1]},
								"up": {"uv": [11, 81], "uv_size": [1, 8]},
								"down": {"uv": [74, 89], "uv_size": [1, -8]}
							}
						},
						{
							"origin": [-2.125, 20.625, 6.125],
							"size": [0.125, 1, 1.47],
							"pivot": [0.125, -0.125, -13.625],
							"rotation": [15, 0, 0],
							"uv": {
								"north": {"uv": [75, 89], "uv_size": [1, 1]},
								"east": {"uv": [89, 75], "uv_size": [1, 1]},
								"south": {"uv": [76, 89], "uv_size": [1, 1]},
								"west": {"uv": [89, 76], "uv_size": [1, 1]},
								"up": {"uv": [77, 89], "uv_size": [1, 1]},
								"down": {"uv": [78, 90], "uv_size": [1, -1]}
							}
						},
						{
							"origin": [0, 26.475, -14.33],
							"size": [0.125, 1, 2.845],
							"pivot": [2.25, -0.125, -13.625],
							"rotation": [-15, 0, 0],
							"uv": {
								"north": {"uv": [89, 85], "uv_size": [1, 1]},
								"east": {"uv": [86, 86], "uv_size": [3, 1]},
								"south": {"uv": [86, 89], "uv_size": [1, 1]},
								"west": {"uv": [0, 87], "uv_size": [3, 1]},
								"up": {"uv": [3, 87], "uv_size": [1, 3]},
								"down": {"uv": [9, 90], "uv_size": [1, -3]}
							}
						},
						{
							"origin": [0, 24.875, -7.125],
							"size": [0.125, 1.125, 8.45],
							"uv": {
								"north": {"uv": [89, 84], "uv_size": [1, 1]},
								"east": {"uv": [81, 72], "uv_size": [8, 1]},
								"south": {"uv": [85, 89], "uv_size": [1, 1]},
								"west": {"uv": [81, 73], "uv_size": [8, 1]},
								"up": {"uv": [75, 81], "uv_size": [1, 8]},
								"down": {"uv": [76, 89], "uv_size": [1, -8]}
							}
						},
						{
							"origin": [0, 20.625, 6.125],
							"size": [0.125, 1, 1.47],
							"pivot": [2.25, -0.125, -13.625],
							"rotation": [15, 0, 0],
							"uv": {
								"north": {"uv": [81, 89], "uv_size": [1, 1]},
								"east": {"uv": [89, 81], "uv_size": [1, 1]},
								"south": {"uv": [82, 89], "uv_size": [1, 1]},
								"west": {"uv": [89, 82], "uv_size": [1, 1]},
								"up": {"uv": [89, 83], "uv_size": [1, 1]},
								"down": {"uv": [84, 90], "uv_size": [1, -1]}
							}
						},
						{
							"origin": [-3, 19.55, 8.7],
							"size": [4, 1.75, 0.575],
							"pivot": [3, 0, -13.625],
							"rotation": [15, 0, 0],
							"uv": {
								"north": {"uv": [81, 69], "uv_size": [4, 2]},
								"east": {"uv": [59, 88], "uv_size": [1, 2]},
								"south": {"uv": [70, 81], "uv_size": [4, 2]},
								"west": {"uv": [83, 88], "uv_size": [1, 2]},
								"up": {"uv": [81, 84], "uv_size": [4, 1]},
								"down": {"uv": [0, 86], "uv_size": [4, -1]}
							}
						},
						{
							"origin": [-3, -10, 15.125],
							"size": [4, 1.75, 0.575],
							"pivot": [3, 0, -13.625],
							"rotation": [72.5, 0, 0],
							"uv": {
								"north": {"uv": [54, 81], "uv_size": [4, 2]},
								"east": {"uv": [42, 88], "uv_size": [1, 2]},
								"south": {"uv": [61, 81], "uv_size": [4, 2]},
								"west": {"uv": [57, 88], "uv_size": [1, 2]},
								"up": {"uv": [84, 47], "uv_size": [4, 1]},
								"down": {"uv": [84, 65], "uv_size": [4, -1]}
							}
						},
						{
							"origin": [-3, -17.125, 18.25],
							"size": [4, 2, 0.575],
							"pivot": [3, -6.875, -10.5],
							"rotation": [80, 0, 0],
							"uv": {
								"north": {"uv": [16, 82], "uv_size": [4, 2]},
								"east": {"uv": [8, 89], "uv_size": [1, 2]},
								"south": {"uv": [82, 22], "uv_size": [4, 2]},
								"west": {"uv": [11, 89], "uv_size": [1, 2]},
								"up": {"uv": [85, 69], "uv_size": [4, 1]},
								"down": {"uv": [70, 86], "uv_size": [4, -1]}
							}
						},
						{
							"origin": [0, 20, -10.125],
							"size": [1, 5, 14.825],
							"uv": {
								"north": {"uv": [66, 83], "uv_size": [1, 5]},
								"east": {"uv": [48, 30], "uv_size": [15, 5]},
								"south": {"uv": [67, 83], "uv_size": [1, 5]},
								"west": {"uv": [48, 35], "uv_size": [15, 5]},
								"up": {"uv": [78, 16], "uv_size": [1, 15]},
								"down": {"uv": [20, 93], "uv_size": [1, -15]}
							}
						},
						{
							"origin": [-3, 19.625, 4.5],
							"size": [4, 0.5, 0.2],
							"uv": {
								"north": {"uv": [85, 70], "uv_size": [4, 1]},
								"east": {"uv": [50, 90], "uv_size": [1, 1]},
								"south": {"uv": [85, 74], "uv_size": [4, 1]},
								"west": {"uv": [90, 50], "uv_size": [1, 1]},
								"up": {"uv": [85, 75], "uv_size": [4, 1]},
								"down": {"uv": [85, 80], "uv_size": [4, -1]}
							}
						},
						{
							"origin": [-2, 20, -10.125],
							"size": [2, 4.125, 14.7],
							"uv": {
								"north": {"uv": [81, 8], "uv_size": [2, 4]},
								"east": {"uv": [63, 30], "uv_size": [15, 4]},
								"south": {"uv": [9, 81], "uv_size": [2, 4]},
								"west": {"uv": [63, 34], "uv_size": [15, 4]},
								"up": {"uv": [68, 60], "uv_size": [2, 15]},
								"down": {"uv": [66, 83], "uv_size": [2, -15]}
							}
						},
						{
							"origin": [0.125, 25, -7.125],
							"size": [0.875, 1.125, 8.45],
							"uv": {
								"north": {"uv": [70, 89], "uv_size": [1, 1]},
								"east": {"uv": [81, 6], "uv_size": [8, 1]},
								"south": {"uv": [89, 70], "uv_size": [1, 1]},
								"west": {"uv": [81, 7], "uv_size": [8, 1]},
								"up": {"uv": [7, 81], "uv_size": [1, 8]},
								"down": {"uv": [8, 89], "uv_size": [1, -8]}
							}
						},
						{
							"origin": [-3, 25, 1.25],
							"size": [4, 1.5, 1.7],
							"uv": {
								"north": {"uv": [81, 16], "uv_size": [4, 2]},
								"east": {"uv": [84, 60], "uv_size": [2, 2]},
								"south": {"uv": [81, 18], "uv_size": [4, 2]},
								"west": {"uv": [84, 62], "uv_size": [2, 2]},
								"up": {"uv": [23, 81], "uv_size": [4, 2]},
								"down": {"uv": [27, 83], "uv_size": [4, -2]}
							}
						},
						{
							"origin": [0.124, 20.75, 6.125],
							"size": [0.875, 1, 1.47],
							"pivot": [3, 0, -13.625],
							"rotation": [15, 0, 0],
							"uv": {
								"north": {"uv": [71, 89], "uv_size": [1, 1]},
								"east": {"uv": [89, 71], "uv_size": [1, 1]},
								"south": {"uv": [72, 89], "uv_size": [1, 1]},
								"west": {"uv": [89, 72], "uv_size": [1, 1]},
								"up": {"uv": [73, 89], "uv_size": [1, 1]},
								"down": {"uv": [89, 74], "uv_size": [1, -1]}
							}
						},
						{
							"origin": [0.124, 26.6, -14.33],
							"size": [0.875, 1, 2.845],
							"pivot": [3, 0, -13.625],
							"rotation": [-15, 0, 0],
							"uv": {
								"north": {"uv": [69, 89], "uv_size": [1, 1]},
								"east": {"uv": [86, 60], "uv_size": [3, 1]},
								"south": {"uv": [89, 69], "uv_size": [1, 1]},
								"west": {"uv": [86, 61], "uv_size": [3, 1]},
								"up": {"uv": [70, 86], "uv_size": [1, 3]},
								"down": {"uv": [71, 89], "uv_size": [1, -3]}
							}
						},
						{
							"origin": [0, 25, -10.125],
							"size": [1, 1, 3.075],
							"uv": {
								"north": {"uv": [67, 89], "uv_size": [1, 1]},
								"east": {"uv": [86, 55], "uv_size": [3, 1]},
								"south": {"uv": [68, 89], "uv_size": [1, 1]},
								"west": {"uv": [86, 56], "uv_size": [3, 1]},
								"up": {"uv": [48, 86], "uv_size": [1, 3]},
								"down": {"uv": [86, 60], "uv_size": [1, -3]}
							}
						},
						{
							"origin": [-2, 23.375, -3.5],
							"size": [2, 0.875, 3.075],
							"pivot": [3, 0, -13.625],
							"rotation": [15, 0, 0],
							"uv": {
								"north": {"uv": [89, 5], "uv_size": [2, 1]},
								"east": {"uv": [86, 54], "uv_size": [3, 1]},
								"south": {"uv": [6, 89], "uv_size": [2, 1]},
								"west": {"uv": [55, 86], "uv_size": [3, 1]},
								"up": {"uv": [83, 8], "uv_size": [2, 3]},
								"down": {"uv": [23, 86], "uv_size": [2, -3]}
							}
						},
						{
							"origin": [-0.001, 23.25, -3.5],
							"size": [1, 1, 3.075],
							"pivot": [3, 0, -13.625],
							"rotation": [15, 0, 0],
							"uv": {
								"north": {"uv": [74, 89], "uv_size": [1, 1]},
								"east": {"uv": [86, 62], "uv_size": [3, 1]},
								"south": {"uv": [89, 74], "uv_size": [1, 1]},
								"west": {"uv": [86, 63], "uv_size": [3, 1]},
								"up": {"uv": [72, 86], "uv_size": [1, 3]},
								"down": {"uv": [73, 89], "uv_size": [1, -3]}
							}
						},
						{
							"origin": [13.2, 32.225, -14.175],
							"size": [0.7, 1.4, 4.5],
							"pivot": [16, 13.125, 0.625],
							"rotation": [0, 0, -45],
							"uv": {
								"north": {"uv": [43, 79], "uv_size": [1, 1]},
								"east": {"uv": [82, 42], "uv_size": [5, 1]},
								"south": {"uv": [16, 85], "uv_size": [1, 1]},
								"west": {"uv": [82, 65], "uv_size": [5, 1]},
								"up": {"uv": [61, 83], "uv_size": [1, 5]},
								"down": {"uv": [62, 88], "uv_size": [1, -5]}
							}
						},
						{
							"origin": [-2, 25.125, -14.175],
							"size": [2, 1, 4.5],
							"uv": {
								"north": {"uv": [89, 6], "uv_size": [2, 1]},
								"east": {"uv": [83, 36], "uv_size": [5, 1]},
								"south": {"uv": [89, 7], "uv_size": [2, 1]},
								"west": {"uv": [83, 37], "uv_size": [5, 1]},
								"up": {"uv": [78, 77], "uv_size": [2, 5]},
								"down": {"uv": [79, 21], "uv_size": [2, -5]}
							}
						},
						{
							"origin": [-13.85, 27.255, -14.175],
							"size": [1, 1.4, 4.5],
							"pivot": [-11, 13.125, 0.625],
							"rotation": [0, 0, 45],
							"uv": {
								"north": {"uv": [89, 39], "uv_size": [1, 1]},
								"east": {"uv": [82, 66], "uv_size": [5, 1]},
								"south": {"uv": [89, 40], "uv_size": [1, 1]},
								"west": {"uv": [83, 11], "uv_size": [5, 1]},
								"up": {"uv": [63, 83], "uv_size": [1, 5]},
								"down": {"uv": [64, 88], "uv_size": [1, -5]}
							}
						},
						{
							"origin": [-13.71013, 27.34592, -47.6598],
							"size": [0.9899, 1.38586, 2.313],
							"pivot": [-10.88891, 13.35861, -16.12841],
							"rotation": [0, 0, 45],
							"uv": {
								"north": {"uv": [41, 89], "uv_size": [1, 1]},
								"east": {"uv": [44, 75], "uv_size": [2, 1]},
								"south": {"uv": [89, 41], "uv_size": [1, 1]},
								"west": {"uv": [45, 87], "uv_size": [2, 1]},
								"up": {"uv": [77, 12], "uv_size": [1, 2]},
								"down": {"uv": [47, 89], "uv_size": [1, -2]}
							}
						},
						{
							"origin": [-3.03, 24.75, -47.68],
							"size": [4.04, 0.505, 2.313],
							"uv": {
								"north": {"uv": [44, 59], "uv_size": [4, 1]},
								"east": {"uv": [52, 87], "uv_size": [2, 1]},
								"south": {"uv": [73, 10], "uv_size": [4, 1]},
								"west": {"uv": [54, 87], "uv_size": [2, 1]},
								"up": {"uv": [54, 79], "uv_size": [4, 2]},
								"down": {"uv": [70, 81], "uv_size": [4, -2]}
							}
						},
						{
							"origin": [-1.03, -2.975, -47.68],
							"size": [4.04, 4.9, 2.313],
							"pivot": [0, 11.11, -5.27],
							"rotation": [0, 0, 180],
							"uv": {
								"north": {"uv": [58, 73], "uv_size": [4, 5]},
								"east": {"uv": [78, 67], "uv_size": [2, 5]},
								"south": {"uv": [62, 73], "uv_size": [4, 5]},
								"west": {"uv": [78, 72], "uv_size": [2, 5]},
								"up": {"uv": [74, 79], "uv_size": [4, 2]},
								"down": {"uv": [43, 82], "uv_size": [4, -2]}
							}
						},
						{
							"origin": [12.76972, 32.26572, -47.6598],
							"size": [0.9899, 1.38586, 2.313],
							"pivot": [15.83842, 13.35861, -16.12841],
							"rotation": [0, 0, -45],
							"uv": {
								"north": {"uv": [43, 89], "uv_size": [1, 1]},
								"east": {"uv": [56, 87], "uv_size": [2, 1]},
								"south": {"uv": [89, 43], "uv_size": [1, 1]},
								"west": {"uv": [87, 57], "uv_size": [2, 1]},
								"up": {"uv": [87, 58], "uv_size": [1, 2]},
								"down": {"uv": [60, 89], "uv_size": [1, -2]}
							}
						},
						{
							"origin": [-1.9798, 25.23743, -47.6598],
							"size": [1.9798, 0.9899, 2.313],
							"uv": {
								"north": {"uv": [87, 65], "uv_size": [2, 1]},
								"east": {"uv": [87, 66], "uv_size": [2, 1]},
								"south": {"uv": [80, 87], "uv_size": [2, 1]},
								"west": {"uv": [82, 87], "uv_size": [2, 1]},
								"up": {"uv": [76, 58], "uv_size": [2, 2]},
								"down": {"uv": [70, 85], "uv_size": [2, -2]}
							}
						},
						{
							"origin": [-1.03, -3.085, -87.43],
							"size": [4.04, 4.31, 2.313],
							"pivot": [0, 11.11, -46.02],
							"rotation": [0, 0, 180],
							"uv": {
								"north": {"uv": [76, 54], "uv_size": [4, 4]},
								"east": {"uv": [47, 80], "uv_size": [2, 4]},
								"south": {"uv": [77, 4], "uv_size": [4, 4]},
								"west": {"uv": [49, 80], "uv_size": [2, 4]},
								"up": {"uv": [80, 43], "uv_size": [4, 2]},
								"down": {"uv": [80, 56], "uv_size": [4, -2]}
							}
						},
						{
							"origin": [-1.03, -2.835, -91.805],
							"size": [4.04, 3.06, 1.438],
							"pivot": [0, 11.11, -46.02],
							"rotation": [0, 0, 180],
							"uv": {
								"north": {"uv": [61, 78], "uv_size": [4, 3]},
								"east": {"uv": [10, 87], "uv_size": [1, 3]},
								"south": {"uv": [78, 64], "uv_size": [4, 3]},
								"west": {"uv": [12, 87], "uv_size": [1, 3]},
								"up": {"uv": [85, 18], "uv_size": [4, 1]},
								"down": {"uv": [85, 20], "uv_size": [4, -1]}
							}
						},
						{
							"origin": [12.76972, 32.32072, -87.4098],
							"size": [0.9899, 1.38586, 2.313],
							"pivot": [15.83842, 13.41361, -56.87841],
							"rotation": [0, 0, -45],
							"uv": {
								"north": {"uv": [44, 89], "uv_size": [1, 1]},
								"east": {"uv": [86, 87], "uv_size": [2, 1]},
								"south": {"uv": [89, 44], "uv_size": [1, 1]},
								"west": {"uv": [0, 88], "uv_size": [2, 1]},
								"up": {"uv": [65, 87], "uv_size": [1, 2]},
								"down": {"uv": [2, 90], "uv_size": [1, -2]}
							}
						},
						{
							"origin": [-1.9798, 25.29243, -87.4098],
							"size": [1.9798, 0.9899, 2.313],
							"uv": {
								"north": {"uv": [88, 11], "uv_size": [2, 1]},
								"east": {"uv": [36, 88], "uv_size": [2, 1]},
								"south": {"uv": [88, 36], "uv_size": [2, 1]},
								"west": {"uv": [88, 37], "uv_size": [2, 1]},
								"up": {"uv": [72, 83], "uv_size": [2, 2]},
								"down": {"uv": [17, 86], "uv_size": [2, -2]}
							}
						},
						{
							"origin": [-13.71013, 27.40092, -87.4098],
							"size": [0.9899, 1.38586, 2.313],
							"pivot": [-10.88891, 13.41361, -56.87841],
							"rotation": [0, 0, 45],
							"uv": {
								"north": {"uv": [45, 89], "uv_size": [1, 1]},
								"east": {"uv": [40, 88], "uv_size": [2, 1]},
								"south": {"uv": [89, 45], "uv_size": [1, 1]},
								"west": {"uv": [45, 88], "uv_size": [2, 1]},
								"up": {"uv": [19, 88], "uv_size": [1, 2]},
								"down": {"uv": [38, 90], "uv_size": [1, -2]}
							}
						},
						{
							"origin": [-2, 24, -101.125],
							"size": [2, 2, 94],
							"uv": {
								"north": {"uv": [36, 84], "uv_size": [2, 2]},
								"east": {"uv": [32, 0], "uv_size": [94, 2]},
								"south": {"uv": [38, 84], "uv_size": [2, 2]},
								"west": {"uv": [32, 2], "uv_size": [94, 2]},
								"up": {"uv": [32, 4], "uv_size": [2, 94]},
								"down": {"uv": [34, 98], "uv_size": [2, -94]}
							}
						},
						{
							"origin": [-1.375, 21.125, -98.75],
							"size": [0.875, 0.875, 2.75],
							"uv": {
								"north": {"uv": [52, 90], "uv_size": [1, 1]},
								"east": {"uv": [36, 87], "uv_size": [3, 1]},
								"south": {"uv": [90, 52], "uv_size": [1, 1]},
								"west": {"uv": [87, 42], "uv_size": [3, 1]},
								"up": {"uv": [27, 87], "uv_size": [1, 3]},
								"down": {"uv": [28, 90], "uv_size": [1, -3]}
							}
						},
						{
							"origin": [-1.25, 21.25, -96],
							"size": [0.5, 0.625, 8.875],
							"uv": {
								"north": {"uv": [53, 90], "uv_size": [1, 1]},
								"east": {"uv": [76, 48], "uv_size": [9, 1]},
								"south": {"uv": [90, 53], "uv_size": [1, 1]},
								"west": {"uv": [76, 49], "uv_size": [9, 1]},
								"up": {"uv": [41, 79], "uv_size": [1, 9]},
								"down": {"uv": [42, 88], "uv_size": [1, -9]}
							}
						},
						{
							"origin": [-3.01, 14.85, 34.27],
							"size": [4.02, 11.65, 1],
							"pivot": [0, 9.25, -2.75],
							"rotation": [-5, 0, 0],
							"uv": {
								"north": {"uv": [28, 48], "uv_size": [4, 12]},
								"east": {"uv": [31, 78], "uv_size": [1, 12]},
								"south": {"uv": [28, 60], "uv_size": [4, 12]},
								"west": {"uv": [58, 78], "uv_size": [1, 12]},
								"up": {"uv": [84, 46], "uv_size": [4, 1]},
								"down": {"uv": [47, 85], "uv_size": [4, -1]}
							}
						},
						{
							"origin": [-1.1, 24, -96],
							"size": [0.2, 3.275, 0.5],
							"uv": {
								"north": {"uv": [13, 87], "uv_size": [1, 3]},
								"east": {"uv": [14, 87], "uv_size": [1, 3]},
								"south": {"uv": [15, 87], "uv_size": [1, 3]},
								"west": {"uv": [16, 87], "uv_size": [1, 3]},
								"up": {"uv": [89, 86], "uv_size": [1, 1]},
								"down": {"uv": [87, 90], "uv_size": [1, -1]}
							}
						},
						{
							"origin": [-1.1, 25.375, -97.25],
							"size": [0.2, 1.275, 1.25],
							"uv": {
								"north": {"uv": [88, 89], "uv_size": [1, 1]},
								"east": {"uv": [89, 89], "uv_size": [1, 1]},
								"south": {"uv": [0, 90], "uv_size": [1, 1]},
								"west": {"uv": [1, 90], "uv_size": [1, 1]},
								"up": {"uv": [2, 90], "uv_size": [1, 1]},
								"down": {"uv": [3, 91], "uv_size": [1, -1]}
							}
						},
						{
							"origin": [-1.1, -111.75, -197.125],
							"size": [0.2, 1.35, 0.625],
							"pivot": [0, -124.875, -33.125],
							"rotation": [-62.5, 0, 0],
							"uv": {
								"north": {"uv": [4, 90], "uv_size": [1, 1]},
								"east": {"uv": [5, 90], "uv_size": [1, 1]},
								"south": {"uv": [6, 90], "uv_size": [1, 1]},
								"west": {"uv": [7, 90], "uv_size": [1, 1]},
								"up": {"uv": [90, 8], "uv_size": [1, 1]},
								"down": {"uv": [9, 91], "uv_size": [1, -1]}
							}
						},
						{
							"origin": [-3.125, 14.45, 16.126],
							"size": [4.25, 0.675, 0.675],
							"pivot": [0, 2.875, -4],
							"rotation": [45, 0, 0],
							"uv": {
								"north": {"uv": [85, 35], "uv_size": [4, 1]},
								"east": {"uv": [46, 90], "uv_size": [1, 1]},
								"south": {"uv": [45, 85], "uv_size": [4, 1]},
								"west": {"uv": [90, 46], "uv_size": [1, 1]},
								"up": {"uv": [85, 48], "uv_size": [4, 1]},
								"down": {"uv": [85, 50], "uv_size": [4, -1]}
							}
						},
						{
							"origin": [-3.125, 9.825, 5.251],
							"size": [4.25, 0.8, 0.8],
							"pivot": [0, -1.625, -14.75],
							"rotation": [45, 0, 0],
							"uv": {
								"north": {"uv": [85, 50], "uv_size": [4, 1]},
								"east": {"uv": [47, 90], "uv_size": [1, 1]},
								"south": {"uv": [85, 51], "uv_size": [4, 1]},
								"west": {"uv": [90, 47], "uv_size": [1, 1]},
								"up": {"uv": [85, 52], "uv_size": [4, 1]},
								"down": {"uv": [85, 54], "uv_size": [4, -1]}
							}
						},
						{
							"origin": [-3.375, 9.825, 12.376],
							"size": [4.5, 0.8, 0.8],
							"pivot": [0, -1.625, -7.625],
							"rotation": [45, 0, 0],
							"uv": {
								"north": {"uv": [81, 83], "uv_size": [5, 1]},
								"east": {"uv": [48, 90], "uv_size": [1, 1]},
								"south": {"uv": [12, 84], "uv_size": [5, 1]},
								"west": {"uv": [90, 48], "uv_size": [1, 1]},
								"up": {"uv": [84, 39], "uv_size": [5, 1]},
								"down": {"uv": [84, 41], "uv_size": [5, -1]}
							}
						},
						{
							"origin": [-3.375, 22.95, -3.07],
							"size": [4.25, 1.3, 0.8],
							"pivot": [0, 11.5, -23],
							"rotation": [-5, 0, 0],
							"uv": {
								"north": {"uv": [85, 80], "uv_size": [4, 1]},
								"east": {"uv": [54, 90], "uv_size": [1, 1]},
								"south": {"uv": [81, 85], "uv_size": [4, 1]},
								"west": {"uv": [90, 54], "uv_size": [1, 1]},
								"up": {"uv": [85, 81], "uv_size": [4, 1]},
								"down": {"uv": [85, 83], "uv_size": [4, -1]}
							}
						},
						{
							"origin": [-3.375, 19.2, -1.07],
							"size": [4.25, 1.3, 0.8],
							"pivot": [0, 11.5, -23],
							"rotation": [5, 0, 0],
							"uv": {
								"north": {"uv": [85, 84], "uv_size": [4, 1]},
								"east": {"uv": [55, 90], "uv_size": [1, 1]},
								"south": {"uv": [85, 85], "uv_size": [4, 1]},
								"west": {"uv": [90, 55], "uv_size": [1, 1]},
								"up": {"uv": [0, 86], "uv_size": [4, 1]},
								"down": {"uv": [12, 87], "uv_size": [4, -1]}
							}
						},
						{
							"origin": [-2.25, 7.95, 12.876],
							"size": [2.5, 0.8, 0.8],
							"pivot": [0, -1.625, -7.625],
							"rotation": [45, 0, 0],
							"uv": {
								"north": {"uv": [87, 31], "uv_size": [3, 1]},
								"east": {"uv": [51, 90], "uv_size": [1, 1]},
								"south": {"uv": [87, 32], "uv_size": [3, 1]},
								"west": {"uv": [90, 51], "uv_size": [1, 1]},
								"up": {"uv": [87, 33], "uv_size": [3, 1]},
								"down": {"uv": [87, 35], "uv_size": [3, -1]}
							}
						},
						{
							"origin": [-3.375, 11.2, 12.376],
							"size": [4.5, 0.675, 0.675],
							"pivot": [0, -0.25, -7.625],
							"rotation": [45, 0, 0],
							"uv": {
								"north": {"uv": [84, 41], "uv_size": [5, 1]},
								"east": {"uv": [49, 90], "uv_size": [1, 1]},
								"south": {"uv": [84, 43], "uv_size": [5, 1]},
								"west": {"uv": [90, 49], "uv_size": [1, 1]},
								"up": {"uv": [84, 44], "uv_size": [5, 1]},
								"down": {"uv": [84, 46], "uv_size": [5, -1]}
							}
						},
						{
							"origin": [-0.375, 24, -101.25],
							"size": [0.375, 2, 0.125],
							"uv": {
								"north": {"uv": [116.125, 126], "uv_size": [1, 2]},
								"east": {"uv": [107.5, 126], "uv_size": [1, 2]},
								"south": {"uv": [106.125, 126], "uv_size": [1, 2]},
								"west": {"uv": [109.75, 126], "uv_size": [1, 2]},
								"up": {"uv": [109.5, 127], "uv_size": [1, 1]},
								"down": {"uv": [107.125, 128], "uv_size": [1, -1]}
							}
						},
						{
							"origin": [-1.625, 25.625, -101.25],
							"size": [1.25, 0.375, 0.125],
							"uv": {
								"north": {"uv": [98, 186], "uv_size": [2, 2]},
								"east": {"uv": [186, 104], "uv_size": [2, 2]},
								"south": {"uv": [188, 90], "uv_size": [2, 2]},
								"west": {"uv": [96, 188], "uv_size": [2, 2]},
								"up": {"uv": [98, 188], "uv_size": [2, 2]},
								"down": {"uv": [188, 106], "uv_size": [2, -2]}
							}
						},
						{
							"origin": [-2, 24, -101.25],
							"size": [0.375, 2, 0.125],
							"uv": {
								"north": {"uv": [110.75, 126], "uv_size": [1, 2]},
								"east": {"uv": [106.875, 125.75], "uv_size": [1, 2]},
								"south": {"uv": [100.125, 126], "uv_size": [1, 2]},
								"west": {"uv": [103.5, 126], "uv_size": [1, 2]},
								"up": {"uv": [106.125, 127], "uv_size": [1, 1]},
								"down": {"uv": [111.75, 128], "uv_size": [1, -1]}
							}
						},
						{
							"origin": [-1.625, 24, -101.25],
							"size": [1.25, 0.375, 0.125],
							"uv": {
								"north": {"uv": [98, 192], "uv_size": [2, 2]},
								"east": {"uv": [192, 104], "uv_size": [2, 2]},
								"south": {"uv": [194, 90], "uv_size": [2, 2]},
								"west": {"uv": [96, 194], "uv_size": [2, 2]},
								"up": {"uv": [98, 194], "uv_size": [2, 2]},
								"down": {"uv": [194, 106], "uv_size": [2, -2]}
							}
						}
					]
				},
				{
					"name": "TriggerMag",
					"parent": "Metal",
					"pivot": [0, 0, 6],
					"cubes": [
						{
							"origin": [-2.15, 47.85, 7.125],
							"size": [2.3, 1, 1.375],
							"pivot": [0, 37, -9.4],
							"rotation": [-102.5, 0, 0],
							"uv": {
								"north": {"uv": [88, 46], "uv_size": [2, 1]},
								"east": {"uv": [46, 89], "uv_size": [1, 1]},
								"south": {"uv": [88, 47], "uv_size": [2, 1]},
								"west": {"uv": [47, 89], "uv_size": [1, 1]},
								"up": {"uv": [49, 88], "uv_size": [2, 1]},
								"down": {"uv": [51, 89], "uv_size": [2, -1]}
							}
						},
						{
							"origin": [-2.15, 6.75, 23.251],
							"size": [2.3, 1, 3.125],
							"pivot": [0, 0.75, 5.375],
							"rotation": [92.5, 0, 0],
							"uv": {
								"north": {"uv": [53, 88], "uv_size": [2, 1]},
								"east": {"uv": [86, 12], "uv_size": [3, 1]},
								"south": {"uv": [55, 88], "uv_size": [2, 1]},
								"west": {"uv": [86, 13], "uv_size": [3, 1]},
								"up": {"uv": [82, 39], "uv_size": [2, 3]},
								"down": {"uv": [45, 85], "uv_size": [2, -3]}
							}
						},
						{
							"origin": [-2.15, 46.1, 23.9],
							"size": [2.3, 1, 1.6],
							"pivot": [0, 35, 7.6],
							"rotation": [-154, 0, 0],
							"uv": {
								"north": {"uv": [88, 58], "uv_size": [2, 1]},
								"east": {"uv": [88, 59], "uv_size": [2, 1]},
								"south": {"uv": [61, 88], "uv_size": [2, 1]},
								"west": {"uv": [63, 88], "uv_size": [2, 1]},
								"up": {"uv": [52, 84], "uv_size": [2, 2]},
								"down": {"uv": [84, 56], "uv_size": [2, -2]}
							}
						},
						{
							"origin": [-2.15, 30.3, 28.4],
							"size": [2.3, 1, 1.6],
							"pivot": [0, 19, 12.6],
							"rotation": [150, 0, 0],
							"uv": {
								"north": {"uv": [88, 64], "uv_size": [2, 1]},
								"east": {"uv": [66, 88], "uv_size": [2, 1]},
								"south": {"uv": [88, 67], "uv_size": [2, 1]},
								"west": {"uv": [68, 88], "uv_size": [2, 1]},
								"up": {"uv": [84, 56], "uv_size": [2, 2]},
								"down": {"uv": [84, 60], "uv_size": [2, -2]}
							}
						},
						{
							"origin": [-2.15, 7.2, 28.27],
							"size": [2.3, 4, 1],
							"pivot": [0, -4, 8],
							"rotation": [90, 0, 0],
							"uv": {
								"north": {"uv": [80, 56], "uv_size": [2, 4]},
								"east": {"uv": [19, 84], "uv_size": [1, 4]},
								"south": {"uv": [80, 60], "uv_size": [2, 4]},
								"west": {"uv": [59, 84], "uv_size": [1, 4]},
								"up": {"uv": [88, 68], "uv_size": [2, 1]},
								"down": {"uv": [77, 89], "uv_size": [2, -1]}
							}
						},
						{
							"origin": [-2.15, 15, 22.6],
							"size": [2.3, 1, 3.25],
							"pivot": [0, 4, 6.6],
							"rotation": [102.5, 0, 0],
							"uv": {
								"north": {"uv": [88, 77], "uv_size": [2, 1]},
								"east": {"uv": [86, 14], "uv_size": [3, 1]},
								"south": {"uv": [88, 78], "uv_size": [2, 1]},
								"west": {"uv": [86, 15], "uv_size": [3, 1]},
								"up": {"uv": [82, 45], "uv_size": [2, 3]},
								"down": {"uv": [82, 59], "uv_size": [2, -3]}
							}
						},
						{
							"origin": [-2.15, 11, 22.001],
							"size": [2.3, 1, 3],
							"pivot": [0, 0, 3],
							"rotation": [90, 0, 0],
							"uv": {
								"north": {"uv": [89, 26], "uv_size": [2, 1]},
								"east": {"uv": [87, 8], "uv_size": [3, 1]},
								"south": {"uv": [89, 27], "uv_size": [2, 1]},
								"west": {"uv": [87, 9], "uv_size": [3, 1]},
								"up": {"uv": [25, 83], "uv_size": [2, 3]},
								"down": {"uv": [27, 86], "uv_size": [2, -3]}
							}
						},
						{
							"origin": [-2, -2.625, 28.675],
							"size": [1.5, 0.7, 3],
							"pivot": [0, -2, 6],
							"rotation": [115, 0, 0],
							"uv": {
								"north": {"uv": [79, 88], "uv_size": [2, 1]},
								"east": {"uv": [16, 86], "uv_size": [3, 1]},
								"south": {"uv": [81, 88], "uv_size": [2, 1]},
								"west": {"uv": [86, 22], "uv_size": [3, 1]},
								"up": {"uv": [82, 59], "uv_size": [2, 3]},
								"down": {"uv": [82, 65], "uv_size": [2, -3]}
							}
						},
						{
							"origin": [-2, 12.125, 22.55],
							"size": [1.5, 0.7, 1.25],
							"pivot": [0, -2, 6],
							"rotation": [75, 0, 0],
							"uv": {
								"north": {"uv": [88, 88], "uv_size": [2, 1]},
								"east": {"uv": [89, 61], "uv_size": [1, 1]},
								"south": {"uv": [0, 89], "uv_size": [2, 1]},
								"west": {"uv": [62, 89], "uv_size": [1, 1]},
								"up": {"uv": [4, 89], "uv_size": [2, 1]},
								"down": {"uv": [89, 5], "uv_size": [2, -1]}
							}
						},
						{
							"origin": [-2.15, -6.75, 10.9],
							"size": [2.3, 5.875, 1],
							"pivot": [0, 0, -9],
							"rotation": [90, 0, 0],
							"uv": {
								"north": {"uv": [78, 58], "uv_size": [2, 6]},
								"east": {"uv": [78, 82], "uv_size": [1, 6]},
								"south": {"uv": [59, 78], "uv_size": [2, 6]},
								"west": {"uv": [79, 82], "uv_size": [1, 6]},
								"up": {"uv": [86, 88], "uv_size": [2, 1]},
								"down": {"uv": [88, 88], "uv_size": [2, -1]}
							}
						}
					]
				},
				{
					"name": "Sights",
					"parent": "gun",
					"pivot": [0, -0.875, -10.25],
					"cubes": [
						{
							"origin": [-0.485, 26.475, -37.975],
							"size": [0.475, 0.2, 7.425],
							"uv": {
								"north": {"uv": [90, 9], "uv_size": [1, 1]},
								"east": {"uv": [82, 24], "uv_size": [7, 1]},
								"south": {"uv": [10, 90], "uv_size": [1, 1]},
								"west": {"uv": [82, 25], "uv_size": [7, 1]},
								"up": {"uv": [77, 81], "uv_size": [1, 7]},
								"down": {"uv": [82, 38], "uv_size": [1, -7]}
							}
						},
						{
							"origin": [-3.85, 26.475, -106.975],
							"size": [1.725, 0.125, 2.3],
							"pivot": [-2, -0.375, -68.75],
							"rotation": [0, 180, 0],
							"uv": {
								"north": {"uv": [89, 10], "uv_size": [2, 1]},
								"east": {"uv": [89, 12], "uv_size": [2, 1]},
								"south": {"uv": [89, 13], "uv_size": [2, 1]},
								"west": {"uv": [89, 14], "uv_size": [2, 1]},
								"up": {"uv": [85, 31], "uv_size": [2, 2]},
								"down": {"uv": [85, 35], "uv_size": [2, -2]}
							}
						},
						{
							"origin": [-1.945, 26.475, -37.975],
							"size": [0.475, 0.2, 7.425],
							"uv": {
								"north": {"uv": [90, 11], "uv_size": [1, 1]},
								"east": {"uv": [82, 26], "uv_size": [7, 1]},
								"south": {"uv": [12, 90], "uv_size": [1, 1]},
								"west": {"uv": [82, 38], "uv_size": [7, 1]},
								"up": {"uv": [43, 82], "uv_size": [1, 7]},
								"down": {"uv": [44, 89], "uv_size": [1, -7]}
							}
						},
						{
							"origin": [-3.99, 26.475, -106.475],
							"size": [1.94, 0.2, 0.55],
							"pivot": [-2, -0.125, -68.25],
							"rotation": [0, 180, 0],
							"uv": {
								"north": {"uv": [89, 15], "uv_size": [2, 1]},
								"east": {"uv": [13, 90], "uv_size": [1, 1]},
								"south": {"uv": [89, 16], "uv_size": [2, 1]},
								"west": {"uv": [14, 90], "uv_size": [1, 1]},
								"up": {"uv": [89, 17], "uv_size": [2, 1]},
								"down": {"uv": [89, 19], "uv_size": [2, -1]}
							}
						},
						{
							"origin": [-1.475, 26.475, -37.975],
							"size": [1.1, 0.2, 0.425],
							"uv": {
								"north": {"uv": [15, 90], "uv_size": [1, 1]},
								"east": {"uv": [16, 90], "uv_size": [1, 1]},
								"south": {"uv": [17, 90], "uv_size": [1, 1]},
								"west": {"uv": [18, 90], "uv_size": [1, 1]},
								"up": {"uv": [19, 90], "uv_size": [1, 1]},
								"down": {"uv": [90, 22], "uv_size": [1, -1]}
							}
						},
						{
							"origin": [-1.9602, 25.95, -38.15],
							"size": [1.9602, 0.6, 8.225],
							"uv": {
								"north": {"uv": [89, 19], "uv_size": [2, 1]},
								"east": {"uv": [81, 76], "uv_size": [8, 1]},
								"south": {"uv": [89, 20], "uv_size": [2, 1]},
								"west": {"uv": [82, 21], "uv_size": [8, 1]},
								"up": {"uv": [68, 75], "uv_size": [2, 8]},
								"down": {"uv": [52, 84], "uv_size": [2, -8]}
							}
						},
						{
							"origin": [-1.96, 26.625, -37.975],
							"size": [0.8, 0.65, 0.3],
							"uv": {
								"north": {"uv": [23, 90], "uv_size": [1, 1]},
								"east": {"uv": [24, 90], "uv_size": [1, 1]},
								"south": {"uv": [25, 90], "uv_size": [1, 1]},
								"west": {"uv": [26, 90], "uv_size": [1, 1]},
								"up": {"uv": [27, 90], "uv_size": [1, 1]},
								"down": {"uv": [28, 91], "uv_size": [1, -1]}
							}
						},
						{
							"origin": [-1.175, 26.625, -37.955],
							"size": [0.675, 0.375, 0.27],
							"uv": {
								"north": {"uv": [29, 90], "uv_size": [1, 1]},
								"east": {"uv": [30, 90], "uv_size": [1, 1]},
								"south": {"uv": [31, 90], "uv_size": [1, 1]},
								"west": {"uv": [90, 31], "uv_size": [1, 1]},
								"up": {"uv": [90, 32], "uv_size": [1, 1]},
								"down": {"uv": [90, 34], "uv_size": [1, -1]}
							}
						},
						{
							"origin": [-0.84, 26.625, -37.975],
							"size": [0.8, 0.65, 0.3],
							"uv": {
								"north": {"uv": [90, 34], "uv_size": [1, 1]},
								"east": {"uv": [36, 90], "uv_size": [1, 1]},
								"south": {"uv": [90, 36], "uv_size": [1, 1]},
								"west": {"uv": [37, 90], "uv_size": [1, 1]},
								"up": {"uv": [90, 37], "uv_size": [1, 1]},
								"down": {"uv": [38, 91], "uv_size": [1, -1]}
							}
						},
						{
							"origin": [-2.05, 26.475, -32.1],
							"size": [2.1, 0.25, 0.925],
							"uv": {
								"north": {"uv": [89, 22], "uv_size": [2, 1]},
								"east": {"uv": [39, 90], "uv_size": [1, 1]},
								"south": {"uv": [89, 23], "uv_size": [2, 1]},
								"west": {"uv": [90, 39], "uv_size": [1, 1]},
								"up": {"uv": [89, 24], "uv_size": [2, 1]},
								"down": {"uv": [89, 26], "uv_size": [2, -1]}
							}
						},
						{
							"origin": [-44.975, 50.975, -60.775],
							"size": [0.25, 0.65, 0.65],
							"pivot": [-42.375, 24.125, -27.625],
							"rotation": [-45, 0, 90],
							"uv": {
								"north": {"uv": [40, 90], "uv_size": [1, 1]},
								"east": {"uv": [90, 40], "uv_size": [1, 1]},
								"south": {"uv": [41, 90], "uv_size": [1, 1]},
								"west": {"uv": [90, 41], "uv_size": [1, 1]},
								"up": {"uv": [42, 90], "uv_size": [1, 1]},
								"down": {"uv": [90, 43], "uv_size": [1, -1]}
							}
						},
						{
							"origin": [-47.1, 50.975, -60.775],
							"size": [0.25, 0.65, 0.65],
							"pivot": [-44.5, 24.125, -27.625],
							"rotation": [-45, 0, 90],
							"uv": {
								"north": {"uv": [43, 90], "uv_size": [1, 1]},
								"east": {"uv": [90, 43], "uv_size": [1, 1]},
								"south": {"uv": [44, 90], "uv_size": [1, 1]},
								"west": {"uv": [90, 44], "uv_size": [1, 1]},
								"up": {"uv": [45, 90], "uv_size": [1, 1]},
								"down": {"uv": [90, 46], "uv_size": [1, -1]}
							}
						}
					]
				},
				{
					"name": "BreechBlock",
					"parent": "gun",
					"pivot": [0, 0, -2],
					"cubes": [
						{
							"origin": [-2, 20.875, 6.125],
							"size": [2, 0.625, 1.47],
							"pivot": [2, -0.25, -13.625],
							"rotation": [15, 0, 0],
							"uv": {
								"north": {"uv": [90, 64], "uv_size": [2, 1]},
								"east": {"uv": [90, 70], "uv_size": [1, 1]},
								"south": {"uv": [90, 65], "uv_size": [2, 1]},
								"west": {"uv": [71, 90], "uv_size": [1, 1]},
								"up": {"uv": [90, 66], "uv_size": [2, 1]},
								"down": {"uv": [67, 91], "uv_size": [2, -1]}
							}
						},
						{
							"origin": [-2, 26.725, -14.33],
							"size": [2, 0.625, 2.845],
							"pivot": [2, -0.25, -13.625],
							"rotation": [-15, 0, 0],
							"uv": {
								"north": {"uv": [90, 67], "uv_size": [2, 1]},
								"east": {"uv": [90, 62], "uv_size": [3, 1]},
								"south": {"uv": [90, 68], "uv_size": [2, 1]},
								"west": {"uv": [90, 63], "uv_size": [3, 1]},
								"up": {"uv": [58, 90], "uv_size": [2, 3]},
								"down": {"uv": [60, 93], "uv_size": [2, -3]}
							}
						},
						{
							"origin": [-2, 25.25, -4.75],
							"size": [2, 0.625, 4.825],
							"uv": {
								"north": {"uv": [69, 90], "uv_size": [2, 1]},
								"east": {"uv": [90, 61], "uv_size": [5, 1]},
								"south": {"uv": [90, 69], "uv_size": [2, 1]},
								"west": {"uv": [62, 90], "uv_size": [5, 1]},
								"up": {"uv": [56, 90], "uv_size": [2, 5]},
								"down": {"uv": [90, 61], "uv_size": [2, -5]}
							}
						}
					]
				},
				{
					"name": "Lever",
					"parent": "gun",
					"pivot": [0, 0, -2],
					"cubes": [
						{
							"origin": [-1.9, -4.625, 17.9],
							"size": [1.8, 8.75, 0.5],
							"pivot": [0, 0, -2],
							"rotation": [75, 0, 0],
							"uv": {
								"north": {"uv": [36, 75], "uv_size": [2, 9]},
								"east": {"uv": [65, 78], "uv_size": [1, 9]},
								"south": {"uv": [38, 75], "uv_size": [2, 9]},
								"west": {"uv": [40, 79], "uv_size": [1, 9]},
								"up": {"uv": [89, 28], "uv_size": [2, 1]},
								"down": {"uv": [29, 90], "uv_size": [2, -1]}
							}
						},
						{
							"origin": [-1.9, 7.875, 15.65],
							"size": [1.8, 2.5, 0.5],
							"pivot": [0, 0, -2],
							"rotation": [32.5, 0, 0],
							"uv": {
								"north": {"uv": [83, 27], "uv_size": [2, 3]},
								"east": {"uv": [17, 87], "uv_size": [1, 3]},
								"south": {"uv": [29, 83], "uv_size": [2, 3]},
								"west": {"uv": [18, 87], "uv_size": [1, 3]},
								"up": {"uv": [89, 29], "uv_size": [2, 1]},
								"down": {"uv": [89, 31], "uv_size": [2, -1]}
							}
						},
						{
							"origin": [-1.9, -8.75, 16.275],
							"size": [1.8, 2.625, 0.5],
							"pivot": [0, 0, -2],
							"rotation": [75, 0, 0],
							"uv": {
								"north": {"uv": [83, 30], "uv_size": [2, 3]},
								"east": {"uv": [23, 87], "uv_size": [1, 3]},
								"south": {"uv": [83, 33], "uv_size": [2, 3]},
								"west": {"uv": [24, 87], "uv_size": [1, 3]},
								"up": {"uv": [89, 35], "uv_size": [2, 1]},
								"down": {"uv": [36, 90], "uv_size": [2, -1]}
							}
						},
						{
							"origin": [-1.9, 20.25, -3.17],
							"size": [1.8, 2.5, 0.5],
							"pivot": [0, 0, -2],
							"rotation": [-42.5, 0, 0],
							"uv": {
								"north": {"uv": [54, 83], "uv_size": [2, 3]},
								"east": {"uv": [25, 87], "uv_size": [1, 3]},
								"south": {"uv": [56, 83], "uv_size": [2, 3]},
								"west": {"uv": [26, 87], "uv_size": [1, 3]},
								"up": {"uv": [89, 38], "uv_size": [2, 1]},
								"down": {"uv": [39, 90], "uv_size": [2, -1]}
							}
						}
					]
				},
				{
					"name": "bullet",
					"parent": "main",
					"pivot": [-3.9, 26.4, -25.7],
					"rotation": [0, 0, -45],
					"cubes": [
						{
							"origin": [-5.05, 20.3, -24.7],
							"size": [1, 1, 5],
							"inflate": 0.2,
							"pivot": [-3.9, 21.4, -24.7],
							"rotation": [0, 0, 45],
							"uv": {
								"north": {"uv": [49, 95], "uv_size": [1, 1]},
								"east": {"uv": [80, 77], "uv_size": [5, 1]},
								"south": {"uv": [89, 49], "uv_size": [1, 1]},
								"west": {"uv": [83, 78], "uv_size": [5, 1]},
								"up": {"uv": [80, 79], "uv_size": [1, 5]},
								"down": {"uv": [4, 86], "uv_size": [1, -5]}
							}
						}
					]
				},
				{
					"name": "bullet2",
					"parent": "main",
					"pivot": [0, 40.65, -5.825],
					"rotation": [0, 0, -45],
					"cubes": [
						{
							"origin": [-15.3, 24.55, -14.825],
							"size": [1, 1, 8],
							"inflate": 0.2,
							"pivot": [-11.15, 25.65, -14.825],
							"rotation": [0, 0, 45],
							"uv": {
								"north": {"uv": [49, 89], "uv_size": [1, 1]},
								"east": {"uv": [80, 77], "uv_size": [8, 1]},
								"south": {"uv": [89, 49], "uv_size": [1, 1]},
								"west": {"uv": [80, 78], "uv_size": [8, 1]},
								"up": {"uv": [80, 79], "uv_size": [1, 8]},
								"down": {"uv": [4, 89], "uv_size": [1, -8]}
							}
						}
					]
				},
				{
					"name": "rightarm",
					"parent": "main",
					"pivot": [-5.425, 9.425, 16.8],
					"rotation": [-101.81106, -12.40003, -2.46982],
					"cubes": [
						{
							"origin": [-9.425, -7.575, 4.8],
							"size": [8, 24, 8],
							"pivot": [-2.425, -2.575, 13.8],
							"rotation": [0, 0, -22.5],
							"uv": {
								"north": {"uv": [0, 0], "uv_size": [8, 24]},
								"east": {"uv": [8, 0], "uv_size": [8, 24]},
								"south": {"uv": [16, 0], "uv_size": [8, 24]},
								"west": {"uv": [0, 24], "uv_size": [8, 24]},
								"up": {"uv": [36, 60], "uv_size": [8, 8]},
								"down": {"uv": [44, 68], "uv_size": [8, -8]}
							}
						}
					]
				},
				{
					"name": "leftarm",
					"parent": "main",
					"pivot": [10.7, 11.3, -8.6],
					"rotation": [-119.61483, 1.67666, -38.31282],
					"cubes": [
						{
							"origin": [6.7, -12.7, -12.6],
							"size": [8, 24, 8],
							"uv": {
								"north": {"uv": [24, 0], "uv_size": [8, 24]},
								"east": {"uv": [8, 24], "uv_size": [8, 24]},
								"south": {"uv": [16, 24], "uv_size": [8, 24]},
								"west": {"uv": [24, 24], "uv_size": [8, 24]},
								"up": {"uv": [52, 60], "uv_size": [8, 8]},
								"down": {"uv": [60, 68], "uv_size": [8, -8]}
							}
						}
					]
				},
				{
					"name": "muzzleflash",
					"parent": "main",
					"pivot": [-1, 24.975, -101.25],
					"cubes": [
						{
							"origin": [-1.5, 24.475, -101.55],
							"size": [1, 1, 1],
							"inflate": -0.4,
							"uv": {
								"north": {"uv": [50, 89], "uv_size": [1, 1]},
								"east": {"uv": [89, 50], "uv_size": [1, 1]},
								"south": {"uv": [51, 89], "uv_size": [1, 1]},
								"west": {"uv": [89, 51], "uv_size": [1, 1]},
								"up": {"uv": [52, 89], "uv_size": [1, 1]},
								"down": {"uv": [89, 53], "uv_size": [1, -1]}
							}
						}
					]
				},
				{
					"name": "scope",
					"parent": "main",
					"pivot": [-1, 27.175, 4.75],
					"cubes": [
						{
							"origin": [-2.5, 26.675, 32.45],
							"size": [1, 1, 1],
							"inflate": -0.4,
							"uv": {
								"north": {"uv": [53, 89], "uv_size": [1, 1]},
								"east": {"uv": [89, 53], "uv_size": [1, 1]},
								"south": {"uv": [54, 89], "uv_size": [1, 1]},
								"west": {"uv": [89, 54], "uv_size": [1, 1]},
								"up": {"uv": [55, 89], "uv_size": [1, 1]},
								"down": {"uv": [89, 56], "uv_size": [1, -1]}
							}
						}
					]
				}
			]
		}
	]
}