{
	"format_version": "1.12.0",
	"minecraft:geometry": [
		{
			"description": {
				"identifier": "geometry.unknown",
				"texture_width": 128,
				"texture_height": 128,
				"visible_bounds_width": 12,
				"visible_bounds_height": 4,
				"visible_bounds_offset": [0, 1, 0]
			},
			"bones": [
				{
					"name": "main",
					"pivot": [0, 20, 0]
				},
				{
					"name": "gun",
					"parent": "main",
					"pivot": [0, 11, -1]
				},
				{
					"name": "Wood",
					"parent": "gun",
					"pivot": [0, 11, -1],
					"cubes": [
						{
							"origin": [-2.99, 20.6, 3.02],
							"size": [3.99, 3.8, 5],
							"pivot": [0, 11, -1],
							"rotation": [-7.5, 0, 0],
							"uv": {
								"north": {"uv": [80, 10], "uv_size": [4, 4]},
								"east": {"uv": [77, 0], "uv_size": [5, 4]},
								"south": {"uv": [16, 80], "uv_size": [4, 4]},
								"west": {"uv": [77, 4], "uv_size": [5, 4]},
								"up": {"uv": [22, 77], "uv_size": [4, 5]},
								"down": {"uv": [26, 82], "uv_size": [4, -5]}
							}
						},
						{
							"origin": [-2.97, 25, -2.5],
							"size": [0.97, 1.84, 6.75],
							"pivot": [0, 11, -1],
							"rotation": [-27.5, 0, 0],
							"uv": {
								"north": {"uv": [69, 92], "uv_size": [1, 2]},
								"east": {"uv": [80, 78], "uv_size": [7, 2]},
								"south": {"uv": [74, 92], "uv_size": [1, 2]},
								"west": {"uv": [80, 80], "uv_size": [7, 2]},
								"up": {"uv": [65, 86], "uv_size": [1, 7]},
								"down": {"uv": [68, 93], "uv_size": [1, -7]}
							}
						},
						{
							"origin": [-2, 25, 0.48],
							"size": [2, 1.84, 3.42],
							"pivot": [0, 11, -1],
							"rotation": [-27.5, 0, 0],
							"uv": {
								"north": {"uv": [8, 89], "uv_size": [2, 2]},
								"east": {"uv": [0, 87], "uv_size": [3, 2]},
								"south": {"uv": [57, 89], "uv_size": [2, 2]},
								"west": {"uv": [87, 80], "uv_size": [3, 2]},
								"up": {"uv": [72, 87], "uv_size": [2, 3]},
								"down": {"uv": [87, 87], "uv_size": [2, -3]}
							}
						},
						{
							"origin": [-0.01, 25, -2.5],
							"size": [0.97, 1.84, 6.75],
							"pivot": [0, 11, -1],
							"rotation": [-27.5, 0, 0],
							"uv": {
								"north": {"uv": [59, 92], "uv_size": [1, 2]},
								"east": {"uv": [80, 74], "uv_size": [7, 2]},
								"south": {"uv": [62, 92], "uv_size": [1, 2]},
								"west": {"uv": [80, 76], "uv_size": [7, 2]},
								"up": {"uv": [63, 86], "uv_size": [1, 7]},
								"down": {"uv": [64, 93], "uv_size": [1, -7]}
							}
						},
						{
							"origin": [-2.99, 21.6, 6.02],
							"size": [3.99, 3.8, 13],
							"pivot": [0, 11, -1],
							"rotation": [-15, 0, 0],
							"uv": {
								"north": {"uv": [36, 80], "uv_size": [4, 4]},
								"east": {"uv": [4, 61], "uv_size": [13, 4]},
								"south": {"uv": [80, 38], "uv_size": [4, 4]},
								"west": {"uv": [60, 62], "uv_size": [13, 4]},
								"up": {"uv": [17, 61], "uv_size": [4, 13]},
								"down": {"uv": [36, 75], "uv_size": [4, -13]}
							}
						},
						{
							"origin": [-2.99, 23.6, 17.6],
							"size": [3.99, 1.8, 20],
							"pivot": [0, 10, -1],
							"rotation": [-5, 0, 0],
							"uv": {
								"north": {"uv": [84, 69], "uv_size": [4, 2]},
								"east": {"uv": [64, 60], "uv_size": [20, 2]},
								"south": {"uv": [75, 84], "uv_size": [4, 2]},
								"west": {"uv": [60, 66], "uv_size": [20, 2]},
								"up": {"uv": [52, 38], "uv_size": [4, 20]},
								"down": {"uv": [56, 20], "uv_size": [4, -20]}
							}
						},
						{
							"origin": [-2.96, 19.6, 18.02],
							"size": [3.93, 4.8, 5],
							"pivot": [0, 10, -1],
							"rotation": [-5, 0, 0],
							"uv": {
								"north": {"uv": [78, 24], "uv_size": [4, 5]},
								"east": {"uv": [72, 0], "uv_size": [5, 5]},
								"south": {"uv": [78, 43], "uv_size": [4, 5]},
								"west": {"uv": [72, 5], "uv_size": [5, 5]},
								"up": {"uv": [78, 48], "uv_size": [4, 5]},
								"down": {"uv": [76, 83], "uv_size": [4, -5]}
							}
						},
						{
							"origin": [-2.97, 29.3, 7.02],
							"size": [3.95, 3.8, 2],
							"pivot": [0, 11, -1],
							"rotation": [-37.5, 0, 0],
							"uv": {
								"north": {"uv": [40, 80], "uv_size": [4, 4]},
								"east": {"uv": [44, 84], "uv_size": [2, 4]},
								"south": {"uv": [44, 80], "uv_size": [4, 4]},
								"west": {"uv": [46, 84], "uv_size": [2, 4]},
								"up": {"uv": [84, 60], "uv_size": [4, 2]},
								"down": {"uv": [84, 69], "uv_size": [4, -2]}
							}
						},
						{
							"origin": [-2.97, 17.6, 23.02],
							"size": [3.95, 6.8, 6],
							"pivot": [0, 10, -1],
							"rotation": [-5, 0, 0],
							"uv": {
								"north": {"uv": [70, 46], "uv_size": [4, 7]},
								"east": {"uv": [64, 46], "uv_size": [6, 7]},
								"south": {"uv": [70, 53], "uv_size": [4, 7]},
								"west": {"uv": [64, 53], "uv_size": [6, 7]},
								"up": {"uv": [44, 74], "uv_size": [4, 6]},
								"down": {"uv": [74, 50], "uv_size": [4, -6]}
							}
						},
						{
							"origin": [-2.99, 23.2, 17.02],
							"size": [3.99, 2.8, 18],
							"pivot": [0, 10, -1],
							"rotation": [-20, 0, 0],
							"uv": {
								"north": {"uv": [82, 18], "uv_size": [4, 3]},
								"east": {"uv": [60, 24], "uv_size": [18, 3]},
								"south": {"uv": [22, 82], "uv_size": [4, 3]},
								"west": {"uv": [60, 27], "uv_size": [18, 3]},
								"up": {"uv": [56, 38], "uv_size": [4, 18]},
								"down": {"uv": [56, 74], "uv_size": [4, -18]}
							}
						},
						{
							"origin": [-2.97, 15.6, 29.02],
							"size": [3.95, 8.8, 8],
							"pivot": [0, 10, -1],
							"rotation": [-5, 0, 0],
							"uv": {
								"north": {"uv": [68, 0], "uv_size": [4, 9]},
								"east": {"uv": [44, 24], "uv_size": [8, 9]},
								"south": {"uv": [68, 9], "uv_size": [4, 9]},
								"west": {"uv": [52, 22], "uv_size": [8, 9]},
								"up": {"uv": [64, 68], "uv_size": [4, 8]},
								"down": {"uv": [68, 76], "uv_size": [4, -8]}
							}
						},
						{
							"origin": [-3, 21, -42],
							"size": [4, 1, 24],
							"uv": {
								"north": {"uv": [89, 25], "uv_size": [4, 1]},
								"east": {"uv": [60, 30], "uv_size": [24, 1]},
								"south": {"uv": [89, 26], "uv_size": [4, 1]},
								"west": {"uv": [68, 22], "uv_size": [24, 1]},
								"up": {"uv": [36, 38], "uv_size": [4, 24]},
								"down": {"uv": [40, 34], "uv_size": [4, -24]}
							}
						},
						{
							"origin": [-3, 24, -42],
							"size": [4, 1, 24],
							"uv": {
								"north": {"uv": [91, 28], "uv_size": [4, 1]},
								"east": {"uv": [72, 17], "uv_size": [24, 1]},
								"south": {"uv": [91, 72], "uv_size": [4, 1]},
								"west": {"uv": [74, 31], "uv_size": [24, 1]},
								"up": {"uv": [44, 38], "uv_size": [4, 24]},
								"down": {"uv": [48, 24], "uv_size": [4, -24]}
							}
						},
						{
							"origin": [-3, 22, -42],
							"size": [4, 2, 6],
							"uv": {
								"north": {"uv": [38, 86], "uv_size": [4, 2]},
								"east": {"uv": [82, 6], "uv_size": [6, 2]},
								"south": {"uv": [48, 86], "uv_size": [4, 2]},
								"west": {"uv": [82, 51], "uv_size": [6, 2]},
								"up": {"uv": [74, 50], "uv_size": [4, 6]},
								"down": {"uv": [52, 80], "uv_size": [4, -6]}
							}
						},
						{
							"origin": [-3, 22, -22],
							"size": [4, 2, 4],
							"uv": {
								"north": {"uv": [75, 86], "uv_size": [4, 2]},
								"east": {"uv": [79, 86], "uv_size": [4, 2]},
								"south": {"uv": [83, 86], "uv_size": [4, 2]},
								"west": {"uv": [87, 47], "uv_size": [4, 2]},
								"up": {"uv": [52, 80], "uv_size": [4, 4]},
								"down": {"uv": [56, 84], "uv_size": [4, -4]}
							}
						},
						{
							"origin": [-2.75, 22, -36],
							"size": [3.5, 2, 14],
							"uv": {
								"north": {"uv": [87, 49], "uv_size": [4, 2]},
								"east": {"uv": [68, 18], "uv_size": [14, 2]},
								"south": {"uv": [55, 87], "uv_size": [4, 2]},
								"west": {"uv": [68, 20], "uv_size": [14, 2]},
								"up": {"uv": [48, 60], "uv_size": [4, 14]},
								"down": {"uv": [0, 75], "uv_size": [4, -14]}
							}
						},
						{
							"origin": [-2.998, 19.4, -42],
							"size": [3.99, 1, 23.8],
							"pivot": [2, 11, -1],
							"rotation": [-2, 0, 0],
							"uv": {
								"north": {"uv": [89, 46], "uv_size": [4, 1]},
								"east": {"uv": [68, 23], "uv_size": [24, 1]},
								"south": {"uv": [53, 89], "uv_size": [4, 1]},
								"west": {"uv": [72, 16], "uv_size": [24, 1]},
								"up": {"uv": [40, 38], "uv_size": [4, 24]},
								"down": {"uv": [44, 24], "uv_size": [4, -24]}
							}
						},
						{
							"origin": [-3, 20.8, -85],
							"size": [4, 4.5, 43],
							"uv": {
								"north": {"uv": [62, 76], "uv_size": [4, 5]},
								"east": {"uv": [0, 0], "uv_size": [43, 5]},
								"south": {"uv": [66, 76], "uv_size": [4, 5]},
								"west": {"uv": [0, 5], "uv_size": [43, 5]},
								"up": {"uv": [24, 34], "uv_size": [4, 43]},
								"down": {"uv": [28, 77], "uv_size": [4, -43]}
							}
						}
					]
				},
				{
					"name": "Metal",
					"parent": "gun",
					"pivot": [-17.83842, 15.85861, -54.87841],
					"cubes": [
						{
							"origin": [-3, 20, -18],
							"size": [4, 3, 22],
							"uv": {
								"north": {"uv": [0, 81], "uv_size": [4, 3]},
								"east": {"uv": [52, 31], "uv_size": [22, 3]},
								"south": {"uv": [4, 81], "uv_size": [4, 3]},
								"west": {"uv": [0, 58], "uv_size": [22, 3]},
								"up": {"uv": [48, 38], "uv_size": [4, 22]},
								"down": {"uv": [52, 22], "uv_size": [4, -22]}
							}
						},
						{
							"origin": [-3, 23, -12],
							"size": [4, 2, 10],
							"uv": {
								"north": {"uv": [16, 84], "uv_size": [4, 2]},
								"east": {"uv": [74, 32], "uv_size": [10, 2]},
								"south": {"uv": [84, 32], "uv_size": [4, 2]},
								"west": {"uv": [74, 56], "uv_size": [10, 2]},
								"up": {"uv": [4, 65], "uv_size": [4, 10]},
								"down": {"uv": [8, 75], "uv_size": [4, -10]}
							}
						},
						{
							"origin": [-3, 25, -20],
							"size": [4, 1, 8],
							"uv": {
								"north": {"uv": [22, 89], "uv_size": [4, 1]},
								"east": {"uv": [84, 11], "uv_size": [8, 1]},
								"south": {"uv": [89, 24], "uv_size": [4, 1]},
								"west": {"uv": [84, 12], "uv_size": [8, 1]},
								"up": {"uv": [68, 38], "uv_size": [4, 8]},
								"down": {"uv": [60, 76], "uv_size": [4, -8]}
							}
						},
						{
							"origin": [0, 25, -12],
							"size": [1, 1, 15],
							"uv": {
								"north": {"uv": [91, 94], "uv_size": [1, 1]},
								"east": {"uv": [80, 42], "uv_size": [15, 1]},
								"south": {"uv": [92, 94], "uv_size": [1, 1]},
								"west": {"uv": [80, 66], "uv_size": [15, 1]},
								"up": {"uv": [20, 80], "uv_size": [1, 15]},
								"down": {"uv": [21, 95], "uv_size": [1, -15]}
							}
						},
						{
							"origin": [-3, 25, 0],
							"size": [1, 1, 3],
							"uv": {
								"north": {"uv": [93, 94], "uv_size": [1, 1]},
								"east": {"uv": [92, 19], "uv_size": [3, 1]},
								"south": {"uv": [94, 94], "uv_size": [1, 1]},
								"west": {"uv": [22, 92], "uv_size": [3, 1]},
								"up": {"uv": [75, 80], "uv_size": [1, 3]},
								"down": {"uv": [41, 94], "uv_size": [1, -3]}
							}
						},
						{
							"origin": [-13.85, 28.13, -19.999],
							"size": [1, 1.4, 8],
							"pivot": [-11, 14, -1],
							"rotation": [0, 0, 45],
							"uv": {
								"north": {"uv": [78, 94], "uv_size": [1, 1]},
								"east": {"uv": [52, 84], "uv_size": [8, 1]},
								"south": {"uv": [79, 94], "uv_size": [1, 1]},
								"west": {"uv": [84, 56], "uv_size": [8, 1]},
								"up": {"uv": [7, 84], "uv_size": [1, 8]},
								"down": {"uv": [12, 92], "uv_size": [1, -8]}
							}
						},
						{
							"origin": [13.2, 33.1, -19.999],
							"size": [0.7, 1.4, 19.875],
							"pivot": [16, 14, -1.625],
							"rotation": [0, 0, -45],
							"uv": {
								"north": {"uv": [80, 94], "uv_size": [1, 1]},
								"east": {"uv": [74, 58], "uv_size": [20, 1]},
								"south": {"uv": [94, 80], "uv_size": [1, 1]},
								"west": {"uv": [74, 59], "uv_size": [20, 1]},
								"up": {"uv": [60, 76], "uv_size": [1, 20]},
								"down": {"uv": [61, 96], "uv_size": [1, -20]}
							}
						},
						{
							"origin": [-3, 23, -18],
							"size": [4, 2, 6],
							"uv": {
								"north": {"uv": [40, 84], "uv_size": [4, 2]},
								"east": {"uv": [82, 2], "uv_size": [6, 2]},
								"south": {"uv": [84, 40], "uv_size": [4, 2]},
								"west": {"uv": [82, 4], "uv_size": [6, 2]},
								"up": {"uv": [72, 68], "uv_size": [4, 6]},
								"down": {"uv": [14, 80], "uv_size": [4, -6]}
							}
						},
						{
							"origin": [-3, 25, -42],
							"size": [4, 0.5, 16.3],
							"uv": {
								"north": {"uv": [91, 89], "uv_size": [4, 1]},
								"east": {"uv": [78, 55], "uv_size": [16, 1]},
								"south": {"uv": [91, 90], "uv_size": [4, 1]},
								"west": {"uv": [80, 14], "uv_size": [16, 1]},
								"up": {"uv": [52, 58], "uv_size": [4, 16]},
								"down": {"uv": [60, 62], "uv_size": [4, -16]}
							}
						},
						{
							"origin": [-3, 25, -25.7],
							"size": [4, 0.73, 5.7],
							"uv": {
								"north": {"uv": [89, 27], "uv_size": [4, 1]},
								"east": {"uv": [87, 78], "uv_size": [6, 1]},
								"south": {"uv": [89, 43], "uv_size": [4, 1]},
								"west": {"uv": [87, 79], "uv_size": [6, 1]},
								"up": {"uv": [18, 74], "uv_size": [4, 6]},
								"down": {"uv": [40, 80], "uv_size": [4, -6]}
							}
						},
						{
							"origin": [-2, 26, -19.999],
							"size": [2, 1, 8],
							"uv": {
								"north": {"uv": [76, 43], "uv_size": [2, 1]},
								"east": {"uv": [84, 13], "uv_size": [8, 1]},
								"south": {"uv": [72, 92], "uv_size": [2, 1]},
								"west": {"uv": [84, 30], "uv_size": [8, 1]},
								"up": {"uv": [10, 80], "uv_size": [2, 8]},
								"down": {"uv": [14, 88], "uv_size": [2, -8]}
							}
						},
						{
							"origin": [12.771, 32.769, -25.72],
							"size": [0.99, 1.386, 6.92],
							"pivot": [15.84, 13.86, -7.91],
							"rotation": [0, 0, -45],
							"uv": {
								"north": {"uv": [82, 94], "uv_size": [1, 1]},
								"east": {"uv": [87, 76], "uv_size": [7, 1]},
								"south": {"uv": [83, 94], "uv_size": [1, 1]},
								"west": {"uv": [87, 77], "uv_size": [7, 1]},
								"up": {"uv": [42, 86], "uv_size": [1, 7]},
								"down": {"uv": [43, 93], "uv_size": [1, -7]}
							}
						},
						{
							"origin": [-1.98, 25.74, -25.72],
							"size": [1.98, 0.99, 6.92],
							"uv": {
								"north": {"uv": [78, 92], "uv_size": [2, 1]},
								"east": {"uv": [87, 74], "uv_size": [7, 1]},
								"south": {"uv": [80, 92], "uv_size": [2, 1]},
								"west": {"uv": [87, 75], "uv_size": [7, 1]},
								"up": {"uv": [80, 67], "uv_size": [2, 7]},
								"down": {"uv": [72, 87], "uv_size": [2, -7]}
							}
						},
						{
							"origin": [-13.7115, 27.8487, -25.72],
							"size": [0.99, 1.386, 6.92],
							"pivot": [-10.89, 13.86, -7.91],
							"rotation": [0, 0, 45],
							"uv": {
								"north": {"uv": [81, 94], "uv_size": [1, 1]},
								"east": {"uv": [84, 83], "uv_size": [7, 1]},
								"south": {"uv": [94, 81], "uv_size": [1, 1]},
								"west": {"uv": [86, 20], "uv_size": [7, 1]},
								"up": {"uv": [59, 85], "uv_size": [1, 7]},
								"down": {"uv": [28, 93], "uv_size": [1, -7]}
							}
						},
						{
							"origin": [-1.9602, 25.4826, -41.98],
							"size": [1.9602, 0.9801, 18.8408],
							"uv": {
								"north": {"uv": [92, 80], "uv_size": [2, 1]},
								"east": {"uv": [78, 53], "uv_size": [19, 1]},
								"south": {"uv": [92, 81], "uv_size": [2, 1]},
								"west": {"uv": [78, 54], "uv_size": [19, 1]},
								"up": {"uv": [22, 58], "uv_size": [2, 19]},
								"down": {"uv": [12, 84], "uv_size": [2, -19]}
							}
						},
						{
							"origin": [12.64329, 32.44131, -41.98],
							"size": [0.9801, 1.37214, 18.8408],
							"pivot": [15.6816, 13.7214, -11.7509],
							"rotation": [0, 0, -45],
							"uv": {
								"north": {"uv": [94, 87], "uv_size": [1, 1]},
								"east": {"uv": [77, 9], "uv_size": [19, 1]},
								"south": {"uv": [94, 88], "uv_size": [1, 1]},
								"west": {"uv": [78, 29], "uv_size": [19, 1]},
								"up": {"uv": [30, 77], "uv_size": [1, 19]},
								"down": {"uv": [31, 96], "uv_size": [1, -19]}
							}
						},
						{
							"origin": [-13.57438, 27.57021, -41.98],
							"size": [0.9801, 1.37214, 18.8408],
							"pivot": [-10.7811, 13.7214, -11.7509],
							"rotation": [0, 0, 45],
							"uv": {
								"north": {"uv": [84, 94], "uv_size": [1, 1]},
								"east": {"uv": [76, 15], "uv_size": [19, 1]},
								"south": {"uv": [86, 94], "uv_size": [1, 1]},
								"west": {"uv": [77, 8], "uv_size": [19, 1]},
								"up": {"uv": [70, 76], "uv_size": [1, 19]},
								"down": {"uv": [71, 95], "uv_size": [1, -19]}
							}
						},
						{
							"origin": [-1.03, -3.1, -42.43],
							"size": [4.04, 4.6, 1.313],
							"pivot": [0, 11.11, -1.02],
							"rotation": [0, 0, 180],
							"uv": {
								"north": {"uv": [76, 10], "uv_size": [4, 5]},
								"east": {"uv": [11, 88], "uv_size": [1, 5]},
								"south": {"uv": [76, 38], "uv_size": [4, 5]},
								"west": {"uv": [75, 88], "uv_size": [1, 5]},
								"up": {"uv": [89, 44], "uv_size": [4, 1]},
								"down": {"uv": [89, 46], "uv_size": [4, -1]}
							}
						},
						{
							"origin": [-1.03, -1.85, -48.18],
							"size": [4.04, 0.475, 5.813],
							"pivot": [0, 11.11, -1.02],
							"rotation": [0, 0, 180],
							"uv": {
								"north": {"uv": [91, 91], "uv_size": [4, 1]},
								"east": {"uv": [88, 40], "uv_size": [6, 1]},
								"south": {"uv": [2, 92], "uv_size": [4, 1]},
								"west": {"uv": [88, 41], "uv_size": [6, 1]},
								"up": {"uv": [56, 74], "uv_size": [4, 6]},
								"down": {"uv": [72, 80], "uv_size": [4, -6]}
							}
						},
						{
							"origin": [-1.03, -1.85, -84.18],
							"size": [4.04, 0.475, 5.813],
							"pivot": [0, 11.11, -1.02],
							"rotation": [0, 0, 180],
							"uv": {
								"north": {"uv": [92, 10], "uv_size": [4, 1]},
								"east": {"uv": [88, 51], "uv_size": [6, 1]},
								"south": {"uv": [92, 11], "uv_size": [4, 1]},
								"west": {"uv": [88, 52], "uv_size": [6, 1]},
								"up": {"uv": [0, 75], "uv_size": [4, 6]},
								"down": {"uv": [4, 81], "uv_size": [4, -6]}
							}
						},
						{
							"origin": [-3.03, 25.25, -42.43],
							"size": [4.04, 0.38, 1.313],
							"uv": {
								"north": {"uv": [91, 73], "uv_size": [4, 1]},
								"east": {"uv": [90, 95], "uv_size": [1, 1]},
								"south": {"uv": [78, 91], "uv_size": [4, 1]},
								"west": {"uv": [95, 90], "uv_size": [1, 1]},
								"up": {"uv": [91, 83], "uv_size": [4, 1]},
								"down": {"uv": [87, 92], "uv_size": [4, -1]}
							}
						},
						{
							"origin": [12.76972, 32.64072, -42.4098],
							"size": [0.9899, 1.38586, 1.313],
							"pivot": [15.83842, 13.73361, -11.87841],
							"rotation": [0, 0, -45],
							"uv": {
								"north": {"uv": [96, 12], "uv_size": [1, 1]},
								"east": {"uv": [13, 96], "uv_size": [1, 1]},
								"south": {"uv": [96, 13], "uv_size": [1, 1]},
								"west": {"uv": [14, 96], "uv_size": [1, 1]},
								"up": {"uv": [96, 14], "uv_size": [1, 1]},
								"down": {"uv": [15, 97], "uv_size": [1, -1]}
							}
						},
						{
							"origin": [-1.9798, 25.61243, -42.4098],
							"size": [1.9798, 0.9899, 1.313],
							"uv": {
								"north": {"uv": [27, 94], "uv_size": [2, 1]},
								"east": {"uv": [89, 95], "uv_size": [1, 1]},
								"south": {"uv": [94, 32], "uv_size": [2, 1]},
								"west": {"uv": [95, 89], "uv_size": [1, 1]},
								"up": {"uv": [94, 33], "uv_size": [2, 1]},
								"down": {"uv": [94, 39], "uv_size": [2, -1]}
							}
						},
						{
							"origin": [-13.71013, 27.72092, -42.4098],
							"size": [0.9899, 1.38586, 1.313],
							"pivot": [-10.88891, 13.73361, -11.87841],
							"rotation": [0, 0, 45],
							"uv": {
								"north": {"uv": [96, 9], "uv_size": [1, 1]},
								"east": {"uv": [10, 96], "uv_size": [1, 1]},
								"south": {"uv": [96, 10], "uv_size": [1, 1]},
								"west": {"uv": [11, 96], "uv_size": [1, 1]},
								"up": {"uv": [96, 11], "uv_size": [1, 1]},
								"down": {"uv": [12, 97], "uv_size": [1, -1]}
							}
						},
						{
							"origin": [12.76972, 32.76572, -33.4098],
							"size": [0.9899, 1.38586, 1.313],
							"pivot": [15.83842, 13.85861, -2.87841],
							"rotation": [0, 0, -45],
							"uv": {
								"north": {"uv": [19, 95], "uv_size": [1, 1]},
								"east": {"uv": [95, 19], "uv_size": [1, 1]},
								"south": {"uv": [20, 95], "uv_size": [1, 1]},
								"west": {"uv": [95, 20], "uv_size": [1, 1]},
								"up": {"uv": [21, 95], "uv_size": [1, 1]},
								"down": {"uv": [95, 22], "uv_size": [1, -1]}
							}
						},
						{
							"origin": [-3.03, 25.25, -33.43],
							"size": [4.04, 0.505, 1.313],
							"uv": {
								"north": {"uv": [89, 82], "uv_size": [4, 1]},
								"east": {"uv": [17, 95], "uv_size": [1, 1]},
								"south": {"uv": [89, 84], "uv_size": [4, 1]},
								"west": {"uv": [18, 95], "uv_size": [1, 1]},
								"up": {"uv": [89, 85], "uv_size": [4, 1]},
								"down": {"uv": [89, 87], "uv_size": [4, -1]}
							}
						},
						{
							"origin": [-1.9798, 25.73743, -33.4098],
							"size": [1.9798, 0.9899, 1.313],
							"uv": {
								"north": {"uv": [87, 92], "uv_size": [2, 1]},
								"east": {"uv": [95, 15], "uv_size": [1, 1]},
								"south": {"uv": [92, 87], "uv_size": [2, 1]},
								"west": {"uv": [16, 95], "uv_size": [1, 1]},
								"up": {"uv": [92, 88], "uv_size": [2, 1]},
								"down": {"uv": [89, 93], "uv_size": [2, -1]}
							}
						},
						{
							"origin": [-13.71013, 27.84592, -33.4098],
							"size": [0.9899, 1.38586, 1.313],
							"pivot": [-10.88891, 13.85861, -2.87841],
							"rotation": [0, 0, 45],
							"uv": {
								"north": {"uv": [9, 95], "uv_size": [1, 1]},
								"east": {"uv": [11, 95], "uv_size": [1, 1]},
								"south": {"uv": [12, 95], "uv_size": [1, 1]},
								"west": {"uv": [13, 95], "uv_size": [1, 1]},
								"up": {"uv": [14, 95], "uv_size": [1, 1]},
								"down": {"uv": [15, 96], "uv_size": [1, -1]}
							}
						},
						{
							"origin": [-1.03, -3.1, -85.43],
							"size": [4.04, 4.6, 1.313],
							"pivot": [0, 11.11, -44.02],
							"rotation": [0, 0, 180],
							"uv": {
								"north": {"uv": [76, 68], "uv_size": [4, 5]},
								"east": {"uv": [76, 88], "uv_size": [1, 5]},
								"south": {"uv": [76, 73], "uv_size": [4, 5]},
								"west": {"uv": [77, 88], "uv_size": [1, 5]},
								"up": {"uv": [89, 62], "uv_size": [4, 1]},
								"down": {"uv": [89, 64], "uv_size": [4, -1]}
							}
						},
						{
							"origin": [-1.9798, 24.73743, -85.4098],
							"size": [1.9798, 1.51, 1.313],
							"uv": {
								"north": {"uv": [85, 88], "uv_size": [2, 2]},
								"east": {"uv": [37, 92], "uv_size": [1, 2]},
								"south": {"uv": [0, 89], "uv_size": [2, 2]},
								"west": {"uv": [56, 92], "uv_size": [1, 2]},
								"up": {"uv": [82, 92], "uv_size": [2, 1]},
								"down": {"uv": [84, 93], "uv_size": [2, -1]}
							}
						},
						{
							"origin": [-3, 23, -2],
							"size": [4, 2, 6],
							"uv": {
								"north": {"uv": [56, 20], "uv_size": [4, 2]},
								"east": {"uv": [62, 81], "uv_size": [6, 2]},
								"south": {"uv": [3, 84], "uv_size": [4, 2]},
								"west": {"uv": [82, 0], "uv_size": [6, 2]},
								"up": {"uv": [72, 10], "uv_size": [4, 6]},
								"down": {"uv": [72, 44], "uv_size": [4, -6]}
							}
						},
						{
							"origin": [-2, 23.75, 1.5],
							"size": [2, 1.875, 3.675],
							"pivot": [0, 11, -1],
							"rotation": [-10, 0, 0],
							"uv": {
								"north": {"uv": [78, 89], "uv_size": [2, 2]},
								"east": {"uv": [79, 84], "uv_size": [4, 2]},
								"south": {"uv": [80, 89], "uv_size": [2, 2]},
								"west": {"uv": [83, 84], "uv_size": [4, 2]},
								"up": {"uv": [22, 85], "uv_size": [2, 4]},
								"down": {"uv": [24, 89], "uv_size": [2, -4]}
							}
						},
						{
							"origin": [-3.01, 20.6, 1.02],
							"size": [4.03, 4.675, 2],
							"pivot": [0, 11, -1],
							"rotation": [-7.5, 0, 0],
							"uv": {
								"north": {"uv": [8, 75], "uv_size": [4, 5]},
								"east": {"uv": [68, 81], "uv_size": [2, 5]},
								"south": {"uv": [36, 75], "uv_size": [4, 5]},
								"west": {"uv": [82, 67], "uv_size": [2, 5]},
								"up": {"uv": [36, 84], "uv_size": [4, 2]},
								"down": {"uv": [84, 40], "uv_size": [4, -2]}
							}
						},
						{
							"origin": [-3.015, 25.225, 1.02],
							"size": [1.015, 1.175, 2],
							"pivot": [0, 11, -1],
							"rotation": [-7.5, 0, 0],
							"uv": {
								"north": {"uv": [96, 15], "uv_size": [1, 1]},
								"east": {"uv": [94, 55], "uv_size": [2, 1]},
								"south": {"uv": [16, 96], "uv_size": [1, 1]},
								"west": {"uv": [56, 94], "uv_size": [2, 1]},
								"up": {"uv": [58, 94], "uv_size": [1, 2]},
								"down": {"uv": [94, 60], "uv_size": [1, -2]}
							}
						},
						{
							"origin": [-0.005, 25.225, 1.02],
							"size": [1.025, 1.175, 2],
							"pivot": [0, 11, -1],
							"rotation": [-7.5, 0, 0],
							"uv": {
								"north": {"uv": [96, 16], "uv_size": [1, 1]},
								"east": {"uv": [62, 94], "uv_size": [2, 1]},
								"south": {"uv": [17, 96], "uv_size": [1, 1]},
								"west": {"uv": [66, 94], "uv_size": [2, 1]},
								"up": {"uv": [59, 94], "uv_size": [1, 2]},
								"down": {"uv": [64, 96], "uv_size": [1, -2]}
							}
						},
						{
							"origin": [-3, 13.325, 37.02],
							"size": [4.01, 12.175, 1],
							"pivot": [0, 10, -1],
							"rotation": [-5, 0, 0],
							"uv": {
								"north": {"uv": [40, 62], "uv_size": [4, 12]},
								"east": {"uv": [21, 61], "uv_size": [1, 12]},
								"south": {"uv": [44, 62], "uv_size": [4, 12]},
								"west": {"uv": [74, 80], "uv_size": [1, 12]},
								"up": {"uv": [89, 64], "uv_size": [4, 1]},
								"down": {"uv": [89, 66], "uv_size": [4, -1]}
							}
						},
						{
							"origin": [-2.5, 24.45, 34.52],
							"size": [3.01, 1.05, 2.5],
							"pivot": [0, 10, -1],
							"rotation": [-5, 0, 0],
							"uv": {
								"north": {"uv": [92, 57], "uv_size": [3, 1]},
								"east": {"uv": [92, 67], "uv_size": [3, 1]},
								"south": {"uv": [92, 68], "uv_size": [3, 1]},
								"west": {"uv": [92, 71], "uv_size": [3, 1]},
								"up": {"uv": [63, 83], "uv_size": [3, 3]},
								"down": {"uv": [0, 87], "uv_size": [3, -3]}
							}
						},
						{
							"origin": [-2, 24, -98],
							"size": [2, 2, 85],
							"uv": {
								"north": {"uv": [72, 44], "uv_size": [2, 2]},
								"east": {"uv": [32, 34], "uv_size": [85, 2]},
								"south": {"uv": [83, 88], "uv_size": [2, 2]},
								"west": {"uv": [32, 36], "uv_size": [85, 2]},
								"up": {"uv": [32, 38], "uv_size": [2, 85]},
								"down": {"uv": [34, 123], "uv_size": [2, -85]}
							}
						},
						{
							"origin": [-2.25, 21.25, -85.875],
							"size": [0.375, 2.375, 0.5],
							"uv": {
								"north": {"uv": [10, 94], "uv_size": [1, 2]},
								"east": {"uv": [37, 94], "uv_size": [1, 2]},
								"south": {"uv": [94, 39], "uv_size": [1, 2]},
								"west": {"uv": [41, 94], "uv_size": [1, 2]},
								"up": {"uv": [91, 95], "uv_size": [1, 1]},
								"down": {"uv": [95, 92], "uv_size": [1, -1]}
							}
						},
						{
							"origin": [-1.875, 21.25, -85.875],
							"size": [1.75, 0.375, 0.5],
							"uv": {
								"north": {"uv": [94, 41], "uv_size": [2, 1]},
								"east": {"uv": [93, 95], "uv_size": [1, 1]},
								"south": {"uv": [46, 94], "uv_size": [2, 1]},
								"west": {"uv": [95, 93], "uv_size": [1, 1]},
								"up": {"uv": [48, 94], "uv_size": [2, 1]},
								"down": {"uv": [50, 95], "uv_size": [2, -1]}
							}
						},
						{
							"origin": [-1.875, 23.25, -85.875],
							"size": [1.75, 0.375, 0.5],
							"uv": {
								"north": {"uv": [94, 51], "uv_size": [2, 1]},
								"east": {"uv": [94, 95], "uv_size": [1, 1]},
								"south": {"uv": [52, 94], "uv_size": [2, 1]},
								"west": {"uv": [95, 94], "uv_size": [1, 1]},
								"up": {"uv": [94, 52], "uv_size": [2, 1]},
								"down": {"uv": [54, 95], "uv_size": [2, -1]}
							}
						},
						{
							"origin": [-0.125, 21.25, -85.875],
							"size": [0.375, 2.375, 0.5],
							"uv": {
								"north": {"uv": [42, 94], "uv_size": [1, 2]},
								"east": {"uv": [43, 94], "uv_size": [1, 2]},
								"south": {"uv": [44, 94], "uv_size": [1, 2]},
								"west": {"uv": [45, 94], "uv_size": [1, 2]},
								"up": {"uv": [92, 95], "uv_size": [1, 1]},
								"down": {"uv": [95, 93], "uv_size": [1, -1]}
							}
						},
						{
							"origin": [-3.925, 21.125, -90],
							"size": [0.75, 0.75, 5.75],
							"uv": {
								"north": {"uv": [23, 95], "uv_size": [1, 1]},
								"east": {"uv": [88, 38], "uv_size": [6, 1]},
								"south": {"uv": [95, 23], "uv_size": [1, 1]},
								"west": {"uv": [88, 39], "uv_size": [6, 1]},
								"up": {"uv": [69, 86], "uv_size": [1, 6]},
								"down": {"uv": [10, 94], "uv_size": [1, -6]}
							}
						},
						{
							"origin": [-4.05, 21, -90.625],
							"size": [1, 1, 0.75],
							"uv": {
								"north": {"uv": [77, 95], "uv_size": [1, 1]},
								"east": {"uv": [95, 77], "uv_size": [1, 1]},
								"south": {"uv": [78, 95], "uv_size": [1, 1]},
								"west": {"uv": [95, 78], "uv_size": [1, 1]},
								"up": {"uv": [79, 95], "uv_size": [1, 1]},
								"down": {"uv": [95, 80], "uv_size": [1, -1]}
							}
						},
						{
							"origin": [-4.175, 21, -85.42],
							"size": [1.25, 1.125, 1.3],
							"uv": {
								"north": {"uv": [74, 95], "uv_size": [1, 1]},
								"east": {"uv": [95, 74], "uv_size": [1, 1]},
								"south": {"uv": [75, 95], "uv_size": [1, 1]},
								"west": {"uv": [95, 75], "uv_size": [1, 1]},
								"up": {"uv": [76, 95], "uv_size": [1, 1]},
								"down": {"uv": [95, 77], "uv_size": [1, -1]}
							}
						},
						{
							"origin": [-10.425, 22.25, -85.42],
							"size": [1.25, 2.25, 1.3],
							"pivot": [-7.5, 12.25, -1],
							"rotation": [0, 0, 35],
							"uv": {
								"north": {"uv": [65, 93], "uv_size": [1, 2]},
								"east": {"uv": [68, 93], "uv_size": [1, 2]},
								"south": {"uv": [75, 93], "uv_size": [1, 2]},
								"west": {"uv": [76, 93], "uv_size": [1, 2]},
								"up": {"uv": [80, 95], "uv_size": [1, 1]},
								"down": {"uv": [95, 81], "uv_size": [1, -1]}
							}
						},
						{
							"origin": [-6.375, 20.6, -85.42],
							"size": [1.2, 0.25, 1.3],
							"pivot": [-3.5, 10.625, -1],
							"rotation": [0, 0, 12.5],
							"uv": {
								"north": {"uv": [81, 95], "uv_size": [1, 1]},
								"east": {"uv": [95, 81], "uv_size": [1, 1]},
								"south": {"uv": [82, 95], "uv_size": [1, 1]},
								"west": {"uv": [95, 82], "uv_size": [1, 1]},
								"up": {"uv": [83, 95], "uv_size": [1, 1]},
								"down": {"uv": [95, 84], "uv_size": [1, -1]}
							}
						},
						{
							"origin": [-1.1, 24, -96.75],
							"size": [0.2, 3.275, 1.25],
							"uv": {
								"north": {"uv": [66, 91], "uv_size": [1, 3]},
								"east": {"uv": [67, 91], "uv_size": [1, 3]},
								"south": {"uv": [7, 92], "uv_size": [1, 3]},
								"west": {"uv": [12, 92], "uv_size": [1, 3]},
								"up": {"uv": [7, 95], "uv_size": [1, 1]},
								"down": {"uv": [8, 96], "uv_size": [1, -1]}
							}
						},
						{
							"origin": [-1.1, -111.125, -196.625],
							"size": [0.2, 1.35, 0.625],
							"pivot": [0, -124.25, -32.625],
							"rotation": [-62.5, 0, 0],
							"uv": {
								"north": {"uv": [71, 95], "uv_size": [1, 1]},
								"east": {"uv": [95, 71], "uv_size": [1, 1]},
								"south": {"uv": [72, 95], "uv_size": [1, 1]},
								"west": {"uv": [95, 72], "uv_size": [1, 1]},
								"up": {"uv": [73, 95], "uv_size": [1, 1]},
								"down": {"uv": [95, 74], "uv_size": [1, -1]}
							}
						},
						{
							"origin": [-1.1, 24, -95.5],
							"size": [0.2, 3.9, 0.5],
							"uv": {
								"north": {"uv": [14, 91], "uv_size": [1, 4]},
								"east": {"uv": [15, 91], "uv_size": [1, 4]},
								"south": {"uv": [29, 91], "uv_size": [1, 4]},
								"west": {"uv": [38, 91], "uv_size": [1, 4]},
								"up": {"uv": [70, 95], "uv_size": [1, 1]},
								"down": {"uv": [95, 71], "uv_size": [1, -1]}
							}
						},
						{
							"origin": [-10.4899, 28.4, -85.4098],
							"size": [0.9899, 1.38586, 1.313],
							"pivot": [-13.33842, 10.98361, -54.87841],
							"rotation": [0, 0, 28],
							"uv": {
								"north": {"uv": [95, 0], "uv_size": [1, 1]},
								"east": {"uv": [2, 95], "uv_size": [1, 1]},
								"south": {"uv": [3, 95], "uv_size": [1, 1]},
								"west": {"uv": [4, 95], "uv_size": [1, 1]},
								"up": {"uv": [5, 95], "uv_size": [1, 1]},
								"down": {"uv": [95, 6], "uv_size": [1, -1]}
							}
						},
						{
							"origin": [4.6351, 16.8, -85.4098],
							"size": [0.9899, 1.38586, 1.313],
							"pivot": [-13.33842, 10.98361, -54.87841],
							"rotation": [0, 0, -28],
							"uv": {
								"north": {"uv": [96, 0], "uv_size": [1, 1]},
								"east": {"uv": [1, 96], "uv_size": [1, 1]},
								"south": {"uv": [96, 1], "uv_size": [1, 1]},
								"west": {"uv": [2, 96], "uv_size": [1, 1]},
								"up": {"uv": [96, 2], "uv_size": [1, 1]},
								"down": {"uv": [3, 97], "uv_size": [1, -1]}
							}
						},
						{
							"origin": [4.6351, 16.8, -85.4098],
							"size": [0.9899, 1.38586, 1.313],
							"pivot": [-13.33842, 10.98361, -54.87841],
							"rotation": [0, 0, -28],
							"uv": {
								"north": {"uv": [96, 6], "uv_size": [1, 1]},
								"east": {"uv": [7, 96], "uv_size": [1, 1]},
								"south": {"uv": [96, 7], "uv_size": [1, 1]},
								"west": {"uv": [8, 96], "uv_size": [1, 1]},
								"up": {"uv": [96, 8], "uv_size": [1, 1]},
								"down": {"uv": [9, 97], "uv_size": [1, -1]}
							}
						},
						{
							"origin": [-10.4899, 28.4, -85.4098],
							"size": [0.9899, 1.38586, 1.313],
							"pivot": [-13.33842, 10.98361, -54.87841],
							"rotation": [0, 0, 28],
							"uv": {
								"north": {"uv": [96, 3], "uv_size": [1, 1]},
								"east": {"uv": [4, 96], "uv_size": [1, 1]},
								"south": {"uv": [96, 4], "uv_size": [1, 1]},
								"west": {"uv": [5, 96], "uv_size": [1, 1]},
								"up": {"uv": [96, 5], "uv_size": [1, 1]},
								"down": {"uv": [6, 97], "uv_size": [1, -1]}
							}
						},
						{
							"origin": [-0.375, 24, -98.125],
							"size": [0.375, 2, 0.125],
							"uv": {
								"north": {"uv": [120.5, 120.25], "uv_size": [1, 2]},
								"east": {"uv": [119.25, 120.25], "uv_size": [1, 2]},
								"south": {"uv": [115.25, 117.25], "uv_size": [1, 2]},
								"west": {"uv": [112.25, 115.625], "uv_size": [1, 2]},
								"up": {"uv": [118.125, 121], "uv_size": [1, 1]},
								"down": {"uv": [116.5, 119.75], "uv_size": [1, -1]}
							}
						},
						{
							"origin": [-1.625, 25.625, -98.125],
							"size": [1.25, 0.375, 0.125],
							"uv": {
								"north": {"uv": [98, 186], "uv_size": [2, 2]},
								"east": {"uv": [186, 104], "uv_size": [2, 2]},
								"south": {"uv": [188, 90], "uv_size": [2, 2]},
								"west": {"uv": [96, 188], "uv_size": [2, 2]},
								"up": {"uv": [98, 188], "uv_size": [2, 2]},
								"down": {"uv": [188, 106], "uv_size": [2, -2]}
							}
						},
						{
							"origin": [-2, 24, -98.125],
							"size": [0.375, 2, 0.125],
							"uv": {
								"north": {"uv": [105.875, 116.625], "uv_size": [1, 2]},
								"east": {"uv": [117.875, 118.875], "uv_size": [1, 2]},
								"south": {"uv": [116.875, 120.25], "uv_size": [1, 2]},
								"west": {"uv": [107.5, 117.625], "uv_size": [1, 2]},
								"up": {"uv": [115.875, 115.125], "uv_size": [1, 1]},
								"down": {"uv": [117.125, 119.75], "uv_size": [1, -1]}
							}
						},
						{
							"origin": [-1.625, 24, -98.125],
							"size": [1.25, 0.375, 0.125],
							"uv": {
								"north": {"uv": [98, 192], "uv_size": [2, 2]},
								"east": {"uv": [192, 104], "uv_size": [2, 2]},
								"south": {"uv": [194, 90], "uv_size": [2, 2]},
								"west": {"uv": [96, 194], "uv_size": [2, 2]},
								"up": {"uv": [98, 194], "uv_size": [2, 2]},
								"down": {"uv": [194, 106], "uv_size": [2, -2]}
							}
						}
					]
				},
				{
					"name": "Trigger",
					"parent": "Metal",
					"pivot": [0, 0, 12],
					"cubes": [
						{
							"origin": [-2, 47.975, 16],
							"size": [2, 0.875, 1.5],
							"pivot": [0, 37, -0.4],
							"rotation": [-102.5, 0, 0],
							"uv": {
								"north": {"uv": [46, 93], "uv_size": [2, 1]},
								"east": {"uv": [93, 46], "uv_size": [2, 1]},
								"south": {"uv": [93, 47], "uv_size": [2, 1]},
								"west": {"uv": [48, 93], "uv_size": [2, 1]},
								"up": {"uv": [90, 87], "uv_size": [2, 2]},
								"down": {"uv": [0, 93], "uv_size": [2, -2]}
							}
						},
						{
							"origin": [-2, 4, 30.8],
							"size": [2, 2, 1],
							"pivot": [0, 0, 12],
							"rotation": [85, 0, 0],
							"uv": {
								"north": {"uv": [55, 90], "uv_size": [2, 2]},
								"east": {"uv": [11, 93], "uv_size": [1, 2]},
								"south": {"uv": [90, 67], "uv_size": [2, 2]},
								"west": {"uv": [26, 93], "uv_size": [1, 2]},
								"up": {"uv": [93, 26], "uv_size": [2, 1]},
								"down": {"uv": [27, 94], "uv_size": [2, -1]}
							}
						},
						{
							"origin": [-2, 7, 31.05],
							"size": [2, 3.375, 0.75],
							"pivot": [0, 0, 12],
							"rotation": [85, 0, 0],
							"uv": {
								"north": {"uv": [50, 88], "uv_size": [2, 3]},
								"east": {"uv": [13, 92], "uv_size": [1, 3]},
								"south": {"uv": [88, 67], "uv_size": [2, 3]},
								"west": {"uv": [36, 92], "uv_size": [1, 3]},
								"up": {"uv": [22, 94], "uv_size": [2, 1]},
								"down": {"uv": [24, 95], "uv_size": [2, -1]}
							}
						},
						{
							"origin": [-2, 6, 29.876],
							"size": [2, 0.875, 3.125],
							"pivot": [0, 0, 12],
							"rotation": [85, 0, 0],
							"uv": {
								"north": {"uv": [93, 24], "uv_size": [2, 1]},
								"east": {"uv": [25, 92], "uv_size": [3, 1]},
								"south": {"uv": [93, 25], "uv_size": [2, 1]},
								"west": {"uv": [92, 30], "uv_size": [3, 1]},
								"up": {"uv": [40, 88], "uv_size": [2, 3]},
								"down": {"uv": [44, 91], "uv_size": [2, -3]}
							}
						},
						{
							"origin": [-2, 46.225, 32.9],
							"size": [2, 0.875, 1.6],
							"pivot": [0, 35, 16.6],
							"rotation": [-154, 0, 0],
							"uv": {
								"north": {"uv": [57, 93], "uv_size": [2, 1]},
								"east": {"uv": [93, 60], "uv_size": [2, 1]},
								"south": {"uv": [93, 61], "uv_size": [2, 1]},
								"west": {"uv": [93, 62], "uv_size": [2, 1]},
								"up": {"uv": [91, 4], "uv_size": [2, 2]},
								"down": {"uv": [8, 93], "uv_size": [2, -2]}
							}
						},
						{
							"origin": [-2, 30.425, 37.4],
							"size": [2, 0.875, 1.6],
							"pivot": [0, 19, 21.6],
							"rotation": [150, 0, 0],
							"uv": {
								"north": {"uv": [50, 93], "uv_size": [2, 1]},
								"east": {"uv": [93, 50], "uv_size": [2, 1]},
								"south": {"uv": [52, 93], "uv_size": [2, 1]},
								"west": {"uv": [54, 93], "uv_size": [2, 1]},
								"up": {"uv": [91, 0], "uv_size": [2, 2]},
								"down": {"uv": [91, 4], "uv_size": [2, -2]}
							}
						},
						{
							"origin": [-2, 7.2, 37.27],
							"size": [2, 4, 0.875],
							"pivot": [0, -4, 17],
							"rotation": [90, 0, 0],
							"uv": {
								"north": {"uv": [85, 47], "uv_size": [2, 4]},
								"east": {"uv": [6, 90], "uv_size": [1, 4]},
								"south": {"uv": [53, 85], "uv_size": [2, 4]},
								"west": {"uv": [86, 90], "uv_size": [1, 4]},
								"up": {"uv": [93, 48], "uv_size": [2, 1]},
								"down": {"uv": [93, 50], "uv_size": [2, -1]}
							}
						},
						{
							"origin": [-2, 15.125, 31.6],
							"size": [2, 0.875, 2],
							"pivot": [0, 4, 15.6],
							"rotation": [102.5, 0, 0],
							"uv": {
								"north": {"uv": [93, 43], "uv_size": [2, 1]},
								"east": {"uv": [44, 93], "uv_size": [2, 1]},
								"south": {"uv": [93, 44], "uv_size": [2, 1]},
								"west": {"uv": [93, 45], "uv_size": [2, 1]},
								"up": {"uv": [82, 90], "uv_size": [2, 2]},
								"down": {"uv": [84, 92], "uv_size": [2, -2]}
							}
						},
						{
							"origin": [-2, 11.125, 31.001],
							"size": [2, 0.875, 3],
							"pivot": [0, 0, 12],
							"rotation": [90, 0, 0],
							"uv": {
								"north": {"uv": [22, 93], "uv_size": [2, 1]},
								"east": {"uv": [92, 22], "uv_size": [3, 1]},
								"south": {"uv": [24, 93], "uv_size": [2, 1]},
								"west": {"uv": [92, 23], "uv_size": [3, 1]},
								"up": {"uv": [14, 88], "uv_size": [2, 3]},
								"down": {"uv": [38, 91], "uv_size": [2, -3]}
							}
						},
						{
							"origin": [-3.5, 9.325, 14.126],
							"size": [5, 1.05, 1.05],
							"pivot": [0, -2, -6],
							"rotation": [45, 0, 0],
							"uv": {
								"north": {"uv": [88, 60], "uv_size": [5, 1]},
								"east": {"uv": [95, 44], "uv_size": [1, 1]},
								"south": {"uv": [88, 61], "uv_size": [5, 1]},
								"west": {"uv": [95, 45], "uv_size": [1, 1]},
								"up": {"uv": [88, 70], "uv_size": [5, 1]},
								"down": {"uv": [78, 89], "uv_size": [5, -1]}
							}
						},
						{
							"origin": [-3.05, 9.95, 21.126],
							"size": [4.125, 1.3, 1.3],
							"pivot": [0, -1.25, 1.125],
							"rotation": [45, 0, 0],
							"uv": {
								"north": {"uv": [92, 12], "uv_size": [4, 1]},
								"east": {"uv": [95, 95], "uv_size": [1, 1]},
								"south": {"uv": [92, 13], "uv_size": [4, 1]},
								"west": {"uv": [0, 96], "uv_size": [1, 1]},
								"up": {"uv": [16, 92], "uv_size": [4, 1]},
								"down": {"uv": [92, 19], "uv_size": [4, -1]}
							}
						},
						{
							"origin": [-1.5, 9.5, 34.3],
							"size": [1.5, 0.7, 3],
							"pivot": [0, -2, 15],
							"rotation": [85, 0, 0],
							"uv": {
								"north": {"uv": [63, 93], "uv_size": [2, 1]},
								"east": {"uv": [53, 92], "uv_size": [3, 1]},
								"south": {"uv": [93, 63], "uv_size": [2, 1]},
								"west": {"uv": [92, 56], "uv_size": [3, 1]},
								"up": {"uv": [46, 88], "uv_size": [2, 3]},
								"down": {"uv": [48, 91], "uv_size": [2, -3]}
							}
						},
						{
							"origin": [-2, 12, 31.9],
							"size": [2, 2, 1],
							"pivot": [0, 0, 12],
							"rotation": [90, 0, 0],
							"uv": {
								"north": {"uv": [72, 90], "uv_size": [2, 2]},
								"east": {"uv": [39, 93], "uv_size": [1, 2]},
								"south": {"uv": [90, 80], "uv_size": [2, 2]},
								"west": {"uv": [40, 93], "uv_size": [1, 2]},
								"up": {"uv": [93, 27], "uv_size": [2, 1]},
								"down": {"uv": [42, 94], "uv_size": [2, -1]}
							}
						},
						{
							"origin": [-2, 11.625, 34.9],
							"size": [2, 2.375, 1],
							"pivot": [0, 0, 15],
							"rotation": [90, 0, 0],
							"uv": {
								"north": {"uv": [50, 91], "uv_size": [2, 2]},
								"east": {"uv": [1, 94], "uv_size": [1, 2]},
								"south": {"uv": [57, 91], "uv_size": [2, 2]},
								"west": {"uv": [6, 94], "uv_size": [1, 2]},
								"up": {"uv": [16, 94], "uv_size": [2, 1]},
								"down": {"uv": [18, 95], "uv_size": [2, -1]}
							}
						}
					]
				},
				{
					"name": "Sight",
					"parent": "Metal",
					"pivot": [0, 10.7811, -11.7509],
					"cubes": [
						{
							"origin": [-0.84, 27.375, -24.6],
							"size": [0.8, 0.525, 0.3],
							"uv": {
								"north": {"uv": [27, 95], "uv_size": [1, 1]},
								"east": {"uv": [95, 27], "uv_size": [1, 1]},
								"south": {"uv": [28, 95], "uv_size": [1, 1]},
								"west": {"uv": [95, 28], "uv_size": [1, 1]},
								"up": {"uv": [29, 95], "uv_size": [1, 1]},
								"down": {"uv": [95, 31], "uv_size": [1, -1]}
							}
						},
						{
							"origin": [-1.215, 27.375, -24.6],
							"size": [0.425, 0.275, 0.3],
							"uv": {
								"north": {"uv": [46, 95], "uv_size": [1, 1]},
								"east": {"uv": [95, 46], "uv_size": [1, 1]},
								"south": {"uv": [47, 95], "uv_size": [1, 1]},
								"west": {"uv": [95, 47], "uv_size": [1, 1]},
								"up": {"uv": [48, 95], "uv_size": [1, 1]},
								"down": {"uv": [95, 49], "uv_size": [1, -1]}
							}
						},
						{
							"origin": [-1.96, 27.375, -24.6],
							"size": [0.8, 0.525, 0.3],
							"uv": {
								"north": {"uv": [24, 95], "uv_size": [1, 1]},
								"east": {"uv": [95, 24], "uv_size": [1, 1]},
								"south": {"uv": [25, 95], "uv_size": [1, 1]},
								"west": {"uv": [95, 25], "uv_size": [1, 1]},
								"up": {"uv": [26, 95], "uv_size": [1, 1]},
								"down": {"uv": [95, 27], "uv_size": [1, -1]}
							}
						},
						{
							"origin": [-1.96, 27.375, -24.725],
							"size": [0.675, 0.275, 0.175],
							"uv": {
								"north": {"uv": [95, 63], "uv_size": [1, 1]},
								"east": {"uv": [95, 64], "uv_size": [1, 1]},
								"south": {"uv": [65, 95], "uv_size": [1, 1]},
								"west": {"uv": [95, 65], "uv_size": [1, 1]},
								"up": {"uv": [66, 95], "uv_size": [1, 1]},
								"down": {"uv": [95, 67], "uv_size": [1, -1]}
							}
						},
						{
							"origin": [-0.71, 27.375, -24.725],
							"size": [0.675, 0.275, 0.175],
							"uv": {
								"north": {"uv": [67, 95], "uv_size": [1, 1]},
								"east": {"uv": [95, 67], "uv_size": [1, 1]},
								"south": {"uv": [68, 95], "uv_size": [1, 1]},
								"west": {"uv": [95, 68], "uv_size": [1, 1]},
								"up": {"uv": [69, 95], "uv_size": [1, 1]},
								"down": {"uv": [95, 70], "uv_size": [1, -1]}
							}
						},
						{
							"origin": [-1.46, 27.35, -31.05],
							"size": [0.8, 0.15, 0.3],
							"uv": {
								"north": {"uv": [50, 95], "uv_size": [1, 1]},
								"east": {"uv": [95, 50], "uv_size": [1, 1]},
								"south": {"uv": [51, 95], "uv_size": [1, 1]},
								"west": {"uv": [52, 95], "uv_size": [1, 1]},
								"up": {"uv": [53, 95], "uv_size": [1, 1]},
								"down": {"uv": [54, 96], "uv_size": [1, -1]}
							}
						},
						{
							"origin": [-2.085, 27.3, -31.1],
							"size": [0.8, 0.275, 0.925],
							"uv": {
								"north": {"uv": [95, 59], "uv_size": [1, 1]},
								"east": {"uv": [95, 60], "uv_size": [1, 1]},
								"south": {"uv": [95, 61], "uv_size": [1, 1]},
								"west": {"uv": [62, 95], "uv_size": [1, 1]},
								"up": {"uv": [95, 62], "uv_size": [1, 1]},
								"down": {"uv": [63, 96], "uv_size": [1, -1]}
							}
						},
						{
							"origin": [-0.71, 27.3, -31.1],
							"size": [0.8, 0.275, 0.925],
							"uv": {
								"north": {"uv": [55, 95], "uv_size": [1, 1]},
								"east": {"uv": [56, 95], "uv_size": [1, 1]},
								"south": {"uv": [95, 56], "uv_size": [1, 1]},
								"west": {"uv": [57, 95], "uv_size": [1, 1]},
								"up": {"uv": [95, 57], "uv_size": [1, 1]},
								"down": {"uv": [95, 59], "uv_size": [1, -1]}
							}
						},
						{
							"origin": [-1.8, 27.35, -33.1],
							"size": [0.6, 0.2, 8.55],
							"uv": {
								"north": {"uv": [36, 95], "uv_size": [1, 1]},
								"east": {"uv": [82, 72], "uv_size": [9, 1]},
								"south": {"uv": [38, 95], "uv_size": [1, 1]},
								"west": {"uv": [82, 73], "uv_size": [9, 1]},
								"up": {"uv": [43, 0], "uv_size": [1, 9]},
								"down": {"uv": [16, 74], "uv_size": [1, -9]}
							}
						},
						{
							"origin": [-1.9602, 26.45, -33.4],
							"size": [1.9602, 0.85, 8.6],
							"uv": {
								"north": {"uv": [4, 93], "uv_size": [2, 1]},
								"east": {"uv": [82, 21], "uv_size": [9, 1]},
								"south": {"uv": [93, 5], "uv_size": [2, 1]},
								"west": {"uv": [82, 28], "uv_size": [9, 1]},
								"up": {"uv": [14, 65], "uv_size": [2, 9]},
								"down": {"uv": [8, 89], "uv_size": [2, -9]}
							}
						},
						{
							"origin": [-0.8, 27.35, -33.1],
							"size": [0.6, 0.2, 8.55],
							"uv": {
								"north": {"uv": [39, 95], "uv_size": [1, 1]},
								"east": {"uv": [80, 82], "uv_size": [9, 1]},
								"south": {"uv": [95, 39], "uv_size": [1, 1]},
								"west": {"uv": [75, 83], "uv_size": [9, 1]},
								"up": {"uv": [29, 82], "uv_size": [1, 9]},
								"down": {"uv": [62, 92], "uv_size": [1, -9]}
							}
						},
						{
							"origin": [-1.9602, 27.2, -33.13],
							"size": [1.9602, 0.5, 0.5],
							"uv": {
								"north": {"uv": [8, 93], "uv_size": [2, 1]},
								"east": {"uv": [40, 95], "uv_size": [1, 1]},
								"south": {"uv": [16, 93], "uv_size": [2, 1]},
								"west": {"uv": [95, 40], "uv_size": [1, 1]},
								"up": {"uv": [18, 93], "uv_size": [2, 1]},
								"down": {"uv": [93, 21], "uv_size": [2, -1]}
							}
						},
						{
							"origin": [-2.0227, 27.325, -33.005],
							"size": [2.0852, 0.25, 0.25],
							"uv": {
								"north": {"uv": [93, 64], "uv_size": [2, 1]},
								"east": {"uv": [49, 95], "uv_size": [1, 1]},
								"south": {"uv": [93, 65], "uv_size": [2, 1]},
								"west": {"uv": [95, 49], "uv_size": [1, 1]},
								"up": {"uv": [93, 70], "uv_size": [2, 1]},
								"down": {"uv": [72, 94], "uv_size": [2, -1]}
							}
						}
					]
				},
				{
					"name": "Bolt",
					"parent": "gun",
					"pivot": [0, 0, 0]
				},
				{
					"name": "Part2",
					"parent": "Bolt",
					"pivot": [0, 0, 0],
					"cubes": [
						{
							"origin": [-1.875, 26.3, 5],
							"size": [1.75, 1.125, 0.925],
							"uv": {
								"north": {"uv": [77, 93], "uv_size": [2, 1]},
								"east": {"uv": [84, 95], "uv_size": [1, 1]},
								"south": {"uv": [93, 78], "uv_size": [2, 1]},
								"west": {"uv": [95, 84], "uv_size": [1, 1]},
								"up": {"uv": [79, 93], "uv_size": [2, 1]},
								"down": {"uv": [93, 80], "uv_size": [2, -1]}
							}
						},
						{
							"origin": [-1.875, 36.3, 13],
							"size": [1.74, 0.75, 0.8],
							"pivot": [0, 21.625, 21],
							"rotation": [45, 0, 0],
							"uv": {
								"north": {"uv": [94, 1], "uv_size": [2, 1]},
								"east": {"uv": [87, 95], "uv_size": [1, 1]},
								"south": {"uv": [94, 2], "uv_size": [2, 1]},
								"west": {"uv": [95, 87], "uv_size": [1, 1]},
								"up": {"uv": [94, 3], "uv_size": [2, 1]},
								"down": {"uv": [4, 95], "uv_size": [2, -1]}
							}
						},
						{
							"origin": [-1.875, 26.3, 3.625],
							"size": [1.75, 0.625, 1.425],
							"uv": {
								"north": {"uv": [83, 93], "uv_size": [2, 1]},
								"east": {"uv": [85, 95], "uv_size": [1, 1]},
								"south": {"uv": [93, 84], "uv_size": [2, 1]},
								"west": {"uv": [95, 85], "uv_size": [1, 1]},
								"up": {"uv": [93, 85], "uv_size": [2, 1]},
								"down": {"uv": [93, 87], "uv_size": [2, -1]}
							}
						},
						{
							"origin": [-1.875, 25.05, -9.75],
							"size": [1.74, 0.75, 0.675],
							"pivot": [0, 10.375, -1.125],
							"rotation": [-45, 0, 0],
							"uv": {
								"north": {"uv": [94, 4], "uv_size": [2, 1]},
								"east": {"uv": [88, 95], "uv_size": [1, 1]},
								"south": {"uv": [94, 6], "uv_size": [2, 1]},
								"west": {"uv": [95, 88], "uv_size": [1, 1]},
								"up": {"uv": [94, 7], "uv_size": [2, 1]},
								"down": {"uv": [8, 95], "uv_size": [2, -1]}
							}
						},
						{
							"origin": [-1.875, 26.3, -0.125],
							"size": [1.75, 1.075, 3.8],
							"uv": {
								"north": {"uv": [81, 93], "uv_size": [2, 1]},
								"east": {"uv": [90, 69], "uv_size": [4, 1]},
								"south": {"uv": [93, 82], "uv_size": [2, 1]},
								"west": {"uv": [91, 21], "uv_size": [4, 1]},
								"up": {"uv": [16, 86], "uv_size": [2, 4]},
								"down": {"uv": [18, 90], "uv_size": [2, -4]}
							}
						},
						{
							"origin": [8.25, 28.3, 5.365],
							"size": [1.5, 1.5, 1.967],
							"pivot": [8, 15.34, 14.1],
							"rotation": [0, 0, -45],
							"uv": {
								"north": {"uv": [2, 90], "uv_size": [2, 2]},
								"east": {"uv": [4, 90], "uv_size": [2, 2]},
								"south": {"uv": [16, 90], "uv_size": [2, 2]},
								"west": {"uv": [18, 90], "uv_size": [2, 2]},
								"up": {"uv": [90, 18], "uv_size": [2, 2]},
								"down": {"uv": [22, 92], "uv_size": [2, -2]}
							}
						},
						{
							"origin": [8.25, 28.3, 3.49],
							"size": [0.875, 1.5, 1.967],
							"pivot": [8, 15.34, 12.225],
							"rotation": [0, 0, -45],
							"uv": {
								"north": {"uv": [85, 93], "uv_size": [1, 2]},
								"east": {"uv": [48, 91], "uv_size": [2, 2]},
								"south": {"uv": [87, 93], "uv_size": [1, 2]},
								"west": {"uv": [91, 49], "uv_size": [2, 2]},
								"up": {"uv": [88, 93], "uv_size": [1, 2]},
								"down": {"uv": [89, 95], "uv_size": [1, -2]}
							}
						},
						{
							"origin": [9.125, 28.3, 3.49],
							"size": [0.625, 1, 1.967],
							"pivot": [8, 15.34, 12.225],
							"rotation": [0, 0, -45],
							"uv": {
								"north": {"uv": [86, 95], "uv_size": [1, 1]},
								"east": {"uv": [93, 92], "uv_size": [2, 1]},
								"south": {"uv": [95, 86], "uv_size": [1, 1]},
								"west": {"uv": [93, 93], "uv_size": [2, 1]},
								"up": {"uv": [90, 93], "uv_size": [1, 2]},
								"down": {"uv": [0, 96], "uv_size": [1, -2]}
							}
						},
						{
							"origin": [8.25, 28.3, -0.26],
							"size": [1.5, 1.5, 3.842],
							"pivot": [8, 15.34, 10.35],
							"rotation": [0, 0, -45],
							"uv": {
								"north": {"uv": [46, 91], "uv_size": [2, 2]},
								"east": {"uv": [85, 64], "uv_size": [4, 2]},
								"south": {"uv": [91, 47], "uv_size": [2, 2]},
								"west": {"uv": [86, 18], "uv_size": [4, 2]},
								"up": {"uv": [26, 86], "uv_size": [2, 4]},
								"down": {"uv": [36, 90], "uv_size": [2, -4]}
							}
						},
						{
							"origin": [7.7, 28.8, 6.6744],
							"size": [1.7, 1.7, 0.848],
							"pivot": [8.48, 16.2604, 14.946],
							"rotation": [0, 0, -45],
							"uv": {
								"north": {"uv": [24, 90], "uv_size": [2, 2]},
								"east": {"uv": [91, 92], "uv_size": [1, 2]},
								"south": {"uv": [26, 90], "uv_size": [2, 2]},
								"west": {"uv": [92, 92], "uv_size": [1, 2]},
								"up": {"uv": [0, 93], "uv_size": [2, 1]},
								"down": {"uv": [93, 1], "uv_size": [2, -1]}
							}
						}
					]
				},
				{
					"name": "Part1",
					"parent": "Bolt",
					"pivot": [0, 0, 0],
					"cubes": [
						{
							"origin": [-2, 24.8, -12],
							"size": [2, 2, 11.8],
							"uv": {
								"north": {"uv": [87, 89], "uv_size": [2, 2]},
								"east": {"uv": [73, 62], "uv_size": [12, 2]},
								"south": {"uv": [89, 89], "uv_size": [2, 2]},
								"west": {"uv": [73, 64], "uv_size": [12, 2]},
								"up": {"uv": [48, 74], "uv_size": [2, 12]},
								"down": {"uv": [50, 86], "uv_size": [2, -12]}
							}
						},
						{
							"origin": [-3, 25.05, -4.05],
							"size": [2.5, 1.7, 3.8],
							"uv": {
								"north": {"uv": [87, 87], "uv_size": [3, 2]},
								"east": {"uv": [85, 24], "uv_size": [4, 2]},
								"south": {"uv": [88, 0], "uv_size": [3, 2]},
								"west": {"uv": [85, 26], "uv_size": [4, 2]},
								"up": {"uv": [82, 24], "uv_size": [3, 4]},
								"down": {"uv": [26, 86], "uv_size": [3, -4]}
							}
						},
						{
							"origin": [-2.25, 25.05, -8.3],
							"size": [1.75, 1.7, 4.3],
							"uv": {
								"north": {"uv": [39, 91], "uv_size": [2, 2]},
								"east": {"uv": [55, 85], "uv_size": [4, 2]},
								"south": {"uv": [44, 91], "uv_size": [2, 2]},
								"west": {"uv": [85, 62], "uv_size": [4, 2]},
								"up": {"uv": [3, 86], "uv_size": [2, 4]},
								"down": {"uv": [5, 90], "uv_size": [2, -4]}
							}
						},
						{
							"origin": [-6.75, 25.25, -3.05],
							"size": [5.75, 1.3, 1.3],
							"uv": {
								"north": {"uv": [88, 6], "uv_size": [6, 1]},
								"east": {"uv": [22, 95], "uv_size": [1, 1]},
								"south": {"uv": [88, 7], "uv_size": [6, 1]},
								"west": {"uv": [95, 22], "uv_size": [1, 1]},
								"up": {"uv": [88, 32], "uv_size": [6, 1]},
								"down": {"uv": [88, 34], "uv_size": [6, -1]}
							}
						},
						{
							"origin": [-7.475, 24.875, -3.375],
							"size": [1.125, 1.95, 1.95],
							"uv": {
								"north": {"uv": [93, 1], "uv_size": [1, 2]},
								"east": {"uv": [36, 90], "uv_size": [2, 2]},
								"south": {"uv": [2, 93], "uv_size": [1, 2]},
								"west": {"uv": [53, 90], "uv_size": [2, 2]},
								"up": {"uv": [3, 93], "uv_size": [1, 2]},
								"down": {"uv": [93, 5], "uv_size": [1, -2]}
							}
						},
						{
							"origin": [-3, 25.05, -11.925],
							"size": [2.5, 1.7, 3.675],
							"uv": {
								"north": {"uv": [88, 2], "uv_size": [3, 2]},
								"east": {"uv": [85, 43], "uv_size": [4, 2]},
								"south": {"uv": [88, 4], "uv_size": [3, 2]},
								"west": {"uv": [85, 45], "uv_size": [4, 2]},
								"up": {"uv": [82, 43], "uv_size": [3, 4]},
								"down": {"uv": [82, 51], "uv_size": [3, -4]}
							}
						}
					]
				},
				{
					"name": "rightarm",
					"parent": "main",
					"pivot": [-4.3, 8.8, 21.8],
					"rotation": [-101.81106, -12.40003, -2.46982],
					"cubes": [
						{
							"origin": [-8.3, -8.2, 9.8],
							"size": [8, 24, 8],
							"pivot": [-1.3, -3.2, 18.8],
							"rotation": [0.01382, 4.8674, -21.97325],
							"uv": {
								"north": {"uv": [0, 10], "uv_size": [8, 24]},
								"east": {"uv": [8, 10], "uv_size": [8, 24]},
								"south": {"uv": [16, 10], "uv_size": [8, 24]},
								"west": {"uv": [24, 10], "uv_size": [8, 24]},
								"up": {"uv": [60, 0], "uv_size": [8, 8]},
								"down": {"uv": [60, 16], "uv_size": [8, -8]}
							}
						}
					]
				},
				{
					"name": "leftarm",
					"parent": "main",
					"pivot": [10.7, 11.3, -8.6],
					"rotation": [-119.61483, 1.67666, -38.31282],
					"cubes": [
						{
							"origin": [6.67074, -11.83101, -13.09396],
							"size": [8, 24, 8],
							"uv": {
								"north": {"uv": [32, 10], "uv_size": [8, 24]},
								"east": {"uv": [0, 34], "uv_size": [8, 24]},
								"south": {"uv": [8, 34], "uv_size": [8, 24]},
								"west": {"uv": [16, 34], "uv_size": [8, 24]},
								"up": {"uv": [60, 16], "uv_size": [8, 8]},
								"down": {"uv": [60, 46], "uv_size": [8, -8]}
							}
						}
					]
				},
				{
					"name": "bullet2",
					"parent": "main",
					"pivot": [-4.15, 29.4, -15.7],
					"cubes": [
						{
							"origin": [-1.3, 24.3, -11.7],
							"size": [1, 1, 8],
							"inflate": 0.2,
							"pivot": [-0.15, 25.4, -11.7],
							"rotation": [0, 0, 45],
							"uv": {
								"north": {"uv": [95, 42], "uv_size": [1, 1]},
								"east": {"uv": [84, 57], "uv_size": [8, 1]},
								"south": {"uv": [95, 43], "uv_size": [1, 1]},
								"west": {"uv": [84, 71], "uv_size": [8, 1]},
								"up": {"uv": [13, 84], "uv_size": [1, 8]},
								"down": {"uv": [52, 93], "uv_size": [1, -8]}
							}
						}
					]
				},
				{
					"name": "bullet",
					"parent": "main",
					"pivot": [-0.15, 29.4, -15.7],
					"cubes": [
						{
							"origin": [-1.3, 24.3, -11.7],
							"size": [1, 1, 8],
							"inflate": 0.2,
							"pivot": [-0.15, 25.4, -11.7],
							"rotation": [0, 0, 45],
							"uv": {
								"north": {"uv": [95, 42], "uv_size": [1, 1]},
								"east": {"uv": [84, 57], "uv_size": [8, 1]},
								"south": {"uv": [95, 43], "uv_size": [1, 1]},
								"west": {"uv": [84, 71], "uv_size": [8, 1]},
								"up": {"uv": [13, 84], "uv_size": [1, 8]},
								"down": {"uv": [52, 93], "uv_size": [1, -8]}
							}
						}
					]
				},
				{
					"name": "muzzleflash",
					"parent": "main",
					"pivot": [-1, 25.35, -97.25],
					"cubes": [
						{
							"origin": [-1.5, 24.5, -99],
							"size": [1, 1, 1],
							"inflate": -0.4,
							"uv": {
								"north": {"uv": [2, 89], "uv_size": [1, 1]},
								"east": {"uv": [82, 89], "uv_size": [1, 1]},
								"south": {"uv": [69, 94], "uv_size": [1, 1]},
								"west": {"uv": [94, 69], "uv_size": [1, 1]},
								"up": {"uv": [72, 94], "uv_size": [1, 1]},
								"down": {"uv": [73, 95], "uv_size": [1, -1]}
							}
						}
					]
				},
				{
					"name": "scope",
					"parent": "main",
					"pivot": [-1, 27.8, 4.75],
					"cubes": [
						{
							"origin": [-1.5, 27.4, 32.45],
							"size": [1, 1, 1],
							"inflate": -0.4,
							"uv": {
								"north": {"uv": [74, 94], "uv_size": [1, 1]},
								"east": {"uv": [94, 74], "uv_size": [1, 1]},
								"south": {"uv": [94, 75], "uv_size": [1, 1]},
								"west": {"uv": [94, 76], "uv_size": [1, 1]},
								"up": {"uv": [77, 94], "uv_size": [1, 1]},
								"down": {"uv": [94, 78], "uv_size": [1, -1]}
							}
						}
					]
				}
			]
		}
	]
}