{
	"format_version": "1.12.0",
	"minecraft:geometry": [
		{
			"description": {
				"identifier": "geometry.unknown",
				"texture_width": 128,
				"texture_height": 128,
				"visible_bounds_width": 12,
				"visible_bounds_height": 4,
				"visible_bounds_offset": [0, 1, 0]
			},
			"bones": [
				{
					"name": "main",
					"pivot": [0, 20, 0]
				},
				{
					"name": "gun",
					"parent": "main",
					"pivot": [1, 11, -1]
				},
				{
					"name": "Wood",
					"parent": "gun",
					"pivot": [0, 8, 1],
					"cubes": [
						{
							"origin": [-3, 20, -18],
							"size": [4, 3, 22],
							"uv": {
								"north": {"uv": [39, 85], "uv_size": [4, 3]},
								"east": {"uv": [54, 50], "uv_size": [22, 3]},
								"south": {"uv": [30, 86], "uv_size": [4, 3]},
								"west": {"uv": [54, 53], "uv_size": [22, 3]},
								"up": {"uv": [2, 45], "uv_size": [4, 22]},
								"down": {"uv": [46, 48], "uv_size": [4, -22]}
							}
						},
						{
							"origin": [-3.01, 20.6, 3.02],
							"size": [4.02, 3.8, 5],
							"pivot": [0, 11, -1],
							"rotation": [-7.5, 0, 0],
							"uv": {
								"north": {"uv": [78, 83], "uv_size": [4, 4]},
								"east": {"uv": [79, 58], "uv_size": [5, 4]},
								"south": {"uv": [8, 84], "uv_size": [4, 4]},
								"west": {"uv": [79, 62], "uv_size": [5, 4]},
								"up": {"uv": [80, 11], "uv_size": [4, 5]},
								"down": {"uv": [16, 85], "uv_size": [4, -5]}
							}
						},
						{
							"origin": [-2.99, 21.6, 0.27],
							"size": [3.98, 4.2, 20],
							"pivot": [0, 11, -1],
							"rotation": [-15, 0, 0],
							"uv": {
								"north": {"uv": [84, 9], "uv_size": [4, 4]},
								"east": {"uv": [50, 28], "uv_size": [20, 4]},
								"south": {"uv": [12, 84], "uv_size": [4, 4]},
								"west": {"uv": [50, 32], "uv_size": [20, 4]},
								"up": {"uv": [36, 48], "uv_size": [4, 20]},
								"down": {"uv": [40, 68], "uv_size": [4, -20]}
							}
						},
						{
							"origin": [-2.98, 16.225, 12.77],
							"size": [3.95, 4.2, 7.125],
							"uv": {
								"north": {"uv": [84, 13], "uv_size": [4, 4]},
								"east": {"uv": [8, 74], "uv_size": [7, 4]},
								"south": {"uv": [84, 17], "uv_size": [4, 4]},
								"west": {"uv": [74, 36], "uv_size": [7, 4]},
								"up": {"uv": [74, 71], "uv_size": [4, 7]},
								"down": {"uv": [75, 65], "uv_size": [4, -7]}
							}
						},
						{
							"origin": [-2.98, 25.6, -3.105],
							"size": [3.95, 4.2, 3.125],
							"pivot": [0, 11, -1],
							"rotation": [-65, 0, 0],
							"uv": {
								"north": {"uv": [84, 21], "uv_size": [4, 4]},
								"east": {"uv": [56, 86], "uv_size": [3, 4]},
								"south": {"uv": [84, 38], "uv_size": [4, 4]},
								"west": {"uv": [59, 86], "uv_size": [3, 4]},
								"up": {"uv": [86, 72], "uv_size": [4, 3]},
								"down": {"uv": [86, 78], "uv_size": [4, -3]}
							}
						},
						{
							"origin": [-3, 22.6, 11.2],
							"size": [4.01, 2.8, 24],
							"pivot": [0, 8, 1],
							"rotation": [-22.5, 0, 0],
							"uv": {
								"north": {"uv": [86, 78], "uv_size": [4, 3]},
								"east": {"uv": [50, 36], "uv_size": [24, 3]},
								"south": {"uv": [86, 81], "uv_size": [4, 3]},
								"west": {"uv": [50, 39], "uv_size": [24, 3]},
								"up": {"uv": [8, 43], "uv_size": [4, 24]},
								"down": {"uv": [12, 67], "uv_size": [4, -24]}
							}
						},
						{
							"origin": [-2.96, 17.6, 20.02],
							"size": [3.93, 4.8, 6],
							"pivot": [0, 8, 1],
							"rotation": [-5, 0, 0],
							"uv": {
								"north": {"uv": [80, 16], "uv_size": [4, 5]},
								"east": {"uv": [72, 4], "uv_size": [6, 5]},
								"south": {"uv": [80, 21], "uv_size": [4, 5]},
								"west": {"uv": [2, 74], "uv_size": [6, 5]},
								"up": {"uv": [76, 50], "uv_size": [4, 6]},
								"down": {"uv": [8, 84], "uv_size": [4, -6]}
							}
						},
						{
							"origin": [-3.01, 21.6, 8.025],
							"size": [4.02, 1.8, 30.575],
							"pivot": [0, 8, 1],
							"rotation": [-5, 0, 0],
							"uv": {
								"north": {"uv": [88, 50], "uv_size": [4, 2]},
								"east": {"uv": [50, 46], "uv_size": [31, 2]},
								"south": {"uv": [88, 52], "uv_size": [4, 2]},
								"west": {"uv": [54, 56], "uv_size": [31, 2]},
								"up": {"uv": [28, 40], "uv_size": [4, 31]},
								"down": {"uv": [32, 71], "uv_size": [4, -31]}
							}
						},
						{
							"origin": [-2.97, 15.6, 26.02],
							"size": [3.95, 6.8, 7],
							"pivot": [0, 8, 1],
							"rotation": [-5, 0, 0],
							"uv": {
								"north": {"uv": [20, 76], "uv_size": [4, 7]},
								"east": {"uv": [2, 67], "uv_size": [7, 7]},
								"south": {"uv": [24, 76], "uv_size": [4, 7]},
								"west": {"uv": [9, 67], "uv_size": [7, 7]},
								"up": {"uv": [44, 77], "uv_size": [4, 7]},
								"down": {"uv": [78, 11], "uv_size": [4, -7]}
							}
						},
						{
							"origin": [-2.97, 13.6, 33.02],
							"size": [3.95, 8.8, 5],
							"pivot": [0, 8, 1],
							"rotation": [-5, 0, 0],
							"uv": {
								"north": {"uv": [54, 72], "uv_size": [4, 9]},
								"east": {"uv": [46, 68], "uv_size": [5, 9]},
								"south": {"uv": [58, 72], "uv_size": [4, 9]},
								"west": {"uv": [70, 58], "uv_size": [5, 9]},
								"up": {"uv": [36, 80], "uv_size": [4, 5]},
								"down": {"uv": [40, 85], "uv_size": [4, -5]}
							}
						},
						{
							"origin": [-3.0199, 20.6, 1.02],
							"size": [3.9999, 4.8, 2],
							"pivot": [0, 11, -1],
							"rotation": [-7.5, 0, 0],
							"uv": {
								"north": {"uv": [80, 50], "uv_size": [4, 5]},
								"east": {"uv": [44, 71], "uv_size": [2, 5]},
								"south": {"uv": [30, 81], "uv_size": [4, 5]},
								"west": {"uv": [62, 86], "uv_size": [2, 5]},
								"up": {"uv": [88, 63], "uv_size": [4, 2]},
								"down": {"uv": [83, 90], "uv_size": [4, -2]}
							}
						},
						{
							"origin": [-3, 23, -2],
							"size": [4, 2, 6],
							"uv": {
								"north": {"uv": [89, 48], "uv_size": [4, 2]},
								"east": {"uv": [82, 86], "uv_size": [6, 2]},
								"south": {"uv": [8, 90], "uv_size": [4, 2]},
								"west": {"uv": [86, 84], "uv_size": [6, 2]},
								"up": {"uv": [12, 78], "uv_size": [4, 6]},
								"down": {"uv": [78, 77], "uv_size": [4, -6]}
							}
						},
						{
							"origin": [-3, 23, -12],
							"size": [4, 2, 10],
							"uv": {
								"north": {"uv": [56, 90], "uv_size": [4, 2]},
								"east": {"uv": [74, 40], "uv_size": [10, 2]},
								"south": {"uv": [90, 58], "uv_size": [4, 2]},
								"west": {"uv": [81, 36], "uv_size": [10, 2]},
								"up": {"uv": [30, 71], "uv_size": [4, 10]},
								"down": {"uv": [62, 81], "uv_size": [4, -10]}
							}
						},
						{
							"origin": [-3, 23, -18],
							"size": [4, 2, 6],
							"uv": {
								"north": {"uv": [90, 60], "uv_size": [4, 2]},
								"east": {"uv": [8, 88], "uv_size": [6, 2]},
								"south": {"uv": [90, 72], "uv_size": [4, 2]},
								"west": {"uv": [88, 9], "uv_size": [6, 2]},
								"up": {"uv": [74, 78], "uv_size": [4, 6]},
								"down": {"uv": [78, 83], "uv_size": [4, -6]}
							}
						},
						{
							"origin": [-2.998, 19.55, -61.5],
							"size": [3.99, 2, 43.3],
							"pivot": [2, 11, -1],
							"rotation": [-1.5, 0, 0],
							"uv": {
								"north": {"uv": [90, 74], "uv_size": [4, 2]},
								"east": {"uv": [46, 48], "uv_size": [43, 2]},
								"south": {"uv": [90, 76], "uv_size": [4, 2]},
								"west": {"uv": [50, 26], "uv_size": [43, 2]},
								"up": {"uv": [8, 0], "uv_size": [4, 43]},
								"down": {"uv": [12, 43], "uv_size": [4, -43]}
							}
						},
						{
							"origin": [-2.998, 20.55, -89],
							"size": [3.99, 2, 35.8],
							"pivot": [2, 12, -36],
							"rotation": [-1.3, 0, 0],
							"uv": {
								"north": {"uv": [78, 90], "uv_size": [4, 2]},
								"east": {"uv": [50, 42], "uv_size": [36, 2]},
								"south": {"uv": [90, 78], "uv_size": [4, 2]},
								"west": {"uv": [50, 44], "uv_size": [36, 2]},
								"up": {"uv": [20, 4], "uv_size": [4, 36]},
								"down": {"uv": [24, 40], "uv_size": [4, -36]}
							}
						},
						{
							"origin": [-3, 21, -54],
							"size": [4, 4, 36],
							"uv": {
								"north": {"uv": [64, 84], "uv_size": [4, 4]},
								"east": {"uv": [44, 12], "uv_size": [36, 4]},
								"south": {"uv": [71, 84], "uv_size": [4, 4]},
								"west": {"uv": [44, 16], "uv_size": [36, 4]},
								"up": {"uv": [20, 40], "uv_size": [4, 36]},
								"down": {"uv": [24, 76], "uv_size": [4, -36]}
							}
						},
						{
							"origin": [-3, 22, -89.5],
							"size": [4, 3, 35.5],
							"uv": {
								"north": {"uv": [78, 87], "uv_size": [4, 3]},
								"east": {"uv": [44, 20], "uv_size": [36, 3]},
								"south": {"uv": [88, 11], "uv_size": [4, 3]},
								"west": {"uv": [44, 23], "uv_size": [36, 3]},
								"up": {"uv": [28, 4], "uv_size": [4, 36]},
								"down": {"uv": [32, 40], "uv_size": [4, -36]}
							}
						},
						{
							"origin": [-3, 22.75, -91.75],
							"size": [4, 3, 2.25],
							"uv": {
								"north": {"uv": [88, 14], "uv_size": [4, 3]},
								"east": {"uv": [58, 92], "uv_size": [2, 3]},
								"south": {"uv": [88, 17], "uv_size": [4, 3]},
								"west": {"uv": [92, 67], "uv_size": [2, 3]},
								"up": {"uv": [60, 91], "uv_size": [4, 2]},
								"down": {"uv": [91, 92], "uv_size": [4, -2]}
							}
						},
						{
							"origin": [12.64329, 33.56631, -31.98],
							"size": [0.9801, 1.37214, 13.9658],
							"pivot": [15.6816, 14.8464, -11.7509],
							"rotation": [0, 0, -45],
							"uv": {
								"north": {"uv": [75, 99], "uv_size": [1, 1]},
								"east": {"uv": [84, 25], "uv_size": [14, 1]},
								"south": {"uv": [99, 76], "uv_size": [1, 1]},
								"west": {"uv": [84, 54], "uv_size": [14, 1]},
								"up": {"uv": [68, 84], "uv_size": [1, 14]},
								"down": {"uv": [75, 98], "uv_size": [1, -14]}
							}
						},
						{
							"origin": [-3, 25, -32],
							"size": [4, 1.625, 13.9658],
							"uv": {
								"north": {"uv": [94, 59], "uv_size": [4, 1]},
								"east": {"uv": [85, 56], "uv_size": [14, 1]},
								"south": {"uv": [94, 60], "uv_size": [4, 1]},
								"west": {"uv": [85, 57], "uv_size": [14, 1]},
								"up": {"uv": [54, 58], "uv_size": [4, 14]},
								"down": {"uv": [58, 72], "uv_size": [4, -14]}
							}
						},
						{
							"origin": [-13.57438, 28.69521, -31.98],
							"size": [0.9801, 1.37214, 13.9658],
							"pivot": [-10.7811, 14.8464, -11.7509],
							"rotation": [0, 0, 45],
							"uv": {
								"north": {"uv": [99, 77], "uv_size": [1, 1]},
								"east": {"uv": [86, 4], "uv_size": [14, 1]},
								"south": {"uv": [78, 99], "uv_size": [1, 1]},
								"west": {"uv": [86, 5], "uv_size": [14, 1]},
								"up": {"uv": [76, 84], "uv_size": [1, 14]},
								"down": {"uv": [77, 98], "uv_size": [1, -14]}
							}
						},
						{
							"origin": [-1.9602, 26.6076, -31.98],
							"size": [1.9602, 0.9801, 13.9658],
							"uv": {
								"north": {"uv": [97, 70], "uv_size": [2, 1]},
								"east": {"uv": [86, 6], "uv_size": [14, 1]},
								"south": {"uv": [73, 97], "uv_size": [2, 1]},
								"west": {"uv": [86, 7], "uv_size": [14, 1]},
								"up": {"uv": [34, 71], "uv_size": [2, 14]},
								"down": {"uv": [48, 91], "uv_size": [2, -14]}
							}
						},
						{
							"origin": [12.64329, 33.31631, -89.48],
							"size": [0.9801, 1.37214, 44.5908],
							"pivot": [15.6816, 14.5964, -39.7509],
							"rotation": [0, 0, -45],
							"uv": {
								"north": {"uv": [90, 99], "uv_size": [1, 1]},
								"east": {"uv": [70, 34], "uv_size": [45, 1]},
								"south": {"uv": [99, 90], "uv_size": [1, 1]},
								"west": {"uv": [70, 35], "uv_size": [45, 1]},
								"up": {"uv": [53, 68], "uv_size": [1, 45]},
								"down": {"uv": [70, 112], "uv_size": [1, -45]}
							}
						},
						{
							"origin": [-3, 25, -89.5],
							"size": [4, 1.375, 44.5908],
							"uv": {
								"north": {"uv": [94, 61], "uv_size": [4, 1]},
								"east": {"uv": [70, 32], "uv_size": [45, 1]},
								"south": {"uv": [94, 69], "uv_size": [4, 1]},
								"west": {"uv": [70, 33], "uv_size": [45, 1]},
								"up": {"uv": [0, 0], "uv_size": [4, 45]},
								"down": {"uv": [4, 45], "uv_size": [4, -45]}
							}
						},
						{
							"origin": [-3, 25, -44.875],
							"size": [4, 1.375, 12.9658],
							"uv": {
								"north": {"uv": [95, 92], "uv_size": [4, 1]},
								"east": {"uv": [86, 43], "uv_size": [13, 1]},
								"south": {"uv": [95, 93], "uv_size": [4, 1]},
								"west": {"uv": [86, 44], "uv_size": [13, 1]},
								"up": {"uv": [62, 58], "uv_size": [4, 13]},
								"down": {"uv": [66, 71], "uv_size": [4, -13]}
							}
						},
						{
							"origin": [-13.57438, 28.44521, -89.48],
							"size": [0.9801, 1.37214, 44.5908],
							"pivot": [-10.7811, 14.5964, -39.7509],
							"rotation": [0, 0, 45],
							"uv": {
								"north": {"uv": [89, 99], "uv_size": [1, 1]},
								"east": {"uv": [70, 30], "uv_size": [45, 1]},
								"south": {"uv": [99, 89], "uv_size": [1, 1]},
								"west": {"uv": [70, 31], "uv_size": [45, 1]},
								"up": {"uv": [51, 68], "uv_size": [1, 45]},
								"down": {"uv": [52, 113], "uv_size": [1, -45]}
							}
						},
						{
							"origin": [-1.9602, 26.3576, -89.48],
							"size": [1.9602, 0.9801, 44.5908],
							"uv": {
								"north": {"uv": [98, 3], "uv_size": [2, 1]},
								"east": {"uv": [70, 28], "uv_size": [45, 1]},
								"south": {"uv": [12, 98], "uv_size": [2, 1]},
								"west": {"uv": [70, 29], "uv_size": [45, 1]},
								"up": {"uv": [44, 26], "uv_size": [2, 45]},
								"down": {"uv": [0, 90], "uv_size": [2, -45]}
							}
						}
					]
				},
				{
					"name": "Metal",
					"parent": "gun",
					"pivot": [1, 11, -1],
					"cubes": [
						{
							"origin": [0, 25, -12],
							"size": [1, 1, 15.7],
							"uv": {
								"north": {"uv": [65, 99], "uv_size": [1, 1]},
								"east": {"uv": [81, 46], "uv_size": [16, 1]},
								"south": {"uv": [66, 99], "uv_size": [1, 1]},
								"west": {"uv": [81, 47], "uv_size": [16, 1]},
								"up": {"uv": [69, 71], "uv_size": [1, 16]},
								"down": {"uv": [50, 93], "uv_size": [1, -16]}
							}
						},
						{
							"origin": [0, 26, -4],
							"size": [1, 1.625, 1.7],
							"uv": {
								"north": {"uv": [64, 97], "uv_size": [1, 2]},
								"east": {"uv": [94, 67], "uv_size": [2, 2]},
								"south": {"uv": [97, 74], "uv_size": [1, 2]},
								"west": {"uv": [94, 76], "uv_size": [2, 2]},
								"up": {"uv": [78, 97], "uv_size": [1, 2]},
								"down": {"uv": [79, 99], "uv_size": [1, -2]}
							}
						},
						{
							"origin": [-2.625, 27.125, -3],
							"size": [2.625, 0.5, 0.7],
							"uv": {
								"north": {"uv": [96, 41], "uv_size": [3, 1]},
								"east": {"uv": [81, 99], "uv_size": [1, 1]},
								"south": {"uv": [44, 96], "uv_size": [3, 1]},
								"west": {"uv": [99, 82], "uv_size": [1, 1]},
								"up": {"uv": [62, 96], "uv_size": [3, 1]},
								"down": {"uv": [96, 66], "uv_size": [3, -1]}
							}
						},
						{
							"origin": [-2.625, 27.125, -4],
							"size": [0.625, 0.5, 1.075],
							"uv": {
								"north": {"uv": [86, 99], "uv_size": [1, 1]},
								"east": {"uv": [99, 86], "uv_size": [1, 1]},
								"south": {"uv": [87, 99], "uv_size": [1, 1]},
								"west": {"uv": [99, 87], "uv_size": [1, 1]},
								"up": {"uv": [88, 99], "uv_size": [1, 1]},
								"down": {"uv": [99, 89], "uv_size": [1, -1]}
							}
						},
						{
							"origin": [13.2, 33.1, -5.301],
							"size": [0.7, 1.4, 9],
							"pivot": [16, 14, 12],
							"rotation": [0, 0, -45],
							"uv": {
								"north": {"uv": [99, 66], "uv_size": [1, 1]},
								"east": {"uv": [88, 39], "uv_size": [9, 1]},
								"south": {"uv": [67, 99], "uv_size": [1, 1]},
								"west": {"uv": [88, 40], "uv_size": [9, 1]},
								"up": {"uv": [69, 87], "uv_size": [1, 9]},
								"down": {"uv": [82, 97], "uv_size": [1, -9]}
							}
						},
						{
							"origin": [13.2, 33.1, -16.051],
							"size": [0.7, 1.4, 6.75],
							"pivot": [16, 14, 12],
							"rotation": [0, 0, -45],
							"uv": {
								"north": {"uv": [79, 99], "uv_size": [1, 1]},
								"east": {"uv": [92, 1], "uv_size": [7, 1]},
								"south": {"uv": [80, 99], "uv_size": [1, 1]},
								"west": {"uv": [92, 2], "uv_size": [7, 1]},
								"up": {"uv": [10, 92], "uv_size": [1, 7]},
								"down": {"uv": [11, 99], "uv_size": [1, -7]}
							}
						},
						{
							"origin": [-13.85, 28.13, -1.301],
							"size": [1, 1.4, 4],
							"pivot": [-11, 14, 12],
							"rotation": [0, 0, 45],
							"uv": {
								"north": {"uv": [99, 67], "uv_size": [1, 1]},
								"east": {"uv": [94, 22], "uv_size": [4, 1]},
								"south": {"uv": [99, 68], "uv_size": [1, 1]},
								"west": {"uv": [32, 94], "uv_size": [4, 1]},
								"up": {"uv": [36, 94], "uv_size": [1, 4]},
								"down": {"uv": [37, 98], "uv_size": [1, -4]}
							}
						},
						{
							"origin": [-11.425, 28.43, -4.051],
							"size": [0.5, 1.275, 1.75],
							"pivot": [-10.625, 13.625, 12],
							"rotation": [0, 0, 32.5],
							"uv": {
								"north": {"uv": [99, 83], "uv_size": [1, 1]},
								"east": {"uv": [81, 97], "uv_size": [2, 1]},
								"south": {"uv": [99, 84], "uv_size": [1, 1]},
								"west": {"uv": [83, 97], "uv_size": [2, 1]},
								"up": {"uv": [85, 97], "uv_size": [1, 2]},
								"down": {"uv": [86, 99], "uv_size": [1, -2]}
							}
						},
						{
							"origin": [-3.35, 25.7, -4.051],
							"size": [0.5, 0.825, 1.75],
							"uv": {
								"north": {"uv": [85, 99], "uv_size": [1, 1]},
								"east": {"uv": [96, 97], "uv_size": [2, 1]},
								"south": {"uv": [99, 85], "uv_size": [1, 1]},
								"west": {"uv": [3, 98], "uv_size": [2, 1]},
								"up": {"uv": [5, 98], "uv_size": [1, 2]},
								"down": {"uv": [6, 100], "uv_size": [1, -2]}
							}
						},
						{
							"origin": [1.2, 24.68, -4.051],
							"size": [0.5, 2.15, 1.75],
							"pivot": [2, 13.375, 12],
							"rotation": [0, 0, -20],
							"uv": {
								"north": {"uv": [92, 97], "uv_size": [1, 2]},
								"east": {"uv": [78, 94], "uv_size": [2, 2]},
								"south": {"uv": [93, 97], "uv_size": [1, 2]},
								"west": {"uv": [94, 78], "uv_size": [2, 2]},
								"up": {"uv": [94, 97], "uv_size": [1, 2]},
								"down": {"uv": [95, 99], "uv_size": [1, -2]}
							}
						},
						{
							"origin": [0, 25, -18],
							"size": [1, 1, 6],
							"uv": {
								"north": {"uv": [69, 99], "uv_size": [1, 1]},
								"east": {"uv": [92, 3], "uv_size": [6, 1]},
								"south": {"uv": [99, 70], "uv_size": [1, 1]},
								"west": {"uv": [92, 50], "uv_size": [6, 1]},
								"up": {"uv": [56, 92], "uv_size": [1, 6]},
								"down": {"uv": [57, 98], "uv_size": [1, -6]}
							}
						},
						{
							"origin": [13.2, 33.225, -18],
							"size": [0.7, 1.4, 2],
							"pivot": [16, 14.125, -1],
							"rotation": [0, 0, -45],
							"uv": {
								"north": {"uv": [71, 99], "uv_size": [1, 1]},
								"east": {"uv": [97, 46], "uv_size": [2, 1]},
								"south": {"uv": [99, 71], "uv_size": [1, 1]},
								"west": {"uv": [97, 47], "uv_size": [2, 1]},
								"up": {"uv": [49, 97], "uv_size": [1, 2]},
								"down": {"uv": [50, 99], "uv_size": [1, -2]}
							}
						},
						{
							"origin": [-2, 26.125, -17.999],
							"size": [2, 1, 2],
							"uv": {
								"north": {"uv": [97, 49], "uv_size": [2, 1]},
								"east": {"uv": [97, 51], "uv_size": [2, 1]},
								"south": {"uv": [97, 52], "uv_size": [2, 1]},
								"west": {"uv": [97, 53], "uv_size": [2, 1]},
								"up": {"uv": [38, 94], "uv_size": [2, 2]},
								"down": {"uv": [40, 96], "uv_size": [2, -2]}
							}
						},
						{
							"origin": [-13.85, 28.255, -18],
							"size": [1, 1.4, 2],
							"pivot": [-11, 14.125, -1],
							"rotation": [0, 0, 45],
							"uv": {
								"north": {"uv": [72, 99], "uv_size": [1, 1]},
								"east": {"uv": [58, 97], "uv_size": [2, 1]},
								"south": {"uv": [99, 72], "uv_size": [1, 1]},
								"west": {"uv": [60, 97], "uv_size": [2, 1]},
								"up": {"uv": [62, 97], "uv_size": [1, 2]},
								"down": {"uv": [63, 99], "uv_size": [1, -2]}
							}
						},
						{
							"origin": [-3, 25, -18],
							"size": [3, 1, 2],
							"uv": {
								"north": {"uv": [33, 96], "uv_size": [3, 1]},
								"east": {"uv": [66, 97], "uv_size": [2, 1]},
								"south": {"uv": [38, 96], "uv_size": [3, 1]},
								"west": {"uv": [97, 66], "uv_size": [2, 1]},
								"up": {"uv": [81, 38], "uv_size": [3, 2]},
								"down": {"uv": [92, 53], "uv_size": [3, -2]}
							}
						},
						{
							"origin": [-3, 26, -18],
							"size": [4, 0.125, 2],
							"uv": {
								"north": {"uv": [94, 89], "uv_size": [4, 1]},
								"east": {"uv": [22, 98], "uv_size": [2, 1]},
								"south": {"uv": [94, 94], "uv_size": [4, 1]},
								"west": {"uv": [98, 22], "uv_size": [2, 1]},
								"up": {"uv": [83, 90], "uv_size": [4, 2]},
								"down": {"uv": [90, 88], "uv_size": [4, -2]}
							}
						},
						{
							"origin": [-3, 25, -1.3],
							"size": [1, 1, 4],
							"uv": {
								"north": {"uv": [99, 73], "uv_size": [1, 1]},
								"east": {"uv": [44, 94], "uv_size": [4, 1]},
								"south": {"uv": [74, 99], "uv_size": [1, 1]},
								"west": {"uv": [94, 58], "uv_size": [4, 1]},
								"up": {"uv": [48, 94], "uv_size": [1, 4]},
								"down": {"uv": [94, 76], "uv_size": [1, -4]}
							}
						},
						{
							"origin": [-3.05, 23.875, -5.3],
							"size": [1, 1, 3.125],
							"uv": {
								"north": {"uv": [94, 99], "uv_size": [1, 1]},
								"east": {"uv": [96, 67], "uv_size": [3, 1]},
								"south": {"uv": [95, 99], "uv_size": [1, 1]},
								"west": {"uv": [96, 68], "uv_size": [3, 1]},
								"up": {"uv": [43, 85], "uv_size": [1, 3]},
								"down": {"uv": [90, 98], "uv_size": [1, -3]}
							}
						},
						{
							"origin": [-3.145, 20.6, 0.77],
							"size": [4.27, 4.925, 2.25],
							"pivot": [0, 11, -1],
							"rotation": [-7.5, 0, 0],
							"uv": {
								"north": {"uv": [56, 81], "uv_size": [4, 5]},
								"east": {"uv": [14, 88], "uv_size": [2, 5]},
								"south": {"uv": [60, 81], "uv_size": [4, 5]},
								"west": {"uv": [88, 58], "uv_size": [2, 5]},
								"up": {"uv": [90, 80], "uv_size": [4, 2]},
								"down": {"uv": [90, 84], "uv_size": [4, -2]}
							}
						},
						{
							"origin": [1.105, 24.1625, 1.27],
							"size": [0.4575, 1.025, 1.025],
							"pivot": [0.3125, 11, -1.125],
							"rotation": [-7.5, 0, 0],
							"uv": {
								"north": {"uv": [100, 80], "uv_size": [1, 1]},
								"east": {"uv": [81, 100], "uv_size": [1, 1]},
								"south": {"uv": [100, 81], "uv_size": [1, 1]},
								"west": {"uv": [82, 100], "uv_size": [1, 1]},
								"up": {"uv": [100, 82], "uv_size": [1, 1]},
								"down": {"uv": [83, 101], "uv_size": [1, -1]}
							}
						},
						{
							"origin": [1.105, 22.6625, 1.52],
							"size": [0.2075, 1.525, 0.4],
							"pivot": [0.3125, 11, -1.125],
							"rotation": [-7.5, 0, 0],
							"uv": {
								"north": {"uv": [55, 99], "uv_size": [1, 2]},
								"east": {"uv": [56, 99], "uv_size": [1, 2]},
								"south": {"uv": [99, 56], "uv_size": [1, 2]},
								"west": {"uv": [57, 99], "uv_size": [1, 2]},
								"up": {"uv": [100, 88], "uv_size": [1, 1]},
								"down": {"uv": [89, 101], "uv_size": [1, -1]}
							}
						},
						{
							"origin": [1.105, 6.7875, -15.23],
							"size": [0.3325, 2.275, 0.525],
							"pivot": [0.3125, 11, -1.125],
							"rotation": [-117.5, 0, 0],
							"uv": {
								"north": {"uv": [58, 99], "uv_size": [1, 2]},
								"east": {"uv": [59, 99], "uv_size": [1, 2]},
								"south": {"uv": [60, 99], "uv_size": [1, 2]},
								"west": {"uv": [61, 99], "uv_size": [1, 2]},
								"up": {"uv": [100, 89], "uv_size": [1, 1]},
								"down": {"uv": [90, 101], "uv_size": [1, -1]}
							}
						},
						{
							"origin": [1.105, 6.0375, -16.48],
							"size": [0.3325, 0.775, 2.275],
							"pivot": [0.3125, 11, -1.125],
							"rotation": [-117.5, 0, 0],
							"uv": {
								"north": {"uv": [100, 90], "uv_size": [1, 1]},
								"east": {"uv": [62, 99], "uv_size": [2, 1]},
								"south": {"uv": [91, 100], "uv_size": [1, 1]},
								"west": {"uv": [99, 63], "uv_size": [2, 1]},
								"up": {"uv": [64, 99], "uv_size": [1, 2]},
								"down": {"uv": [99, 66], "uv_size": [1, -2]}
							}
						},
						{
							"origin": [1.105, 12.9125, -16.105],
							"size": [0.3325, 0.4, 0.65],
							"pivot": [0.3125, 11, -1.125],
							"rotation": [-92.5, 0, 0],
							"uv": {
								"north": {"uv": [100, 90], "uv_size": [1, 1]},
								"east": {"uv": [62, 99], "uv_size": [2, 1]},
								"south": {"uv": [91, 100], "uv_size": [1, 1]},
								"west": {"uv": [99, 63], "uv_size": [2, 1]},
								"up": {"uv": [64, 99], "uv_size": [1, 2]},
								"down": {"uv": [99, 66], "uv_size": [1, -2]}
							}
						},
						{
							"origin": [1.105, 2.6625, -12.98],
							"size": [0.3325, 0.4, 0.65],
							"pivot": [0.3125, 11, -1.125],
							"rotation": [-135, 0, 0],
							"uv": {
								"north": {"uv": [100, 90], "uv_size": [1, 1]},
								"east": {"uv": [62, 99], "uv_size": [2, 1]},
								"south": {"uv": [91, 100], "uv_size": [1, 1]},
								"west": {"uv": [99, 63], "uv_size": [2, 1]},
								"up": {"uv": [64, 99], "uv_size": [1, 2]},
								"down": {"uv": [99, 66], "uv_size": [1, -2]}
							}
						},
						{
							"origin": [1.105, 22.0375, 1.395],
							"size": [0.4575, 0.7, 0.7],
							"pivot": [0.3125, 11, -1.125],
							"rotation": [-7.5, 0, 0],
							"uv": {
								"north": {"uv": [100, 85], "uv_size": [1, 1]},
								"east": {"uv": [86, 100], "uv_size": [1, 1]},
								"south": {"uv": [100, 86], "uv_size": [1, 1]},
								"west": {"uv": [87, 100], "uv_size": [1, 1]},
								"up": {"uv": [100, 87], "uv_size": [1, 1]},
								"down": {"uv": [88, 101], "uv_size": [1, -1]}
							}
						},
						{
							"origin": [-3.145, 19.975, 2.02],
							"size": [4.27, 0.3, 2.25],
							"uv": {
								"north": {"uv": [32, 95], "uv_size": [4, 1]},
								"east": {"uv": [35, 98], "uv_size": [2, 1]},
								"south": {"uv": [95, 36], "uv_size": [4, 1]},
								"west": {"uv": [37, 98], "uv_size": [2, 1]},
								"up": {"uv": [87, 90], "uv_size": [4, 2]},
								"down": {"uv": [90, 90], "uv_size": [4, -2]}
							}
						},
						{
							"origin": [-2, 24, -97.375],
							"size": [2, 2, 76],
							"uv": {
								"north": {"uv": [94, 80], "uv_size": [2, 2]},
								"east": {"uv": [16, 0], "uv_size": [76, 2]},
								"south": {"uv": [94, 82], "uv_size": [2, 2]},
								"west": {"uv": [16, 2], "uv_size": [76, 2]},
								"up": {"uv": [16, 4], "uv_size": [2, 76]},
								"down": {"uv": [18, 80], "uv_size": [2, -76]}
							}
						},
						{
							"origin": [-2.25, 24, -96.25],
							"size": [2.5, 2.125, 2.75],
							"uv": {
								"north": {"uv": [94, 80], "uv_size": [2, 2]},
								"east": {"uv": [16, 0], "uv_size": [76, 2]},
								"south": {"uv": [94, 82], "uv_size": [2, 2]},
								"west": {"uv": [16, 2], "uv_size": [76, 2]},
								"up": {"uv": [16, 4], "uv_size": [2, 76]},
								"down": {"uv": [18, 80], "uv_size": [2, -76]}
							}
						},
						{
							"origin": [-1.55, 21.625, -97.625],
							"size": [1.2, 1.2, 1.75],
							"uv": {
								"north": {"uv": [100, 8], "uv_size": [1, 1]},
								"east": {"uv": [98, 80], "uv_size": [2, 1]},
								"south": {"uv": [9, 100], "uv_size": [1, 1]},
								"west": {"uv": [98, 81], "uv_size": [2, 1]},
								"up": {"uv": [82, 98], "uv_size": [1, 2]},
								"down": {"uv": [98, 84], "uv_size": [1, -2]}
							}
						},
						{
							"origin": [-1.175, 20.25, -83.625],
							"size": [0.325, 0.575, 2],
							"uv": {
								"north": {"uv": [100, 8], "uv_size": [1, 1]},
								"east": {"uv": [98, 80], "uv_size": [2, 1]},
								"south": {"uv": [9, 100], "uv_size": [1, 1]},
								"west": {"uv": [98, 81], "uv_size": [2, 1]},
								"up": {"uv": [82, 98], "uv_size": [1, 2]},
								"down": {"uv": [98, 84], "uv_size": [1, -2]}
							}
						},
						{
							"origin": [-1.3, 20.75, -83.625],
							"size": [0.575, 1.075, 2],
							"uv": {
								"north": {"uv": [100, 8], "uv_size": [1, 1]},
								"east": {"uv": [98, 80], "uv_size": [2, 1]},
								"south": {"uv": [9, 100], "uv_size": [1, 1]},
								"west": {"uv": [98, 81], "uv_size": [2, 1]},
								"up": {"uv": [82, 98], "uv_size": [1, 2]},
								"down": {"uv": [98, 84], "uv_size": [1, -2]}
							}
						},
						{
							"origin": [-1.3, 20, -83.625],
							"size": [0.575, 0.325, 2],
							"uv": {
								"north": {"uv": [100, 8], "uv_size": [1, 1]},
								"east": {"uv": [98, 80], "uv_size": [2, 1]},
								"south": {"uv": [9, 100], "uv_size": [1, 1]},
								"west": {"uv": [98, 81], "uv_size": [2, 1]},
								"up": {"uv": [82, 98], "uv_size": [1, 2]},
								"down": {"uv": [98, 84], "uv_size": [1, -2]}
							}
						},
						{
							"origin": [-13.71013, 28.59592, -61.5348],
							"size": [0.9899, 1.38586, 2.313],
							"pivot": [-10.88891, 14.60861, -30.00341],
							"rotation": [0, 0, 45],
							"uv": {
								"north": {"uv": [100, 0], "uv_size": [1, 1]},
								"east": {"uv": [98, 38], "uv_size": [2, 1]},
								"south": {"uv": [2, 100], "uv_size": [1, 1]},
								"west": {"uv": [42, 98], "uv_size": [2, 1]},
								"up": {"uv": [39, 98], "uv_size": [1, 2]},
								"down": {"uv": [45, 100], "uv_size": [1, -2]}
							}
						},
						{
							"origin": [-3.03, 26, -61.555],
							"size": [4.04, 0.505, 2.313],
							"uv": {
								"north": {"uv": [95, 37], "uv_size": [4, 1]},
								"east": {"uv": [98, 48], "uv_size": [2, 1]},
								"south": {"uv": [44, 95], "uv_size": [4, 1]},
								"west": {"uv": [98, 50], "uv_size": [2, 1]},
								"up": {"uv": [0, 91], "uv_size": [4, 2]},
								"down": {"uv": [20, 93], "uv_size": [4, -2]}
							}
						},
						{
							"origin": [-1.03, -2.35, -61.555],
							"size": [4.04, 5.025, 2.313],
							"pivot": [0, 11.86, -19.145],
							"rotation": [0, 0, 180],
							"uv": {
								"north": {"uv": [82, 4], "uv_size": [4, 5]},
								"east": {"uv": [64, 88], "uv_size": [2, 5]},
								"south": {"uv": [82, 71], "uv_size": [4, 5]},
								"west": {"uv": [66, 88], "uv_size": [2, 5]},
								"up": {"uv": [24, 91], "uv_size": [4, 2]},
								"down": {"uv": [34, 93], "uv_size": [4, -2]}
							}
						},
						{
							"origin": [12.76972, 33.51572, -61.5348],
							"size": [0.9899, 1.38586, 2.313],
							"pivot": [15.83842, 14.60861, -30.00341],
							"rotation": [0, 0, -45],
							"uv": {
								"north": {"uv": [3, 100], "uv_size": [1, 1]},
								"east": {"uv": [98, 54], "uv_size": [2, 1]},
								"south": {"uv": [100, 3], "uv_size": [1, 1]},
								"west": {"uv": [98, 55], "uv_size": [2, 1]},
								"up": {"uv": [46, 98], "uv_size": [1, 2]},
								"down": {"uv": [48, 100], "uv_size": [1, -2]}
							}
						},
						{
							"origin": [-1.9798, 26.48743, -61.5348],
							"size": [1.9798, 0.9899, 2.313],
							"uv": {
								"north": {"uv": [56, 98], "uv_size": [2, 1]},
								"east": {"uv": [58, 98], "uv_size": [2, 1]},
								"south": {"uv": [98, 58], "uv_size": [2, 1]},
								"west": {"uv": [98, 59], "uv_size": [2, 1]},
								"up": {"uv": [49, 95], "uv_size": [2, 2]},
								"down": {"uv": [95, 53], "uv_size": [2, -2]}
							}
						},
						{
							"origin": [-1.03, 0.4, -96.68],
							"size": [4.04, 1.4, 18.188],
							"pivot": [0, 11.61, -44.895],
							"rotation": [0, 0, 180],
							"uv": {
								"north": {"uv": [95, 64], "uv_size": [4, 1]},
								"east": {"uv": [75, 66], "uv_size": [18, 1]},
								"south": {"uv": [71, 95], "uv_size": [4, 1]},
								"west": {"uv": [80, 55], "uv_size": [18, 1]},
								"up": {"uv": [46, 50], "uv_size": [4, 18]},
								"down": {"uv": [50, 68], "uv_size": [4, -18]}
							}
						},
						{
							"origin": [-3.03, 25.75, -91.805],
							"size": [4.04, 0.505, 2.313],
							"uv": {
								"north": {"uv": [62, 95], "uv_size": [4, 1]},
								"east": {"uv": [98, 75], "uv_size": [2, 1]},
								"south": {"uv": [95, 63], "uv_size": [4, 1]},
								"west": {"uv": [98, 78], "uv_size": [2, 1]},
								"up": {"uv": [91, 36], "uv_size": [4, 2]},
								"down": {"uv": [46, 93], "uv_size": [4, -2]}
							}
						},
						{
							"origin": [12.76972, 33.26572, -91.7848],
							"size": [0.9899, 1.38586, 2.313],
							"pivot": [15.83842, 14.35861, -60.25341],
							"rotation": [0, 0, -45],
							"uv": {
								"north": {"uv": [100, 5], "uv_size": [1, 1]},
								"east": {"uv": [74, 98], "uv_size": [2, 1]},
								"south": {"uv": [6, 100], "uv_size": [1, 1]},
								"west": {"uv": [98, 74], "uv_size": [2, 1]},
								"up": {"uv": [76, 98], "uv_size": [1, 2]},
								"down": {"uv": [77, 100], "uv_size": [1, -2]}
							}
						},
						{
							"origin": [-1.03, -1.975, -93.555],
							"size": [4.04, 2.9, 1.813],
							"pivot": [0, 11.86, -54.27],
							"rotation": [0, 0, 180],
							"uv": {
								"north": {"uv": [20, 88], "uv_size": [4, 3]},
								"east": {"uv": [72, 9], "uv_size": [5, 3]},
								"south": {"uv": [88, 20], "uv_size": [4, 3]},
								"west": {"uv": [34, 85], "uv_size": [5, 3]},
								"up": {"uv": [82, 76], "uv_size": [4, 5]},
								"down": {"uv": [82, 86], "uv_size": [4, -5]}
							}
						},
						{
							"origin": [-0.53, -1.975, -94.93],
							"size": [3.04, 2.9, 1.438],
							"pivot": [0, 11.86, -55.645],
							"rotation": [0, 0, 180],
							"uv": {
								"north": {"uv": [36, 4], "uv_size": [3, 3]},
								"east": {"uv": [36, 10], "uv_size": [1, 3]},
								"south": {"uv": [36, 7], "uv_size": [3, 3]},
								"west": {"uv": [36, 13], "uv_size": [1, 3]},
								"up": {"uv": [36, 16], "uv_size": [3, 1]},
								"down": {"uv": [36, 18], "uv_size": [3, -1]}
							}
						},
						{
							"origin": [-1.03, -18.35, -80.18],
							"size": [4.04, 1.15, 0.688],
							"pivot": [0, 11.86, -54.27],
							"rotation": [-32.5, 0, 180],
							"uv": {
								"north": {"uv": [20, 88], "uv_size": [4, 3]},
								"east": {"uv": [72, 9], "uv_size": [5, 3]},
								"south": {"uv": [88, 20], "uv_size": [4, 3]},
								"west": {"uv": [34, 85], "uv_size": [5, 3]},
								"up": {"uv": [82, 76], "uv_size": [4, 5]},
								"down": {"uv": [82, 86], "uv_size": [4, -5]}
							}
						},
						{
							"origin": [-1.03, -1.975, -96.68],
							"size": [4.04, 2.9, 1.813],
							"pivot": [0, 11.86, -54.27],
							"rotation": [0, 0, 180],
							"uv": {
								"north": {"uv": [20, 88], "uv_size": [4, 3]},
								"east": {"uv": [72, 9], "uv_size": [5, 3]},
								"south": {"uv": [88, 20], "uv_size": [4, 3]},
								"west": {"uv": [34, 85], "uv_size": [5, 3]},
								"up": {"uv": [82, 76], "uv_size": [4, 5]},
								"down": {"uv": [82, 86], "uv_size": [4, -5]}
							}
						},
						{
							"origin": [-0.905, -0.225, -93.18],
							"size": [4.29, 0.9, 0.9],
							"pivot": [0.125, 11.61, -54.145],
							"rotation": [0, 0, 180],
							"uv": {
								"north": {"uv": [94, 95], "uv_size": [4, 1]},
								"east": {"uv": [100, 76], "uv_size": [1, 1]},
								"south": {"uv": [96, 9], "uv_size": [4, 1]},
								"west": {"uv": [77, 100], "uv_size": [1, 1]},
								"up": {"uv": [96, 10], "uv_size": [4, 1]},
								"down": {"uv": [12, 97], "uv_size": [4, -1]}
							}
						},
						{
							"origin": [-1.405, 4.2, 1.8],
							"size": [4.29, 0.55, 0.55],
							"pivot": [0.125, 10.61, 41.98],
							"rotation": [7.5, 0, 180],
							"uv": {
								"north": {"uv": [94, 95], "uv_size": [4, 1]},
								"east": {"uv": [100, 76], "uv_size": [1, 1]},
								"south": {"uv": [96, 9], "uv_size": [4, 1]},
								"west": {"uv": [77, 100], "uv_size": [1, 1]},
								"up": {"uv": [96, 10], "uv_size": [4, 1]},
								"down": {"uv": [12, 97], "uv_size": [4, -1]}
							}
						},
						{
							"origin": [-1.405, 1.9, 1.82],
							"size": [4.29, 0.525, 0.525],
							"pivot": [0.125, 10.61, 41.98],
							"rotation": [7.5, 0, 180],
							"uv": {
								"north": {"uv": [94, 95], "uv_size": [4, 1]},
								"east": {"uv": [100, 76], "uv_size": [1, 1]},
								"south": {"uv": [96, 9], "uv_size": [4, 1]},
								"west": {"uv": [77, 100], "uv_size": [1, 1]},
								"up": {"uv": [96, 10], "uv_size": [4, 1]},
								"down": {"uv": [12, 97], "uv_size": [4, -1]}
							}
						},
						{
							"origin": [-10.155, -1.35, -91.305],
							"size": [1.04, 0.525, 0.525],
							"pivot": [-11.625, 14.235, -54.145],
							"rotation": [0, 0, -135],
							"uv": {
								"north": {"uv": [94, 95], "uv_size": [4, 1]},
								"east": {"uv": [100, 76], "uv_size": [1, 1]},
								"south": {"uv": [96, 9], "uv_size": [4, 1]},
								"west": {"uv": [77, 100], "uv_size": [1, 1]},
								"up": {"uv": [96, 10], "uv_size": [4, 1]},
								"down": {"uv": [12, 97], "uv_size": [4, -1]}
							}
						},
						{
							"origin": [13.845, 1.525, -91.305],
							"size": [1.04, 0.525, 0.525],
							"pivot": [12.375, 17.11, -54.145],
							"rotation": [0, 0, 135],
							"uv": {
								"north": {"uv": [94, 95], "uv_size": [4, 1]},
								"east": {"uv": [100, 76], "uv_size": [1, 1]},
								"south": {"uv": [96, 9], "uv_size": [4, 1]},
								"west": {"uv": [77, 100], "uv_size": [1, 1]},
								"up": {"uv": [96, 10], "uv_size": [4, 1]},
								"down": {"uv": [12, 97], "uv_size": [4, -1]}
							}
						},
						{
							"origin": [-3.03, 25.625, -96.68],
							"size": [4.04, 0.88, 4.938],
							"uv": {
								"north": {"uv": [95, 72], "uv_size": [4, 1]},
								"east": {"uv": [44, 93], "uv_size": [5, 1]},
								"south": {"uv": [95, 73], "uv_size": [4, 1]},
								"west": {"uv": [93, 48], "uv_size": [5, 1]},
								"up": {"uv": [20, 83], "uv_size": [4, 5]},
								"down": {"uv": [24, 88], "uv_size": [4, -5]}
							}
						},
						{
							"origin": [12.76972, 33.51572, -96.6598],
							"size": [0.9899, 1.38586, 4.938],
							"pivot": [15.83842, 14.60861, -65.12841],
							"rotation": [0, 0, -45],
							"uv": {
								"north": {"uv": [100, 7], "uv_size": [1, 1]},
								"east": {"uv": [32, 93], "uv_size": [5, 1]},
								"south": {"uv": [8, 100], "uv_size": [1, 1]},
								"west": {"uv": [37, 93], "uv_size": [5, 1]},
								"up": {"uv": [42, 93], "uv_size": [1, 5]},
								"down": {"uv": [43, 98], "uv_size": [1, -5]}
							}
						},
						{
							"origin": [-1.9798, 26.48743, -96.6598],
							"size": [1.9798, 0.9899, 4.938],
							"uv": {
								"north": {"uv": [98, 79], "uv_size": [2, 1]},
								"east": {"uv": [93, 26], "uv_size": [5, 1]},
								"south": {"uv": [80, 98], "uv_size": [2, 1]},
								"west": {"uv": [93, 27], "uv_size": [5, 1]},
								"up": {"uv": [71, 88], "uv_size": [2, 5]},
								"down": {"uv": [73, 93], "uv_size": [2, -5]}
							}
						},
						{
							"origin": [-13.71013, 28.59592, -96.6598],
							"size": [0.9899, 1.38586, 4.938],
							"pivot": [-10.88891, 14.60861, -65.12841],
							"rotation": [0, 0, 45],
							"uv": {
								"north": {"uv": [100, 6], "uv_size": [1, 1]},
								"east": {"uv": [92, 53], "uv_size": [5, 1]},
								"south": {"uv": [7, 100], "uv_size": [1, 1]},
								"west": {"uv": [92, 70], "uv_size": [5, 1]},
								"up": {"uv": [81, 92], "uv_size": [1, 5]},
								"down": {"uv": [3, 98], "uv_size": [1, -5]}
							}
						},
						{
							"origin": [-13.71013, 28.34592, -91.7848],
							"size": [0.9899, 1.38586, 2.313],
							"pivot": [-10.88891, 14.35861, -60.25341],
							"rotation": [0, 0, 45],
							"uv": {
								"north": {"uv": [100, 4], "uv_size": [1, 1]},
								"east": {"uv": [66, 98], "uv_size": [2, 1]},
								"south": {"uv": [5, 100], "uv_size": [1, 1]},
								"west": {"uv": [98, 69], "uv_size": [2, 1]},
								"up": {"uv": [68, 98], "uv_size": [1, 2]},
								"down": {"uv": [73, 100], "uv_size": [1, -2]}
							}
						},
						{
							"origin": [-1.9798, 26.23743, -91.7848],
							"size": [1.9798, 0.9899, 2.313],
							"uv": {
								"north": {"uv": [60, 98], "uv_size": [2, 1]},
								"east": {"uv": [98, 60], "uv_size": [2, 1]},
								"south": {"uv": [98, 61], "uv_size": [2, 1]},
								"west": {"uv": [98, 62], "uv_size": [2, 1]},
								"up": {"uv": [58, 95], "uv_size": [2, 2]},
								"down": {"uv": [60, 97], "uv_size": [2, -2]}
							}
						},
						{
							"origin": [-1.1, 27.5, -95.125],
							"size": [0.2, 1.775, 1.625],
							"uv": {
								"north": {"uv": [83, 98], "uv_size": [1, 2]},
								"east": {"uv": [66, 95], "uv_size": [2, 2]},
								"south": {"uv": [84, 98], "uv_size": [1, 2]},
								"west": {"uv": [95, 74], "uv_size": [2, 2]},
								"up": {"uv": [98, 86], "uv_size": [1, 2]},
								"down": {"uv": [98, 90], "uv_size": [1, -2]}
							}
						},
						{
							"origin": [-1.475, 27.5, -95.25],
							"size": [0.95, 1.025, 1.875],
							"uv": {
								"north": {"uv": [100, 9], "uv_size": [1, 1]},
								"east": {"uv": [90, 98], "uv_size": [2, 1]},
								"south": {"uv": [100, 10], "uv_size": [1, 1]},
								"west": {"uv": [98, 94], "uv_size": [2, 1]},
								"up": {"uv": [98, 95], "uv_size": [1, 2]},
								"down": {"uv": [96, 100], "uv_size": [1, -2]}
							}
						},
						{
							"origin": [0.4625, 28.5, -95.125],
							"size": [0.45, 1.325, 1.625],
							"uv": {
								"north": {"uv": [100, 11], "uv_size": [1, 1]},
								"east": {"uv": [97, 98], "uv_size": [2, 1]},
								"south": {"uv": [100, 12], "uv_size": [1, 1]},
								"west": {"uv": [98, 97], "uv_size": [2, 1]},
								"up": {"uv": [0, 99], "uv_size": [1, 2]},
								"down": {"uv": [1, 101], "uv_size": [1, -2]}
							}
						},
						{
							"origin": [0.465, 166.25, 4.625],
							"size": [0.445, 0.9, 1.5],
							"pivot": [-0.0625, 15, 68.625],
							"rotation": [62.5, 0, 0],
							"uv": {
								"north": {"uv": [15, 100], "uv_size": [1, 1]},
								"east": {"uv": [99, 2], "uv_size": [2, 1]},
								"south": {"uv": [100, 15], "uv_size": [1, 1]},
								"west": {"uv": [99, 13], "uv_size": [2, 1]},
								"up": {"uv": [99, 14], "uv_size": [1, 2]},
								"down": {"uv": [16, 101], "uv_size": [1, -2]}
							}
						},
						{
							"origin": [-2.91, 166.25, 4.625],
							"size": [0.445, 0.9, 1.5],
							"pivot": [-0.0625, 15, 68.625],
							"rotation": [62.5, 0, 0],
							"uv": {
								"north": {"uv": [17, 100], "uv_size": [1, 1]},
								"east": {"uv": [99, 16], "uv_size": [2, 1]},
								"south": {"uv": [100, 17], "uv_size": [1, 1]},
								"west": {"uv": [17, 99], "uv_size": [2, 1]},
								"up": {"uv": [99, 18], "uv_size": [1, 2]},
								"down": {"uv": [19, 101], "uv_size": [1, -2]}
							}
						},
						{
							"origin": [-1.41, 166.25, -321.25],
							"size": [0.445, 0.9, 1.5],
							"pivot": [-1.9375, 15, -257.25],
							"rotation": [-117.5, 0, -180],
							"uv": {
								"north": {"uv": [100, 19], "uv_size": [1, 1]},
								"east": {"uv": [24, 99], "uv_size": [2, 1]},
								"south": {"uv": [20, 100], "uv_size": [1, 1]},
								"west": {"uv": [26, 99], "uv_size": [2, 1]},
								"up": {"uv": [99, 26], "uv_size": [1, 2]},
								"down": {"uv": [29, 101], "uv_size": [1, -2]}
							}
						},
						{
							"origin": [-4.785, 166.25, -321.25],
							"size": [0.445, 0.9, 1.5],
							"pivot": [-1.9375, 15, -257.25],
							"rotation": [-117.5, 0, -180],
							"uv": {
								"north": {"uv": [18, 100], "uv_size": [1, 1]},
								"east": {"uv": [99, 20], "uv_size": [2, 1]},
								"south": {"uv": [100, 18], "uv_size": [1, 1]},
								"west": {"uv": [99, 21], "uv_size": [2, 1]},
								"up": {"uv": [22, 99], "uv_size": [1, 2]},
								"down": {"uv": [23, 101], "uv_size": [1, -2]}
							}
						},
						{
							"origin": [-2.9125, 28.5, -95.125],
							"size": [0.45, 1.275, 1.625],
							"uv": {
								"north": {"uv": [14, 100], "uv_size": [1, 1]},
								"east": {"uv": [99, 1], "uv_size": [2, 1]},
								"south": {"uv": [100, 14], "uv_size": [1, 1]},
								"west": {"uv": [2, 99], "uv_size": [2, 1]},
								"up": {"uv": [4, 99], "uv_size": [1, 2]},
								"down": {"uv": [10, 101], "uv_size": [1, -2]}
							}
						},
						{
							"origin": [-2.9125, 26.5, -95.875],
							"size": [0.45, 2.025, 3.125],
							"uv": {
								"north": {"uv": [12, 99], "uv_size": [1, 2]},
								"east": {"uv": [83, 92], "uv_size": [3, 2]},
								"south": {"uv": [13, 99], "uv_size": [1, 2]},
								"west": {"uv": [92, 84], "uv_size": [3, 2]},
								"up": {"uv": [41, 96], "uv_size": [1, 3]},
								"down": {"uv": [47, 99], "uv_size": [1, -3]}
							}
						},
						{
							"origin": [0.4625, 26.5, -95.875],
							"size": [0.45, 2.025, 3.125],
							"uv": {
								"north": {"uv": [11, 99], "uv_size": [1, 2]},
								"east": {"uv": [92, 63], "uv_size": [3, 2]},
								"south": {"uv": [99, 11], "uv_size": [1, 2]},
								"west": {"uv": [78, 92], "uv_size": [3, 2]},
								"up": {"uv": [26, 96], "uv_size": [1, 3]},
								"down": {"uv": [27, 99], "uv_size": [1, -3]}
							}
						},
						{
							"origin": [-3.02, 11.6, 38.02],
							"size": [4.04, 11.9, 1],
							"pivot": [0, 8, 1],
							"rotation": [-5, 0, 0],
							"uv": {
								"north": {"uv": [36, 68], "uv_size": [4, 12]},
								"east": {"uv": [18, 85], "uv_size": [1, 12]},
								"south": {"uv": [40, 68], "uv_size": [4, 12]},
								"west": {"uv": [19, 85], "uv_size": [1, 12]},
								"up": {"uv": [75, 65], "uv_size": [4, 1]},
								"down": {"uv": [93, 50], "uv_size": [4, -1]}
							}
						},
						{
							"origin": [-0.375, 24, -97.5],
							"size": [0.375, 2, 0.125],
							"uv": {
								"north": {"uv": [116.125, 126], "uv_size": [1, 2]},
								"east": {"uv": [107.5, 126], "uv_size": [1, 2]},
								"south": {"uv": [106.125, 126], "uv_size": [1, 2]},
								"west": {"uv": [109.75, 126], "uv_size": [1, 2]},
								"up": {"uv": [109.5, 127], "uv_size": [1, 1]},
								"down": {"uv": [107.125, 128], "uv_size": [1, -1]}
							}
						},
						{
							"origin": [-1.625, 25.625, -97.5],
							"size": [1.25, 0.375, 0.125],
							"uv": {
								"north": {"uv": [98, 186], "uv_size": [2, 2]},
								"east": {"uv": [186, 104], "uv_size": [2, 2]},
								"south": {"uv": [188, 90], "uv_size": [2, 2]},
								"west": {"uv": [96, 188], "uv_size": [2, 2]},
								"up": {"uv": [98, 188], "uv_size": [2, 2]},
								"down": {"uv": [188, 106], "uv_size": [2, -2]}
							}
						},
						{
							"origin": [-2, 24, -97.5],
							"size": [0.375, 2, 0.125],
							"uv": {
								"north": {"uv": [110.75, 126], "uv_size": [1, 2]},
								"east": {"uv": [106.875, 125.75], "uv_size": [1, 2]},
								"south": {"uv": [100.125, 126], "uv_size": [1, 2]},
								"west": {"uv": [103.5, 126], "uv_size": [1, 2]},
								"up": {"uv": [106.125, 127], "uv_size": [1, 1]},
								"down": {"uv": [111.75, 128], "uv_size": [1, -1]}
							}
						},
						{
							"origin": [-1.625, 24, -97.5],
							"size": [1.25, 0.375, 0.125],
							"uv": {
								"north": {"uv": [98, 192], "uv_size": [2, 2]},
								"east": {"uv": [192, 104], "uv_size": [2, 2]},
								"south": {"uv": [194, 90], "uv_size": [2, 2]},
								"west": {"uv": [96, 194], "uv_size": [2, 2]},
								"up": {"uv": [98, 194], "uv_size": [2, 2]},
								"down": {"uv": [194, 106], "uv_size": [2, -2]}
							}
						}
					]
				},
				{
					"name": "TriggerMag",
					"parent": "Metal",
					"pivot": [0, 0, 12],
					"cubes": [
						{
							"origin": [-2, -2.625, 34.175],
							"size": [1.5, 0.7, 3],
							"pivot": [0, -2, 11.5],
							"rotation": [115, 0, 0],
							"uv": {
								"north": {"uv": [37, 15], "uv_size": [2, 1]},
								"east": {"uv": [37, 13], "uv_size": [3, 1]},
								"south": {"uv": [37, 32], "uv_size": [2, 1]},
								"west": {"uv": [37, 14], "uv_size": [3, 1]},
								"up": {"uv": [36, 34], "uv_size": [2, 3]},
								"down": {"uv": [37, 13], "uv_size": [2, -3]}
							}
						},
						{
							"origin": [-2, 12.125, 28.05],
							"size": [1.5, 0.7, 1.25],
							"pivot": [0, -2, 11.5],
							"rotation": [75, 0, 0],
							"uv": {
								"north": {"uv": [37, 33], "uv_size": [2, 1]},
								"east": {"uv": [38, 20], "uv_size": [1, 1]},
								"south": {"uv": [36, 37], "uv_size": [2, 1]},
								"west": {"uv": [38, 21], "uv_size": [1, 1]},
								"up": {"uv": [38, 18], "uv_size": [2, 1]},
								"down": {"uv": [38, 20], "uv_size": [2, -1]}
							}
						},
						{
							"origin": [-2, 47.85, 12.625],
							"size": [2, 1, 1.5],
							"pivot": [0, 37, -3.775],
							"rotation": [-102.5, 0, 0],
							"uv": {
								"north": {"uv": [6, 66], "uv_size": [2, 1]},
								"east": {"uv": [44, 76], "uv_size": [2, 1]},
								"south": {"uv": [0, 90], "uv_size": [2, 1]},
								"west": {"uv": [60, 90], "uv_size": [2, 1]},
								"up": {"uv": [82, 9], "uv_size": [2, 2]},
								"down": {"uv": [46, 91], "uv_size": [2, -2]}
							}
						},
						{
							"origin": [-2, -2.625, 27.925],
							"size": [2, 5.375, 1],
							"pivot": [0, -3.625, 4.375],
							"rotation": [90, 0, 0],
							"uv": {
								"north": {"uv": [49, 93], "uv_size": [2, 2]},
								"east": {"uv": [77, 9], "uv_size": [1, 2]},
								"south": {"uv": [60, 93], "uv_size": [2, 2]},
								"west": {"uv": [87, 88], "uv_size": [1, 2]},
								"up": {"uv": [73, 96], "uv_size": [2, 1]},
								"down": {"uv": [78, 97], "uv_size": [2, -1]}
							}
						},
						{
							"origin": [-2, 4.375, 26.175],
							"size": [2, 1.25, 0.375],
							"pivot": [0, -3.625, 4.375],
							"rotation": [72.5, 0, 0],
							"uv": {
								"north": {"uv": [49, 93], "uv_size": [2, 2]},
								"east": {"uv": [77, 9], "uv_size": [1, 2]},
								"south": {"uv": [60, 93], "uv_size": [2, 2]},
								"west": {"uv": [87, 88], "uv_size": [1, 2]},
								"up": {"uv": [73, 96], "uv_size": [2, 1]},
								"down": {"uv": [78, 97], "uv_size": [2, -1]}
							}
						},
						{
							"origin": [-2, -2.875, -20.075],
							"size": [2, 1.25, 0.375],
							"pivot": [0, -3.625, 4.375],
							"rotation": [-72.5, 0, 0],
							"uv": {
								"north": {"uv": [49, 93], "uv_size": [2, 2]},
								"east": {"uv": [77, 9], "uv_size": [1, 2]},
								"south": {"uv": [60, 93], "uv_size": [2, 2]},
								"west": {"uv": [87, 88], "uv_size": [1, 2]},
								"up": {"uv": [73, 96], "uv_size": [2, 1]},
								"down": {"uv": [78, 97], "uv_size": [2, -1]}
							}
						},
						{
							"origin": [-2, 6, 26.626],
							"size": [2, 1, 3],
							"pivot": [0, 0, 8.625],
							"rotation": [85, 0, 0],
							"uv": {
								"north": {"uv": [96, 78], "uv_size": [2, 1]},
								"east": {"uv": [77, 11], "uv_size": [3, 1]},
								"south": {"uv": [96, 79], "uv_size": [2, 1]},
								"west": {"uv": [96, 18], "uv_size": [3, 1]},
								"up": {"uv": [64, 81], "uv_size": [2, 3]},
								"down": {"uv": [92, 14], "uv_size": [2, -3]}
							}
						},
						{
							"origin": [-2, 46.1, 29.525],
							"size": [2, 1, 1.6],
							"pivot": [0, 35, 13.225],
							"rotation": [-154, 0, 0],
							"uv": {
								"north": {"uv": [96, 80], "uv_size": [2, 1]},
								"east": {"uv": [96, 81], "uv_size": [2, 1]},
								"south": {"uv": [96, 82], "uv_size": [2, 1]},
								"west": {"uv": [83, 96], "uv_size": [2, 1]},
								"up": {"uv": [62, 93], "uv_size": [2, 2]},
								"down": {"uv": [64, 95], "uv_size": [2, -2]}
							}
						},
						{
							"origin": [-2, 45.095, 23.1],
							"size": [2, 1, 1.6],
							"pivot": [0, 34.125, 6.6],
							"rotation": [-154, 0, 0],
							"uv": {
								"north": {"uv": [96, 83], "uv_size": [2, 1]},
								"east": {"uv": [85, 96], "uv_size": [2, 1]},
								"south": {"uv": [96, 87], "uv_size": [2, 1]},
								"west": {"uv": [96, 88], "uv_size": [2, 1]},
								"up": {"uv": [66, 93], "uv_size": [2, 2]},
								"down": {"uv": [71, 95], "uv_size": [2, -2]}
							}
						},
						{
							"origin": [-2, 32.825, 25.9],
							"size": [2, 1, 9.725],
							"pivot": [0, 23.125, 11.6],
							"rotation": [168.5, 0, 0],
							"uv": {
								"north": {"uv": [92, 96], "uv_size": [2, 1]},
								"east": {"uv": [38, 88], "uv_size": [10, 1]},
								"south": {"uv": [94, 96], "uv_size": [2, 1]},
								"west": {"uv": [88, 38], "uv_size": [10, 1]},
								"up": {"uv": [6, 79], "uv_size": [2, 10]},
								"down": {"uv": [54, 91], "uv_size": [2, -10]}
							}
						},
						{
							"origin": [-2, 30.3, 34.4],
							"size": [2, 1, 1.6],
							"pivot": [0, 19, 18.6],
							"rotation": [150, 0, 0],
							"uv": {
								"north": {"uv": [96, 96], "uv_size": [2, 1]},
								"east": {"uv": [4, 97], "uv_size": [2, 1]},
								"south": {"uv": [12, 97], "uv_size": [2, 1]},
								"west": {"uv": [97, 13], "uv_size": [2, 1]},
								"up": {"uv": [73, 93], "uv_size": [2, 2]},
								"down": {"uv": [94, 11], "uv_size": [2, -2]}
							}
						},
						{
							"origin": [-2, 7.575, 34.27],
							"size": [2, 3.625, 1],
							"pivot": [0, -4, 14],
							"rotation": [90, 0, 0],
							"uv": {
								"north": {"uv": [88, 86], "uv_size": [2, 4]},
								"east": {"uv": [15, 74], "uv_size": [1, 4]},
								"south": {"uv": [6, 89], "uv_size": [2, 4]},
								"west": {"uv": [94, 11], "uv_size": [1, 4]},
								"up": {"uv": [14, 97], "uv_size": [2, 1]},
								"down": {"uv": [97, 15], "uv_size": [2, -1]}
							}
						},
						{
							"origin": [-2, 15, 28.6],
							"size": [2, 1, 2],
							"pivot": [0, 4, 12.6],
							"rotation": [102.5, 0, 0],
							"uv": {
								"north": {"uv": [18, 97], "uv_size": [2, 1]},
								"east": {"uv": [20, 97], "uv_size": [2, 1]},
								"south": {"uv": [22, 97], "uv_size": [2, 1]},
								"west": {"uv": [24, 97], "uv_size": [2, 1]},
								"up": {"uv": [12, 94], "uv_size": [2, 2]},
								"down": {"uv": [94, 17], "uv_size": [2, -2]}
							}
						},
						{
							"origin": [-2, 13.65, 21.45],
							"size": [2, 1, 3.5],
							"pivot": [0, 3, 2.6],
							"rotation": [107.5, 0, 0],
							"uv": {
								"north": {"uv": [28, 97], "uv_size": [2, 1]},
								"east": {"uv": [93, 66], "uv_size": [4, 1]},
								"south": {"uv": [30, 97], "uv_size": [2, 1]},
								"west": {"uv": [94, 17], "uv_size": [4, 1]},
								"up": {"uv": [30, 89], "uv_size": [2, 4]},
								"down": {"uv": [32, 93], "uv_size": [2, -4]}
							}
						},
						{
							"origin": [-2, 11, 28.001],
							"size": [2, 1, 3],
							"pivot": [0, 0, 9],
							"rotation": [90, 0, 0],
							"uv": {
								"north": {"uv": [32, 97], "uv_size": [2, 1]},
								"east": {"uv": [96, 19], "uv_size": [3, 1]},
								"south": {"uv": [34, 97], "uv_size": [2, 1]},
								"west": {"uv": [96, 20], "uv_size": [3, 1]},
								"up": {"uv": [92, 14], "uv_size": [2, 3]},
								"down": {"uv": [92, 20], "uv_size": [2, -3]}
							}
						},
						{
							"origin": [-2, 12, 16.9],
							"size": [2, 2, 1],
							"pivot": [0, 0, -3],
							"rotation": [90, 0, 0],
							"uv": {
								"north": {"uv": [94, 18], "uv_size": [2, 2]},
								"east": {"uv": [40, 97], "uv_size": [1, 2]},
								"south": {"uv": [94, 20], "uv_size": [2, 2]},
								"west": {"uv": [44, 97], "uv_size": [1, 2]},
								"up": {"uv": [97, 40], "uv_size": [2, 1]},
								"down": {"uv": [45, 98], "uv_size": [2, -1]}
							}
						},
						{
							"origin": [-2.01, 16.125, -6.999],
							"size": [2.02, 3.875, 4],
							"uv": {
								"north": {"uv": [38, 89], "uv_size": [2, 4]},
								"east": {"uv": [44, 84], "uv_size": [4, 4]},
								"south": {"uv": [40, 89], "uv_size": [2, 4]},
								"west": {"uv": [84, 50], "uv_size": [4, 4]},
								"up": {"uv": [42, 89], "uv_size": [2, 4]},
								"down": {"uv": [44, 93], "uv_size": [2, -4]}
							}
						},
						{
							"origin": [-2.01, 17, -10.999],
							"size": [2.02, 3, 4],
							"uv": {
								"north": {"uv": [6, 93], "uv_size": [2, 3]},
								"east": {"uv": [24, 88], "uv_size": [4, 3]},
								"south": {"uv": [14, 93], "uv_size": [2, 3]},
								"west": {"uv": [34, 88], "uv_size": [4, 3]},
								"up": {"uv": [12, 90], "uv_size": [2, 4]},
								"down": {"uv": [4, 95], "uv_size": [2, -4]}
							}
						},
						{
							"origin": [-2.01, 17.75, -13.999],
							"size": [2.02, 2.25, 3],
							"uv": {
								"north": {"uv": [6, 96], "uv_size": [2, 2]},
								"east": {"uv": [20, 93], "uv_size": [3, 2]},
								"south": {"uv": [96, 15], "uv_size": [2, 2]},
								"west": {"uv": [23, 93], "uv_size": [3, 2]},
								"up": {"uv": [26, 93], "uv_size": [2, 3]},
								"down": {"uv": [30, 96], "uv_size": [2, -3]}
							}
						}
					]
				},
				{
					"name": "Sight",
					"parent": "Metal",
					"pivot": [0, 10.5311, -11.7509],
					"cubes": [
						{
							"origin": [-1.6125, 28.25, -32.455],
							"size": [1.05, 1.25, 0.27],
							"pivot": [-0.5625, 12.5311, -19.1259],
							"rotation": [2.5, 0, 0],
							"uv": {
								"north": {"uv": [100, 38], "uv_size": [1, 1]},
								"east": {"uv": [39, 100], "uv_size": [1, 1]},
								"south": {"uv": [100, 39], "uv_size": [1, 1]},
								"west": {"uv": [100, 40], "uv_size": [1, 1]},
								"up": {"uv": [41, 100], "uv_size": [1, 1]},
								"down": {"uv": [42, 101], "uv_size": [1, -1]}
							}
						},
						{
							"origin": [-2.1475, 28.25, -32.475],
							"size": [0.8, 1.4, 0.3],
							"pivot": [-0.0625, 12.5311, -19.1259],
							"rotation": [2.5, 0, 0],
							"uv": {
								"north": {"uv": [100, 42], "uv_size": [1, 1]},
								"east": {"uv": [100, 43], "uv_size": [1, 1]},
								"south": {"uv": [100, 44], "uv_size": [1, 1]},
								"west": {"uv": [45, 100], "uv_size": [1, 1]},
								"up": {"uv": [46, 100], "uv_size": [1, 1]},
								"down": {"uv": [48, 101], "uv_size": [1, -1]}
							}
						},
						{
							"origin": [-0.6475, 28.25, -32.475],
							"size": [0.8, 1.4, 0.3],
							"pivot": [1.4375, 12.5311, -19.1259],
							"rotation": [2.5, 0, 0],
							"uv": {
								"north": {"uv": [100, 77], "uv_size": [1, 1]},
								"east": {"uv": [78, 100], "uv_size": [1, 1]},
								"south": {"uv": [100, 78], "uv_size": [1, 1]},
								"west": {"uv": [79, 100], "uv_size": [1, 1]},
								"up": {"uv": [100, 79], "uv_size": [1, 1]},
								"down": {"uv": [80, 101], "uv_size": [1, -1]}
							}
						},
						{
							"origin": [0.4625, 26.375, -34.625],
							"size": [0.45, 2.15, 2.75],
							"uv": {
								"north": {"uv": [37, 99], "uv_size": [1, 2]},
								"east": {"uv": [86, 92], "uv_size": [3, 2]},
								"south": {"uv": [38, 99], "uv_size": [1, 2]},
								"west": {"uv": [89, 92], "uv_size": [3, 2]},
								"up": {"uv": [65, 96], "uv_size": [1, 3]},
								"down": {"uv": [69, 99], "uv_size": [1, -3]}
							}
						},
						{
							"origin": [-4.785, 166.25, -260.375],
							"size": [0.445, 0.9, 1.5],
							"pivot": [-1.9375, 15, -196.375],
							"rotation": [-117.5, 0, -180],
							"uv": {
								"north": {"uv": [100, 26], "uv_size": [1, 1]},
								"east": {"uv": [30, 99], "uv_size": [2, 1]},
								"south": {"uv": [27, 100], "uv_size": [1, 1]},
								"west": {"uv": [35, 99], "uv_size": [2, 1]},
								"up": {"uv": [32, 99], "uv_size": [1, 2]},
								"down": {"uv": [99, 38], "uv_size": [1, -2]}
							}
						},
						{
							"origin": [0.4625, 28.5, -33.875],
							"size": [0.45, 1.325, 1.25],
							"uv": {
								"north": {"uv": [100, 23], "uv_size": [1, 1]},
								"east": {"uv": [24, 100], "uv_size": [1, 1]},
								"south": {"uv": [100, 24], "uv_size": [1, 1]},
								"west": {"uv": [25, 100], "uv_size": [1, 1]},
								"up": {"uv": [100, 25], "uv_size": [1, 1]},
								"down": {"uv": [26, 101], "uv_size": [1, -1]}
							}
						},
						{
							"origin": [0.465, 166.125, 63.375],
							"size": [0.445, 1.025, 4],
							"pivot": [-0.0625, 15, 129.875],
							"rotation": [62.5, 0, 0],
							"uv": {
								"north": {"uv": [21, 100], "uv_size": [1, 1]},
								"east": {"uv": [95, 84], "uv_size": [4, 1]},
								"south": {"uv": [100, 22], "uv_size": [1, 1]},
								"west": {"uv": [95, 85], "uv_size": [4, 1]},
								"up": {"uv": [2, 95], "uv_size": [1, 4]},
								"down": {"uv": [87, 99], "uv_size": [1, -4]}
							}
						},
						{
							"origin": [-0.035, 164.875, 55.75],
							"size": [0.57, 1.025, 1.25],
							"pivot": [-0.4375, 13.75, 119.5],
							"rotation": [62.5, 0, 0],
							"uv": {
								"north": {"uv": [100, 56], "uv_size": [1, 1]},
								"east": {"uv": [100, 57], "uv_size": [1, 1]},
								"south": {"uv": [100, 58], "uv_size": [1, 1]},
								"west": {"uv": [100, 59], "uv_size": [1, 1]},
								"up": {"uv": [100, 60], "uv_size": [1, 1]},
								"down": {"uv": [100, 62], "uv_size": [1, -1]}
							}
						},
						{
							"origin": [-0.0375, 27.25, -44.25],
							"size": [0.575, 1.325, 1.125],
							"uv": {
								"north": {"uv": [50, 100], "uv_size": [1, 1]},
								"east": {"uv": [100, 50], "uv_size": [1, 1]},
								"south": {"uv": [100, 52], "uv_size": [1, 1]},
								"west": {"uv": [100, 53], "uv_size": [1, 1]},
								"up": {"uv": [100, 54], "uv_size": [1, 1]},
								"down": {"uv": [100, 56], "uv_size": [1, -1]}
							}
						},
						{
							"origin": [0.3375, 27.875, -43.875],
							"size": [0.325, 0.3, 0.3],
							"uv": {
								"north": {"uv": [100, 70], "uv_size": [1, 1]},
								"east": {"uv": [71, 100], "uv_size": [1, 1]},
								"south": {"uv": [100, 71], "uv_size": [1, 1]},
								"west": {"uv": [72, 100], "uv_size": [1, 1]},
								"up": {"uv": [100, 72], "uv_size": [1, 1]},
								"down": {"uv": [73, 101], "uv_size": [1, -1]}
							}
						},
						{
							"origin": [-2.7875, 27.875, -43.875],
							"size": [0.325, 0.3, 0.3],
							"uv": {
								"north": {"uv": [100, 73], "uv_size": [1, 1]},
								"east": {"uv": [74, 100], "uv_size": [1, 1]},
								"south": {"uv": [100, 74], "uv_size": [1, 1]},
								"west": {"uv": [75, 100], "uv_size": [1, 1]},
								"up": {"uv": [100, 75], "uv_size": [1, 1]},
								"down": {"uv": [76, 101], "uv_size": [1, -1]}
							}
						},
						{
							"origin": [-5.16, 165, -270.875],
							"size": [0.57, 0.9, 1.5],
							"pivot": [-2.3125, 13.75, -206.875],
							"rotation": [-117.5, 0, -180],
							"uv": {
								"north": {"uv": [100, 48], "uv_size": [1, 1]},
								"east": {"uv": [99, 47], "uv_size": [2, 1]},
								"south": {"uv": [49, 100], "uv_size": [1, 1]},
								"west": {"uv": [49, 99], "uv_size": [2, 1]},
								"up": {"uv": [44, 99], "uv_size": [1, 2]},
								"down": {"uv": [47, 101], "uv_size": [1, -2]}
							}
						},
						{
							"origin": [-2.66, 164.875, 55.75],
							"size": [0.57, 1.025, 1.25],
							"pivot": [-3.3125, 13.75, 119.5],
							"rotation": [62.5, 0, 0],
							"uv": {
								"north": {"uv": [67, 100], "uv_size": [1, 1]},
								"east": {"uv": [100, 67], "uv_size": [1, 1]},
								"south": {"uv": [68, 100], "uv_size": [1, 1]},
								"west": {"uv": [100, 68], "uv_size": [1, 1]},
								"up": {"uv": [69, 100], "uv_size": [1, 1]},
								"down": {"uv": [100, 70], "uv_size": [1, -1]}
							}
						},
						{
							"origin": [-8.285, 165, -270.875],
							"size": [0.57, 0.9, 1.5],
							"pivot": [-5.1875, 13.75, -206.875],
							"rotation": [-117.5, 0, -180],
							"uv": {
								"north": {"uv": [66, 100], "uv_size": [1, 1]},
								"east": {"uv": [99, 49], "uv_size": [2, 1]},
								"south": {"uv": [100, 66], "uv_size": [1, 1]},
								"west": {"uv": [99, 51], "uv_size": [2, 1]},
								"up": {"uv": [99, 52], "uv_size": [1, 2]},
								"down": {"uv": [54, 101], "uv_size": [1, -2]}
							}
						},
						{
							"origin": [-2.6625, 27.25, -44.25],
							"size": [0.575, 1.325, 1.125],
							"uv": {
								"north": {"uv": [62, 100], "uv_size": [1, 1]},
								"east": {"uv": [100, 62], "uv_size": [1, 1]},
								"south": {"uv": [63, 100], "uv_size": [1, 1]},
								"west": {"uv": [100, 64], "uv_size": [1, 1]},
								"up": {"uv": [65, 100], "uv_size": [1, 1]},
								"down": {"uv": [100, 66], "uv_size": [1, -1]}
							}
						},
						{
							"origin": [-2.91, 166.125, 63.375],
							"size": [0.445, 1.025, 4],
							"pivot": [-3.5625, 15, 129.875],
							"rotation": [62.5, 0, 0],
							"uv": {
								"north": {"uv": [100, 36], "uv_size": [1, 1]},
								"east": {"uv": [95, 90], "uv_size": [4, 1]},
								"south": {"uv": [100, 37], "uv_size": [1, 1]},
								"west": {"uv": [95, 91], "uv_size": [4, 1]},
								"up": {"uv": [88, 95], "uv_size": [1, 4]},
								"down": {"uv": [89, 99], "uv_size": [1, -4]}
							}
						},
						{
							"origin": [-2.9125, 28.5, -33.875],
							"size": [0.45, 1.325, 1.25],
							"uv": {
								"north": {"uv": [30, 100], "uv_size": [1, 1]},
								"east": {"uv": [31, 100], "uv_size": [1, 1]},
								"south": {"uv": [33, 100], "uv_size": [1, 1]},
								"west": {"uv": [34, 100], "uv_size": [1, 1]},
								"up": {"uv": [35, 100], "uv_size": [1, 1]},
								"down": {"uv": [36, 101], "uv_size": [1, -1]}
							}
						},
						{
							"origin": [-8.41, 166.25, -260.375],
							"size": [0.445, 0.9, 1.5],
							"pivot": [-5.4375, 15, -196.375],
							"rotation": [-117.5, 0, -180],
							"uv": {
								"north": {"uv": [100, 27], "uv_size": [1, 1]},
								"east": {"uv": [41, 99], "uv_size": [2, 1]},
								"south": {"uv": [28, 100], "uv_size": [1, 1]},
								"west": {"uv": [99, 41], "uv_size": [2, 1]},
								"up": {"uv": [43, 99], "uv_size": [1, 2]},
								"down": {"uv": [99, 45], "uv_size": [1, -2]}
							}
						},
						{
							"origin": [-2.9125, 26.375, -34.625],
							"size": [0.45, 2.15, 2.75],
							"uv": {
								"north": {"uv": [99, 39], "uv_size": [1, 2]},
								"east": {"uv": [92, 92], "uv_size": [3, 2]},
								"south": {"uv": [40, 99], "uv_size": [1, 2]},
								"west": {"uv": [0, 93], "uv_size": [3, 2]},
								"up": {"uv": [71, 96], "uv_size": [1, 3]},
								"down": {"uv": [72, 99], "uv_size": [1, -3]}
							}
						},
						{
							"origin": [-2.6477, 26.325, -44.9],
							"size": [3.2102, 1.1, 12.85],
							"uv": {
								"north": {"uv": [96, 76], "uv_size": [3, 1]},
								"east": {"uv": [86, 45], "uv_size": [13, 1]},
								"south": {"uv": [96, 77], "uv_size": [3, 1]},
								"west": {"uv": [86, 71], "uv_size": [13, 1]},
								"up": {"uv": [66, 71], "uv_size": [3, 13]},
								"down": {"uv": [71, 84], "uv_size": [3, -13]}
							}
						},
						{
							"origin": [-2.1375, 28.1, -43.975],
							"size": [2.225, 0.7, 11.55],
							"pivot": [-2.0625, 12.0311, -21.8759],
							"rotation": [2.5, 0, 0],
							"uv": {
								"north": {"uv": [99, 45], "uv_size": [2, 1]},
								"east": {"uv": [88, 23], "uv_size": [12, 1]},
								"south": {"uv": [99, 46], "uv_size": [2, 1]},
								"west": {"uv": [88, 24], "uv_size": [12, 1]},
								"up": {"uv": [2, 79], "uv_size": [2, 12]},
								"down": {"uv": [4, 91], "uv_size": [2, -12]}
							}
						},
						{
							"origin": [-2.7625, 28.1, -36.85],
							"size": [3.6, 0.575, 1.8],
							"pivot": [-2.0625, 12.0311, -21.8759],
							"rotation": [2.5, 0, 0],
							"uv": {
								"north": {"uv": [99, 45], "uv_size": [2, 1]},
								"east": {"uv": [88, 23], "uv_size": [12, 1]},
								"south": {"uv": [99, 46], "uv_size": [2, 1]},
								"west": {"uv": [88, 24], "uv_size": [12, 1]},
								"up": {"uv": [2, 79], "uv_size": [2, 12]},
								"down": {"uv": [4, 91], "uv_size": [2, -12]}
							}
						},
						{
							"origin": [0.8625, 42.1, -29.6],
							"size": [0.6, 1.3, 1.3],
							"pivot": [-2.0625, 26.0311, -15.0009],
							"rotation": [45, 0, 0],
							"uv": {
								"north": {"uv": [99, 45], "uv_size": [2, 1]},
								"east": {"uv": [88, 23], "uv_size": [12, 1]},
								"south": {"uv": [99, 46], "uv_size": [2, 1]},
								"west": {"uv": [88, 24], "uv_size": [12, 1]},
								"up": {"uv": [2, 79], "uv_size": [2, 12]},
								"down": {"uv": [4, 91], "uv_size": [2, -12]}
							}
						},
						{
							"origin": [0.3625, 42.35, -29.35],
							"size": [0.6, 0.8, 0.8],
							"pivot": [-2.5625, 26.0311, -15.0009],
							"rotation": [45, 0, 0],
							"uv": {
								"north": {"uv": [99, 45], "uv_size": [2, 1]},
								"east": {"uv": [88, 23], "uv_size": [12, 1]},
								"south": {"uv": [99, 46], "uv_size": [2, 1]},
								"west": {"uv": [88, 24], "uv_size": [12, 1]},
								"up": {"uv": [2, 79], "uv_size": [2, 12]},
								"down": {"uv": [4, 91], "uv_size": [2, -12]}
							}
						},
						{
							"origin": [-2.7625, 28.6, -36.87],
							"size": [0.975, 0.325, 1.8],
							"pivot": [-2.0625, 12.5311, -21.8759],
							"rotation": [2.5, 0, 0],
							"uv": {
								"north": {"uv": [99, 45], "uv_size": [2, 1]},
								"east": {"uv": [88, 23], "uv_size": [12, 1]},
								"south": {"uv": [99, 46], "uv_size": [2, 1]},
								"west": {"uv": [88, 24], "uv_size": [12, 1]},
								"up": {"uv": [2, 79], "uv_size": [2, 12]},
								"down": {"uv": [4, 91], "uv_size": [2, -12]}
							}
						},
						{
							"origin": [-0.2625, 28.85, -36.85],
							"size": [0.1, 0.25, 1.8],
							"pivot": [-2.0625, 12.5311, -21.8759],
							"rotation": [2.5, 0, 0],
							"uv": {
								"north": {"uv": [99, 45], "uv_size": [2, 1]},
								"east": {"uv": [88, 23], "uv_size": [12, 1]},
								"south": {"uv": [99, 46], "uv_size": [2, 1]},
								"west": {"uv": [88, 24], "uv_size": [12, 1]},
								"up": {"uv": [2, 79], "uv_size": [2, 12]},
								"down": {"uv": [4, 91], "uv_size": [2, -12]}
							}
						},
						{
							"origin": [-6.595, 29.225, -36.87],
							"size": [0.725, 0.45, 1.8],
							"pivot": [-6.1875, 13.1561, -21.8759],
							"rotation": [2.5, 0, 15],
							"uv": {
								"north": {"uv": [99, 45], "uv_size": [2, 1]},
								"east": {"uv": [88, 23], "uv_size": [12, 1]},
								"south": {"uv": [99, 46], "uv_size": [2, 1]},
								"west": {"uv": [88, 24], "uv_size": [12, 1]},
								"up": {"uv": [2, 79], "uv_size": [2, 12]},
								"down": {"uv": [4, 91], "uv_size": [2, -12]}
							}
						},
						{
							"origin": [-6.745, 29.225, -36.37],
							"size": [0.75, 0.405, 0.8],
							"pivot": [-6.1875, 13.1561, -21.8759],
							"rotation": [2.5, 0, 15],
							"uv": {
								"north": {"uv": [99, 45], "uv_size": [2, 1]},
								"east": {"uv": [88, 23], "uv_size": [12, 1]},
								"south": {"uv": [99, 46], "uv_size": [2, 1]},
								"west": {"uv": [88, 24], "uv_size": [12, 1]},
								"up": {"uv": [2, 79], "uv_size": [2, 12]},
								"down": {"uv": [4, 91], "uv_size": [2, -12]}
							}
						},
						{
							"origin": [3.505, 26.6, -36.995],
							"size": [0.75, 0.45, 1.8],
							"pivot": [-6.1875, 13.1561, -21.8759],
							"rotation": [2.5, 0, -15],
							"uv": {
								"north": {"uv": [99, 45], "uv_size": [2, 1]},
								"east": {"uv": [88, 23], "uv_size": [12, 1]},
								"south": {"uv": [99, 46], "uv_size": [2, 1]},
								"west": {"uv": [88, 24], "uv_size": [12, 1]},
								"up": {"uv": [2, 79], "uv_size": [2, 12]},
								"down": {"uv": [4, 91], "uv_size": [2, -12]}
							}
						},
						{
							"origin": [-0.2625, 28.6, -36.87],
							"size": [1.1, 0.325, 1.8],
							"pivot": [0.6875, 12.5311, -21.8759],
							"rotation": [2.5, 0, 0],
							"uv": {
								"north": {"uv": [99, 45], "uv_size": [2, 1]},
								"east": {"uv": [88, 23], "uv_size": [12, 1]},
								"south": {"uv": [99, 46], "uv_size": [2, 1]},
								"west": {"uv": [88, 24], "uv_size": [12, 1]},
								"up": {"uv": [2, 79], "uv_size": [2, 12]},
								"down": {"uv": [4, 91], "uv_size": [2, -12]}
							}
						},
						{
							"origin": [0.475, 28.85, -36.87],
							"size": [0.225, 0.45, 1.8],
							"pivot": [0.6875, 12.5311, -21.8759],
							"rotation": [2.5, 0, 0],
							"uv": {
								"north": {"uv": [99, 45], "uv_size": [2, 1]},
								"east": {"uv": [88, 23], "uv_size": [12, 1]},
								"south": {"uv": [99, 46], "uv_size": [2, 1]},
								"west": {"uv": [88, 24], "uv_size": [12, 1]},
								"up": {"uv": [2, 79], "uv_size": [2, 12]},
								"down": {"uv": [4, 91], "uv_size": [2, -12]}
							}
						}
					]
				},
				{
					"name": "Bolt",
					"parent": "gun",
					"pivot": [1, 0, 0]
				},
				{
					"name": "Bolt1",
					"parent": "Bolt",
					"pivot": [-1, 25.83235, 0.07083],
					"cubes": [
						{
							"origin": [-2, 24.8, -16],
							"size": [2, 2, 20.3],
							"uv": {
								"north": {"uv": [83, 94], "uv_size": [2, 2]},
								"east": {"uv": [71, 67], "uv_size": [21, 2]},
								"south": {"uv": [85, 94], "uv_size": [2, 2]},
								"west": {"uv": [71, 69], "uv_size": [21, 2]},
								"up": {"uv": [6, 45], "uv_size": [2, 21]},
								"down": {"uv": [28, 92], "uv_size": [2, -21]}
							}
						},
						{
							"origin": [-4, 25.4, 3.5],
							"size": [1, 1, 1.925],
							"pivot": [-2.5, 11, 4.5],
							"rotation": [0, -90, 0],
							"uv": {
								"north": {"uv": [99, 95], "uv_size": [1, 1]},
								"east": {"uv": [24, 98], "uv_size": [2, 1]},
								"south": {"uv": [99, 96], "uv_size": [1, 1]},
								"west": {"uv": [98, 25], "uv_size": [2, 1]},
								"up": {"uv": [98, 26], "uv_size": [1, 2]},
								"down": {"uv": [28, 100], "uv_size": [1, -2]}
							}
						},
						{
							"origin": [7.875, 32.275, 3.5],
							"size": [1, 1, 1.925],
							"pivot": [9.375, 17.875, 4.5],
							"rotation": [0, -90, -60],
							"uv": {
								"north": {"uv": [97, 99], "uv_size": [1, 1]},
								"east": {"uv": [29, 98], "uv_size": [2, 1]},
								"south": {"uv": [98, 99], "uv_size": [1, 1]},
								"west": {"uv": [31, 98], "uv_size": [2, 1]},
								"up": {"uv": [33, 98], "uv_size": [1, 2]},
								"down": {"uv": [34, 100], "uv_size": [1, -2]}
							}
						},
						{
							"origin": [8, 32.525, 3.625],
							"size": [1, 1, 3.8],
							"pivot": [9.5, 18.125, 4.5],
							"rotation": [0, -90, -67.5],
							"uv": {
								"north": {"uv": [99, 98], "uv_size": [1, 1]},
								"east": {"uv": [95, 11], "uv_size": [4, 1]},
								"south": {"uv": [99, 99], "uv_size": [1, 1]},
								"west": {"uv": [95, 12], "uv_size": [4, 1]},
								"up": {"uv": [0, 95], "uv_size": [1, 4]},
								"down": {"uv": [1, 99], "uv_size": [1, -4]}
							}
						},
						{
							"origin": [7.5, 32.025, 5.125],
							"size": [2, 2, 2],
							"pivot": [9.5, 18.125, 4.5],
							"rotation": [0, -90, -70],
							"uv": {
								"north": {"uv": [4, 95], "uv_size": [2, 2]},
								"east": {"uv": [95, 13], "uv_size": [2, 2]},
								"south": {"uv": [20, 95], "uv_size": [2, 2]},
								"west": {"uv": [22, 95], "uv_size": [2, 2]},
								"up": {"uv": [24, 95], "uv_size": [2, 2]},
								"down": {"uv": [28, 97], "uv_size": [2, -2]}
							}
						},
						{
							"origin": [-2.5, 25.175, -13.875],
							"size": [0.5, 1.375, 12.3],
							"uv": {
								"north": {"uv": [92, 99], "uv_size": [1, 1]},
								"east": {"uv": [86, 8], "uv_size": [14, 1]},
								"south": {"uv": [99, 92], "uv_size": [1, 1]},
								"west": {"uv": [86, 42], "uv_size": [14, 1]},
								"up": {"uv": [16, 85], "uv_size": [1, 14]},
								"down": {"uv": [17, 99], "uv_size": [1, -14]}
							}
						}
					]
				},
				{
					"name": "Bolt2",
					"parent": "Bolt",
					"pivot": [0, 0, 0],
					"cubes": [
						{
							"origin": [-1.5, 25.4, 2],
							"size": [1, 1, 3.8],
							"uv": {
								"north": {"uv": [91, 99], "uv_size": [1, 1]},
								"east": {"uv": [94, 86], "uv_size": [4, 1]},
								"south": {"uv": [99, 91], "uv_size": [1, 1]},
								"west": {"uv": [87, 94], "uv_size": [4, 1]},
								"up": {"uv": [80, 94], "uv_size": [1, 4]},
								"down": {"uv": [91, 98], "uv_size": [1, -4]}
							}
						},
						{
							"origin": [9.255, 21.65, 3.125],
							"size": [0.575, 0.575, 3.675],
							"pivot": [-0.375, 11.125, 0.125],
							"rotation": [0, 0, -45],
							"uv": {
								"north": {"uv": [91, 99], "uv_size": [1, 1]},
								"east": {"uv": [94, 86], "uv_size": [4, 1]},
								"south": {"uv": [99, 91], "uv_size": [1, 1]},
								"west": {"uv": [87, 94], "uv_size": [4, 1]},
								"up": {"uv": [80, 94], "uv_size": [1, 4]},
								"down": {"uv": [91, 98], "uv_size": [1, -4]}
							}
						},
						{
							"origin": [-1.6, 24.9, 4.25],
							"size": [1.2, 0.25, 2.425],
							"uv": {
								"north": {"uv": [93, 99], "uv_size": [1, 1]},
								"east": {"uv": [98, 17], "uv_size": [2, 1]},
								"south": {"uv": [99, 93], "uv_size": [1, 1]},
								"west": {"uv": [18, 98], "uv_size": [2, 1]},
								"up": {"uv": [20, 98], "uv_size": [1, 2]},
								"down": {"uv": [21, 100], "uv_size": [1, -2]}
							}
						},
						{
							"origin": [-1.6, 25.15, 4.875],
							"size": [1.2, 1.5, 1.8],
							"uv": {
								"north": {"uv": [7, 98], "uv_size": [1, 2]},
								"east": {"uv": [94, 87], "uv_size": [2, 2]},
								"south": {"uv": [14, 98], "uv_size": [1, 2]},
								"west": {"uv": [92, 94], "uv_size": [2, 2]},
								"up": {"uv": [15, 98], "uv_size": [1, 2]},
								"down": {"uv": [98, 17], "uv_size": [1, -2]}
							}
						}
					]
				},
				{
					"name": "Bolt3",
					"parent": "Bolt",
					"pivot": [0, 11, 3.5],
					"cubes": [
						{
							"origin": [-3, 25.175, -15.875],
							"size": [1, 1.375, 1.925],
							"uv": {
								"north": {"uv": [92, 99], "uv_size": [1, 1]},
								"east": {"uv": [86, 8], "uv_size": [14, 1]},
								"south": {"uv": [99, 92], "uv_size": [1, 1]},
								"west": {"uv": [86, 42], "uv_size": [14, 1]},
								"up": {"uv": [16, 85], "uv_size": [1, 14]},
								"down": {"uv": [17, 99], "uv_size": [1, -14]}
							}
						}
					]
				},
				{
					"name": "rightarm",
					"parent": "main",
					"pivot": [-4.3, 8.8, 21.8],
					"rotation": [-101.81106, -12.40003, -2.46982],
					"cubes": [
						{"origin": [-9.36043, -8.8476, 9.98636], "size": [8, 24, 8], "pivot": [-1.3, -3.2, 18.8], "rotation": [-0.51274, -2.28389, -29.15639], "uv": [32, 145]}
					]
				},
				{
					"name": "leftarm",
					"parent": "main",
					"pivot": [10.7, 11.3, -8.6],
					"rotation": [-119.61483, 1.67666, -38.31282],
					"cubes": [
						{"origin": [6.7, -12.7, -12.6], "size": [8, 24, 8], "uv": [0, 143]}
					]
				},
				{
					"name": "muzzleflash",
					"parent": "main",
					"pivot": [-1, 25.0375, -97.5625],
					"cubes": [
						{"origin": [-1.5, 24.5375, -97.8625], "size": [1, 1, 1], "inflate": -0.4, "uv": [27, 69]}
					]
				},
				{
					"name": "scope",
					"parent": "main",
					"pivot": [-1, 28.925, 4.75],
					"cubes": [
						{
							"origin": [-1.5625, 28.425, 4.75],
							"size": [1, 1, 1],
							"inflate": -0.4,
							"uv": {
								"north": {"uv": [41, 99], "uv_size": [1, 1]},
								"east": {"uv": [99, 41], "uv_size": [1, 1]},
								"south": {"uv": [42, 99], "uv_size": [1, 1]},
								"west": {"uv": [99, 42], "uv_size": [1, 1]},
								"up": {"uv": [43, 99], "uv_size": [1, 1]},
								"down": {"uv": [99, 44], "uv_size": [1, -1]}
							}
						}
					]
				},
				{
					"name": "bullet",
					"parent": "main",
					"pivot": [-0.15, 26.4, -25.7],
					"cubes": [
						{
							"origin": [-1.3, 20.3, -24.7],
							"size": [1, 1, 8],
							"inflate": 0.2,
							"pivot": [-0.15, 21.4, -24.7],
							"rotation": [0, 0, 45],
							"uv": {
								"north": {"uv": [100, 83], "uv_size": [1, 1]},
								"east": {"uv": [88, 41], "uv_size": [8, 1]},
								"south": {"uv": [84, 100], "uv_size": [1, 1]},
								"west": {"uv": [88, 65], "uv_size": [8, 1]},
								"up": {"uv": [54, 91], "uv_size": [1, 8]},
								"down": {"uv": [55, 99], "uv_size": [1, -8]}
							}
						}
					]
				},
				{
					"name": "bullet2",
					"parent": "main",
					"pivot": [-0.15, 40.4, -15.7],
					"cubes": [
						{
							"origin": [-1.3, 24.3, -24.7],
							"size": [1, 1, 8],
							"inflate": 0.2,
							"pivot": [-0.15, 25.4, -24.7],
							"rotation": [0, 0, 45],
							"uv": {
								"north": {"uv": [100, 84], "uv_size": [1, 1]},
								"east": {"uv": [88, 41], "uv_size": [8, 1]},
								"south": {"uv": [84, 100], "uv_size": [1, 1]},
								"west": {"uv": [88, 65], "uv_size": [8, 1]},
								"up": {"uv": [54, 91], "uv_size": [1, 8]},
								"down": {"uv": [55, 99], "uv_size": [1, -8]}
							}
						}
					]
				}
			]
		}
	]
}