{
	"format_version": "1.12.0",
	"minecraft:geometry": [
		{
			"description": {
				"identifier": "geometry.unknown",
				"texture_width": 128,
				"texture_height": 128,
				"visible_bounds_width": 10,
				"visible_bounds_height": 4,
				"visible_bounds_offset": [0, 1, 0]
			},
			"bones": [
				{
					"name": "main",
					"pivot": [0, 20, 0]
				},
				{
					"name": "gun",
					"parent": "main",
					"pivot": [1, 11, -1]
				},
				{
					"name": "Wood",
					"parent": "gun",
					"pivot": [0, 9, 1],
					"cubes": [
						{
							"origin": [-3, 25, -67.375],
							"size": [4, 0.625, 35.5908],
							"uv": {
								"north": {"uv": [87, 80], "uv_size": [4, 1]},
								"east": {"uv": [72, 44], "uv_size": [36, 1]},
								"south": {"uv": [98, 2], "uv_size": [4, 1]},
								"west": {"uv": [72, 45], "uv_size": [36, 1]},
								"up": {"uv": [40, 45], "uv_size": [4, 36]},
								"down": {"uv": [44, 81], "uv_size": [4, -36]}
							}
						},
						{
							"origin": [12.64329, 32.56631, -67.355],
							"size": [0.9801, 1.37214, 35.5908],
							"pivot": [15.6816, 13.8464, -11.7509],
							"rotation": [0, 0, -45],
							"uv": {
								"north": {"uv": [104, 96], "uv_size": [1, 1]},
								"east": {"uv": [72, 46], "uv_size": [36, 1]},
								"south": {"uv": [104, 97], "uv_size": [1, 1]},
								"west": {"uv": [72, 47], "uv_size": [36, 1]},
								"up": {"uv": [59, 75], "uv_size": [1, 36]},
								"down": {"uv": [0, 112], "uv_size": [1, -36]}
							}
						},
						{
							"origin": [-1.9602, 25.6076, -67.355],
							"size": [1.9602, 0.9801, 35.5908],
							"uv": {
								"north": {"uv": [101, 79], "uv_size": [2, 1]},
								"east": {"uv": [74, 66], "uv_size": [36, 1]},
								"south": {"uv": [82, 101], "uv_size": [2, 1]},
								"west": {"uv": [74, 67], "uv_size": [36, 1]},
								"up": {"uv": [52, 60], "uv_size": [2, 36]},
								"down": {"uv": [54, 96], "uv_size": [2, -36]}
							}
						},
						{
							"origin": [-13.57438, 27.69521, -67.355],
							"size": [0.9801, 1.37214, 35.5908],
							"pivot": [-10.7811, 13.8464, -11.7509],
							"rotation": [0, 0, 45],
							"uv": {
								"north": {"uv": [104, 98], "uv_size": [1, 1]},
								"east": {"uv": [74, 68], "uv_size": [36, 1]},
								"south": {"uv": [99, 104], "uv_size": [1, 1]},
								"west": {"uv": [74, 69], "uv_size": [36, 1]},
								"up": {"uv": [1, 76], "uv_size": [1, 36]},
								"down": {"uv": [2, 112], "uv_size": [1, -36]}
							}
						},
						{
							"origin": [-3, 20.75, -67.375],
							"size": [4, 4.25, 64.3125],
							"uv": {
								"north": {"uv": [8, 68], "uv_size": [4, 4]},
								"east": {"uv": [0, 0], "uv_size": [64, 4]},
								"south": {"uv": [90, 0], "uv_size": [4, 4]},
								"west": {"uv": [0, 4], "uv_size": [64, 4]},
								"up": {"uv": [0, 8], "uv_size": [4, 64]},
								"down": {"uv": [4, 72], "uv_size": [4, -64]}
							}
						},
						{
							"origin": [-2.99, 19.9875, -40.4375],
							"size": [3.98, 2, 37.2375],
							"pivot": [2, 11, -1],
							"rotation": [-1.025, 0, 0],
							"uv": {
								"north": {"uv": [94, 60], "uv_size": [4, 2]},
								"east": {"uv": [60, 56], "uv_size": [37, 2]},
								"south": {"uv": [94, 62], "uv_size": [4, 2]},
								"west": {"uv": [60, 58], "uv_size": [37, 2]},
								"up": {"uv": [40, 8], "uv_size": [4, 37]},
								"down": {"uv": [44, 45], "uv_size": [4, -37]}
							}
						},
						{
							"origin": [-3, 20, -3.0625],
							"size": [4, 3, 7.0625],
							"uv": {
								"north": {"uv": [91, 92], "uv_size": [4, 3]},
								"east": {"uv": [85, 81], "uv_size": [7, 3]},
								"south": {"uv": [93, 24], "uv_size": [4, 3]},
								"west": {"uv": [86, 24], "uv_size": [7, 3]},
								"up": {"uv": [77, 70], "uv_size": [4, 7]},
								"down": {"uv": [77, 84], "uv_size": [4, -7]}
							}
						},
						{
							"origin": [-3, 23, -2],
							"size": [4, 2, 6],
							"uv": {
								"north": {"uv": [95, 12], "uv_size": [4, 2]},
								"east": {"uv": [93, 4], "uv_size": [6, 2]},
								"south": {"uv": [95, 14], "uv_size": [4, 2]},
								"west": {"uv": [40, 93], "uv_size": [6, 2]},
								"up": {"uv": [67, 82], "uv_size": [4, 6]},
								"down": {"uv": [71, 88], "uv_size": [4, -6]}
							}
						},
						{
							"origin": [-3, 23, -3.0625],
							"size": [4, 2, 1.0625],
							"uv": {
								"north": {"uv": [95, 16], "uv_size": [4, 2]},
								"east": {"uv": [84, 101], "uv_size": [1, 2]},
								"south": {"uv": [95, 18], "uv_size": [4, 2]},
								"west": {"uv": [101, 84], "uv_size": [1, 2]},
								"up": {"uv": [35, 98], "uv_size": [4, 1]},
								"down": {"uv": [98, 37], "uv_size": [4, -1]}
							}
						},
						{
							"origin": [-3.01, 20.0375, -1.6675],
							"size": [4.02, 4.2375, 12.25],
							"pivot": [0, 11, -1],
							"rotation": [-7.5, 0, 0],
							"uv": {
								"north": {"uv": [90, 34], "uv_size": [4, 4]},
								"east": {"uv": [0, 72], "uv_size": [12, 4]},
								"south": {"uv": [90, 60], "uv_size": [4, 4]},
								"west": {"uv": [72, 0], "uv_size": [12, 4]},
								"up": {"uv": [26, 67], "uv_size": [4, 12]},
								"down": {"uv": [12, 80], "uv_size": [4, -12]}
							}
						},
						{
							"origin": [-2.99, 21.6, 0.145],
							"size": [3.98, 4.2, 19.875],
							"pivot": [0, 11, -1],
							"rotation": [-15, 0, 0],
							"uv": {
								"north": {"uv": [82, 90], "uv_size": [4, 4]},
								"east": {"uv": [56, 24], "uv_size": [20, 4]},
								"south": {"uv": [3, 91], "uv_size": [4, 4]},
								"west": {"uv": [56, 28], "uv_size": [20, 4]},
								"up": {"uv": [32, 56], "uv_size": [4, 20]},
								"down": {"uv": [56, 52], "uv_size": [4, -20]}
							}
						},
						{
							"origin": [-2.98, 22.1, 5.27],
							"size": [3.95, 4.2, 6.125],
							"pivot": [0, 10.25, 2.625],
							"rotation": [-35, 0, 0],
							"uv": {
								"north": {"uv": [91, 12], "uv_size": [4, 4]},
								"east": {"uv": [84, 0], "uv_size": [6, 4]},
								"south": {"uv": [91, 16], "uv_size": [4, 4]},
								"west": {"uv": [84, 60], "uv_size": [6, 4]},
								"up": {"uv": [75, 84], "uv_size": [4, 6]},
								"down": {"uv": [79, 90], "uv_size": [4, -6]}
							}
						},
						{
							"origin": [-2.98, 14.35, 17.3325],
							"size": [3.95, 4.2, 7.125],
							"pivot": [0, -0.75, 3.625],
							"rotation": [2.5, 0, 0],
							"uv": {
								"north": {"uv": [91, 70], "uv_size": [4, 4]},
								"east": {"uv": [79, 34], "uv_size": [7, 4]},
								"south": {"uv": [91, 74], "uv_size": [4, 4]},
								"west": {"uv": [79, 38], "uv_size": [7, 4]},
								"up": {"uv": [26, 79], "uv_size": [4, 7]},
								"down": {"uv": [11, 87], "uv_size": [4, -7]}
							}
						},
						{
							"origin": [-3, 22.6, 11.2],
							"size": [4, 2.8, 24],
							"pivot": [0, 8, 1],
							"rotation": [-22.5, 0, 0],
							"uv": {
								"north": {"uv": [67, 93], "uv_size": [4, 3]},
								"east": {"uv": [60, 60], "uv_size": [24, 3]},
								"south": {"uv": [71, 93], "uv_size": [4, 3]},
								"west": {"uv": [60, 63], "uv_size": [24, 3]},
								"up": {"uv": [52, 12], "uv_size": [4, 24]},
								"down": {"uv": [52, 60], "uv_size": [4, -24]}
							}
						},
						{
							"origin": [-2.96, 17.6, 20.02],
							"size": [3.93, 4.8, 6],
							"pivot": [0, 8, 1],
							"rotation": [-5, 0, 0],
							"uv": {
								"north": {"uv": [86, 34], "uv_size": [4, 5]},
								"east": {"uv": [76, 24], "uv_size": [6, 5]},
								"south": {"uv": [11, 87], "uv_size": [4, 5]},
								"west": {"uv": [76, 29], "uv_size": [6, 5]},
								"up": {"uv": [83, 84], "uv_size": [4, 6]},
								"down": {"uv": [3, 91], "uv_size": [4, -6]}
							}
						},
						{
							"origin": [-2.97, 15.6, 26.02],
							"size": [3.95, 6.8, 7],
							"pivot": [0, 8, 1],
							"rotation": [-5, 0, 0],
							"uv": {
								"north": {"uv": [48, 80], "uv_size": [4, 7]},
								"east": {"uv": [19, 67], "uv_size": [7, 7]},
								"south": {"uv": [40, 81], "uv_size": [4, 7]},
								"west": {"uv": [67, 66], "uv_size": [7, 7]},
								"up": {"uv": [44, 81], "uv_size": [4, 7]},
								"down": {"uv": [81, 77], "uv_size": [4, -7]}
							}
						},
						{
							"origin": [-2.97, 13.6, 33.02],
							"size": [3.95, 8.8, 5],
							"pivot": [0, 8, 1],
							"rotation": [-5, 0, 0],
							"uv": {
								"north": {"uv": [3, 76], "uv_size": [4, 9]},
								"east": {"uv": [67, 73], "uv_size": [5, 9]},
								"south": {"uv": [7, 76], "uv_size": [4, 9]},
								"west": {"uv": [72, 73], "uv_size": [5, 9]},
								"up": {"uv": [48, 87], "uv_size": [4, 5]},
								"down": {"uv": [60, 92], "uv_size": [4, -5]}
							}
						},
						{
							"origin": [-2.99, 21.6, 19.4],
							"size": [3.99, 1.8, 19.2],
							"pivot": [0, 8, 1],
							"rotation": [-5, 0, 0],
							"uv": {
								"north": {"uv": [40, 95], "uv_size": [4, 2]},
								"east": {"uv": [72, 12], "uv_size": [19, 2]},
								"south": {"uv": [95, 70], "uv_size": [4, 2]},
								"west": {"uv": [72, 14], "uv_size": [19, 2]},
								"up": {"uv": [56, 56], "uv_size": [4, 19]},
								"down": {"uv": [60, 51], "uv_size": [4, -19]}
							}
						},
						{
							"origin": [-2.97, 27.5, 2.8],
							"size": [3.95, 4.8, 2],
							"pivot": [0, 9, 1],
							"rotation": [-52.5, 0, 0],
							"uv": {
								"north": {"uv": [87, 84], "uv_size": [4, 5]},
								"east": {"uv": [87, 94], "uv_size": [2, 5]},
								"south": {"uv": [40, 88], "uv_size": [4, 5]},
								"west": {"uv": [89, 94], "uv_size": [2, 5]},
								"up": {"uv": [95, 76], "uv_size": [4, 2]},
								"down": {"uv": [95, 80], "uv_size": [4, -2]}
							}
						},
						{
							"origin": [-3.01, 11.6, 38.02],
							"size": [4.02, 11.8375, 1],
							"pivot": [0, 8, 1],
							"rotation": [-5, 0, 0],
							"uv": {
								"north": {"uv": [48, 68], "uv_size": [4, 12]},
								"east": {"uv": [86, 90], "uv_size": [1, 12]},
								"south": {"uv": [72, 32], "uv_size": [4, 12]},
								"west": {"uv": [63, 92], "uv_size": [1, 12]},
								"up": {"uv": [99, 57], "uv_size": [4, 1]},
								"down": {"uv": [99, 59], "uv_size": [4, -1]}
							}
						}
					]
				},
				{
					"name": "Metal",
					"parent": "gun",
					"pivot": [0, 8, 1],
					"cubes": [
						{
							"origin": [-0.125, 24.25, -29.175],
							"size": [1, 1.75, 39.75],
							"uv": {
								"north": {"uv": [85, 101], "uv_size": [1, 2]},
								"east": {"uv": [56, 52], "uv_size": [40, 2]},
								"south": {"uv": [101, 86], "uv_size": [1, 2]},
								"west": {"uv": [56, 54], "uv_size": [40, 2]},
								"up": {"uv": [25, 74], "uv_size": [1, 40]},
								"down": {"uv": [56, 115], "uv_size": [1, -40]}
							}
						},
						{
							"origin": [-2.875, 24.25, -8.425],
							"size": [1, 1.75, 19],
							"uv": {
								"north": {"uv": [87, 101], "uv_size": [1, 2]},
								"east": {"uv": [72, 16], "uv_size": [19, 2]},
								"south": {"uv": [88, 101], "uv_size": [1, 2]},
								"west": {"uv": [72, 18], "uv_size": [19, 2]},
								"up": {"uv": [76, 90], "uv_size": [1, 19]},
								"down": {"uv": [77, 109], "uv_size": [1, -19]}
							}
						},
						{
							"origin": [-3.125, 32.875, -9.05],
							"size": [4.25, 1.125, 1.125],
							"pivot": [0.125, 8.5, -16.25],
							"rotation": [-45, 0, 0],
							"uv": {
								"north": {"uv": [99, 95], "uv_size": [4, 1]},
								"east": {"uv": [94, 106], "uv_size": [1, 1]},
								"south": {"uv": [99, 96], "uv_size": [4, 1]},
								"west": {"uv": [106, 94], "uv_size": [1, 1]},
								"up": {"uv": [97, 99], "uv_size": [4, 1]},
								"down": {"uv": [99, 98], "uv_size": [4, -1]}
							}
						},
						{
							"origin": [-3.125, 33.625, -15.3],
							"size": [4.25, 1.125, 1.125],
							"pivot": [0.125, 9.25, -22.5],
							"rotation": [-45, 0, 0],
							"uv": {
								"north": {"uv": [99, 98], "uv_size": [4, 1]},
								"east": {"uv": [95, 106], "uv_size": [1, 1]},
								"south": {"uv": [3, 100], "uv_size": [4, 1]},
								"west": {"uv": [106, 95], "uv_size": [1, 1]},
								"up": {"uv": [7, 100], "uv_size": [4, 1]},
								"down": {"uv": [11, 101], "uv_size": [4, -1]}
							}
						},
						{
							"origin": [-3.375, 32.875, -11.8],
							"size": [3.75, 1.5, 1.5],
							"pivot": [0.125, 8.625, -18.625],
							"rotation": [-45, 0, 0],
							"uv": {
								"north": {"uv": [52, 96], "uv_size": [4, 2]},
								"east": {"uv": [28, 100], "uv_size": [2, 2]},
								"south": {"uv": [96, 52], "uv_size": [4, 2]},
								"west": {"uv": [100, 52], "uv_size": [2, 2]},
								"up": {"uv": [96, 54], "uv_size": [4, 2]},
								"down": {"uv": [67, 98], "uv_size": [4, -2]}
							}
						},
						{
							"origin": [-3.5, 33.375, -11.3],
							"size": [3.75, 0.5, 0.5],
							"pivot": [0, 8.625, -18.625],
							"rotation": [-45, 0, 0],
							"uv": {
								"north": {"uv": [100, 54], "uv_size": [4, 1]},
								"east": {"uv": [101, 106], "uv_size": [1, 1]},
								"south": {"uv": [100, 55], "uv_size": [4, 1]},
								"west": {"uv": [106, 101], "uv_size": [1, 1]},
								"up": {"uv": [100, 61], "uv_size": [4, 1]},
								"down": {"uv": [100, 63], "uv_size": [4, -1]}
							}
						},
						{
							"origin": [-3.375, 31.625, -12.925],
							"size": [0.25, 1.25, 2.875],
							"pivot": [0.125, 7.125, -18.375],
							"rotation": [-40, 0, 0],
							"uv": {
								"north": {"uv": [97, 106], "uv_size": [1, 1]},
								"east": {"uv": [78, 101], "uv_size": [3, 1]},
								"south": {"uv": [106, 97], "uv_size": [1, 1]},
								"west": {"uv": [101, 78], "uv_size": [3, 1]},
								"up": {"uv": [74, 101], "uv_size": [1, 3]},
								"down": {"uv": [81, 104], "uv_size": [1, -3]}
							}
						},
						{
							"origin": [-3.625, 31.875, -12.675],
							"size": [0.25, 0.75, 0.75],
							"pivot": [-0.125, 7.125, -18.375],
							"rotation": [-40, 0, 0],
							"uv": {
								"north": {"uv": [98, 106], "uv_size": [1, 1]},
								"east": {"uv": [106, 98], "uv_size": [1, 1]},
								"south": {"uv": [99, 106], "uv_size": [1, 1]},
								"west": {"uv": [106, 99], "uv_size": [1, 1]},
								"up": {"uv": [100, 106], "uv_size": [1, 1]},
								"down": {"uv": [106, 101], "uv_size": [1, -1]}
							}
						},
						{
							"origin": [-3.125, 35.75, -82.05],
							"size": [4.25, 0.75, 0.75],
							"pivot": [0.125, 11, -89.375],
							"rotation": [-45, 0, 0],
							"uv": {
								"north": {"uv": [100, 28], "uv_size": [4, 1]},
								"east": {"uv": [96, 106], "uv_size": [1, 1]},
								"south": {"uv": [100, 29], "uv_size": [4, 1]},
								"west": {"uv": [106, 96], "uv_size": [1, 1]},
								"up": {"uv": [40, 100], "uv_size": [4, 1]},
								"down": {"uv": [48, 101], "uv_size": [4, -1]}
							}
						},
						{
							"origin": [13.075, 33.1, -29.176],
							"size": [0.7, 1.4, 39.75],
							"pivot": [15.875, 14, 8.875],
							"rotation": [0, 0, -45],
							"uv": {
								"north": {"uv": [100, 104], "uv_size": [1, 1]},
								"east": {"uv": [64, 23], "uv_size": [40, 1]},
								"south": {"uv": [104, 100], "uv_size": [1, 1]},
								"west": {"uv": [64, 50], "uv_size": [40, 1]},
								"up": {"uv": [57, 75], "uv_size": [1, 40]},
								"down": {"uv": [58, 115], "uv_size": [1, -40]}
							}
						},
						{
							"origin": [-1.875, 26.375, -29.175],
							"size": [1.75, 0.625, 39.75],
							"uv": {
								"north": {"uv": [101, 88], "uv_size": [2, 1]},
								"east": {"uv": [72, 6], "uv_size": [40, 1]},
								"south": {"uv": [89, 101], "uv_size": [2, 1]},
								"west": {"uv": [72, 7], "uv_size": [40, 1]},
								"up": {"uv": [36, 56], "uv_size": [2, 40]},
								"down": {"uv": [38, 96], "uv_size": [2, -40]}
							}
						},
						{
							"origin": [-2.375, 19.125, -29.425],
							"size": [2.75, 1.5, 10.125],
							"uv": {
								"north": {"uv": [60, 97], "uv_size": [3, 2]},
								"east": {"uv": [86, 28], "uv_size": [10, 2]},
								"south": {"uv": [97, 90], "uv_size": [3, 2]},
								"west": {"uv": [86, 39], "uv_size": [10, 2]},
								"up": {"uv": [32, 76], "uv_size": [3, 10]},
								"down": {"uv": [76, 44], "uv_size": [3, -10]}
							}
						},
						{
							"origin": [-2, 19.1, -28.55],
							"size": [2, 1.5, 8.25],
							"uv": {
								"north": {"uv": [60, 97], "uv_size": [3, 2]},
								"east": {"uv": [86, 28], "uv_size": [10, 2]},
								"south": {"uv": [97, 90], "uv_size": [3, 2]},
								"west": {"uv": [86, 39], "uv_size": [10, 2]},
								"up": {"uv": [32, 76], "uv_size": [3, 10]},
								"down": {"uv": [125, 128], "uv_size": [3, -10]}
							}
						},
						{
							"origin": [-1.75, 19.25, -34.55],
							"size": [1.5, 0.75, 2.875],
							"pivot": [0, -0.625, -12.375],
							"rotation": [-2.5, 0, 0],
							"uv": {
								"north": {"uv": [104, 50], "uv_size": [2, 1]},
								"east": {"uv": [101, 76], "uv_size": [3, 1]},
								"south": {"uv": [51, 104], "uv_size": [2, 1]},
								"west": {"uv": [101, 77], "uv_size": [3, 1]},
								"up": {"uv": [97, 93], "uv_size": [2, 3]},
								"down": {"uv": [97, 99], "uv_size": [2, -3]}
							}
						},
						{
							"origin": [-1.5, 48.125, -25.05],
							"size": [1, 0.375, 2],
							"pivot": [0, 28.25, -3.75],
							"rotation": [65, 0, 0],
							"uv": {
								"north": {"uv": [106, 71], "uv_size": [1, 1]},
								"east": {"uv": [73, 104], "uv_size": [2, 1]},
								"south": {"uv": [72, 106], "uv_size": [1, 1]},
								"west": {"uv": [104, 73], "uv_size": [2, 1]},
								"up": {"uv": [71, 104], "uv_size": [1, 2]},
								"down": {"uv": [104, 76], "uv_size": [1, -2]}
							}
						},
						{
							"origin": [-1.75, 18.75, -30.925],
							"size": [1.5, 1.875, 1.5],
							"uv": {
								"north": {"uv": [89, 99], "uv_size": [2, 2]},
								"east": {"uv": [64, 104], "uv_size": [1, 2]},
								"south": {"uv": [91, 99], "uv_size": [2, 2]},
								"west": {"uv": [65, 104], "uv_size": [1, 2]},
								"up": {"uv": [104, 63], "uv_size": [2, 1]},
								"down": {"uv": [67, 105], "uv_size": [2, -1]}
							}
						},
						{
							"origin": [-1.875, 19.125, -30.55],
							"size": [1.75, 0.75, 0.75],
							"uv": {
								"north": {"uv": [69, 104], "uv_size": [2, 1]},
								"east": {"uv": [106, 70], "uv_size": [1, 1]},
								"south": {"uv": [104, 70], "uv_size": [2, 1]},
								"west": {"uv": [71, 106], "uv_size": [1, 1]},
								"up": {"uv": [104, 71], "uv_size": [2, 1]},
								"down": {"uv": [104, 73], "uv_size": [2, -1]}
							}
						},
						{
							"origin": [-13.725, 28.13, -21.926],
							"size": [0.25, 1.4, 10.875],
							"pivot": [-10.875, 14, -12.75],
							"rotation": [0, 0, 45],
							"uv": {
								"north": {"uv": [101, 104], "uv_size": [1, 1]},
								"east": {"uv": [90, 38], "uv_size": [11, 1]},
								"south": {"uv": [104, 101], "uv_size": [1, 1]},
								"west": {"uv": [92, 83], "uv_size": [11, 1]},
								"up": {"uv": [46, 93], "uv_size": [1, 11]},
								"down": {"uv": [47, 104], "uv_size": [1, -11]}
							}
						},
						{
							"origin": [-13.725, 28.505, -11.051],
							"size": [0.25, 1.025, 1.5],
							"pivot": [-10.875, 14, -11.25],
							"rotation": [0, 0, 45],
							"uv": {
								"north": {"uv": [93, 106], "uv_size": [1, 1]},
								"east": {"uv": [104, 89], "uv_size": [2, 1]},
								"south": {"uv": [106, 93], "uv_size": [1, 1]},
								"west": {"uv": [92, 104], "uv_size": [2, 1]},
								"up": {"uv": [104, 93], "uv_size": [1, 2]},
								"down": {"uv": [94, 106], "uv_size": [1, -2]}
							}
						},
						{
							"origin": [-13.725, 28.13, -9.551],
							"size": [0.25, 1.4, 20.125],
							"pivot": [-10.875, 14, 8.875],
							"rotation": [0, 0, 45],
							"uv": {
								"north": {"uv": [92, 106], "uv_size": [1, 1]},
								"east": {"uv": [86, 30], "uv_size": [20, 1]},
								"south": {"uv": [106, 92], "uv_size": [1, 1]},
								"west": {"uv": [86, 41], "uv_size": [20, 1]},
								"up": {"uv": [34, 86], "uv_size": [1, 20]},
								"down": {"uv": [75, 110], "uv_size": [1, -20]}
							}
						},
						{
							"origin": [-13.725, 28.88, -29.176],
							"size": [0.25, 0.65, 7.25],
							"pivot": [-10.875, 14, 1.625],
							"rotation": [0, 0, 45],
							"uv": {
								"north": {"uv": [84, 106], "uv_size": [1, 1]},
								"east": {"uv": [97, 25], "uv_size": [7, 1]},
								"south": {"uv": [106, 84], "uv_size": [1, 1]},
								"west": {"uv": [97, 26], "uv_size": [7, 1]},
								"up": {"uv": [71, 96], "uv_size": [1, 7]},
								"down": {"uv": [72, 103], "uv_size": [1, -7]}
							}
						},
						{
							"origin": [-13.725, 28.13, -30.301],
							"size": [1, 1.4, 1.125],
							"pivot": [-10.875, 14, 8.875],
							"rotation": [0, 0, 45],
							"uv": {
								"north": {"uv": [80, 106], "uv_size": [1, 1]},
								"east": {"uv": [106, 80], "uv_size": [1, 1]},
								"south": {"uv": [81, 106], "uv_size": [1, 1]},
								"west": {"uv": [106, 81], "uv_size": [1, 1]},
								"up": {"uv": [82, 106], "uv_size": [1, 1]},
								"down": {"uv": [106, 83], "uv_size": [1, -1]}
							}
						},
						{
							"origin": [-1.875, 26, -30.3],
							"size": [1.75, 1, 1.125],
							"uv": {
								"north": {"uv": [104, 82], "uv_size": [2, 1]},
								"east": {"uv": [79, 106], "uv_size": [1, 1]},
								"south": {"uv": [104, 86], "uv_size": [2, 1]},
								"west": {"uv": [106, 79], "uv_size": [1, 1]},
								"up": {"uv": [104, 87], "uv_size": [2, 1]},
								"down": {"uv": [104, 89], "uv_size": [2, -1]}
							}
						},
						{
							"origin": [-2.875, 24.25, -30.3],
							"size": [1, 1.75, 1.125],
							"uv": {
								"north": {"uv": [80, 104], "uv_size": [1, 2]},
								"east": {"uv": [104, 80], "uv_size": [1, 2]},
								"south": {"uv": [81, 104], "uv_size": [1, 2]},
								"west": {"uv": [104, 84], "uv_size": [1, 2]},
								"up": {"uv": [78, 106], "uv_size": [1, 1]},
								"down": {"uv": [106, 79], "uv_size": [1, -1]}
							}
						},
						{
							"origin": [13.075, 33.1, -30.301],
							"size": [0.7, 1.4, 1.125],
							"pivot": [15.875, 14, 8.875],
							"rotation": [0, 0, -45],
							"uv": {
								"north": {"uv": [106, 73], "uv_size": [1, 1]},
								"east": {"uv": [74, 106], "uv_size": [1, 1]},
								"south": {"uv": [106, 74], "uv_size": [1, 1]},
								"west": {"uv": [106, 75], "uv_size": [1, 1]},
								"up": {"uv": [106, 76], "uv_size": [1, 1]},
								"down": {"uv": [106, 78], "uv_size": [1, -1]}
							}
						},
						{
							"origin": [-0.125, 24.25, -30.3],
							"size": [1, 1.75, 1.125],
							"uv": {
								"north": {"uv": [104, 76], "uv_size": [1, 2]},
								"east": {"uv": [78, 104], "uv_size": [1, 2]},
								"south": {"uv": [104, 78], "uv_size": [1, 2]},
								"west": {"uv": [79, 104], "uv_size": [1, 2]},
								"up": {"uv": [106, 72], "uv_size": [1, 1]},
								"down": {"uv": [73, 107], "uv_size": [1, -1]}
							}
						},
						{
							"origin": [-2.875, 24, -31.8],
							"size": [1, 1.75, 1.5],
							"uv": {
								"north": {"uv": [103, 81], "uv_size": [1, 2]},
								"east": {"uv": [99, 76], "uv_size": [2, 2]},
								"south": {"uv": [82, 103], "uv_size": [1, 2]},
								"west": {"uv": [78, 99], "uv_size": [2, 2]},
								"up": {"uv": [83, 103], "uv_size": [1, 2]},
								"down": {"uv": [84, 105], "uv_size": [1, -2]}
							}
						},
						{
							"origin": [-13.725, 27.88, -31.801],
							"size": [1, 1.4, 1.5],
							"pivot": [-10.875, 13.75, 7.375],
							"rotation": [0, 0, 45],
							"uv": {
								"north": {"uv": [60, 105], "uv_size": [1, 1]},
								"east": {"uv": [70, 103], "uv_size": [2, 1]},
								"south": {"uv": [61, 105], "uv_size": [1, 1]},
								"west": {"uv": [78, 103], "uv_size": [2, 1]},
								"up": {"uv": [72, 103], "uv_size": [1, 2]},
								"down": {"uv": [103, 81], "uv_size": [1, -2]}
							}
						},
						{
							"origin": [-1.875, 25.75, -31.8],
							"size": [1.75, 1, 1.5],
							"uv": {
								"north": {"uv": [103, 58], "uv_size": [2, 1]},
								"east": {"uv": [103, 59], "uv_size": [2, 1]},
								"south": {"uv": [64, 103], "uv_size": [2, 1]},
								"west": {"uv": [67, 103], "uv_size": [2, 1]},
								"up": {"uv": [73, 99], "uv_size": [2, 2]},
								"down": {"uv": [99, 76], "uv_size": [2, -2]}
							}
						},
						{
							"origin": [13.075, 32.85, -31.801],
							"size": [0.7, 1.4, 1.5],
							"pivot": [15.875, 13.75, 7.375],
							"rotation": [0, 0, -45],
							"uv": {
								"north": {"uv": [105, 58], "uv_size": [1, 1]},
								"east": {"uv": [49, 103], "uv_size": [2, 1]},
								"south": {"uv": [105, 59], "uv_size": [1, 1]},
								"west": {"uv": [51, 103], "uv_size": [2, 1]},
								"up": {"uv": [53, 103], "uv_size": [1, 2]},
								"down": {"uv": [103, 58], "uv_size": [1, -2]}
							}
						},
						{
							"origin": [-0.125, 24, -31.8],
							"size": [1, 1.75, 1.5],
							"uv": {
								"north": {"uv": [29, 103], "uv_size": [1, 2]},
								"east": {"uv": [99, 70], "uv_size": [2, 2]},
								"south": {"uv": [41, 103], "uv_size": [1, 2]},
								"west": {"uv": [99, 72], "uv_size": [2, 2]},
								"up": {"uv": [42, 103], "uv_size": [1, 2]},
								"down": {"uv": [48, 105], "uv_size": [1, -2]}
							}
						},
						{
							"origin": [-13.85, 28.13, 9.573],
							"size": [0.875, 1.45, 1.125],
							"pivot": [-10.875, 14, 7.125],
							"rotation": [0, 0, 45],
							"uv": {
								"north": {"uv": [36, 105], "uv_size": [1, 1]},
								"east": {"uv": [37, 105], "uv_size": [1, 1]},
								"south": {"uv": [105, 37], "uv_size": [1, 1]},
								"west": {"uv": [105, 38], "uv_size": [1, 1]},
								"up": {"uv": [105, 39], "uv_size": [1, 1]},
								"down": {"uv": [105, 41], "uv_size": [1, -1]}
							}
						},
						{
							"origin": [-1.96, 24.25, 9.575],
							"size": [1.91, 2.875, 1.125],
							"uv": {
								"north": {"uv": [42, 97], "uv_size": [2, 3]},
								"east": {"uv": [10, 101], "uv_size": [1, 3]},
								"south": {"uv": [97, 56], "uv_size": [2, 3]},
								"west": {"uv": [11, 101], "uv_size": [1, 3]},
								"up": {"uv": [102, 101], "uv_size": [2, 1]},
								"down": {"uv": [103, 4], "uv_size": [2, -1]}
							}
						},
						{
							"origin": [13.075, 33.07, 9.573],
							"size": [0.825, 1.45, 1.125],
							"pivot": [15.875, 14, 7.125],
							"rotation": [0, 0, -45],
							"uv": {
								"north": {"uv": [29, 105], "uv_size": [1, 1]},
								"east": {"uv": [105, 29], "uv_size": [1, 1]},
								"south": {"uv": [105, 31], "uv_size": [1, 1]},
								"west": {"uv": [105, 32], "uv_size": [1, 1]},
								"up": {"uv": [105, 33], "uv_size": [1, 1]},
								"down": {"uv": [105, 35], "uv_size": [1, -1]}
							}
						},
						{
							"origin": [-0.125, 24.18, 9.574],
							"size": [1.125, 1.898, 1.125],
							"uv": {
								"north": {"uv": [86, 102], "uv_size": [1, 2]},
								"east": {"uv": [7, 103], "uv_size": [1, 2]},
								"south": {"uv": [8, 103], "uv_size": [1, 2]},
								"west": {"uv": [28, 103], "uv_size": [1, 2]},
								"up": {"uv": [28, 105], "uv_size": [1, 1]},
								"down": {"uv": [105, 29], "uv_size": [1, -1]}
							}
						},
						{
							"origin": [-3, 24.18, 9.574],
							"size": [1.125, 1.898, 1.125],
							"uv": {
								"north": {"uv": [37, 102], "uv_size": [1, 2]},
								"east": {"uv": [62, 102], "uv_size": [1, 2]},
								"south": {"uv": [69, 102], "uv_size": [1, 2]},
								"west": {"uv": [80, 102], "uv_size": [1, 2]},
								"up": {"uv": [105, 24], "uv_size": [1, 1]},
								"down": {"uv": [105, 26], "uv_size": [1, -1]}
							}
						},
						{
							"origin": [-13.71013, 27.84592, -41.1598],
							"size": [0.9899, 1.38586, 2.313],
							"pivot": [-10.88891, 13.85861, -9.62841],
							"rotation": [0, 0, 45],
							"uv": {
								"north": {"uv": [102, 104], "uv_size": [1, 1]},
								"east": {"uv": [101, 89], "uv_size": [2, 1]},
								"south": {"uv": [104, 103], "uv_size": [1, 1]},
								"west": {"uv": [91, 101], "uv_size": [2, 1]},
								"up": {"uv": [93, 101], "uv_size": [1, 2]},
								"down": {"uv": [101, 95], "uv_size": [1, -2]}
							}
						},
						{
							"origin": [-3.03, 25.125, -41.18],
							"size": [4.04, 0.63, 2.313],
							"uv": {
								"north": {"uv": [52, 98], "uv_size": [4, 1]},
								"east": {"uv": [94, 101], "uv_size": [2, 1]},
								"south": {"uv": [98, 60], "uv_size": [4, 1]},
								"west": {"uv": [96, 101], "uv_size": [2, 1]},
								"up": {"uv": [95, 80], "uv_size": [4, 2]},
								"down": {"uv": [95, 86], "uv_size": [4, -2]}
							}
						},
						{
							"origin": [-1.03, -3.225, -41.18],
							"size": [4.04, 4.55, 2.313],
							"pivot": [0, 10.985, 1.23],
							"rotation": [0, 0, 180],
							"uv": {
								"north": {"uv": [44, 88], "uv_size": [4, 5]},
								"east": {"uv": [3, 95], "uv_size": [2, 5]},
								"south": {"uv": [67, 88], "uv_size": [4, 5]},
								"west": {"uv": [5, 95], "uv_size": [2, 5]},
								"up": {"uv": [95, 86], "uv_size": [4, 2]},
								"down": {"uv": [95, 90], "uv_size": [4, -2]}
							}
						},
						{
							"origin": [12.76972, 32.76572, -41.1598],
							"size": [0.9899, 1.38586, 2.313],
							"pivot": [15.83842, 13.85861, -9.62841],
							"rotation": [0, 0, -45],
							"uv": {
								"north": {"uv": [104, 104], "uv_size": [1, 1]},
								"east": {"uv": [98, 101], "uv_size": [2, 1]},
								"south": {"uv": [105, 0], "uv_size": [1, 1]},
								"west": {"uv": [101, 99], "uv_size": [2, 1]},
								"up": {"uv": [100, 101], "uv_size": [1, 2]},
								"down": {"uv": [101, 102], "uv_size": [1, -2]}
							}
						},
						{
							"origin": [-1.9798, 25.73743, -41.1598],
							"size": [1.9798, 0.9899, 2.313],
							"uv": {
								"north": {"uv": [102, 2], "uv_size": [2, 1]},
								"east": {"uv": [7, 102], "uv_size": [2, 1]},
								"south": {"uv": [102, 12], "uv_size": [2, 1]},
								"west": {"uv": [102, 13], "uv_size": [2, 1]},
								"up": {"uv": [75, 82], "uv_size": [2, 2]},
								"down": {"uv": [98, 63], "uv_size": [2, -2]}
							}
						},
						{
							"origin": [-1.03, -3.46, -70.305],
							"size": [4.04, 4.685, 2.938],
							"pivot": [0, 10.985, -28.27],
							"rotation": [0, 0, 180],
							"uv": {
								"north": {"uv": [71, 88], "uv_size": [4, 5]},
								"east": {"uv": [60, 92], "uv_size": [3, 5]},
								"south": {"uv": [87, 89], "uv_size": [4, 5]},
								"west": {"uv": [92, 78], "uv_size": [3, 5]},
								"up": {"uv": [94, 0], "uv_size": [4, 3]},
								"down": {"uv": [94, 37], "uv_size": [4, -3]}
							}
						},
						{
							"origin": [-1.03, -2.335, -67.43],
							"size": [4.04, 3.56, 2.063],
							"pivot": [0, 10.985, -28.27],
							"rotation": [0, 0, 180],
							"uv": {
								"north": {"uv": [91, 84], "uv_size": [4, 4]},
								"east": {"uv": [93, 95], "uv_size": [2, 4]},
								"south": {"uv": [91, 88], "uv_size": [4, 4]},
								"west": {"uv": [95, 94], "uv_size": [2, 4]},
								"up": {"uv": [96, 28], "uv_size": [4, 2]},
								"down": {"uv": [36, 98], "uv_size": [4, -2]}
							}
						},
						{
							"origin": [-1.03, -1.585, -65.43],
							"size": [4.04, 0.685, 6.688],
							"pivot": [0, 10.985, -28.27],
							"rotation": [0, 0, 180],
							"uv": {
								"north": {"uv": [99, 80], "uv_size": [4, 1]},
								"east": {"uv": [96, 40], "uv_size": [7, 1]},
								"south": {"uv": [99, 81], "uv_size": [4, 1]},
								"west": {"uv": [97, 24], "uv_size": [7, 1]},
								"up": {"uv": [81, 77], "uv_size": [4, 7]},
								"down": {"uv": [82, 31], "uv_size": [4, -7]}
							}
						},
						{
							"origin": [12.76972, 32.44572, -70.2848],
							"size": [0.9899, 1.38586, 2.938],
							"pivot": [15.83842, 13.53861, -39.12841],
							"rotation": [0, 0, -45],
							"uv": {
								"north": {"uv": [105, 1], "uv_size": [1, 1]},
								"east": {"uv": [67, 100], "uv_size": [3, 1]},
								"south": {"uv": [3, 105], "uv_size": [1, 1]},
								"west": {"uv": [100, 90], "uv_size": [3, 1]},
								"up": {"uv": [76, 70], "uv_size": [1, 3]},
								"down": {"uv": [91, 81], "uv_size": [1, -3]}
							}
						},
						{
							"origin": [-1.9798, 25.41743, -70.2848],
							"size": [1.9798, 0.9899, 2.938],
							"uv": {
								"north": {"uv": [102, 14], "uv_size": [2, 1]},
								"east": {"uv": [100, 91], "uv_size": [3, 1]},
								"south": {"uv": [102, 17], "uv_size": [2, 1]},
								"west": {"uv": [95, 100], "uv_size": [3, 1]},
								"up": {"uv": [74, 70], "uv_size": [2, 3]},
								"down": {"uv": [73, 99], "uv_size": [2, -3]}
							}
						},
						{
							"origin": [-2.075, 23.91743, -83.1598],
							"size": [2.2, 2.2, 2.313],
							"uv": {
								"north": {"uv": [67, 98], "uv_size": [2, 2]},
								"east": {"uv": [69, 98], "uv_size": [2, 2]},
								"south": {"uv": [95, 98], "uv_size": [2, 2]},
								"west": {"uv": [99, 4], "uv_size": [2, 2]},
								"up": {"uv": [99, 12], "uv_size": [2, 2]},
								"down": {"uv": [99, 16], "uv_size": [2, -2]}
							}
						},
						{
							"origin": [-13.71013, 27.52592, -70.2848],
							"size": [0.9899, 1.38586, 2.938],
							"pivot": [-10.88891, 13.53861, -39.12841],
							"rotation": [0, 0, 45],
							"uv": {
								"north": {"uv": [105, 3], "uv_size": [1, 1]},
								"east": {"uv": [98, 100], "uv_size": [3, 1]},
								"south": {"uv": [4, 105], "uv_size": [1, 1]},
								"west": {"uv": [101, 0], "uv_size": [3, 1]},
								"up": {"uv": [62, 99], "uv_size": [1, 3]},
								"down": {"uv": [70, 103], "uv_size": [1, -3]}
							}
						},
						{
							"origin": [-1.1, 25.125, -83],
							"size": [0.2, 3.15, 1.375],
							"uv": {
								"north": {"uv": [3, 101], "uv_size": [1, 3]},
								"east": {"uv": [4, 101], "uv_size": [1, 3]},
								"south": {"uv": [5, 101], "uv_size": [1, 3]},
								"west": {"uv": [6, 101], "uv_size": [1, 3]},
								"up": {"uv": [105, 4], "uv_size": [1, 1]},
								"down": {"uv": [105, 6], "uv_size": [1, -1]}
							}
						},
						{
							"origin": [-1.1, 48.875, -72.5],
							"size": [0.2, 3.15, 1.375],
							"pivot": [0, 0.625, 13.875],
							"rotation": [15, 0, 0],
							"uv": {
								"north": {"uv": [12, 101], "uv_size": [1, 3]},
								"east": {"uv": [101, 12], "uv_size": [1, 3]},
								"south": {"uv": [13, 101], "uv_size": [1, 3]},
								"west": {"uv": [14, 101], "uv_size": [1, 3]},
								"up": {"uv": [62, 105], "uv_size": [1, 1]},
								"down": {"uv": [63, 106], "uv_size": [1, -1]}
							}
						},
						{
							"origin": [-2, 24, -85.625],
							"size": [2, 2, 56.25],
							"uv": {
								"north": {"uv": [99, 78], "uv_size": [2, 2]},
								"east": {"uv": [48, 8], "uv_size": [56, 2]},
								"south": {"uv": [80, 99], "uv_size": [2, 2]},
								"west": {"uv": [48, 10], "uv_size": [56, 2]},
								"up": {"uv": [48, 12], "uv_size": [2, 56]},
								"down": {"uv": [50, 68], "uv_size": [2, -56]}
							}
						},
						{
							"origin": [-0.125, 21.25, -70.75],
							"size": [0.375, 2.375, 0.5],
							"uv": {
								"north": {"uv": [85, 103], "uv_size": [1, 2]},
								"east": {"uv": [87, 103], "uv_size": [1, 2]},
								"south": {"uv": [88, 103], "uv_size": [1, 2]},
								"west": {"uv": [103, 88], "uv_size": [1, 2]},
								"up": {"uv": [105, 65], "uv_size": [1, 1]},
								"down": {"uv": [67, 106], "uv_size": [1, -1]}
							}
						},
						{
							"origin": [-1.875, 21.25, -70.75],
							"size": [1.75, 0.375, 0.5],
							"uv": {
								"north": {"uv": [103, 83], "uv_size": [2, 1]},
								"east": {"uv": [68, 105], "uv_size": [1, 1]},
								"south": {"uv": [89, 103], "uv_size": [2, 1]},
								"west": {"uv": [69, 105], "uv_size": [1, 1]},
								"up": {"uv": [103, 90], "uv_size": [2, 1]},
								"down": {"uv": [91, 104], "uv_size": [2, -1]}
							}
						},
						{
							"origin": [-1.875, 23.25, -70.75],
							"size": [1.75, 0.375, 0.5],
							"uv": {
								"north": {"uv": [103, 91], "uv_size": [2, 1]},
								"east": {"uv": [70, 105], "uv_size": [1, 1]},
								"south": {"uv": [103, 92], "uv_size": [2, 1]},
								"west": {"uv": [72, 105], "uv_size": [1, 1]},
								"up": {"uv": [93, 103], "uv_size": [2, 1]},
								"down": {"uv": [95, 104], "uv_size": [2, -1]}
							}
						},
						{
							"origin": [-2.25, 21.25, -70.75],
							"size": [0.375, 2.375, 0.5],
							"uv": {
								"north": {"uv": [103, 95], "uv_size": [1, 2]},
								"east": {"uv": [97, 103], "uv_size": [1, 2]},
								"south": {"uv": [103, 97], "uv_size": [1, 2]},
								"west": {"uv": [98, 103], "uv_size": [1, 2]},
								"up": {"uv": [73, 105], "uv_size": [1, 1]},
								"down": {"uv": [74, 106], "uv_size": [1, -1]}
							}
						},
						{
							"origin": [-3.925, 21.125, -74.875],
							"size": [0.75, 0.75, 5.75],
							"uv": {
								"north": {"uv": [106, 14], "uv_size": [1, 1]},
								"east": {"uv": [97, 59], "uv_size": [6, 1]},
								"south": {"uv": [15, 106], "uv_size": [1, 1]},
								"west": {"uv": [97, 92], "uv_size": [6, 1]},
								"up": {"uv": [64, 97], "uv_size": [1, 6]},
								"down": {"uv": [65, 103], "uv_size": [1, -6]}
							}
						},
						{
							"origin": [-4.175, 21, -70.295],
							"size": [1.25, 1.125, 1.3],
							"uv": {
								"north": {"uv": [106, 15], "uv_size": [1, 1]},
								"east": {"uv": [106, 16], "uv_size": [1, 1]},
								"south": {"uv": [106, 17], "uv_size": [1, 1]},
								"west": {"uv": [106, 18], "uv_size": [1, 1]},
								"up": {"uv": [19, 106], "uv_size": [1, 1]},
								"down": {"uv": [106, 20], "uv_size": [1, -1]}
							}
						},
						{
							"origin": [-4.05, 21, -75.5],
							"size": [1, 1, 0.75],
							"uv": {
								"north": {"uv": [20, 106], "uv_size": [1, 1]},
								"east": {"uv": [21, 106], "uv_size": [1, 1]},
								"south": {"uv": [22, 106], "uv_size": [1, 1]},
								"west": {"uv": [23, 106], "uv_size": [1, 1]},
								"up": {"uv": [106, 23], "uv_size": [1, 1]},
								"down": {"uv": [24, 107], "uv_size": [1, -1]}
							}
						},
						{
							"origin": [-10.425, 22.25, -70.295],
							"size": [1.25, 2.25, 1.3],
							"pivot": [-7.5, 12.25, 14.125],
							"rotation": [0, 0, 35],
							"uv": {
								"north": {"uv": [6, 104], "uv_size": [1, 2]},
								"east": {"uv": [104, 8], "uv_size": [1, 2]},
								"south": {"uv": [9, 104], "uv_size": [1, 2]},
								"west": {"uv": [10, 104], "uv_size": [1, 2]},
								"up": {"uv": [106, 24], "uv_size": [1, 1]},
								"down": {"uv": [106, 26], "uv_size": [1, -1]}
							}
						},
						{
							"origin": [-6.375, 20.6, -70.295],
							"size": [1.2, 0.25, 1.3],
							"pivot": [-3.5, 10.625, 14.125],
							"rotation": [0, 0, 12.5],
							"uv": {
								"north": {"uv": [106, 26], "uv_size": [1, 1]},
								"east": {"uv": [28, 106], "uv_size": [1, 1]},
								"south": {"uv": [106, 28], "uv_size": [1, 1]},
								"west": {"uv": [29, 106], "uv_size": [1, 1]},
								"up": {"uv": [106, 29], "uv_size": [1, 1]},
								"down": {"uv": [30, 107], "uv_size": [1, -1]}
							}
						},
						{
							"origin": [-0.375, -36, -100.875],
							"size": [0.25, 1, 1],
							"pivot": [-0.375, -46, -17.75],
							"rotation": [-45, 0, 0],
							"uv": {
								"north": {"uv": [106, 36], "uv_size": [1, 1]},
								"east": {"uv": [37, 106], "uv_size": [1, 1]},
								"south": {"uv": [106, 37], "uv_size": [1, 1]},
								"west": {"uv": [38, 106], "uv_size": [1, 1]},
								"up": {"uv": [106, 38], "uv_size": [1, 1]},
								"down": {"uv": [39, 107], "uv_size": [1, -1]}
							}
						},
						{
							"origin": [-1.75, -36, -100.875],
							"size": [0.25, 1, 1],
							"pivot": [-0.625, -46, -17.75],
							"rotation": [-45, 0, 0],
							"uv": {
								"north": {"uv": [106, 33], "uv_size": [1, 1]},
								"east": {"uv": [34, 106], "uv_size": [1, 1]},
								"south": {"uv": [106, 34], "uv_size": [1, 1]},
								"west": {"uv": [35, 106], "uv_size": [1, 1]},
								"up": {"uv": [106, 35], "uv_size": [1, 1]},
								"down": {"uv": [36, 107], "uv_size": [1, -1]}
							}
						},
						{
							"origin": [-1.5, 19.25, -69.5],
							"size": [1.125, 1.25, 3.25],
							"uv": {
								"north": {"uv": [106, 40], "uv_size": [1, 1]},
								"east": {"uv": [101, 70], "uv_size": [3, 1]},
								"south": {"uv": [41, 106], "uv_size": [1, 1]},
								"west": {"uv": [101, 71], "uv_size": [3, 1]},
								"up": {"uv": [45, 101], "uv_size": [1, 3]},
								"down": {"uv": [54, 104], "uv_size": [1, -3]}
							}
						},
						{
							"origin": [-0.375, 19.875, -69.5],
							"size": [0.25, 1, 1.5],
							"uv": {
								"north": {"uv": [106, 39], "uv_size": [1, 1]},
								"east": {"uv": [104, 16], "uv_size": [2, 1]},
								"south": {"uv": [40, 106], "uv_size": [1, 1]},
								"west": {"uv": [104, 17], "uv_size": [2, 1]},
								"up": {"uv": [104, 18], "uv_size": [1, 2]},
								"down": {"uv": [19, 106], "uv_size": [1, -2]}
							}
						},
						{
							"origin": [-1.75, 19.875, -69.5],
							"size": [0.25, 1, 1.5],
							"uv": {
								"north": {"uv": [106, 31], "uv_size": [1, 1]},
								"east": {"uv": [13, 104], "uv_size": [2, 1]},
								"south": {"uv": [106, 32], "uv_size": [1, 1]},
								"west": {"uv": [104, 13], "uv_size": [2, 1]},
								"up": {"uv": [104, 14], "uv_size": [1, 2]},
								"down": {"uv": [15, 106], "uv_size": [1, -2]}
							}
						},
						{
							"origin": [-2, 55.845, -50.15],
							"size": [2, 0.75, 0.75],
							"pivot": [-1.5, 42, -66.775],
							"rotation": [-135, 0, 0],
							"uv": {
								"north": {"uv": [104, 10], "uv_size": [2, 1]},
								"east": {"uv": [106, 30], "uv_size": [1, 1]},
								"south": {"uv": [11, 104], "uv_size": [2, 1]},
								"west": {"uv": [31, 106], "uv_size": [1, 1]},
								"up": {"uv": [104, 11], "uv_size": [2, 1]},
								"down": {"uv": [104, 13], "uv_size": [2, -1]}
							}
						},
						{
							"origin": [-1.75, 19.875, -40.75],
							"size": [1.5, 1, 1.5],
							"uv": {
								"north": {"uv": [104, 60], "uv_size": [2, 1]},
								"east": {"uv": [104, 61], "uv_size": [2, 1]},
								"south": {"uv": [62, 104], "uv_size": [2, 1]},
								"west": {"uv": [104, 62], "uv_size": [2, 1]},
								"up": {"uv": [87, 99], "uv_size": [2, 2]},
								"down": {"uv": [99, 90], "uv_size": [2, -2]}
							}
						},
						{
							"origin": [-1.75, -36, -72.125],
							"size": [1.5, 1, 1],
							"pivot": [-0.375, -46, 11],
							"rotation": [-45, 0, 0],
							"uv": {
								"north": {"uv": [104, 55], "uv_size": [2, 1]},
								"east": {"uv": [69, 106], "uv_size": [1, 1]},
								"south": {"uv": [104, 56], "uv_size": [2, 1]},
								"west": {"uv": [70, 106], "uv_size": [1, 1]},
								"up": {"uv": [104, 57], "uv_size": [2, 1]},
								"down": {"uv": [60, 105], "uv_size": [2, -1]}
							}
						},
						{
							"origin": [-1.875, 55.845, -21.4],
							"size": [1.75, 0.75, 0.75],
							"pivot": [-1.5, 42, -38.025],
							"rotation": [-135, 0, 0],
							"uv": {
								"north": {"uv": [104, 52], "uv_size": [2, 1]},
								"east": {"uv": [67, 106], "uv_size": [1, 1]},
								"south": {"uv": [104, 53], "uv_size": [2, 1]},
								"west": {"uv": [68, 106], "uv_size": [1, 1]},
								"up": {"uv": [54, 104], "uv_size": [2, 1]},
								"down": {"uv": [104, 55], "uv_size": [2, -1]}
							}
						},
						{
							"origin": [-0.375, 24, -85.75],
							"size": [0.375, 2, 0.125],
							"uv": {
								"north": {"uv": [118.25, 114.875], "uv_size": [1, 2]},
								"east": {"uv": [117.625, 118.25], "uv_size": [1, 2]},
								"south": {"uv": [118.25, 117.875], "uv_size": [1, 2]},
								"west": {"uv": [117.875, 118.875], "uv_size": [1, 2]},
								"up": {"uv": [119.625, 121.5], "uv_size": [1, 1]},
								"down": {"uv": [119.875, 122.25], "uv_size": [1, -1]}
							}
						},
						{
							"origin": [-1.625, 25.625, -85.75],
							"size": [1.25, 0.375, 0.125],
							"uv": {
								"north": {"uv": [119.25, 120.875], "uv_size": [1, 1]},
								"east": {"uv": [118.625, 123.25], "uv_size": [1, 1]},
								"south": {"uv": [119.25, 121.875], "uv_size": [1, 1]},
								"west": {"uv": [118.875, 121.875], "uv_size": [1, 1]},
								"up": {"uv": [119.625, 119.5], "uv_size": [1, 1]},
								"down": {"uv": [119.875, 120.25], "uv_size": [1, -1]}
							}
						},
						{
							"origin": [-2, 24, -85.75],
							"size": [0.375, 2, 0.125],
							"uv": {
								"north": {"uv": [118.25, 122.875], "uv_size": [1, 2]},
								"east": {"uv": [118.625, 116.25], "uv_size": [1, 2]},
								"south": {"uv": [119.25, 115.875], "uv_size": [1, 2]},
								"west": {"uv": [118.875, 116.875], "uv_size": [1, 2]},
								"up": {"uv": [119.625, 123.5], "uv_size": [1, 1]},
								"down": {"uv": [119.875, 124.25], "uv_size": [1, -1]}
							}
						},
						{
							"origin": [-1.625, 24, -85.75],
							"size": [1.25, 0.375, 0.125],
							"uv": {
								"north": {"uv": [120.25, 120.875], "uv_size": [1, 1]},
								"east": {"uv": [119.625, 123.25], "uv_size": [1, 1]},
								"south": {"uv": [120.25, 121.875], "uv_size": [1, 1]},
								"west": {"uv": [119.875, 121.875], "uv_size": [1, 1]},
								"up": {"uv": [120.625, 119.5], "uv_size": [1, 1]},
								"down": {"uv": [120.875, 120.25], "uv_size": [1, -1]}
							}
						}
					]
				},
				{
					"name": "bone",
					"parent": "Metal",
					"pivot": [-18, 36, 11.75],
					"rotation": [0, 0, -180],
					"cubes": [
						{
							"origin": [-47.76161, 49.96839, -11.301],
							"size": [1, 1.4, 21.875],
							"pivot": [-45, 35.75, 11.75],
							"rotation": [0, 0, 45],
							"uv": {
								"north": {"uv": [23, 105], "uv_size": [1, 1]},
								"east": {"uv": [82, 33], "uv_size": [22, 1]},
								"south": {"uv": [24, 105], "uv_size": [1, 1]},
								"west": {"uv": [84, 64], "uv_size": [22, 1]},
								"up": {"uv": [26, 86], "uv_size": [1, 22]},
								"down": {"uv": [27, 108], "uv_size": [1, -22]}
							}
						},
						{
							"origin": [-35.875, 47.75, -11.3],
							"size": [1.75, 1, 21.875],
							"uv": {
								"north": {"uv": [102, 100], "uv_size": [2, 1]},
								"east": {"uv": [82, 31], "uv_size": [22, 1]},
								"south": {"uv": [101, 102], "uv_size": [2, 1]},
								"west": {"uv": [82, 32], "uv_size": [22, 1]},
								"up": {"uv": [30, 67], "uv_size": [2, 22]},
								"down": {"uv": [19, 96], "uv_size": [2, -22]}
							}
						},
						{
							"origin": [-20.88839, 54.93839, -11.301],
							"size": [0.7, 1.4, 21.875],
							"pivot": [-18, 35.75, 11.75],
							"rotation": [0, 0, -45],
							"uv": {
								"north": {"uv": [21, 105], "uv_size": [1, 1]},
								"east": {"uv": [79, 42], "uv_size": [22, 1]},
								"south": {"uv": [22, 105], "uv_size": [1, 1]},
								"west": {"uv": [79, 43], "uv_size": [22, 1]},
								"up": {"uv": [35, 76], "uv_size": [1, 22]},
								"down": {"uv": [15, 102], "uv_size": [1, -22]}
							}
						},
						{
							"origin": [-47.88661, 49.95, 9.573],
							"size": [0.875, 1.47, 1.125],
							"pivot": [-45, 35.75, 11.75],
							"rotation": [0, 0, 45],
							"uv": {
								"north": {"uv": [50, 105], "uv_size": [1, 1]},
								"east": {"uv": [51, 105], "uv_size": [1, 1]},
								"south": {"uv": [52, 105], "uv_size": [1, 1]},
								"west": {"uv": [53, 105], "uv_size": [1, 1]},
								"up": {"uv": [54, 105], "uv_size": [1, 1]},
								"down": {"uv": [55, 106], "uv_size": [1, -1]}
							}
						},
						{
							"origin": [-35.95, 47.75, 9.575],
							"size": [1.91, 1.125, 1.125],
							"uv": {
								"north": {"uv": [35, 103], "uv_size": [2, 1]},
								"east": {"uv": [48, 105], "uv_size": [1, 1]},
								"south": {"uv": [103, 37], "uv_size": [2, 1]},
								"west": {"uv": [49, 105], "uv_size": [1, 1]},
								"up": {"uv": [39, 103], "uv_size": [2, 1]},
								"down": {"uv": [103, 41], "uv_size": [2, -1]}
							}
						},
						{
							"origin": [-20.88839, 54.9, 9.573],
							"size": [0.825, 1.47, 1.125],
							"pivot": [-18, 35.75, 11.75],
							"rotation": [0, 0, -45],
							"uv": {
								"north": {"uv": [41, 105], "uv_size": [1, 1]},
								"east": {"uv": [42, 105], "uv_size": [1, 1]},
								"south": {"uv": [105, 42], "uv_size": [1, 1]},
								"west": {"uv": [105, 43], "uv_size": [1, 1]},
								"up": {"uv": [46, 105], "uv_size": [1, 1]},
								"down": {"uv": [47, 106], "uv_size": [1, -1]}
							}
						}
					]
				},
				{
					"name": "TriggerMag",
					"parent": "Metal",
					"pivot": [0, -1.8125, 12.4375],
					"rotation": [-7.5, 0, 0],
					"cubes": [
						{
							"origin": [-2.15, 46.2875, 13.4375],
							"size": [2.3, 0.75, 1.5],
							"pivot": [0, 35.1875, -2.9625],
							"rotation": [-102.5, 0, 0],
							"uv": {
								"north": {"uv": [102, 18], "uv_size": [2, 1]},
								"east": {"uv": [102, 19], "uv_size": [2, 1]},
								"south": {"uv": [28, 102], "uv_size": [2, 1]},
								"west": {"uv": [35, 102], "uv_size": [2, 1]},
								"up": {"uv": [99, 16], "uv_size": [2, 2]},
								"down": {"uv": [99, 20], "uv_size": [2, -2]}
							}
						},
						{
							"origin": [-2.15, 4.125, 27.376],
							"size": [2.3, 0.8125, 3.0625],
							"pivot": [0, -1.8125, 9.4375],
							"rotation": [85, 0, 0],
							"uv": {
								"north": {"uv": [102, 36], "uv_size": [2, 1]},
								"east": {"uv": [101, 1], "uv_size": [3, 1]},
								"south": {"uv": [39, 102], "uv_size": [2, 1]},
								"west": {"uv": [101, 4], "uv_size": [3, 1]},
								"up": {"uv": [7, 97], "uv_size": [2, 3]},
								"down": {"uv": [9, 100], "uv_size": [2, -3]}
							}
						},
						{
							"origin": [-2.15, 44.5375, 30.3375],
							"size": [2.3, 0.75, 1.6],
							"pivot": [0, 33.1875, 14.0375],
							"rotation": [-154, 0, 0],
							"uv": {
								"north": {"uv": [41, 102], "uv_size": [2, 1]},
								"east": {"uv": [48, 102], "uv_size": [2, 1]},
								"south": {"uv": [50, 102], "uv_size": [2, 1]},
								"west": {"uv": [52, 102], "uv_size": [2, 1]},
								"up": {"uv": [23, 99], "uv_size": [2, 2]},
								"down": {"uv": [30, 101], "uv_size": [2, -2]}
							}
						},
						{
							"origin": [-2.15, 28.7375, 34.8375],
							"size": [2.3, 0.75, 1.6],
							"pivot": [0, 17.1875, 19.0375],
							"rotation": [150, 0, 0],
							"uv": {
								"north": {"uv": [102, 52], "uv_size": [2, 1]},
								"east": {"uv": [102, 53], "uv_size": [2, 1]},
								"south": {"uv": [102, 60], "uv_size": [2, 1]},
								"west": {"uv": [102, 63], "uv_size": [2, 1]},
								"up": {"uv": [35, 99], "uv_size": [2, 2]},
								"down": {"uv": [37, 101], "uv_size": [2, -2]}
							}
						},
						{
							"origin": [-2.15, 5.3875, 34.7075],
							"size": [2.3, 4, 0.75],
							"pivot": [0, -5.8125, 14.4375],
							"rotation": [90, 0, 0],
							"uv": {
								"north": {"uv": [23, 95], "uv_size": [2, 4]},
								"east": {"uv": [11, 76], "uv_size": [1, 4]},
								"south": {"uv": [44, 95], "uv_size": [2, 4]},
								"west": {"uv": [39, 98], "uv_size": [1, 4]},
								"up": {"uv": [67, 102], "uv_size": [2, 1]},
								"down": {"uv": [78, 103], "uv_size": [2, -1]}
							}
						},
						{
							"origin": [-2.15, 13.4375, 29.0375],
							"size": [2.3, 0.75, 2],
							"pivot": [0, 2.1875, 13.0375],
							"rotation": [102.5, 0, 0],
							"uv": {
								"north": {"uv": [82, 102], "uv_size": [2, 1]},
								"east": {"uv": [102, 84], "uv_size": [2, 1]},
								"south": {"uv": [102, 85], "uv_size": [2, 1]},
								"west": {"uv": [102, 86], "uv_size": [2, 1]},
								"up": {"uv": [44, 99], "uv_size": [2, 2]},
								"down": {"uv": [52, 101], "uv_size": [2, -2]}
							}
						},
						{
							"origin": [-2.15, 9.4375, 28.4385],
							"size": [2.3, 0.75, 3],
							"pivot": [0, -1.8125, 9.4375],
							"rotation": [90, 0, 0],
							"uv": {
								"north": {"uv": [102, 87], "uv_size": [2, 1]},
								"east": {"uv": [101, 5], "uv_size": [3, 1]},
								"south": {"uv": [89, 102], "uv_size": [2, 1]},
								"west": {"uv": [7, 101], "uv_size": [3, 1]},
								"up": {"uv": [28, 97], "uv_size": [2, 3]},
								"down": {"uv": [40, 100], "uv_size": [2, -3]}
							}
						},
						{
							"origin": [-2, 4.8125, 32.7375],
							"size": [1.5, 0.7, 3.5],
							"pivot": [0, -3.8125, 12.4375],
							"rotation": [92.5, 0, 0],
							"uv": {
								"north": {"uv": [91, 102], "uv_size": [2, 1]},
								"east": {"uv": [98, 63], "uv_size": [4, 1]},
								"south": {"uv": [102, 93], "uv_size": [2, 1]},
								"west": {"uv": [99, 56], "uv_size": [4, 1]},
								"up": {"uv": [95, 90], "uv_size": [2, 4]},
								"down": {"uv": [91, 99], "uv_size": [2, -4]}
							}
						},
						{
							"origin": [-2.15, -11.5625, 17.3375],
							"size": [2.3, 9.75, 1],
							"pivot": [0, -1.8125, -2.5625],
							"rotation": [90, 0, 0],
							"uv": {
								"north": {"uv": [64, 87], "uv_size": [2, 10]},
								"east": {"uv": [21, 95], "uv_size": [1, 10]},
								"south": {"uv": [30, 89], "uv_size": [2, 10]},
								"west": {"uv": [22, 95], "uv_size": [1, 10]},
								"up": {"uv": [94, 102], "uv_size": [2, 1]},
								"down": {"uv": [102, 95], "uv_size": [2, -1]}
							}
						},
						{
							"origin": [-2.15, -3.75, 17.2125],
							"size": [2.3, 1.5625, 1],
							"pivot": [0, -1.8125, -2.5625],
							"rotation": [95, 0, 0],
							"uv": {
								"north": {"uv": [54, 99], "uv_size": [2, 2]},
								"east": {"uv": [9, 102], "uv_size": [1, 2]},
								"south": {"uv": [60, 99], "uv_size": [2, 2]},
								"west": {"uv": [15, 102], "uv_size": [1, 2]},
								"up": {"uv": [96, 102], "uv_size": [2, 1]},
								"down": {"uv": [98, 103], "uv_size": [2, -1]}
							}
						}
					]
				},
				{
					"name": "Sight",
					"parent": "Metal",
					"pivot": [0, 11.1561, -2.6259],
					"cubes": [
						{
							"origin": [-0.665, 18, -32.81],
							"size": [0.325, 0.9, 0.3],
							"pivot": [0, -8.375, -2.625],
							"rotation": [-22.5, 0, 0],
							"uv": {
								"north": {"uv": [105, 74], "uv_size": [1, 1]},
								"east": {"uv": [105, 75], "uv_size": [1, 1]},
								"south": {"uv": [105, 76], "uv_size": [1, 1]},
								"west": {"uv": [105, 77], "uv_size": [1, 1]},
								"up": {"uv": [105, 78], "uv_size": [1, 1]},
								"down": {"uv": [105, 80], "uv_size": [1, -1]}
							}
						},
						{
							"origin": [-1.34, 18, -32.85],
							"size": [0.675, 0.65, 0.3],
							"pivot": [-0.375, -8.5, -2.625],
							"rotation": [-22.5, 0, 0],
							"uv": {
								"north": {"uv": [105, 99], "uv_size": [1, 1]},
								"east": {"uv": [100, 105], "uv_size": [1, 1]},
								"south": {"uv": [105, 100], "uv_size": [1, 1]},
								"west": {"uv": [101, 105], "uv_size": [1, 1]},
								"up": {"uv": [105, 101], "uv_size": [1, 1]},
								"down": {"uv": [102, 106], "uv_size": [1, -1]}
							}
						},
						{
							"origin": [-1.61, 18, -32.85],
							"size": [0.325, 0.9, 0.3],
							"pivot": [0, -8.5, -2.625],
							"rotation": [-22.5, 0, 0],
							"uv": {
								"north": {"uv": [105, 80], "uv_size": [1, 1]},
								"east": {"uv": [105, 81], "uv_size": [1, 1]},
								"south": {"uv": [82, 105], "uv_size": [1, 1]},
								"west": {"uv": [83, 105], "uv_size": [1, 1]},
								"up": {"uv": [105, 83], "uv_size": [1, 1]},
								"down": {"uv": [84, 106], "uv_size": [1, -1]}
							}
						},
						{
							"origin": [-1.9602, 26.825, -29.025],
							"size": [1.9602, 0.6, 9.1],
							"uv": {
								"north": {"uv": [99, 103], "uv_size": [2, 1]},
								"east": {"uv": [94, 3], "uv_size": [9, 1]},
								"south": {"uv": [103, 99], "uv_size": [2, 1]},
								"west": {"uv": [94, 37], "uv_size": [9, 1]},
								"up": {"uv": [78, 90], "uv_size": [2, 9]},
								"down": {"uv": [80, 99], "uv_size": [2, -9]}
							}
						},
						{
							"origin": [-0.3352, 27.325, -27.9],
							"size": [0.3352, 0.85, 3.35],
							"uv": {
								"north": {"uv": [105, 84], "uv_size": [1, 1]},
								"east": {"uv": [101, 15], "uv_size": [3, 1]},
								"south": {"uv": [85, 105], "uv_size": [1, 1]},
								"west": {"uv": [101, 16], "uv_size": [3, 1]},
								"up": {"uv": [101, 17], "uv_size": [1, 3]},
								"down": {"uv": [23, 104], "uv_size": [1, -3]}
							}
						},
						{
							"origin": [-0.3352, 27.325, -20.775],
							"size": [0.3352, 0.6, 0.85],
							"uv": {
								"north": {"uv": [105, 102], "uv_size": [1, 1]},
								"east": {"uv": [103, 105], "uv_size": [1, 1]},
								"south": {"uv": [105, 103], "uv_size": [1, 1]},
								"west": {"uv": [104, 105], "uv_size": [1, 1]},
								"up": {"uv": [105, 104], "uv_size": [1, 1]},
								"down": {"uv": [105, 106], "uv_size": [1, -1]}
							}
						},
						{
							"origin": [-0.3352, 44.1, -6.65],
							"size": [0.3352, 0.725, 1.35],
							"pivot": [0, 0.625, 9.75],
							"rotation": [35, 0, 0],
							"uv": {
								"north": {"uv": [105, 85], "uv_size": [1, 1]},
								"east": {"uv": [87, 105], "uv_size": [1, 1]},
								"south": {"uv": [88, 105], "uv_size": [1, 1]},
								"west": {"uv": [105, 90], "uv_size": [1, 1]},
								"up": {"uv": [105, 91], "uv_size": [1, 1]},
								"down": {"uv": [92, 106], "uv_size": [1, -1]}
							}
						},
						{
							"origin": [-0.3352, 16.725, -30.4],
							"size": [0.3352, 0.85, 3.1],
							"pivot": [0, 0.625, 12.875],
							"rotation": [-15, 0, 0],
							"uv": {
								"north": {"uv": [105, 92], "uv_size": [1, 1]},
								"east": {"uv": [101, 34], "uv_size": [3, 1]},
								"south": {"uv": [93, 105], "uv_size": [1, 1]},
								"west": {"uv": [35, 101], "uv_size": [3, 1]},
								"up": {"uv": [24, 101], "uv_size": [1, 3]},
								"down": {"uv": [30, 104], "uv_size": [1, -3]}
							}
						},
						{
							"origin": [-0.3352, 30.9, -21.525],
							"size": [0.3352, 0.6, 2.1],
							"pivot": [0, 14.5, 20.75],
							"rotation": [5, 0, 0],
							"uv": {
								"north": {"uv": [106, 0], "uv_size": [1, 1]},
								"east": {"uv": [101, 103], "uv_size": [2, 1]},
								"south": {"uv": [106, 1], "uv_size": [1, 1]},
								"west": {"uv": [103, 102], "uv_size": [2, 1]},
								"up": {"uv": [103, 103], "uv_size": [1, 2]},
								"down": {"uv": [104, 2], "uv_size": [1, -2]}
							}
						},
						{
							"origin": [-1.9602, 30.9, -21.525],
							"size": [0.3352, 0.6, 2.1],
							"pivot": [-1.625, 14.5, 20.75],
							"rotation": [5, 0, 0],
							"uv": {
								"north": {"uv": [106, 5], "uv_size": [1, 1]},
								"east": {"uv": [104, 2], "uv_size": [2, 1]},
								"south": {"uv": [6, 106], "uv_size": [1, 1]},
								"west": {"uv": [3, 104], "uv_size": [2, 1]},
								"up": {"uv": [104, 4], "uv_size": [1, 2]},
								"down": {"uv": [5, 106], "uv_size": [1, -2]}
							}
						},
						{
							"origin": [-1.9602, 27.325, -20.775],
							"size": [0.3352, 0.6, 0.85],
							"uv": {
								"north": {"uv": [106, 2], "uv_size": [1, 1]},
								"east": {"uv": [3, 106], "uv_size": [1, 1]},
								"south": {"uv": [106, 3], "uv_size": [1, 1]},
								"west": {"uv": [4, 106], "uv_size": [1, 1]},
								"up": {"uv": [106, 4], "uv_size": [1, 1]},
								"down": {"uv": [5, 107], "uv_size": [1, -1]}
							}
						},
						{
							"origin": [-2.2102, 27.45, -20.5],
							"size": [0.3352, 0.6, 0.6],
							"uv": {
								"north": {"uv": [7, 106], "uv_size": [1, 1]},
								"east": {"uv": [8, 106], "uv_size": [1, 1]},
								"south": {"uv": [106, 8], "uv_size": [1, 1]},
								"west": {"uv": [9, 106], "uv_size": [1, 1]},
								"up": {"uv": [106, 9], "uv_size": [1, 1]},
								"down": {"uv": [10, 107], "uv_size": [1, -1]}
							}
						},
						{
							"origin": [-2.23, 27.7, -20.25],
							"size": [2.5, 0.1, 0.1],
							"uv": {
								"north": {"uv": [101, 43], "uv_size": [3, 1]},
								"east": {"uv": [106, 13], "uv_size": [1, 1]},
								"south": {"uv": [48, 101], "uv_size": [3, 1]},
								"west": {"uv": [14, 106], "uv_size": [1, 1]},
								"up": {"uv": [51, 101], "uv_size": [3, 1]},
								"down": {"uv": [67, 102], "uv_size": [3, -1]}
							}
						},
						{
							"origin": [-1.98, 27.7, -28],
							"size": [0.375, 0.225, 0.225],
							"uv": {
								"north": {"uv": [102, 106], "uv_size": [1, 1]},
								"east": {"uv": [106, 102], "uv_size": [1, 1]},
								"south": {"uv": [103, 106], "uv_size": [1, 1]},
								"west": {"uv": [106, 103], "uv_size": [1, 1]},
								"up": {"uv": [104, 106], "uv_size": [1, 1]},
								"down": {"uv": [106, 105], "uv_size": [1, -1]}
							}
						},
						{
							"origin": [-0.355, 27.7, -28],
							"size": [0.375, 0.225, 0.225],
							"uv": {
								"north": {"uv": [105, 106], "uv_size": [1, 1]},
								"east": {"uv": [106, 105], "uv_size": [1, 1]},
								"south": {"uv": [106, 106], "uv_size": [1, 1]},
								"west": {"uv": [107, 0], "uv_size": [1, 1]},
								"up": {"uv": [107, 1], "uv_size": [1, 1]},
								"down": {"uv": [107, 3], "uv_size": [1, -1]}
							}
						},
						{
							"origin": [-0.0852, 27.45, -20.5],
							"size": [0.3352, 0.6, 0.6],
							"uv": {
								"north": {"uv": [106, 10], "uv_size": [1, 1]},
								"east": {"uv": [11, 106], "uv_size": [1, 1]},
								"south": {"uv": [106, 11], "uv_size": [1, 1]},
								"west": {"uv": [12, 106], "uv_size": [1, 1]},
								"up": {"uv": [106, 12], "uv_size": [1, 1]},
								"down": {"uv": [13, 107], "uv_size": [1, -1]}
							}
						},
						{
							"origin": [-1.9602, 16.725, -30.4],
							"size": [0.3352, 0.85, 3.1],
							"pivot": [-1.625, 0.625, 12.875],
							"rotation": [-15, 0, 0],
							"uv": {
								"north": {"uv": [105, 98], "uv_size": [1, 1]},
								"east": {"uv": [40, 101], "uv_size": [3, 1]},
								"south": {"uv": [99, 105], "uv_size": [1, 1]},
								"west": {"uv": [101, 42], "uv_size": [3, 1]},
								"up": {"uv": [43, 101], "uv_size": [1, 3]},
								"down": {"uv": [44, 104], "uv_size": [1, -3]}
							}
						},
						{
							"origin": [-1.9602, 27.325, -27.9],
							"size": [0.3352, 0.85, 3.35],
							"uv": {
								"north": {"uv": [105, 97], "uv_size": [1, 1]},
								"east": {"uv": [101, 35], "uv_size": [3, 1]},
								"south": {"uv": [98, 105], "uv_size": [1, 1]},
								"west": {"uv": [101, 38], "uv_size": [3, 1]},
								"up": {"uv": [31, 101], "uv_size": [1, 3]},
								"down": {"uv": [38, 104], "uv_size": [1, -3]}
							}
						},
						{
							"origin": [-1.9602, 44.1, -6.65],
							"size": [0.3352, 0.725, 1.35],
							"pivot": [-1.625, 0.625, 9.75],
							"rotation": [35, 0, 0],
							"uv": {
								"north": {"uv": [105, 93], "uv_size": [1, 1]},
								"east": {"uv": [105, 94], "uv_size": [1, 1]},
								"south": {"uv": [95, 105], "uv_size": [1, 1]},
								"west": {"uv": [96, 105], "uv_size": [1, 1]},
								"up": {"uv": [105, 96], "uv_size": [1, 1]},
								"down": {"uv": [97, 106], "uv_size": [1, -1]}
							}
						}
					]
				},
				{
					"name": "Bipod",
					"parent": "Metal",
					"pivot": [3.125, 8.125, 18.875],
					"rotation": [-0.5, 1, 0],
					"cubes": [
						{
							"origin": [1.125, 18.5, -67.75],
							"size": [1.25, 1.25, 1.625],
							"uv": {
								"north": {"uv": [106, 41], "uv_size": [1, 1]},
								"east": {"uv": [23, 104], "uv_size": [2, 1]},
								"south": {"uv": [42, 106], "uv_size": [1, 1]},
								"west": {"uv": [104, 23], "uv_size": [2, 1]},
								"up": {"uv": [20, 104], "uv_size": [1, 2]},
								"down": {"uv": [104, 26], "uv_size": [1, -2]}
							}
						},
						{
							"origin": [1.375, 18.375, -67.5],
							"size": [0.75, 1.5, 0.75],
							"uv": {
								"north": {"uv": [104, 28], "uv_size": [1, 2]},
								"east": {"uv": [30, 104], "uv_size": [1, 2]},
								"south": {"uv": [31, 104], "uv_size": [1, 2]},
								"west": {"uv": [104, 31], "uv_size": [1, 2]},
								"up": {"uv": [106, 42], "uv_size": [1, 1]},
								"down": {"uv": [43, 107], "uv_size": [1, -1]}
							}
						},
						{
							"origin": [1.25, 18.625, -65.375],
							"size": [1, 1, 3.25],
							"uv": {
								"north": {"uv": [45, 106], "uv_size": [1, 1]},
								"east": {"uv": [101, 72], "uv_size": [3, 1]},
								"south": {"uv": [46, 106], "uv_size": [1, 1]},
								"west": {"uv": [101, 73], "uv_size": [3, 1]},
								"up": {"uv": [55, 101], "uv_size": [1, 3]},
								"down": {"uv": [60, 104], "uv_size": [1, -3]}
							}
						},
						{
							"origin": [1.375, 18.75, -66.125],
							"size": [0.75, 0.75, 51.375],
							"uv": {
								"north": {"uv": [106, 43], "uv_size": [1, 1]},
								"east": {"uv": [60, 51], "uv_size": [51, 1]},
								"south": {"uv": [44, 106], "uv_size": [1, 1]},
								"west": {"uv": [64, 20], "uv_size": [51, 1]},
								"up": {"uv": [66, 66], "uv_size": [1, 51]},
								"down": {"uv": [16, 118], "uv_size": [1, -51]}
							}
						},
						{
							"origin": [1, 18.375, -15.25],
							"size": [1.5, 1.5, 0.625],
							"uv": {
								"north": {"uv": [82, 99], "uv_size": [2, 2]},
								"east": {"uv": [104, 33], "uv_size": [1, 2]},
								"south": {"uv": [84, 99], "uv_size": [2, 2]},
								"west": {"uv": [35, 104], "uv_size": [1, 2]},
								"up": {"uv": [104, 26], "uv_size": [2, 1]},
								"down": {"uv": [104, 36], "uv_size": [2, -1]}
							}
						},
						{
							"origin": [1.25, 18.625, -14.625],
							"size": [1, 1, 0.625],
							"uv": {
								"north": {"uv": [47, 106], "uv_size": [1, 1]},
								"east": {"uv": [48, 106], "uv_size": [1, 1]},
								"south": {"uv": [106, 48], "uv_size": [1, 1]},
								"west": {"uv": [49, 106], "uv_size": [1, 1]},
								"up": {"uv": [106, 49], "uv_size": [1, 1]},
								"down": {"uv": [50, 107], "uv_size": [1, -1]}
							}
						},
						{
							"origin": [1.5, 18.875, -14],
							"size": [0.5, 0.5, 0.625],
							"uv": {
								"north": {"uv": [106, 50], "uv_size": [1, 1]},
								"east": {"uv": [51, 106], "uv_size": [1, 1]},
								"south": {"uv": [52, 106], "uv_size": [1, 1]},
								"west": {"uv": [106, 52], "uv_size": [1, 1]},
								"up": {"uv": [53, 106], "uv_size": [1, 1]},
								"down": {"uv": [106, 54], "uv_size": [1, -1]}
							}
						}
					]
				},
				{
					"name": "Bipod2",
					"parent": "Metal",
					"pivot": [-2.25, 8.125, 19],
					"rotation": [-0.5, -1, 0],
					"cubes": [
						{
							"origin": [-4.25, 18.5, -67.625],
							"size": [1.25, 1.25, 1.625],
							"uv": {
								"north": {"uv": [54, 106], "uv_size": [1, 1]},
								"east": {"uv": [36, 104], "uv_size": [2, 1]},
								"south": {"uv": [106, 54], "uv_size": [1, 1]},
								"west": {"uv": [104, 36], "uv_size": [2, 1]},
								"up": {"uv": [38, 104], "uv_size": [1, 2]},
								"down": {"uv": [104, 40], "uv_size": [1, -2]}
							}
						},
						{
							"origin": [-4, 18.375, -67.375],
							"size": [0.75, 1.5, 0.75],
							"uv": {
								"north": {"uv": [39, 104], "uv_size": [1, 2]},
								"east": {"uv": [40, 104], "uv_size": [1, 2]},
								"south": {"uv": [104, 42], "uv_size": [1, 2]},
								"west": {"uv": [43, 104], "uv_size": [1, 2]},
								"up": {"uv": [55, 106], "uv_size": [1, 1]},
								"down": {"uv": [106, 56], "uv_size": [1, -1]}
							}
						},
						{
							"origin": [-4.125, 18.625, -65.25],
							"size": [1, 1, 3.25],
							"uv": {
								"north": {"uv": [106, 56], "uv_size": [1, 1]},
								"east": {"uv": [101, 74], "uv_size": [3, 1]},
								"south": {"uv": [106, 57], "uv_size": [1, 1]},
								"west": {"uv": [101, 75], "uv_size": [3, 1]},
								"up": {"uv": [61, 101], "uv_size": [1, 3]},
								"down": {"uv": [73, 104], "uv_size": [1, -3]}
							}
						},
						{
							"origin": [-4, 18.75, -66],
							"size": [0.75, 0.75, 51.375],
							"uv": {
								"north": {"uv": [106, 58], "uv_size": [1, 1]},
								"east": {"uv": [64, 21], "uv_size": [51, 1]},
								"south": {"uv": [106, 59], "uv_size": [1, 1]},
								"west": {"uv": [64, 22], "uv_size": [51, 1]},
								"up": {"uv": [17, 67], "uv_size": [1, 51]},
								"down": {"uv": [18, 118], "uv_size": [1, -51]}
							}
						},
						{
							"origin": [-4.375, 18.375, -15.125],
							"size": [1.5, 1.5, 0.625],
							"uv": {
								"north": {"uv": [99, 84], "uv_size": [2, 2]},
								"east": {"uv": [44, 104], "uv_size": [1, 2]},
								"south": {"uv": [99, 86], "uv_size": [2, 2]},
								"west": {"uv": [45, 104], "uv_size": [1, 2]},
								"up": {"uv": [46, 104], "uv_size": [2, 1]},
								"down": {"uv": [49, 105], "uv_size": [2, -1]}
							}
						},
						{
							"origin": [-4.125, 18.625, -14.5],
							"size": [1, 1, 0.625],
							"uv": {
								"north": {"uv": [60, 106], "uv_size": [1, 1]},
								"east": {"uv": [106, 60], "uv_size": [1, 1]},
								"south": {"uv": [61, 106], "uv_size": [1, 1]},
								"west": {"uv": [106, 61], "uv_size": [1, 1]},
								"up": {"uv": [62, 106], "uv_size": [1, 1]},
								"down": {"uv": [106, 63], "uv_size": [1, -1]}
							}
						},
						{
							"origin": [-3.875, 18.875, -13.875],
							"size": [0.5, 0.5, 0.625],
							"uv": {
								"north": {"uv": [63, 106], "uv_size": [1, 1]},
								"east": {"uv": [106, 63], "uv_size": [1, 1]},
								"south": {"uv": [64, 106], "uv_size": [1, 1]},
								"west": {"uv": [106, 64], "uv_size": [1, 1]},
								"up": {"uv": [65, 106], "uv_size": [1, 1]},
								"down": {"uv": [106, 66], "uv_size": [1, -1]}
							}
						}
					]
				},
				{
					"name": "reciever",
					"parent": "main",
					"pivot": [-10.75, 14, -10.125],
					"cubes": [
						{
							"origin": [-2.75, 24.25, -29.175],
							"size": [2.5, 1.75, 20.75],
							"uv": {
								"north": {"uv": [98, 0], "uv_size": [3, 2]},
								"east": {"uv": [64, 48], "uv_size": [21, 2]},
								"south": {"uv": [98, 34], "uv_size": [3, 2]},
								"west": {"uv": [72, 4], "uv_size": [21, 2]},
								"up": {"uv": [60, 66], "uv_size": [3, 21]},
								"down": {"uv": [63, 87], "uv_size": [3, -21]}
							}
						},
						{
							"origin": [-1.75, 26, -29.175],
							"size": [1.5, 0.5, 20.75],
							"uv": {
								"north": {"uv": [95, 104], "uv_size": [2, 1]},
								"east": {"uv": [85, 49], "uv_size": [21, 1]},
								"south": {"uv": [104, 95], "uv_size": [2, 1]},
								"west": {"uv": [86, 27], "uv_size": [21, 1]},
								"up": {"uv": [21, 74], "uv_size": [2, 21]},
								"down": {"uv": [23, 95], "uv_size": [2, -21]}
							}
						},
						{
							"origin": [-3.75, 25.125, -18.675],
							"size": [1.25, 0.75, 0.75],
							"uv": {
								"north": {"uv": [86, 106], "uv_size": [1, 1]},
								"east": {"uv": [106, 86], "uv_size": [1, 1]},
								"south": {"uv": [87, 106], "uv_size": [1, 1]},
								"west": {"uv": [106, 87], "uv_size": [1, 1]},
								"up": {"uv": [88, 106], "uv_size": [1, 1]},
								"down": {"uv": [106, 89], "uv_size": [1, -1]}
							}
						},
						{
							"origin": [-5, 24.625, -19.175],
							"size": [1.25, 1.75, 1.75],
							"uv": {
								"north": {"uv": [86, 104], "uv_size": [1, 2]},
								"east": {"uv": [93, 99], "uv_size": [2, 2]},
								"south": {"uv": [89, 104], "uv_size": [1, 2]},
								"west": {"uv": [99, 93], "uv_size": [2, 2]},
								"up": {"uv": [90, 104], "uv_size": [1, 2]},
								"down": {"uv": [91, 106], "uv_size": [1, -2]}
							}
						},
						{
							"origin": [-5.125, 24.875, -18.925],
							"size": [0.125, 1.25, 1.25],
							"uv": {
								"north": {"uv": [89, 106], "uv_size": [1, 1]},
								"east": {"uv": [106, 89], "uv_size": [1, 1]},
								"south": {"uv": [90, 106], "uv_size": [1, 1]},
								"west": {"uv": [106, 90], "uv_size": [1, 1]},
								"up": {"uv": [91, 106], "uv_size": [1, 1]},
								"down": {"uv": [106, 92], "uv_size": [1, -1]}
							}
						},
						{
							"origin": [-13.57, 28.13, -29.176],
							"size": [0.75, 1.4, 20.75],
							"pivot": [-10.75, 14, -10.125],
							"rotation": [0, 0, 45],
							"uv": {
								"north": {"uv": [85, 106], "uv_size": [1, 1]},
								"east": {"uv": [84, 65], "uv_size": [21, 1]},
								"south": {"uv": [106, 85], "uv_size": [1, 1]},
								"west": {"uv": [85, 48], "uv_size": [21, 1]},
								"up": {"uv": [32, 86], "uv_size": [1, 21]},
								"down": {"uv": [33, 107], "uv_size": [1, -21]}
							}
						}
					]
				},
				{
					"name": "magazine",
					"parent": "main",
					"pivot": [0, -14.25, -1.875],
					"cubes": [
						{
							"origin": [-2.125, 8, -28.675],
							"size": [2.25, 11.125, 8.5],
							"uv": {
								"north": {"uv": [85, 70], "uv_size": [2, 11]},
								"east": {"uv": [16, 56], "uv_size": [8, 11]},
								"south": {"uv": [28, 86], "uv_size": [2, 11]},
								"west": {"uv": [24, 56], "uv_size": [8, 11]},
								"up": {"uv": [11, 92], "uv_size": [2, 8]},
								"down": {"uv": [13, 100], "uv_size": [2, -8]}
							}
						},
						{
							"origin": [-2.125, -5.125, -30.55],
							"size": [2.25, 11.5, 8.5],
							"pivot": [0, -14.25, -1.875],
							"rotation": [-5, 0, 0],
							"uv": {
								"north": {"uv": [7, 85], "uv_size": [2, 12]},
								"east": {"uv": [8, 56], "uv_size": [8, 12]},
								"south": {"uv": [9, 85], "uv_size": [2, 12]},
								"west": {"uv": [56, 12], "uv_size": [8, 12]},
								"up": {"uv": [48, 92], "uv_size": [2, 8]},
								"down": {"uv": [50, 100], "uv_size": [2, -8]}
							}
						}
					]
				},
				{
					"name": "bullet",
					"parent": "magazine",
					"pivot": [-0.15, 20.025, -23.7],
					"cubes": [
						{
							"origin": [-1.35, 18.65, -27.2],
							"size": [0.7, 0.7, 5.5],
							"inflate": 0.2,
							"uv": {
								"north": {"uv": [101, 82], "uv_size": [1, 1]},
								"east": {"uv": [95, 82], "uv_size": [6, 1]},
								"south": {"uv": [19, 102], "uv_size": [1, 1]},
								"west": {"uv": [96, 39], "uv_size": [6, 1]},
								"up": {"uv": [19, 96], "uv_size": [1, 6]},
								"down": {"uv": [20, 102], "uv_size": [1, -6]}
							}
						}
					]
				},
				{
					"name": "rightarm",
					"parent": "main",
					"pivot": [-4.3, 8.8, 21.8],
					"rotation": [-101.81106, -12.40003, -2.46982],
					"cubes": [
						{
							"origin": [-8.3, -8.2, 10.175],
							"size": [8, 24, 8],
							"pivot": [-1.3, -3.2, 18.8],
							"rotation": [0, 0, -22.5],
							"uv": {
								"north": {"uv": [8, 8], "uv_size": [8, 24]},
								"east": {"uv": [16, 8], "uv_size": [8, 24]},
								"south": {"uv": [24, 8], "uv_size": [8, 24]},
								"west": {"uv": [8, 32], "uv_size": [8, 24]},
								"up": {"uv": [64, 0], "uv_size": [8, 8]},
								"down": {"uv": [64, 20], "uv_size": [8, -8]}
							}
						}
					]
				},
				{
					"name": "leftarm",
					"parent": "main",
					"pivot": [10.7, 11.3, -8.6],
					"rotation": [-119.61483, 1.67666, -38.31282],
					"cubes": [
						{
							"origin": [6.7, -12.7, -12.6],
							"size": [8, 24, 8],
							"uv": {
								"north": {"uv": [32, 8], "uv_size": [8, 24]},
								"east": {"uv": [16, 32], "uv_size": [8, 24]},
								"south": {"uv": [24, 32], "uv_size": [8, 24]},
								"west": {"uv": [32, 32], "uv_size": [8, 24]},
								"up": {"uv": [64, 32], "uv_size": [8, 8]},
								"down": {"uv": [64, 48], "uv_size": [8, -8]}
							}
						}
					]
				},
				{
					"name": "muzzleflash",
					"parent": "main",
					"pivot": [-1, 24.975, -98.125],
					"cubes": [
						{
							"origin": [-1.5, 24.475, -84.425],
							"size": [1, 1, 1],
							"inflate": -0.4,
							"uv": {
								"north": {"uv": [7, 105], "uv_size": [1, 1]},
								"east": {"uv": [8, 105], "uv_size": [1, 1]},
								"south": {"uv": [105, 8], "uv_size": [1, 1]},
								"west": {"uv": [105, 9], "uv_size": [1, 1]},
								"up": {"uv": [11, 105], "uv_size": [1, 1]},
								"down": {"uv": [12, 106], "uv_size": [1, -1]}
							}
						}
					]
				},
				{
					"name": "scope",
					"parent": "main",
					"pivot": [-1, 28.3, 4.75],
					"cubes": [
						{
							"origin": [-2.5, 27.8, 32.45],
							"size": [1, 1, 1],
							"inflate": -0.4,
							"uv": {
								"north": {"uv": [13, 105], "uv_size": [1, 1]},
								"east": {"uv": [14, 105], "uv_size": [1, 1]},
								"south": {"uv": [105, 14], "uv_size": [1, 1]},
								"west": {"uv": [105, 15], "uv_size": [1, 1]},
								"up": {"uv": [105, 18], "uv_size": [1, 1]},
								"down": {"uv": [105, 20], "uv_size": [1, -1]}
							}
						}
					]
				}
			]
		}
	]
}