{
	"format_version": "1.12.0",
	"minecraft:geometry": [
		{
			"description": {
				"identifier": "geometry.unknown",
				"texture_width": 128,
				"texture_height": 128,
				"visible_bounds_width": 17,
				"visible_bounds_height": 5,
				"visible_bounds_offset": [0, 1.5, 0]
			},
			"bones": [
				{
					"name": "main",
					"pivot": [0, 20, -7.25]
				},
				{
					"name": "gun",
					"parent": "main",
					"pivot": [1, 11, -8.25]
				},
				{
					"name": "Wood",
					"parent": "gun",
					"pivot": [0, 9, -6.25],
					"cubes": [
						{
							"origin": [-3, 20.875, -101.375],
							"size": [4, 4.125, 40.125],
							"uv": {
								"north": {"uv": [81, 38], "uv_size": [4, 4]},
								"east": {"uv": [44, 4], "uv_size": [40, 4]},
								"south": {"uv": [82, 23], "uv_size": [4, 4]},
								"west": {"uv": [44, 8], "uv_size": [40, 4]},
								"up": {"uv": [44, 12], "uv_size": [4, 40]},
								"down": {"uv": [48, 52], "uv_size": [4, -40]}
							}
						},
						{
							"origin": [-3, 21.375, -116.75],
							"size": [4, 3.625, 13.125],
							"uv": {
								"north": {"uv": [56, 84], "uv_size": [4, 4]},
								"east": {"uv": [56, 64], "uv_size": [13, 4]},
								"south": {"uv": [84, 59], "uv_size": [4, 4]},
								"west": {"uv": [64, 59], "uv_size": [13, 4]},
								"up": {"uv": [60, 31], "uv_size": [4, 13]},
								"down": {"uv": [20, 80], "uv_size": [4, -13]}
							}
						},
						{
							"origin": [-3, 20.025, -116.875],
							"size": [4, 0.5, 13.25],
							"pivot": [0, -1, -22.625],
							"rotation": [-0.6, 0, 0],
							"uv": {
								"north": {"uv": [101, 14], "uv_size": [4, 1]},
								"east": {"uv": [86, 26], "uv_size": [13, 1]},
								"south": {"uv": [101, 23], "uv_size": [4, 1]},
								"west": {"uv": [88, 4], "uv_size": [13, 1]},
								"up": {"uv": [24, 67], "uv_size": [4, 13]},
								"down": {"uv": [28, 80], "uv_size": [4, -13]}
							}
						},
						{
							"origin": [-3, 21, -61.25],
							"size": [4, 4, 36],
							"uv": {
								"north": {"uv": [83, 65], "uv_size": [4, 4]},
								"east": {"uv": [12, 52], "uv_size": [36, 4]},
								"south": {"uv": [67, 83], "uv_size": [4, 4]},
								"west": {"uv": [52, 12], "uv_size": [36, 4]},
								"up": {"uv": [52, 16], "uv_size": [4, 36]},
								"down": {"uv": [48, 88], "uv_size": [4, -36]}
							}
						},
						{
							"origin": [-2.998, 19.8, -59.5],
							"size": [3.99, 2, 54.8],
							"pivot": [2, 11.25, 9.875],
							"rotation": [-0.85, 0, 0],
							"uv": {
								"north": {"uv": [93, 81], "uv_size": [4, 2]},
								"east": {"uv": [56, 16], "uv_size": [55, 2]},
								"south": {"uv": [93, 83], "uv_size": [4, 2]},
								"west": {"uv": [56, 18], "uv_size": [55, 2]},
								"up": {"uv": [0, 0], "uv_size": [4, 55]},
								"down": {"uv": [4, 55], "uv_size": [4, -55]}
							}
						},
						{
							"origin": [-3, 20, -4.75],
							"size": [4, 3, 5.25],
							"uv": {
								"north": {"uv": [83, 87], "uv_size": [4, 3]},
								"east": {"uv": [85, 38], "uv_size": [5, 3]},
								"south": {"uv": [4, 88], "uv_size": [4, 3]},
								"west": {"uv": [85, 69], "uv_size": [5, 3]},
								"up": {"uv": [79, 65], "uv_size": [4, 5]},
								"down": {"uv": [20, 85], "uv_size": [4, -5]}
							}
						},
						{
							"origin": [-2, 23.125, -7.25],
							"size": [2, 0.125, 4.75],
							"uv": {
								"north": {"uv": [60, 106], "uv_size": [2, 1]},
								"east": {"uv": [99, 10], "uv_size": [5, 1]},
								"south": {"uv": [62, 106], "uv_size": [2, 1]},
								"west": {"uv": [99, 22], "uv_size": [5, 1]},
								"up": {"uv": [77, 92], "uv_size": [2, 5]},
								"down": {"uv": [79, 97], "uv_size": [2, -5]}
							}
						},
						{
							"origin": [-3, 21, -25.25],
							"size": [4, 2, 20.5],
							"uv": {
								"north": {"uv": [92, 95], "uv_size": [4, 2]},
								"east": {"uv": [68, 34], "uv_size": [21, 2]},
								"south": {"uv": [4, 96], "uv_size": [4, 2]},
								"west": {"uv": [68, 36], "uv_size": [21, 2]},
								"up": {"uv": [56, 23], "uv_size": [4, 21]},
								"down": {"uv": [44, 77], "uv_size": [4, -21]}
							}
						},
						{
							"origin": [-3, 23, -9.25],
							"size": [0.875, 1, 9.75],
							"uv": {
								"north": {"uv": [59, 88], "uv_size": [1, 1]},
								"east": {"uv": [69, 67], "uv_size": [10, 1]},
								"south": {"uv": [92, 29], "uv_size": [1, 1]},
								"west": {"uv": [89, 37], "uv_size": [10, 1]},
								"up": {"uv": [84, 90], "uv_size": [1, 10]},
								"down": {"uv": [85, 100], "uv_size": [1, -10]}
							}
						},
						{
							"origin": [0.125, 23, -9.25],
							"size": [0.875, 1, 9.5],
							"uv": {
								"north": {"uv": [79, 107], "uv_size": [1, 1]},
								"east": {"uv": [90, 38], "uv_size": [10, 1]},
								"south": {"uv": [107, 79], "uv_size": [1, 1]},
								"west": {"uv": [90, 39], "uv_size": [10, 1]},
								"up": {"uv": [86, 90], "uv_size": [1, 10]},
								"down": {"uv": [58, 102], "uv_size": [1, -10]}
							}
						},
						{
							"origin": [-3, 24, -9.25],
							"size": [4, 1, 1.75],
							"uv": {
								"north": {"uv": [99, 100], "uv_size": [4, 1]},
								"east": {"uv": [104, 89], "uv_size": [2, 1]},
								"south": {"uv": [101, 4], "uv_size": [4, 1]},
								"west": {"uv": [104, 90], "uv_size": [2, 1]},
								"up": {"uv": [94, 46], "uv_size": [4, 2]},
								"down": {"uv": [48, 96], "uv_size": [4, -2]}
							}
						},
						{
							"origin": [-3, 23, -19.25],
							"size": [4, 2, 10],
							"uv": {
								"north": {"uv": [93, 85], "uv_size": [4, 2]},
								"east": {"uv": [69, 65], "uv_size": [10, 2]},
								"south": {"uv": [93, 87], "uv_size": [4, 2]},
								"west": {"uv": [75, 27], "uv_size": [10, 2]},
								"up": {"uv": [39, 67], "uv_size": [4, 10]},
								"down": {"uv": [68, 48], "uv_size": [4, -10]}
							}
						},
						{
							"origin": [-3, 23, -25.25],
							"size": [4, 2, 6],
							"uv": {
								"north": {"uv": [93, 89], "uv_size": [4, 2]},
								"east": {"uv": [88, 5], "uv_size": [6, 2]},
								"south": {"uv": [93, 91], "uv_size": [4, 2]},
								"west": {"uv": [88, 7], "uv_size": [6, 2]},
								"up": {"uv": [56, 78], "uv_size": [4, 6]},
								"down": {"uv": [72, 85], "uv_size": [4, -6]}
							}
						},
						{
							"origin": [-3.01, 20.6, -4.23],
							"size": [4.02, 1.05, 5.25],
							"pivot": [0, 11, -8.25],
							"rotation": [-7.5, 0, 0],
							"uv": {
								"north": {"uv": [103, 55], "uv_size": [4, 1]},
								"east": {"uv": [99, 26], "uv_size": [5, 1]},
								"south": {"uv": [103, 57], "uv_size": [4, 1]},
								"west": {"uv": [99, 37], "uv_size": [5, 1]},
								"up": {"uv": [52, 80], "uv_size": [4, 5]},
								"down": {"uv": [81, 75], "uv_size": [4, -5]}
							}
						},
						{
							"origin": [-2.99, 21.6, -0.355],
							"size": [3.98, 4.2, 9.25],
							"pivot": [0, 11, -8.25],
							"rotation": [-15, 0, 0],
							"uv": {
								"north": {"uv": [83, 75], "uv_size": [4, 4]},
								"east": {"uv": [64, 70], "uv_size": [9, 4]},
								"south": {"uv": [83, 79], "uv_size": [4, 4]},
								"west": {"uv": [72, 38], "uv_size": [9, 4]},
								"up": {"uv": [72, 42], "uv_size": [4, 9]},
								"down": {"uv": [73, 79], "uv_size": [4, -9]}
							}
						},
						{
							"origin": [-2.99, 21.6, -3.23],
							"size": [0.855, 4.2, 2.875],
							"pivot": [0, 11, -8.25],
							"rotation": [-15, 0, 0],
							"uv": {
								"north": {"uv": [61, 102], "uv_size": [1, 4]},
								"east": {"uv": [61, 89], "uv_size": [3, 4]},
								"south": {"uv": [70, 102], "uv_size": [1, 4]},
								"west": {"uv": [89, 84], "uv_size": [3, 4]},
								"up": {"uv": [90, 103], "uv_size": [1, 3]},
								"down": {"uv": [92, 106], "uv_size": [1, -3]}
							}
						},
						{
							"origin": [0.135, 21.6, -3.355],
							"size": [0.855, 4.2, 3],
							"pivot": [0, 11, -8.25],
							"rotation": [-15, 0, 0],
							"uv": {
								"north": {"uv": [26, 103], "uv_size": [1, 4]},
								"east": {"uv": [89, 88], "uv_size": [3, 4]},
								"south": {"uv": [27, 103], "uv_size": [1, 4]},
								"west": {"uv": [90, 30], "uv_size": [3, 4]},
								"up": {"uv": [103, 92], "uv_size": [1, 3]},
								"down": {"uv": [93, 106], "uv_size": [1, -3]}
							}
						},
						{
							"origin": [-2.99, 20.475, -15.355],
							"size": [3.98, 1.45, 1.875],
							"pivot": [0, 11, -6.5],
							"rotation": [-35, 0, 0],
							"uv": {
								"north": {"uv": [100, 47], "uv_size": [4, 1]},
								"east": {"uv": [104, 87], "uv_size": [2, 1]},
								"south": {"uv": [100, 74], "uv_size": [4, 1]},
								"west": {"uv": [104, 88], "uv_size": [2, 1]},
								"up": {"uv": [94, 42], "uv_size": [4, 2]},
								"down": {"uv": [94, 46], "uv_size": [4, -2]}
							}
						},
						{
							"origin": [-3, 22.725, 2.95],
							"size": [4.01, 2.8, 27.625],
							"pivot": [0, 8.125, -7.25],
							"rotation": [-22.5, 0, 0],
							"uv": {
								"north": {"uv": [88, 9], "uv_size": [4, 3]},
								"east": {"uv": [16, 56], "uv_size": [28, 3]},
								"south": {"uv": [88, 12], "uv_size": [4, 3]},
								"west": {"uv": [56, 20], "uv_size": [28, 3]},
								"up": {"uv": [52, 52], "uv_size": [4, 28]},
								"down": {"uv": [0, 83], "uv_size": [4, -28]}
							}
						},
						{
							"origin": [-2.96, 18.35, 10.77],
							"size": [3.93, 4.175, 7],
							"pivot": [0, 8.125, -7.25],
							"rotation": [-5, 0, 0],
							"uv": {
								"north": {"uv": [83, 83], "uv_size": [4, 4]},
								"east": {"uv": [75, 23], "uv_size": [7, 4]},
								"south": {"uv": [4, 84], "uv_size": [4, 4]},
								"west": {"uv": [77, 59], "uv_size": [7, 4]},
								"up": {"uv": [4, 77], "uv_size": [4, 7]},
								"down": {"uv": [37, 84], "uv_size": [4, -7]}
							}
						},
						{
							"origin": [-2.97, 15.725, 17.77],
							"size": [3.95, 7.425, 7],
							"pivot": [0, 8.125, -7.25],
							"rotation": [-5, 0, 0],
							"uv": {
								"north": {"uv": [44, 77], "uv_size": [4, 7]},
								"east": {"uv": [32, 67], "uv_size": [7, 7]},
								"south": {"uv": [77, 70], "uv_size": [4, 7]},
								"west": {"uv": [68, 23], "uv_size": [7, 7]},
								"up": {"uv": [77, 77], "uv_size": [4, 7]},
								"down": {"uv": [12, 85], "uv_size": [4, -7]}
							}
						},
						{
							"origin": [-2.97, 13.35, 24.77],
							"size": [3.95, 10.3, 8.25],
							"pivot": [0, 8.125, -7.25],
							"rotation": [-5, 0, 0],
							"uv": {
								"north": {"uv": [68, 48], "uv_size": [4, 10]},
								"east": {"uv": [56, 44], "uv_size": [8, 10]},
								"south": {"uv": [56, 68], "uv_size": [4, 10]},
								"west": {"uv": [56, 54], "uv_size": [8, 10]},
								"up": {"uv": [72, 51], "uv_size": [4, 8]},
								"down": {"uv": [76, 59], "uv_size": [4, -8]}
							}
						},
						{
							"origin": [-2.99, 20.9, 11.67],
							"size": [3.99, 1.8, 21.825],
							"pivot": [0, 7.125, -6.75],
							"rotation": [-2.5, 0, 0],
							"uv": {
								"north": {"uv": [92, 93], "uv_size": [4, 2]},
								"east": {"uv": [68, 30], "uv_size": [22, 2]},
								"south": {"uv": [94, 5], "uv_size": [4, 2]},
								"west": {"uv": [68, 32], "uv_size": [22, 2]},
								"up": {"uv": [4, 55], "uv_size": [4, 22]},
								"down": {"uv": [12, 78], "uv_size": [4, -22]}
							}
						},
						{
							"origin": [-2.97, 27.625, -5.45],
							"size": [3.95, 4.8, 2],
							"pivot": [0, 9.125, -7.25],
							"rotation": [-52.5, 0, 0],
							"uv": {
								"north": {"uv": [24, 80], "uv_size": [4, 5]},
								"east": {"uv": [4, 91], "uv_size": [2, 5]},
								"south": {"uv": [28, 80], "uv_size": [4, 5]},
								"west": {"uv": [6, 91], "uv_size": [2, 5]},
								"up": {"uv": [94, 7], "uv_size": [4, 2]},
								"down": {"uv": [94, 11], "uv_size": [4, -2]}
							}
						},
						{
							"origin": [-3.01, 7.1, 33.27],
							"size": [4.04, 13.9, 1.125],
							"uv": {
								"north": {"uv": [64, 31], "uv_size": [4, 14]},
								"east": {"uv": [73, 85], "uv_size": [1, 14]},
								"south": {"uv": [64, 45], "uv_size": [4, 14]},
								"west": {"uv": [74, 85], "uv_size": [1, 14]},
								"up": {"uv": [100, 15], "uv_size": [4, 1]},
								"down": {"uv": [100, 42], "uv_size": [4, -1]}
							}
						}
					]
				},
				{
					"name": "Metal",
					"parent": "gun",
					"pivot": [0, 8, -6.25],
					"cubes": [
						{
							"origin": [-3, 25, -23.25],
							"size": [0.875, 0.75, 9.25],
							"uv": {
								"north": {"uv": [93, 36], "uv_size": [1, 1]},
								"east": {"uv": [90, 40], "uv_size": [9, 1]},
								"south": {"uv": [72, 100], "uv_size": [1, 1]},
								"west": {"uv": [90, 69], "uv_size": [9, 1]},
								"up": {"uv": [92, 84], "uv_size": [1, 9]},
								"down": {"uv": [89, 101], "uv_size": [1, -9]}
							}
						},
						{
							"origin": [-3, 25, -29.25],
							"size": [1, 1.375, 6],
							"uv": {
								"north": {"uv": [39, 107], "uv_size": [1, 1]},
								"east": {"uv": [97, 96], "uv_size": [6, 1]},
								"south": {"uv": [107, 39], "uv_size": [1, 1]},
								"west": {"uv": [97, 97], "uv_size": [6, 1]},
								"up": {"uv": [95, 97], "uv_size": [1, 6]},
								"down": {"uv": [4, 104], "uv_size": [1, -6]}
							}
						},
						{
							"origin": [-2, 25, -29.25],
							"size": [2, 1.375, 5.875],
							"uv": {
								"north": {"uv": [50, 106], "uv_size": [2, 1]},
								"east": {"uv": [97, 94], "uv_size": [6, 1]},
								"south": {"uv": [52, 106], "uv_size": [2, 1]},
								"west": {"uv": [97, 95], "uv_size": [6, 1]},
								"up": {"uv": [30, 89], "uv_size": [2, 6]},
								"down": {"uv": [59, 95], "uv_size": [2, -6]}
							}
						},
						{
							"origin": [0.125, 25, -29.25],
							"size": [0.875, 1.375, 16.75],
							"uv": {
								"north": {"uv": [101, 25], "uv_size": [1, 1]},
								"east": {"uv": [75, 29], "uv_size": [17, 1]},
								"south": {"uv": [101, 64], "uv_size": [1, 1]},
								"west": {"uv": [80, 56], "uv_size": [17, 1]},
								"up": {"uv": [35, 83], "uv_size": [1, 17]},
								"down": {"uv": [64, 100], "uv_size": [1, -17]}
							}
						},
						{
							"origin": [13.2, 33.475, -29.25],
							"size": [0.7, 1.4, 6],
							"pivot": [16, 14.375, -8.25],
							"rotation": [0, 0, -45],
							"uv": {
								"north": {"uv": [32, 102], "uv_size": [1, 1]},
								"east": {"uv": [97, 57], "uv_size": [6, 1]},
								"south": {"uv": [77, 106], "uv_size": [1, 1]},
								"west": {"uv": [97, 58], "uv_size": [6, 1]},
								"up": {"uv": [30, 97], "uv_size": [1, 6]},
								"down": {"uv": [31, 103], "uv_size": [1, -6]}
							}
						},
						{
							"origin": [-2, 26.375, -29.249],
							"size": [2, 1, 6],
							"uv": {
								"north": {"uv": [82, 55], "uv_size": [2, 1]},
								"east": {"uv": [97, 81], "uv_size": [6, 1]},
								"south": {"uv": [83, 69], "uv_size": [2, 1]},
								"west": {"uv": [97, 82], "uv_size": [6, 1]},
								"up": {"uv": [37, 88], "uv_size": [2, 6]},
								"down": {"uv": [39, 94], "uv_size": [2, -6]}
							}
						},
						{
							"origin": [-2, 23, -6.374],
							"size": [0.5, 0.625, 14.75],
							"uv": {
								"north": {"uv": [73, 107], "uv_size": [1, 1]},
								"east": {"uv": [84, 22], "uv_size": [15, 1]},
								"south": {"uv": [74, 107], "uv_size": [1, 1]},
								"west": {"uv": [85, 41], "uv_size": [15, 1]},
								"up": {"uv": [71, 83], "uv_size": [1, 15]},
								"down": {"uv": [52, 100], "uv_size": [1, -15]}
							}
						},
						{
							"origin": [-1.5, 23, -6.374],
							"size": [1, 0.375, 14.75],
							"uv": {
								"north": {"uv": [78, 107], "uv_size": [1, 1]},
								"east": {"uv": [85, 74], "uv_size": [15, 1]},
								"south": {"uv": [107, 78], "uv_size": [1, 1]},
								"west": {"uv": [86, 23], "uv_size": [15, 1]},
								"up": {"uv": [55, 85], "uv_size": [1, 15]},
								"down": {"uv": [72, 100], "uv_size": [1, -15]}
							}
						},
						{
							"origin": [-0.5, 23, -6.374],
							"size": [0.5, 0.625, 14.75],
							"uv": {
								"north": {"uv": [77, 107], "uv_size": [1, 1]},
								"east": {"uv": [85, 72], "uv_size": [15, 1]},
								"south": {"uv": [107, 77], "uv_size": [1, 1]},
								"west": {"uv": [85, 73], "uv_size": [15, 1]},
								"up": {"uv": [53, 85], "uv_size": [1, 15]},
								"down": {"uv": [54, 100], "uv_size": [1, -15]}
							}
						},
						{
							"origin": [-1.25, 22, 4.126],
							"size": [0.5, 1, 3.625],
							"uv": {
								"north": {"uv": [75, 107], "uv_size": [1, 1]},
								"east": {"uv": [103, 51], "uv_size": [4, 1]},
								"south": {"uv": [76, 107], "uv_size": [1, 1]},
								"west": {"uv": [103, 54], "uv_size": [4, 1]},
								"up": {"uv": [43, 102], "uv_size": [1, 4]},
								"down": {"uv": [58, 106], "uv_size": [1, -4]}
							}
						},
						{
							"origin": [-13.85, 28.505, -29.25],
							"size": [1, 1.4, 6],
							"pivot": [-11, 14.375, -8.25],
							"rotation": [0, 0, 45],
							"uv": {
								"north": {"uv": [106, 77], "uv_size": [1, 1]},
								"east": {"uv": [97, 83], "uv_size": [6, 1]},
								"south": {"uv": [106, 78], "uv_size": [1, 1]},
								"west": {"uv": [97, 84], "uv_size": [6, 1]},
								"up": {"uv": [33, 97], "uv_size": [1, 6]},
								"down": {"uv": [34, 103], "uv_size": [1, -6]}
							}
						},
						{
							"origin": [-3, 25, -14],
							"size": [1, 1.375, 1.5],
							"uv": {
								"north": {"uv": [105, 106], "uv_size": [1, 1]},
								"east": {"uv": [105, 14], "uv_size": [2, 1]},
								"south": {"uv": [106, 106], "uv_size": [1, 1]},
								"west": {"uv": [16, 105], "uv_size": [2, 1]},
								"up": {"uv": [18, 105], "uv_size": [1, 2]},
								"down": {"uv": [19, 107], "uv_size": [1, -2]}
							}
						},
						{
							"origin": [-13.85, 28.505, -14],
							"size": [1, 1.4, 1.5],
							"pivot": [-11, 14.375, 2.5],
							"rotation": [0, 0, 45],
							"uv": {
								"north": {"uv": [106, 102], "uv_size": [1, 1]},
								"east": {"uv": [12, 105], "uv_size": [2, 1]},
								"south": {"uv": [103, 106], "uv_size": [1, 1]},
								"west": {"uv": [105, 12], "uv_size": [2, 1]},
								"up": {"uv": [14, 105], "uv_size": [1, 2]},
								"down": {"uv": [15, 107], "uv_size": [1, -2]}
							}
						},
						{
							"origin": [-2, 26.375, -13.999],
							"size": [2, 1, 1.5],
							"uv": {
								"north": {"uv": [6, 105], "uv_size": [2, 1]},
								"east": {"uv": [105, 6], "uv_size": [2, 1]},
								"south": {"uv": [105, 7], "uv_size": [2, 1]},
								"west": {"uv": [105, 11], "uv_size": [2, 1]},
								"up": {"uv": [0, 102], "uv_size": [2, 2]},
								"down": {"uv": [2, 104], "uv_size": [2, -2]}
							}
						},
						{
							"origin": [-7.125, 27.5, -13.749],
							"size": [0.375, 0.75, 1],
							"pivot": [-5.875, 1.5, 3.5],
							"rotation": [0, 0, 15],
							"uv": {
								"north": {"uv": [80, 107], "uv_size": [1, 1]},
								"east": {"uv": [107, 80], "uv_size": [1, 1]},
								"south": {"uv": [81, 107], "uv_size": [1, 1]},
								"west": {"uv": [107, 81], "uv_size": [1, 1]},
								"up": {"uv": [82, 107], "uv_size": [1, 1]},
								"down": {"uv": [107, 83], "uv_size": [1, -1]}
							}
						},
						{
							"origin": [-19, 34.625, -13.749],
							"size": [0.5, 0.5, 1],
							"pivot": [-18, 8.625, 3.5],
							"rotation": [0, 0, 45],
							"uv": {
								"north": {"uv": [83, 107], "uv_size": [1, 1]},
								"east": {"uv": [107, 83], "uv_size": [1, 1]},
								"south": {"uv": [84, 107], "uv_size": [1, 1]},
								"west": {"uv": [107, 84], "uv_size": [1, 1]},
								"up": {"uv": [85, 107], "uv_size": [1, 1]},
								"down": {"uv": [107, 86], "uv_size": [1, -1]}
							}
						},
						{
							"origin": [13.2, 33.475, -14],
							"size": [0.7, 1.4, 1.5],
							"pivot": [16, 14.375, 2.5],
							"rotation": [0, 0, -45],
							"uv": {
								"north": {"uv": [106, 101], "uv_size": [1, 1]},
								"east": {"uv": [104, 100], "uv_size": [2, 1]},
								"south": {"uv": [102, 106], "uv_size": [1, 1]},
								"west": {"uv": [0, 105], "uv_size": [2, 1]},
								"up": {"uv": [2, 105], "uv_size": [1, 2]},
								"down": {"uv": [105, 6], "uv_size": [1, -2]}
							}
						},
						{
							"origin": [13.2, 33.1, -31.875],
							"size": [0.7, 1.4, 2.625],
							"pivot": [16, 14, -14.25],
							"rotation": [0, 0, -45],
							"uv": {
								"north": {"uv": [79, 106], "uv_size": [1, 1]},
								"east": {"uv": [103, 68], "uv_size": [3, 1]},
								"south": {"uv": [106, 79], "uv_size": [1, 1]},
								"west": {"uv": [103, 69], "uv_size": [3, 1]},
								"up": {"uv": [91, 49], "uv_size": [1, 3]},
								"down": {"uv": [34, 106], "uv_size": [1, -3]}
							}
						},
						{
							"origin": [-2, 26, -31.874],
							"size": [2, 1, 2.625],
							"uv": {
								"north": {"uv": [6, 104], "uv_size": [2, 1]},
								"east": {"uv": [103, 70], "uv_size": [3, 1]},
								"south": {"uv": [104, 8], "uv_size": [2, 1]},
								"west": {"uv": [71, 103], "uv_size": [3, 1]},
								"up": {"uv": [37, 74], "uv_size": [2, 3]},
								"down": {"uv": [56, 100], "uv_size": [2, -3]}
							}
						},
						{
							"origin": [-13.85, 28.13, -31.875],
							"size": [1, 1.4, 2.625],
							"pivot": [-11, 14, -14.25],
							"rotation": [0, 0, 45],
							"uv": {
								"north": {"uv": [80, 106], "uv_size": [1, 1]},
								"east": {"uv": [103, 71], "uv_size": [3, 1]},
								"south": {"uv": [106, 80], "uv_size": [1, 1]},
								"west": {"uv": [75, 103], "uv_size": [3, 1]},
								"up": {"uv": [51, 103], "uv_size": [1, 3]},
								"down": {"uv": [59, 106], "uv_size": [1, -3]}
							}
						},
						{
							"origin": [-3, 25, -31.875],
							"size": [4, 1, 2.625],
							"uv": {
								"north": {"uv": [68, 58], "uv_size": [4, 1]},
								"east": {"uv": [103, 81], "uv_size": [3, 1]},
								"south": {"uv": [99, 50], "uv_size": [4, 1]},
								"west": {"uv": [103, 82], "uv_size": [3, 1]},
								"up": {"uv": [44, 88], "uv_size": [4, 3]},
								"down": {"uv": [88, 49], "uv_size": [4, -3]}
							}
						},
						{
							"origin": [-2.125, 26.5, -24.999],
							"size": [2.25, 1, 0.5],
							"uv": {
								"north": {"uv": [54, 106], "uv_size": [2, 1]},
								"east": {"uv": [49, 107], "uv_size": [1, 1]},
								"south": {"uv": [56, 106], "uv_size": [2, 1]},
								"west": {"uv": [50, 107], "uv_size": [1, 1]},
								"up": {"uv": [106, 56], "uv_size": [2, 1]},
								"down": {"uv": [58, 107], "uv_size": [2, -1]}
							}
						},
						{
							"origin": [13.325, 33.6, -25],
							"size": [0.7, 1.4, 0.5],
							"pivot": [16.125, 14.5, -9.125],
							"rotation": [0, 0, -45],
							"uv": {
								"north": {"uv": [107, 44], "uv_size": [1, 1]},
								"east": {"uv": [45, 107], "uv_size": [1, 1]},
								"south": {"uv": [107, 45], "uv_size": [1, 1]},
								"west": {"uv": [46, 107], "uv_size": [1, 1]},
								"up": {"uv": [107, 46], "uv_size": [1, 1]},
								"down": {"uv": [107, 48], "uv_size": [1, -1]}
							}
						},
						{
							"origin": [-3.125, 25, -25],
							"size": [4.25, 1.5, 0.5],
							"uv": {
								"north": {"uv": [12, 95], "uv_size": [4, 2]},
								"east": {"uv": [48, 106], "uv_size": [1, 2]},
								"south": {"uv": [28, 95], "uv_size": [4, 2]},
								"west": {"uv": [106, 52], "uv_size": [1, 2]},
								"up": {"uv": [103, 21], "uv_size": [4, 1]},
								"down": {"uv": [103, 28], "uv_size": [4, -1]}
							}
						},
						{
							"origin": [-13.975, 28.63, -25],
							"size": [1, 1.4, 0.5],
							"pivot": [-11.125, 14.5, -9.125],
							"rotation": [0, 0, 45],
							"uv": {
								"north": {"uv": [40, 107], "uv_size": [1, 1]},
								"east": {"uv": [107, 40], "uv_size": [1, 1]},
								"south": {"uv": [41, 107], "uv_size": [1, 1]},
								"west": {"uv": [107, 41], "uv_size": [1, 1]},
								"up": {"uv": [107, 42], "uv_size": [1, 1]},
								"down": {"uv": [44, 108], "uv_size": [1, -1]}
							}
						},
						{
							"origin": [13.075, 33.35, -12.551],
							"size": [0.7, 1.4, 2],
							"pivot": [15.875, 14.25, -0.25],
							"rotation": [0, 0, -45],
							"uv": {
								"north": {"uv": [81, 106], "uv_size": [1, 1]},
								"east": {"uv": [104, 9], "uv_size": [2, 1]},
								"south": {"uv": [106, 81], "uv_size": [1, 1]},
								"west": {"uv": [104, 10], "uv_size": [2, 1]},
								"up": {"uv": [66, 100], "uv_size": [1, 2]},
								"down": {"uv": [86, 102], "uv_size": [1, -2]}
							}
						},
						{
							"origin": [-1.875, 26.25, -12.55],
							"size": [1.75, 1, 2],
							"uv": {
								"north": {"uv": [12, 104], "uv_size": [2, 1]},
								"east": {"uv": [14, 104], "uv_size": [2, 1]},
								"south": {"uv": [104, 15], "uv_size": [2, 1]},
								"west": {"uv": [20, 104], "uv_size": [2, 1]},
								"up": {"uv": [47, 99], "uv_size": [2, 2]},
								"down": {"uv": [99, 71], "uv_size": [2, -2]}
							}
						},
						{
							"origin": [-13.725, 28.38, -12.551],
							"size": [1, 1.4, 2],
							"pivot": [-10.875, 14.25, -0.25],
							"rotation": [0, 0, 45],
							"uv": {
								"north": {"uv": [82, 106], "uv_size": [1, 1]},
								"east": {"uv": [22, 104], "uv_size": [2, 1]},
								"south": {"uv": [106, 82], "uv_size": [1, 1]},
								"west": {"uv": [104, 22], "uv_size": [2, 1]},
								"up": {"uv": [104, 24], "uv_size": [1, 2]},
								"down": {"uv": [28, 106], "uv_size": [1, -2]}
							}
						},
						{
							"origin": [-1.03, -2.975, -61.305],
							"size": [4.04, 4.4, 2.313],
							"pivot": [0, 11.11, -18.895],
							"rotation": [0, 0, 180],
							"uv": {
								"north": {"uv": [84, 4], "uv_size": [4, 4]},
								"east": {"uv": [90, 42], "uv_size": [2, 4]},
								"south": {"uv": [84, 8], "uv_size": [4, 4]},
								"west": {"uv": [62, 93], "uv_size": [2, 4]},
								"up": {"uv": [94, 11], "uv_size": [4, 2]},
								"down": {"uv": [16, 96], "uv_size": [4, -2]}
							}
						},
						{
							"origin": [-1.03, -2.96, -103.555],
							"size": [4.04, 4.31, 2.313],
							"pivot": [0, 11.11, -62.145],
							"rotation": [0, 0, 180],
							"uv": {
								"north": {"uv": [37, 84], "uv_size": [4, 4]},
								"east": {"uv": [20, 94], "uv_size": [2, 4]},
								"south": {"uv": [44, 84], "uv_size": [4, 4]},
								"west": {"uv": [22, 94], "uv_size": [2, 4]},
								"up": {"uv": [24, 94], "uv_size": [4, 2]},
								"down": {"uv": [94, 29], "uv_size": [4, -2]}
							}
						},
						{
							"origin": [-1.03, -0.96, -112.68],
							"size": [4.04, 0.81, 9.188],
							"pivot": [0, 10.985, -64.395],
							"rotation": [0, 0, 180],
							"uv": {
								"north": {"uv": [103, 62], "uv_size": [4, 1]},
								"east": {"uv": [92, 54], "uv_size": [9, 1]},
								"south": {"uv": [103, 65], "uv_size": [4, 1]},
								"west": {"uv": [92, 55], "uv_size": [9, 1]},
								"up": {"uv": [32, 74], "uv_size": [4, 9]},
								"down": {"uv": [64, 83], "uv_size": [4, -9]}
							}
						},
						{
							"origin": [-1.03, -0.96, -70.43],
							"size": [4.04, 0.81, 9.188],
							"pivot": [0, 10.985, -22.145],
							"rotation": [0, 0, 180],
							"uv": {
								"north": {"uv": [103, 66], "uv_size": [4, 1]},
								"east": {"uv": [92, 64], "uv_size": [9, 1]},
								"south": {"uv": [103, 67], "uv_size": [4, 1]},
								"west": {"uv": [93, 24], "uv_size": [9, 1]},
								"up": {"uv": [68, 74], "uv_size": [4, 9]},
								"down": {"uv": [76, 51], "uv_size": [4, -9]}
							}
						},
						{
							"origin": [-1.03, -2.835, -119.805],
							"size": [4.04, 4.06, 3.188],
							"pivot": [0, 11.11, -78.02],
							"rotation": [0, 0, 180],
							"uv": {
								"north": {"uv": [84, 46], "uv_size": [4, 4]},
								"east": {"uv": [88, 49], "uv_size": [3, 4]},
								"south": {"uv": [84, 50], "uv_size": [4, 4]},
								"west": {"uv": [56, 88], "uv_size": [3, 4]},
								"up": {"uv": [88, 59], "uv_size": [4, 3]},
								"down": {"uv": [88, 65], "uv_size": [4, -3]}
							}
						},
						{
							"origin": [-2.1048, 25.66743, -103.5348],
							"size": [2.2298, 1.02, 2.313],
							"uv": {
								"north": {"uv": [104, 26], "uv_size": [2, 1]},
								"east": {"uv": [29, 104], "uv_size": [2, 1]},
								"south": {"uv": [104, 29], "uv_size": [2, 1]},
								"west": {"uv": [31, 104], "uv_size": [2, 1]},
								"up": {"uv": [73, 99], "uv_size": [2, 2]},
								"down": {"uv": [99, 87], "uv_size": [2, -2]}
							}
						},
						{
							"origin": [-1.49, 25.04243, -134.7848],
							"size": [0.95, 1.95, 2.063],
							"uv": {
								"north": {"uv": [33, 104], "uv_size": [1, 2]},
								"east": {"uv": [99, 98], "uv_size": [2, 2]},
								"south": {"uv": [35, 104], "uv_size": [1, 2]},
								"west": {"uv": [100, 5], "uv_size": [2, 2]},
								"up": {"uv": [37, 104], "uv_size": [1, 2]},
								"down": {"uv": [104, 39], "uv_size": [1, -2]}
							}
						},
						{
							"origin": [-2.615, 24.91743, -127.1598],
							"size": [0.45, 1.2, 2.688],
							"uv": {
								"north": {"uv": [33, 104], "uv_size": [1, 2]},
								"east": {"uv": [99, 98], "uv_size": [2, 2]},
								"south": {"uv": [35, 104], "uv_size": [1, 2]},
								"west": {"uv": [100, 5], "uv_size": [2, 2]},
								"up": {"uv": [37, 104], "uv_size": [1, 2]},
								"down": {"uv": [104, 39], "uv_size": [1, -2]}
							}
						},
						{
							"origin": [-3.615, 24.91743, -125.9098],
							"size": [0.575, 1.2, 1.438],
							"uv": {
								"north": {"uv": [33, 104], "uv_size": [1, 2]},
								"east": {"uv": [99, 98], "uv_size": [2, 2]},
								"south": {"uv": [35, 104], "uv_size": [1, 2]},
								"west": {"uv": [100, 5], "uv_size": [2, 2]},
								"up": {"uv": [37, 104], "uv_size": [1, 2]},
								"down": {"uv": [104, 39], "uv_size": [1, -2]}
							}
						},
						{
							"origin": [-3.115, 25.41743, -126.5348],
							"size": [0.7, 0.2, 2.063],
							"uv": {
								"north": {"uv": [33, 104], "uv_size": [1, 2]},
								"east": {"uv": [99, 98], "uv_size": [2, 2]},
								"south": {"uv": [35, 104], "uv_size": [1, 2]},
								"west": {"uv": [100, 5], "uv_size": [2, 2]},
								"up": {"uv": [37, 104], "uv_size": [1, 2]},
								"down": {"uv": [104, 39], "uv_size": [1, -2]}
							}
						},
						{
							"origin": [-64.99, 25.41743, -99.0348],
							"size": [0.7, 0.2, 0.938],
							"pivot": [0.125, 0.5, -37.625],
							"rotation": [0, -45, 0],
							"uv": {
								"north": {"uv": [33, 104], "uv_size": [1, 2]},
								"east": {"uv": [99, 98], "uv_size": [2, 2]},
								"south": {"uv": [35, 104], "uv_size": [1, 2]},
								"west": {"uv": [100, 5], "uv_size": [2, 2]},
								"up": {"uv": [37, 104], "uv_size": [1, 2]},
								"down": {"uv": [104, 39], "uv_size": [1, -2]}
							}
						},
						{
							"origin": [-1.1, 24.875, -133.5],
							"size": [0.2, 3.15, 0.75],
							"uv": {
								"north": {"uv": [60, 103], "uv_size": [1, 3]},
								"east": {"uv": [62, 103], "uv_size": [1, 3]},
								"south": {"uv": [63, 103], "uv_size": [1, 3]},
								"west": {"uv": [80, 103], "uv_size": [1, 3]},
								"up": {"uv": [83, 106], "uv_size": [1, 1]},
								"down": {"uv": [106, 84], "uv_size": [1, -1]}
							}
						},
						{
							"origin": [-1.1, 24.875, -134.75],
							"size": [0.2, 2.525, 1.25],
							"uv": {
								"north": {"uv": [3, 104], "uv_size": [1, 3]},
								"east": {"uv": [4, 104], "uv_size": [1, 3]},
								"south": {"uv": [5, 104], "uv_size": [1, 3]},
								"west": {"uv": [104, 5], "uv_size": [1, 3]},
								"up": {"uv": [64, 108], "uv_size": [1, 1]},
								"down": {"uv": [108, 65], "uv_size": [1, -1]}
							}
						},
						{
							"origin": [-2.125, 24.375, -138.25],
							"size": [2.25, 2.25, 110],
							"uv": {
								"north": {"uv": [100, 7], "uv_size": [2, 2]},
								"east": {"uv": [8, 0], "uv_size": [110, 2]},
								"south": {"uv": [100, 38], "uv_size": [2, 2]},
								"west": {"uv": [8, 2], "uv_size": [110, 2]},
								"up": {"uv": [8, 4], "uv_size": [2, 110]},
								"down": {"uv": [10, 114], "uv_size": [2, -110]}
							}
						},
						{
							"origin": [-2.125, 24.375, -138.375],
							"size": [0.375, 2.25, 0.125],
							"uv": {
								"north": {"uv": [42, 104], "uv_size": [1, 2]},
								"east": {"uv": [50, 104], "uv_size": [1, 2]},
								"south": {"uv": [56, 104], "uv_size": [1, 2]},
								"west": {"uv": [57, 104], "uv_size": [1, 2]},
								"up": {"uv": [106, 91], "uv_size": [1, 1]},
								"down": {"uv": [92, 107], "uv_size": [1, -1]}
							}
						},
						{
							"origin": [-1.75, 26.25, -138.375],
							"size": [1.5, 0.375, 0.125],
							"uv": {
								"north": {"uv": [104, 56], "uv_size": [2, 1]},
								"east": {"uv": [106, 93], "uv_size": [1, 1]},
								"south": {"uv": [67, 104], "uv_size": [2, 1]},
								"west": {"uv": [94, 106], "uv_size": [1, 1]},
								"up": {"uv": [71, 104], "uv_size": [2, 1]},
								"down": {"uv": [104, 73], "uv_size": [2, -1]}
							}
						},
						{
							"origin": [-1.75, 24.375, -138.375],
							"size": [1.5, 0.375, 0.125],
							"uv": {
								"north": {"uv": [104, 73], "uv_size": [2, 1]},
								"east": {"uv": [106, 94], "uv_size": [1, 1]},
								"south": {"uv": [104, 74], "uv_size": [2, 1]},
								"west": {"uv": [95, 106], "uv_size": [1, 1]},
								"up": {"uv": [75, 104], "uv_size": [2, 1]},
								"down": {"uv": [104, 76], "uv_size": [2, -1]}
							}
						},
						{
							"origin": [-0.25, 24.375, -138.375],
							"size": [0.375, 2.25, 0.125],
							"uv": {
								"north": {"uv": [104, 63], "uv_size": [1, 2]},
								"east": {"uv": [64, 104], "uv_size": [1, 2]},
								"south": {"uv": [65, 104], "uv_size": [1, 2]},
								"west": {"uv": [66, 104], "uv_size": [1, 2]},
								"up": {"uv": [106, 92], "uv_size": [1, 1]},
								"down": {"uv": [93, 107], "uv_size": [1, -1]}
							}
						},
						{
							"origin": [-0.1, 24.75, -12.55],
							"size": [1, 1.5, 7.875],
							"uv": {
								"north": {"uv": [43, 106], "uv_size": [1, 2]},
								"east": {"uv": [20, 85], "uv_size": [8, 2]},
								"south": {"uv": [106, 44], "uv_size": [1, 2]},
								"west": {"uv": [85, 27], "uv_size": [8, 2]},
								"up": {"uv": [87, 94], "uv_size": [1, 8]},
								"down": {"uv": [88, 102], "uv_size": [1, -8]}
							}
						},
						{
							"origin": [13.075, 33.35, -10.551],
							"size": [0.7, 1.4, 5.875],
							"pivot": [15.875, 14.25, -6.375],
							"rotation": [0, 0, -45],
							"uv": {
								"north": {"uv": [26, 107], "uv_size": [1, 1]},
								"east": {"uv": [97, 92], "uv_size": [6, 1]},
								"south": {"uv": [27, 107], "uv_size": [1, 1]},
								"west": {"uv": [97, 93], "uv_size": [6, 1]},
								"up": {"uv": [93, 97], "uv_size": [1, 6]},
								"down": {"uv": [94, 103], "uv_size": [1, -6]}
							}
						},
						{
							"origin": [-2.9, 24.75, -12.55],
							"size": [1, 1.5, 7.875],
							"uv": {
								"north": {"uv": [106, 41], "uv_size": [1, 2]},
								"east": {"uv": [84, 20], "uv_size": [8, 2]},
								"south": {"uv": [42, 106], "uv_size": [1, 2]},
								"west": {"uv": [84, 54], "uv_size": [8, 2]},
								"up": {"uv": [69, 94], "uv_size": [1, 8]},
								"down": {"uv": [70, 102], "uv_size": [1, -8]}
							}
						},
						{
							"origin": [-13.725, 28.38, -10.551],
							"size": [0.75, 1.4, 5.875],
							"pivot": [-10.875, 14.25, -6.375],
							"rotation": [0, 0, 45],
							"uv": {
								"north": {"uv": [19, 107], "uv_size": [1, 1]},
								"east": {"uv": [97, 90], "uv_size": [6, 1]},
								"south": {"uv": [107, 20], "uv_size": [1, 1]},
								"west": {"uv": [97, 91], "uv_size": [6, 1]},
								"up": {"uv": [80, 97], "uv_size": [1, 6]},
								"down": {"uv": [92, 103], "uv_size": [1, -6]}
							}
						},
						{
							"origin": [-1.875, 26.25, -10.55],
							"size": [1.75, 1, 5.875],
							"uv": {
								"north": {"uv": [106, 22], "uv_size": [2, 1]},
								"east": {"uv": [97, 88], "uv_size": [6, 1]},
								"south": {"uv": [106, 26], "uv_size": [2, 1]},
								"west": {"uv": [97, 89], "uv_size": [6, 1]},
								"up": {"uv": [14, 89], "uv_size": [2, 6]},
								"down": {"uv": [28, 95], "uv_size": [2, -6]}
							}
						},
						{
							"origin": [5.0101, 16.925, -103.5348],
							"size": [0.9899, 1.76086, 2.313],
							"pivot": [-12.96342, 10.98361, -72.00341],
							"rotation": [0, 0, -28],
							"uv": {
								"north": {"uv": [97, 104], "uv_size": [1, 2]},
								"east": {"uv": [101, 20], "uv_size": [2, 2]},
								"south": {"uv": [98, 104], "uv_size": [1, 2]},
								"west": {"uv": [47, 101], "uv_size": [2, 2]},
								"up": {"uv": [104, 98], "uv_size": [1, 2]},
								"down": {"uv": [99, 106], "uv_size": [1, -2]}
							}
						},
						{
							"origin": [-3.6149, 34.25, -103.5348],
							"size": [0.9899, 1.76086, 2.313],
							"pivot": [-21.58842, 28.35861, -72.00341],
							"rotation": [0, 0, 28],
							"uv": {
								"north": {"uv": [101, 104], "uv_size": [1, 2]},
								"east": {"uv": [101, 54], "uv_size": [2, 2]},
								"south": {"uv": [102, 104], "uv_size": [1, 2]},
								"west": {"uv": [101, 69], "uv_size": [2, 2]},
								"up": {"uv": [103, 104], "uv_size": [1, 2]},
								"down": {"uv": [104, 105], "uv_size": [1, -2]}
							}
						},
						{
							"origin": [-2.1048, 25.66743, -61.2848],
							"size": [2.2298, 1.02, 2.313],
							"uv": {
								"north": {"uv": [47, 105], "uv_size": [2, 1]},
								"east": {"uv": [52, 105], "uv_size": [2, 1]},
								"south": {"uv": [54, 105], "uv_size": [2, 1]},
								"west": {"uv": [105, 63], "uv_size": [2, 1]},
								"up": {"uv": [102, 45], "uv_size": [2, 2]},
								"down": {"uv": [52, 104], "uv_size": [2, -2]}
							}
						},
						{
							"origin": [-3.6149, 34.25, -61.2848],
							"size": [0.9899, 1.76086, 2.313],
							"pivot": [-21.58842, 28.35861, -29.75341],
							"rotation": [0, 0, 28],
							"uv": {
								"north": {"uv": [41, 105], "uv_size": [1, 2]},
								"east": {"uv": [41, 102], "uv_size": [2, 2]},
								"south": {"uv": [44, 105], "uv_size": [1, 2]},
								"west": {"uv": [102, 43], "uv_size": [2, 2]},
								"up": {"uv": [45, 105], "uv_size": [1, 2]},
								"down": {"uv": [46, 107], "uv_size": [1, -2]}
							}
						},
						{
							"origin": [5.0101, 16.925, -61.2848],
							"size": [0.9899, 1.76086, 2.313],
							"pivot": [-12.96342, 10.98361, -29.75341],
							"rotation": [0, 0, -28],
							"uv": {
								"north": {"uv": [105, 37], "uv_size": [1, 2]},
								"east": {"uv": [102, 24], "uv_size": [2, 2]},
								"south": {"uv": [38, 105], "uv_size": [1, 2]},
								"west": {"uv": [102, 38], "uv_size": [2, 2]},
								"up": {"uv": [39, 105], "uv_size": [1, 2]},
								"down": {"uv": [40, 107], "uv_size": [1, -2]}
							}
						},
						{
							"origin": [-1.625, 21.125, -137.875],
							"size": [1.125, 1, 3.625],
							"uv": {
								"north": {"uv": [107, 36], "uv_size": [1, 1]},
								"east": {"uv": [102, 13], "uv_size": [4, 1]},
								"south": {"uv": [107, 37], "uv_size": [1, 1]},
								"west": {"uv": [103, 20], "uv_size": [4, 1]},
								"up": {"uv": [35, 100], "uv_size": [1, 4]},
								"down": {"uv": [96, 104], "uv_size": [1, -4]}
							}
						},
						{
							"origin": [-1.375, 21.25, -136.375],
							"size": [0.75, 0.75, 16.625],
							"uv": {
								"north": {"uv": [38, 107], "uv_size": [1, 1]},
								"east": {"uv": [80, 57], "uv_size": [17, 1]},
								"south": {"uv": [107, 38], "uv_size": [1, 1]},
								"west": {"uv": [80, 58], "uv_size": [17, 1]},
								"up": {"uv": [65, 83], "uv_size": [1, 17]},
								"down": {"uv": [66, 100], "uv_size": [1, -17]}
							}
						},
						{
							"origin": [-8.625, 20.125, -38.125],
							"size": [0.875, 1, 0.875],
							"pivot": [-4.25, -1.5, -29.125],
							"rotation": [0, -45, 0],
							"uv": {
								"north": {"uv": [59, 107], "uv_size": [1, 1]},
								"east": {"uv": [107, 59], "uv_size": [1, 1]},
								"south": {"uv": [60, 107], "uv_size": [1, 1]},
								"west": {"uv": [107, 60], "uv_size": [1, 1]},
								"up": {"uv": [61, 107], "uv_size": [1, 1]},
								"down": {"uv": [107, 62], "uv_size": [1, -1]}
							}
						},
						{
							"origin": [-8.625, 19.75, -10.75],
							"size": [0.875, 1, 0.875],
							"pivot": [-4.25, -1.75, -1.75],
							"rotation": [0, -45, 0],
							"uv": {
								"north": {"uv": [62, 107], "uv_size": [1, 1]},
								"east": {"uv": [107, 62], "uv_size": [1, 1]},
								"south": {"uv": [63, 107], "uv_size": [1, 1]},
								"west": {"uv": [107, 63], "uv_size": [1, 1]},
								"up": {"uv": [107, 64], "uv_size": [1, 1]},
								"down": {"uv": [107, 66], "uv_size": [1, -1]}
							}
						},
						{
							"origin": [-8.625, 16.75, -1.625],
							"size": [0.875, 1, 0.875],
							"pivot": [-4.25, -4.75, 7.375],
							"rotation": [-20.75357, -43.07952, 14.51082],
							"uv": {
								"north": {"uv": [107, 66], "uv_size": [1, 1]},
								"east": {"uv": [107, 67], "uv_size": [1, 1]},
								"south": {"uv": [107, 68], "uv_size": [1, 1]},
								"west": {"uv": [107, 69], "uv_size": [1, 1]},
								"up": {"uv": [71, 107], "uv_size": [1, 1]},
								"down": {"uv": [72, 108], "uv_size": [1, -1]}
							}
						},
						{
							"origin": [0.6, 11.575, -76.85],
							"size": [0.35, 1.25, 1.25],
							"pivot": [0, -15.25, -43.375],
							"rotation": [-45, 0, 0],
							"uv": {
								"north": {"uv": [108, 32], "uv_size": [1, 1]},
								"east": {"uv": [33, 108], "uv_size": [1, 1]},
								"south": {"uv": [108, 33], "uv_size": [1, 1]},
								"west": {"uv": [34, 108], "uv_size": [1, 1]},
								"up": {"uv": [108, 34], "uv_size": [1, 1]},
								"down": {"uv": [35, 109], "uv_size": [1, -1]}
							}
						},
						{
							"origin": [-2.7, 11.95, -76.35],
							"size": [3.35, 0.4, 0.4],
							"pivot": [0.25, -15.25, -43.25],
							"rotation": [-45, 0, 0],
							"uv": {
								"north": {"uv": [101, 103], "uv_size": [3, 1]},
								"east": {"uv": [108, 35], "uv_size": [1, 1]},
								"south": {"uv": [103, 101], "uv_size": [3, 1]},
								"west": {"uv": [108, 36], "uv_size": [1, 1]},
								"up": {"uv": [103, 102], "uv_size": [3, 1]},
								"down": {"uv": [0, 105], "uv_size": [3, -1]}
							}
						},
						{
							"origin": [-1.875, 20.125, -60.805],
							"size": [0.375, 1, 1.375],
							"uv": {
								"north": {"uv": [40, 108], "uv_size": [1, 1]},
								"east": {"uv": [108, 40], "uv_size": [1, 1]},
								"south": {"uv": [41, 108], "uv_size": [1, 1]},
								"west": {"uv": [108, 41], "uv_size": [1, 1]},
								"up": {"uv": [42, 108], "uv_size": [1, 1]},
								"down": {"uv": [108, 43], "uv_size": [1, -1]}
							}
						},
						{
							"origin": [-2.125, 56.095, -41.53],
							"size": [2.375, 0.75, 0.75],
							"pivot": [-1.375, 42.25, -58.15],
							"rotation": [-135, 0, 0],
							"uv": {
								"north": {"uv": [106, 71], "uv_size": [2, 1]},
								"east": {"uv": [43, 108], "uv_size": [1, 1]},
								"south": {"uv": [106, 72], "uv_size": [2, 1]},
								"west": {"uv": [108, 43], "uv_size": [1, 1]},
								"up": {"uv": [73, 106], "uv_size": [2, 1]},
								"down": {"uv": [106, 74], "uv_size": [2, -1]}
							}
						},
						{
							"origin": [-1.875, -35.75, -92.25],
							"size": [0.375, 1, 1],
							"pivot": [-0.5, -45.75, -9.125],
							"rotation": [-45, 0, 0],
							"uv": {
								"north": {"uv": [44, 108], "uv_size": [1, 1]},
								"east": {"uv": [108, 44], "uv_size": [1, 1]},
								"south": {"uv": [45, 108], "uv_size": [1, 1]},
								"west": {"uv": [108, 45], "uv_size": [1, 1]},
								"up": {"uv": [46, 108], "uv_size": [1, 1]},
								"down": {"uv": [108, 47], "uv_size": [1, -1]}
							}
						},
						{
							"origin": [-0.375, -35.75, -92.25],
							"size": [0.375, 1, 1],
							"pivot": [-0.5, -45.75, -9.125],
							"rotation": [-45, 0, 0],
							"uv": {
								"north": {"uv": [57, 108], "uv_size": [1, 1]},
								"east": {"uv": [108, 57], "uv_size": [1, 1]},
								"south": {"uv": [58, 108], "uv_size": [1, 1]},
								"west": {"uv": [108, 58], "uv_size": [1, 1]},
								"up": {"uv": [59, 108], "uv_size": [1, 1]},
								"down": {"uv": [108, 60], "uv_size": [1, -1]}
							}
						},
						{
							"origin": [-0.375, 20.125, -60.805],
							"size": [0.375, 1, 1.375],
							"uv": {
								"north": {"uv": [54, 108], "uv_size": [1, 1]},
								"east": {"uv": [108, 54], "uv_size": [1, 1]},
								"south": {"uv": [55, 108], "uv_size": [1, 1]},
								"west": {"uv": [108, 55], "uv_size": [1, 1]},
								"up": {"uv": [56, 108], "uv_size": [1, 1]},
								"down": {"uv": [108, 57], "uv_size": [1, -1]}
							}
						},
						{
							"origin": [-1.625, 20.125, -103.18],
							"size": [1.375, 1, 1.375],
							"uv": {
								"north": {"uv": [51, 108], "uv_size": [1, 1]},
								"east": {"uv": [108, 51], "uv_size": [1, 1]},
								"south": {"uv": [52, 108], "uv_size": [1, 1]},
								"west": {"uv": [108, 52], "uv_size": [1, 1]},
								"up": {"uv": [53, 108], "uv_size": [1, 1]},
								"down": {"uv": [108, 54], "uv_size": [1, -1]}
							}
						},
						{
							"origin": [-1.875, 56.095, -83.905],
							"size": [1.875, 0.75, 0.75],
							"pivot": [-1.375, 42.25, -100.525],
							"rotation": [-135, 0, 0],
							"uv": {
								"north": {"uv": [106, 74], "uv_size": [2, 1]},
								"east": {"uv": [50, 108], "uv_size": [1, 1]},
								"south": {"uv": [75, 106], "uv_size": [2, 1]},
								"west": {"uv": [108, 50], "uv_size": [1, 1]},
								"up": {"uv": [106, 75], "uv_size": [2, 1]},
								"down": {"uv": [106, 77], "uv_size": [2, -1]}
							}
						},
						{
							"origin": [-3.125, 57.845, -99.405],
							"size": [4.375, 0.625, 0.625],
							"pivot": [-0.125, 43.875, -116.15],
							"rotation": [-135, 0, 0],
							"uv": {
								"north": {"uv": [103, 58], "uv_size": [4, 1]},
								"east": {"uv": [60, 108], "uv_size": [1, 1]},
								"south": {"uv": [103, 59], "uv_size": [4, 1]},
								"west": {"uv": [108, 60], "uv_size": [1, 1]},
								"up": {"uv": [103, 60], "uv_size": [4, 1]},
								"down": {"uv": [103, 62], "uv_size": [4, -1]}
							}
						},
						{
							"origin": [-1.625, -35.75, -134.625],
							"size": [1.375, 1, 1],
							"pivot": [-0.5, -45.75, -51.5],
							"rotation": [-45, 0, 0],
							"uv": {
								"north": {"uv": [47, 108], "uv_size": [1, 1]},
								"east": {"uv": [108, 47], "uv_size": [1, 1]},
								"south": {"uv": [48, 108], "uv_size": [1, 1]},
								"west": {"uv": [108, 48], "uv_size": [1, 1]},
								"up": {"uv": [49, 108], "uv_size": [1, 1]},
								"down": {"uv": [108, 50], "uv_size": [1, -1]}
							}
						},
						{
							"origin": [-1.1, -111, -234.625],
							"size": [0.2, 1.35, 0.625],
							"pivot": [0, -124.125, -70.625],
							"rotation": [-62.5, 0, 0],
							"uv": {
								"north": {"uv": [61, 108], "uv_size": [1, 1]},
								"east": {"uv": [108, 61], "uv_size": [1, 1]},
								"south": {"uv": [62, 108], "uv_size": [1, 1]},
								"west": {"uv": [108, 62], "uv_size": [1, 1]},
								"up": {"uv": [63, 108], "uv_size": [1, 1]},
								"down": {"uv": [108, 64], "uv_size": [1, -1]}
							}
						}
					]
				},
				{
					"name": "bone",
					"parent": "Metal",
					"pivot": [-18, 36.25, 4.5],
					"rotation": [0, 0, -180],
					"cubes": [
						{
							"origin": [-47.58483, 50.04161, -12.551],
							"size": [0.75, 1.4, 7.875],
							"pivot": [-45, 36, 4.5],
							"rotation": [0, 0, 45],
							"uv": {
								"north": {"uv": [107, 24], "uv_size": [1, 1]},
								"east": {"uv": [94, 78], "uv_size": [8, 1]},
								"south": {"uv": [107, 25], "uv_size": [1, 1]},
								"west": {"uv": [94, 79], "uv_size": [8, 1]},
								"up": {"uv": [81, 94], "uv_size": [1, 8]},
								"down": {"uv": [82, 102], "uv_size": [1, -8]}
							}
						},
						{
							"origin": [-35.875, 47.75, -12.55],
							"size": [1.75, 1, 7.875],
							"uv": {
								"north": {"uv": [106, 29], "uv_size": [2, 1]},
								"east": {"uv": [94, 76], "uv_size": [8, 1]},
								"south": {"uv": [106, 43], "uv_size": [2, 1]},
								"west": {"uv": [94, 77], "uv_size": [8, 1]},
								"up": {"uv": [77, 84], "uv_size": [2, 8]},
								"down": {"uv": [79, 92], "uv_size": [2, -8]}
							}
						},
						{
							"origin": [-21.06517, 55.01161, -12.551],
							"size": [0.7, 1.4, 7.875],
							"pivot": [-18, 36, 4.5],
							"rotation": [0, 0, -45],
							"uv": {
								"north": {"uv": [107, 21], "uv_size": [1, 1]},
								"east": {"uv": [94, 63], "uv_size": [8, 1]},
								"south": {"uv": [107, 23], "uv_size": [1, 1]},
								"west": {"uv": [94, 75], "uv_size": [8, 1]},
								"up": {"uv": [67, 94], "uv_size": [1, 8]},
								"down": {"uv": [68, 102], "uv_size": [1, -8]}
							}
						}
					]
				},
				{
					"name": "bone3",
					"parent": "bone",
					"pivot": [-45, 36, 4.5]
				},
				{
					"name": "TriggerMag",
					"parent": "Metal",
					"pivot": [0, 0, 4.75],
					"cubes": [
						{
							"origin": [-2.15, 13.5, 19.8],
							"size": [2.3, 5.625, 1],
							"pivot": [0, 6.75, 10],
							"rotation": [75, 0, 0],
							"uv": {
								"north": {"uv": [48, 88], "uv_size": [2, 6]},
								"east": {"uv": [62, 97], "uv_size": [1, 6]},
								"south": {"uv": [50, 88], "uv_size": [2, 6]},
								"west": {"uv": [63, 97], "uv_size": [1, 6]},
								"up": {"uv": [38, 104], "uv_size": [2, 1]},
								"down": {"uv": [104, 40], "uv_size": [2, -1]}
							}
						},
						{
							"origin": [-2.15, 17.75, 21.8],
							"size": [2.3, 5.625, 1],
							"pivot": [0, 6.75, 10],
							"rotation": [85, 0, 0],
							"uv": {
								"north": {"uv": [87, 88], "uv_size": [2, 6]},
								"east": {"uv": [75, 97], "uv_size": [1, 6]},
								"south": {"uv": [12, 89], "uv_size": [2, 6]},
								"west": {"uv": [77, 97], "uv_size": [1, 6]},
								"up": {"uv": [105, 104], "uv_size": [2, 1]},
								"down": {"uv": [105, 106], "uv_size": [2, -1]}
							}
						},
						{
							"origin": [-2.15, 5.125, 20.626],
							"size": [2.3, 1, 5.25],
							"pivot": [0, -0.875, 4.875],
							"rotation": [85, 0, 0],
							"uv": {
								"north": {"uv": [40, 104], "uv_size": [2, 1]},
								"east": {"uv": [64, 63], "uv_size": [5, 1]},
								"south": {"uv": [104, 40], "uv_size": [2, 1]},
								"west": {"uv": [98, 11], "uv_size": [5, 1]},
								"up": {"uv": [44, 91], "uv_size": [2, 5]},
								"down": {"uv": [46, 96], "uv_size": [2, -5]}
							}
						},
						{
							"origin": [-2.149, 29.425, 30.275],
							"size": [2.298, 1, 1.6],
							"pivot": [0, 18.125, 14.475],
							"rotation": [150, 0, 0],
							"uv": {
								"north": {"uv": [104, 43], "uv_size": [2, 1]},
								"east": {"uv": [44, 104], "uv_size": [2, 1]},
								"south": {"uv": [104, 44], "uv_size": [2, 1]},
								"west": {"uv": [104, 45], "uv_size": [2, 1]},
								"up": {"uv": [100, 43], "uv_size": [2, 2]},
								"down": {"uv": [100, 47], "uv_size": [2, -2]}
							}
						},
						{
							"origin": [-2.149, 24.05, 36.025],
							"size": [2.298, 1, 2.1],
							"pivot": [0, 12.75, 20.725],
							"rotation": [137.5, 0, 0],
							"uv": {
								"north": {"uv": [20, 105], "uv_size": [2, 1]},
								"east": {"uv": [22, 105], "uv_size": [2, 1]},
								"south": {"uv": [105, 23], "uv_size": [2, 1]},
								"west": {"uv": [24, 105], "uv_size": [2, 1]},
								"up": {"uv": [102, 5], "uv_size": [2, 2]},
								"down": {"uv": [102, 9], "uv_size": [2, -2]}
							}
						},
						{
							"origin": [-2.15, 12.05, 32.525],
							"size": [2.3, 1, 0.85],
							"pivot": [0, 0.75, 16.475],
							"rotation": [102.5, 0, 0],
							"uv": {
								"north": {"uv": [105, 24], "uv_size": [2, 1]},
								"east": {"uv": [2, 107], "uv_size": [1, 1]},
								"south": {"uv": [105, 25], "uv_size": [2, 1]},
								"west": {"uv": [3, 107], "uv_size": [1, 1]},
								"up": {"uv": [29, 105], "uv_size": [2, 1]},
								"down": {"uv": [31, 106], "uv_size": [2, -1]}
							}
						},
						{
							"origin": [-2.15, 7.8, 30.525],
							"size": [2.3, 1, 1.85],
							"pivot": [0, 19.125, 14.475],
							"rotation": [-150, 0, 0],
							"uv": {
								"north": {"uv": [85, 104], "uv_size": [2, 1]},
								"east": {"uv": [104, 85], "uv_size": [2, 1]},
								"south": {"uv": [104, 86], "uv_size": [2, 1]},
								"west": {"uv": [87, 104], "uv_size": [2, 1]},
								"up": {"uv": [78, 100], "uv_size": [2, 2]},
								"down": {"uv": [84, 102], "uv_size": [2, -2]}
							}
						},
						{
							"origin": [-2.15, 4.825, 30.145],
							"size": [2.3, 5.5, 1],
							"pivot": [0, -4.875, 9.875],
							"rotation": [90, 0, 0],
							"uv": {
								"north": {"uv": [92, 9], "uv_size": [2, 5]},
								"east": {"uv": [72, 74], "uv_size": [1, 5]},
								"south": {"uv": [33, 92], "uv_size": [2, 5]},
								"west": {"uv": [37, 98], "uv_size": [1, 5]},
								"up": {"uv": [46, 104], "uv_size": [2, 1]},
								"down": {"uv": [104, 47], "uv_size": [2, -1]}
							}
						},
						{
							"origin": [-2.15, 14.125, 24.475],
							"size": [2.3, 1, 2],
							"pivot": [0, 3.125, 8.475],
							"rotation": [102.5, 0, 0],
							"uv": {
								"north": {"uv": [104, 47], "uv_size": [2, 1]},
								"east": {"uv": [48, 104], "uv_size": [2, 1]},
								"south": {"uv": [104, 48], "uv_size": [2, 1]},
								"west": {"uv": [104, 49], "uv_size": [2, 1]},
								"up": {"uv": [52, 100], "uv_size": [2, 2]},
								"down": {"uv": [100, 54], "uv_size": [2, -2]}
							}
						},
						{
							"origin": [-2.149, -14.125, -3.775],
							"size": [2.298, 1, 2],
							"pivot": [0, 4.125, 8.475],
							"rotation": [-102.5, 0, 0],
							"uv": {
								"north": {"uv": [81, 104], "uv_size": [2, 1]},
								"east": {"uv": [83, 104], "uv_size": [2, 1]},
								"south": {"uv": [104, 83], "uv_size": [2, 1]},
								"west": {"uv": [104, 84], "uv_size": [2, 1]},
								"up": {"uv": [64, 100], "uv_size": [2, 2]},
								"down": {"uv": [100, 74], "uv_size": [2, -2]}
							}
						},
						{
							"origin": [-1.75, -12.125, 25.425],
							"size": [1.5, 0.7, 3.625],
							"pivot": [0.25, -4.375, 4],
							"rotation": [125, 0, 0],
							"uv": {
								"north": {"uv": [52, 104], "uv_size": [2, 1]},
								"east": {"uv": [99, 87], "uv_size": [4, 1]},
								"south": {"uv": [104, 52], "uv_size": [2, 1]},
								"west": {"uv": [100, 9], "uv_size": [4, 1]},
								"up": {"uv": [37, 94], "uv_size": [2, 4]},
								"down": {"uv": [39, 98], "uv_size": [2, -4]}
							}
						},
						{
							"origin": [-1.75, 10.25, 20.3],
							"size": [1.5, 0.7, 1.125],
							"pivot": [0.25, -4.375, 4],
							"rotation": [65, 0, 0],
							"uv": {
								"north": {"uv": [104, 76], "uv_size": [2, 1]},
								"east": {"uv": [106, 95], "uv_size": [1, 1]},
								"south": {"uv": [77, 104], "uv_size": [2, 1]},
								"west": {"uv": [96, 106], "uv_size": [1, 1]},
								"up": {"uv": [104, 77], "uv_size": [2, 1]},
								"down": {"uv": [104, 79], "uv_size": [2, -1]}
							}
						},
						{
							"origin": [-2.15, 9.875, 10.775],
							"size": [2.3, 34.625, 1.125],
							"pivot": [0, 6.75, -2.25],
							"rotation": [89.15, 0, 0],
							"uv": {
								"north": {"uv": [16, 59], "uv_size": [2, 35]},
								"east": {"uv": [43, 67], "uv_size": [1, 35]},
								"south": {"uv": [18, 59], "uv_size": [2, 35]},
								"west": {"uv": [36, 74], "uv_size": [1, 35]},
								"up": {"uv": [104, 79], "uv_size": [2, 1]},
								"down": {"uv": [104, 81], "uv_size": [2, -1]}
							}
						},
						{
							"origin": [-3.025, 21, 10.775],
							"size": [0.925, 4.625, 0.25],
							"pivot": [0, 6.75, -2.25],
							"rotation": [89.15, 0, 0],
							"uv": {
								"north": {"uv": [98, 47], "uv_size": [1, 5]},
								"east": {"uv": [49, 98], "uv_size": [1, 5]},
								"south": {"uv": [50, 98], "uv_size": [1, 5]},
								"west": {"uv": [71, 98], "uv_size": [1, 5]},
								"up": {"uv": [107, 50], "uv_size": [1, 1]},
								"down": {"uv": [51, 108], "uv_size": [1, -1]}
							}
						},
						{
							"origin": [-3.025, 21.75, 11.4],
							"size": [4.05, 3.125, 0.375],
							"pivot": [0, 6.75, -2.25],
							"rotation": [89.15, 0, 0],
							"uv": {
								"north": {"uv": [89, 34], "uv_size": [4, 3]},
								"east": {"uv": [89, 103], "uv_size": [1, 3]},
								"south": {"uv": [89, 81], "uv_size": [4, 3]},
								"west": {"uv": [103, 89], "uv_size": [1, 3]},
								"up": {"uv": [103, 28], "uv_size": [4, 1]},
								"down": {"uv": [30, 104], "uv_size": [4, -1]}
							}
						},
						{
							"origin": [-3.025, 21.375, 11.025],
							"size": [4.05, 3.875, 0.375],
							"pivot": [0, 6.75, -2.25],
							"rotation": [89.15, 0, 0],
							"uv": {
								"north": {"uv": [12, 85], "uv_size": [4, 4]},
								"east": {"uv": [74, 101], "uv_size": [1, 4]},
								"south": {"uv": [28, 85], "uv_size": [4, 4]},
								"west": {"uv": [91, 101], "uv_size": [1, 4]},
								"up": {"uv": [47, 103], "uv_size": [4, 1]},
								"down": {"uv": [103, 51], "uv_size": [4, -1]}
							}
						},
						{
							"origin": [-3.025, 7.45, 17.15],
							"size": [4.05, 0.25, 1.125],
							"pivot": [0, 6.75, -2.25],
							"rotation": [134.15, 0, 0],
							"uv": {
								"north": {"uv": [103, 30], "uv_size": [4, 1]},
								"east": {"uv": [57, 107], "uv_size": [1, 1]},
								"south": {"uv": [103, 31], "uv_size": [4, 1]},
								"west": {"uv": [107, 57], "uv_size": [1, 1]},
								"up": {"uv": [103, 32], "uv_size": [4, 1]},
								"down": {"uv": [103, 34], "uv_size": [4, -1]}
							}
						},
						{
							"origin": [-3.025, -16.05, -0.1],
							"size": [4.05, 0.25, 1.125],
							"pivot": [0, 6.75, -2.25],
							"rotation": [-134.15, 0, 0],
							"uv": {
								"north": {"uv": [103, 34], "uv_size": [4, 1]},
								"east": {"uv": [58, 107], "uv_size": [1, 1]},
								"south": {"uv": [103, 35], "uv_size": [4, 1]},
								"west": {"uv": [107, 58], "uv_size": [1, 1]},
								"up": {"uv": [103, 36], "uv_size": [4, 1]},
								"down": {"uv": [37, 104], "uv_size": [4, -1]}
							}
						},
						{
							"origin": [0.1, 21, 10.775],
							"size": [0.925, 4.625, 0.25],
							"pivot": [3.125, 6.75, -2.25],
							"rotation": [89.15, 0, 0],
							"uv": {
								"north": {"uv": [76, 98], "uv_size": [1, 5]},
								"east": {"uv": [97, 98], "uv_size": [1, 5]},
								"south": {"uv": [98, 98], "uv_size": [1, 5]},
								"west": {"uv": [99, 5], "uv_size": [1, 5]},
								"up": {"uv": [107, 51], "uv_size": [1, 1]},
								"down": {"uv": [52, 108], "uv_size": [1, -1]}
							}
						},
						{
							"origin": [-1.775, 14.375, 10.784],
							"size": [0.925, 6.25, 1.125],
							"pivot": [3.125, 6.75, -2.25],
							"rotation": [89.15, -7.5, 0],
							"uv": {
								"north": {"uv": [5, 98], "uv_size": [1, 6]},
								"east": {"uv": [98, 5], "uv_size": [1, 6]},
								"south": {"uv": [6, 98], "uv_size": [1, 6]},
								"west": {"uv": [7, 98], "uv_size": [1, 6]},
								"up": {"uv": [107, 52], "uv_size": [1, 1]},
								"down": {"uv": [53, 108], "uv_size": [1, -1]}
							}
						},
						{
							"origin": [1, 25.2499, 10.775],
							"size": [0.8, 19.25, 0.375],
							"pivot": [3.125, 6.75, -2.25],
							"rotation": [89.15, 2.5, 0],
							"uv": {
								"north": {"uv": [76, 79], "uv_size": [1, 19]},
								"east": {"uv": [81, 75], "uv_size": [1, 19]},
								"south": {"uv": [82, 75], "uv_size": [1, 19]},
								"west": {"uv": [0, 83], "uv_size": [1, 19]},
								"up": {"uv": [107, 54], "uv_size": [1, 1]},
								"down": {"uv": [55, 108], "uv_size": [1, -1]}
							}
						},
						{
							"origin": [-3.77, 25.2499, 10.779],
							"size": [0.8, 18.875, 1.125],
							"pivot": [3.125, 6.75, -2.25],
							"rotation": [89.15, -2.5, 0],
							"uv": {
								"north": {"uv": [1, 83], "uv_size": [1, 19]},
								"east": {"uv": [2, 83], "uv_size": [1, 19]},
								"south": {"uv": [3, 83], "uv_size": [1, 19]},
								"west": {"uv": [32, 83], "uv_size": [1, 19]},
								"up": {"uv": [107, 55], "uv_size": [1, 1]},
								"down": {"uv": [56, 108], "uv_size": [1, -1]}
							}
						},
						{
							"origin": [-1.075, 15.5, 10.775],
							"size": [0.925, 6.25, 1.125],
							"pivot": [3.125, 6.75, -2.25],
							"rotation": [89.15, 7.5, 0],
							"uv": {
								"north": {"uv": [20, 98], "uv_size": [1, 6]},
								"east": {"uv": [21, 98], "uv_size": [1, 6]},
								"south": {"uv": [22, 98], "uv_size": [1, 6]},
								"west": {"uv": [23, 98], "uv_size": [1, 6]},
								"up": {"uv": [107, 53], "uv_size": [1, 1]},
								"down": {"uv": [54, 108], "uv_size": [1, -1]}
							}
						}
					]
				},
				{
					"name": "bone2",
					"parent": "TriggerMag",
					"pivot": [0, 34.625, -0.275],
					"rotation": [-1.5, 0, 0],
					"cubes": [
						{
							"origin": [-2.15, 18.125, -22.999],
							"size": [2.3, 1.625, 9.625],
							"uv": {
								"north": {"uv": [54, 100], "uv_size": [2, 2]},
								"east": {"uv": [80, 42], "uv_size": [10, 2]},
								"south": {"uv": [56, 100], "uv_size": [2, 2]},
								"west": {"uv": [80, 44], "uv_size": [10, 2]},
								"up": {"uv": [41, 77], "uv_size": [2, 10]},
								"down": {"uv": [80, 56], "uv_size": [2, -10]}
							}
						},
						{
							"origin": [-2.15, 15.75, -20.374],
							"size": [2.3, 2.375, 7],
							"uv": {
								"north": {"uv": [56, 102], "uv_size": [2, 2]},
								"east": {"uv": [87, 77], "uv_size": [7, 2]},
								"south": {"uv": [102, 63], "uv_size": [2, 2]},
								"west": {"uv": [87, 79], "uv_size": [7, 2]},
								"up": {"uv": [41, 87], "uv_size": [2, 7]},
								"down": {"uv": [67, 94], "uv_size": [2, -7]}
							}
						},
						{
							"origin": [-2.149, 48.22, 17.975],
							"size": [2.297, 0.75, 2.1],
							"pivot": [0, 34.625, -0.275],
							"rotation": [-164, 0, 0],
							"uv": {
								"north": {"uv": [76, 105], "uv_size": [2, 1]},
								"east": {"uv": [81, 105], "uv_size": [2, 1]},
								"south": {"uv": [83, 105], "uv_size": [2, 1]},
								"west": {"uv": [85, 105], "uv_size": [2, 1]},
								"up": {"uv": [68, 102], "uv_size": [2, 2]},
								"down": {"uv": [102, 74], "uv_size": [2, -2]}
							}
						},
						{
							"origin": [-2.149, 32.97, 23.725],
							"size": [2.297, 0.875, 1.85],
							"pivot": [0, 34.625, -0.275],
							"rotation": [-126.5, 0, 0],
							"uv": {
								"north": {"uv": [105, 64], "uv_size": [2, 1]},
								"east": {"uv": [67, 105], "uv_size": [2, 1]},
								"south": {"uv": [71, 105], "uv_size": [2, 1]},
								"west": {"uv": [74, 105], "uv_size": [2, 1]},
								"up": {"uv": [102, 52], "uv_size": [2, 2]},
								"down": {"uv": [54, 104], "uv_size": [2, -2]}
							}
						},
						{
							"origin": [-1.65, 14.25, -19.499],
							"size": [0.55, 5.375, 2.375],
							"pivot": [0, -0.375, -6.875],
							"rotation": [0, 0, 5],
							"uv": {
								"north": {"uv": [40, 98], "uv_size": [1, 5]},
								"east": {"uv": [56, 92], "uv_size": [2, 5]},
								"south": {"uv": [98, 42], "uv_size": [1, 5]},
								"west": {"uv": [92, 59], "uv_size": [2, 5]},
								"up": {"uv": [91, 105], "uv_size": [1, 2]},
								"down": {"uv": [104, 107], "uv_size": [1, -2]}
							}
						},
						{
							"origin": [-2.15, 14.25, -20.374],
							"size": [2.3, 1.5, 4.125],
							"uv": {
								"north": {"uv": [64, 102], "uv_size": [2, 2]},
								"east": {"uv": [94, 48], "uv_size": [4, 2]},
								"south": {"uv": [66, 102], "uv_size": [2, 2]},
								"west": {"uv": [94, 50], "uv_size": [4, 2]},
								"up": {"uv": [94, 59], "uv_size": [2, 4]},
								"down": {"uv": [94, 69], "uv_size": [2, -4]}
							}
						},
						{
							"origin": [-2.149, 50.825, -0.475],
							"size": [2.297, 1.125, 3.975],
							"pivot": [0, 25.625, 3.725],
							"rotation": [106, 0, 0],
							"uv": {
								"north": {"uv": [104, 41], "uv_size": [2, 1]},
								"east": {"uv": [99, 51], "uv_size": [4, 1]},
								"south": {"uv": [104, 42], "uv_size": [2, 1]},
								"west": {"uv": [99, 71], "uv_size": [4, 1]},
								"up": {"uv": [94, 29], "uv_size": [2, 4]},
								"down": {"uv": [94, 37], "uv_size": [2, -4]}
							}
						},
						{
							"origin": [-0.9, 14.375, -19.499],
							"size": [0.55, 5.375, 2.375],
							"pivot": [0, -0.375, -6.875],
							"rotation": [0, 0, -5],
							"uv": {
								"north": {"uv": [38, 98], "uv_size": [1, 5]},
								"east": {"uv": [92, 42], "uv_size": [2, 5]},
								"south": {"uv": [39, 98], "uv_size": [1, 5]},
								"west": {"uv": [92, 47], "uv_size": [2, 5]},
								"up": {"uv": [49, 105], "uv_size": [1, 2]},
								"down": {"uv": [78, 107], "uv_size": [1, -2]}
							}
						},
						{
							"origin": [-2.149, 53.72, 17.475],
							"size": [2.297, 0.75, 2.1],
							"pivot": [0, 34.625, -0.275],
							"rotation": [171, 0, 0],
							"uv": {
								"north": {"uv": [87, 105], "uv_size": [2, 1]},
								"east": {"uv": [105, 98], "uv_size": [2, 1]},
								"south": {"uv": [105, 99], "uv_size": [2, 1]},
								"west": {"uv": [105, 103], "uv_size": [2, 1]},
								"up": {"uv": [102, 75], "uv_size": [2, 2]},
								"down": {"uv": [102, 79], "uv_size": [2, -2]}
							}
						}
					]
				},
				{
					"name": "Sight",
					"parent": "Metal",
					"pivot": [0, 11.7811, -19.6259],
					"cubes": [
						{
							"origin": [-1.8602, 26.575, -48.65],
							"size": [1.7102, 0.6, 8.6],
							"uv": {
								"north": {"uv": [104, 53], "uv_size": [2, 1]},
								"east": {"uv": [90, 70], "uv_size": [9, 1]},
								"south": {"uv": [54, 104], "uv_size": [2, 1]},
								"west": {"uv": [90, 71], "uv_size": [9, 1]},
								"up": {"uv": [82, 46], "uv_size": [2, 9]},
								"down": {"uv": [33, 92], "uv_size": [2, -9]}
							}
						},
						{
							"origin": [-2.1102, 26.575, -48.65],
							"size": [0.3352, 1.1, 8.6],
							"uv": {
								"north": {"uv": [86, 107], "uv_size": [1, 1]},
								"east": {"uv": [91, 52], "uv_size": [9, 1]},
								"south": {"uv": [107, 86], "uv_size": [1, 1]},
								"west": {"uv": [92, 14], "uv_size": [9, 1]},
								"up": {"uv": [90, 92], "uv_size": [1, 9]},
								"down": {"uv": [91, 101], "uv_size": [1, -9]}
							}
						},
						{
							"origin": [-1.7352, 27.2, -48.025],
							"size": [1.4602, 0.35, 8.1],
							"uv": {
								"north": {"uv": [1, 108], "uv_size": [1, 1]},
								"east": {"uv": [94, 80], "uv_size": [8, 1]},
								"south": {"uv": [2, 108], "uv_size": [1, 1]},
								"west": {"uv": [96, 29], "uv_size": [8, 1]},
								"up": {"uv": [59, 95], "uv_size": [1, 8]},
								"down": {"uv": [60, 103], "uv_size": [1, -8]}
							}
						},
						{
							"origin": [-2.4852, 27.2, -47.15],
							"size": [0.4602, 0.375, 12.475],
							"uv": {
								"north": {"uv": [3, 108], "uv_size": [1, 1]},
								"east": {"uv": [88, 15], "uv_size": [12, 1]},
								"south": {"uv": [4, 108], "uv_size": [1, 1]},
								"west": {"uv": [88, 53], "uv_size": [12, 1]},
								"up": {"uv": [75, 85], "uv_size": [1, 12]},
								"down": {"uv": [83, 102], "uv_size": [1, -12]}
							}
						},
						{
							"origin": [-2.1102, 27.2, -35.9],
							"size": [0.3352, 0.375, 1.225],
							"uv": {
								"north": {"uv": [37, 108], "uv_size": [1, 1]},
								"east": {"uv": [108, 37], "uv_size": [1, 1]},
								"south": {"uv": [38, 108], "uv_size": [1, 1]},
								"west": {"uv": [108, 38], "uv_size": [1, 1]},
								"up": {"uv": [39, 108], "uv_size": [1, 1]},
								"down": {"uv": [108, 40], "uv_size": [1, -1]}
							}
						},
						{
							"origin": [-2.1102, 27.2, -40.025],
							"size": [2.2102, 0.35, 7.1],
							"uv": {
								"north": {"uv": [106, 70], "uv_size": [2, 1]},
								"east": {"uv": [44, 97], "uv_size": [7, 1]},
								"south": {"uv": [71, 106], "uv_size": [2, 1]},
								"west": {"uv": [97, 56], "uv_size": [7, 1]},
								"up": {"uv": [69, 87], "uv_size": [2, 7]},
								"down": {"uv": [87, 88], "uv_size": [2, -7]}
							}
						},
						{
							"origin": [-1.4852, 27.2, -33.025],
							"size": [0.9602, 0.35, 1.05],
							"uv": {
								"north": {"uv": [108, 4], "uv_size": [1, 1]},
								"east": {"uv": [5, 108], "uv_size": [1, 1]},
								"south": {"uv": [108, 5], "uv_size": [1, 1]},
								"west": {"uv": [6, 108], "uv_size": [1, 1]},
								"up": {"uv": [108, 6], "uv_size": [1, 1]},
								"down": {"uv": [7, 109], "uv_size": [1, -1]}
							}
						},
						{
							"origin": [-1.4852, 13.725, -43.15],
							"size": [0.2102, 0.725, 0.675],
							"pivot": [-1.625, 0.375, -10.125],
							"rotation": [-27.5, 0, 0],
							"uv": {
								"north": {"uv": [108, 15], "uv_size": [1, 1]},
								"east": {"uv": [16, 108], "uv_size": [1, 1]},
								"south": {"uv": [17, 108], "uv_size": [1, 1]},
								"west": {"uv": [18, 108], "uv_size": [1, 1]},
								"up": {"uv": [19, 108], "uv_size": [1, 1]},
								"down": {"uv": [20, 109], "uv_size": [1, -1]}
							}
						},
						{
							"origin": [-1.4852, 14.1, -42.525],
							"size": [0.2102, 0.35, 0.425],
							"pivot": [-1.625, 0.375, -10.125],
							"rotation": [-27.5, 0, 0],
							"uv": {
								"north": {"uv": [108, 20], "uv_size": [1, 1]},
								"east": {"uv": [21, 108], "uv_size": [1, 1]},
								"south": {"uv": [108, 21], "uv_size": [1, 1]},
								"west": {"uv": [22, 108], "uv_size": [1, 1]},
								"up": {"uv": [108, 22], "uv_size": [1, 1]},
								"down": {"uv": [23, 109], "uv_size": [1, -1]}
							}
						},
						{
							"origin": [-1.3602, 13.725, -43.15],
							"size": [0.7102, 0.35, 1.05],
							"pivot": [-1.625, 0.375, -10.125],
							"rotation": [-27.5, 0, 0],
							"uv": {
								"north": {"uv": [108, 26], "uv_size": [1, 1]},
								"east": {"uv": [27, 108], "uv_size": [1, 1]},
								"south": {"uv": [108, 27], "uv_size": [1, 1]},
								"west": {"uv": [28, 108], "uv_size": [1, 1]},
								"up": {"uv": [108, 28], "uv_size": [1, 1]},
								"down": {"uv": [29, 109], "uv_size": [1, -1]}
							}
						},
						{
							"origin": [-0.7352, 13.725, -43.15],
							"size": [0.2102, 0.725, 0.675],
							"pivot": [-1.625, 0.375, -10.125],
							"rotation": [-27.5, 0, 0],
							"uv": {
								"north": {"uv": [108, 29], "uv_size": [1, 1]},
								"east": {"uv": [30, 108], "uv_size": [1, 1]},
								"south": {"uv": [108, 30], "uv_size": [1, 1]},
								"west": {"uv": [31, 108], "uv_size": [1, 1]},
								"up": {"uv": [108, 31], "uv_size": [1, 1]},
								"down": {"uv": [32, 109], "uv_size": [1, -1]}
							}
						},
						{
							"origin": [-0.7352, 14.1, -42.525],
							"size": [0.2102, 0.35, 0.425],
							"pivot": [-1.625, 0.375, -10.125],
							"rotation": [-27.5, 0, 0],
							"uv": {
								"north": {"uv": [108, 23], "uv_size": [1, 1]},
								"east": {"uv": [24, 108], "uv_size": [1, 1]},
								"south": {"uv": [108, 24], "uv_size": [1, 1]},
								"west": {"uv": [25, 108], "uv_size": [1, 1]},
								"up": {"uv": [108, 25], "uv_size": [1, 1]},
								"down": {"uv": [26, 109], "uv_size": [1, -1]}
							}
						},
						{
							"origin": [-13.3602, 27.2, -30.275],
							"size": [0.9602, 0.35, 1.1],
							"pivot": [-1.625, 0.375, -10.125],
							"rotation": [0, -32.5, 0],
							"uv": {
								"north": {"uv": [108, 7], "uv_size": [1, 1]},
								"east": {"uv": [108, 8], "uv_size": [1, 1]},
								"south": {"uv": [108, 9], "uv_size": [1, 1]},
								"west": {"uv": [108, 10], "uv_size": [1, 1]},
								"up": {"uv": [108, 11], "uv_size": [1, 1]},
								"down": {"uv": [12, 109], "uv_size": [1, -1]}
							}
						},
						{
							"origin": [10.2198, 27.2, -29.6],
							"size": [0.9602, 0.35, 1.1],
							"pivot": [-1.625, 0.375, -10.125],
							"rotation": [0, 32.5, 0],
							"uv": {
								"north": {"uv": [108, 12], "uv_size": [1, 1]},
								"east": {"uv": [13, 108], "uv_size": [1, 1]},
								"south": {"uv": [108, 13], "uv_size": [1, 1]},
								"west": {"uv": [14, 108], "uv_size": [1, 1]},
								"up": {"uv": [108, 14], "uv_size": [1, 1]},
								"down": {"uv": [15, 109], "uv_size": [1, -1]}
							}
						},
						{
							"origin": [-0.2352, 26.575, -48.65],
							"size": [0.3352, 1.1, 8.6],
							"uv": {
								"north": {"uv": [87, 107], "uv_size": [1, 1]},
								"east": {"uv": [92, 20], "uv_size": [9, 1]},
								"south": {"uv": [107, 87], "uv_size": [1, 1]},
								"west": {"uv": [92, 21], "uv_size": [9, 1]},
								"up": {"uv": [93, 27], "uv_size": [1, 9]},
								"down": {"uv": [61, 102], "uv_size": [1, -9]}
							}
						},
						{
							"origin": [-0.2352, 27.575, -48.65],
							"size": [0.3352, 1.275, 0.975],
							"uv": {
								"north": {"uv": [89, 107], "uv_size": [1, 1]},
								"east": {"uv": [107, 89], "uv_size": [1, 1]},
								"south": {"uv": [90, 107], "uv_size": [1, 1]},
								"west": {"uv": [107, 90], "uv_size": [1, 1]},
								"up": {"uv": [91, 107], "uv_size": [1, 1]},
								"down": {"uv": [107, 92], "uv_size": [1, -1]}
							}
						},
						{
							"origin": [-0.2352, 27.575, -47.775],
							"size": [0.3352, 1.91, 1.1],
							"uv": {
								"north": {"uv": [64, 106], "uv_size": [1, 2]},
								"east": {"uv": [65, 106], "uv_size": [1, 2]},
								"south": {"uv": [66, 106], "uv_size": [1, 2]},
								"west": {"uv": [67, 106], "uv_size": [1, 2]},
								"up": {"uv": [92, 107], "uv_size": [1, 1]},
								"down": {"uv": [107, 93], "uv_size": [1, -1]}
							}
						},
						{
							"origin": [-0.2342, 20.325, -55.025],
							"size": [0.3352, 0.6, 6.85],
							"pivot": [0.25, -6.375, -18.25],
							"rotation": [-15, 0, 0],
							"uv": {
								"north": {"uv": [88, 107], "uv_size": [1, 1]},
								"east": {"uv": [96, 65], "uv_size": [7, 1]},
								"south": {"uv": [107, 88], "uv_size": [1, 1]},
								"west": {"uv": [96, 66], "uv_size": [7, 1]},
								"up": {"uv": [14, 97], "uv_size": [1, 7]},
								"down": {"uv": [15, 104], "uv_size": [1, -7]}
							}
						},
						{
							"origin": [-0.2342, 39.325, -23.025],
							"size": [0.3352, 0.6, 1.225],
							"pivot": [0.25, -6.375, -18.25],
							"rotation": [35, 0, 0],
							"uv": {
								"north": {"uv": [95, 107], "uv_size": [1, 1]},
								"east": {"uv": [107, 95], "uv_size": [1, 1]},
								"south": {"uv": [96, 107], "uv_size": [1, 1]},
								"west": {"uv": [107, 96], "uv_size": [1, 1]},
								"up": {"uv": [97, 107], "uv_size": [1, 1]},
								"down": {"uv": [107, 98], "uv_size": [1, -1]}
							}
						},
						{
							"origin": [-0.2362, 19.7, -55.025],
							"size": [0.3352, 0.725, 4.85],
							"pivot": [0.25, -6.375, -18.25],
							"rotation": [-15, 0, 0],
							"uv": {
								"north": {"uv": [93, 107], "uv_size": [1, 1]},
								"east": {"uv": [99, 40], "uv_size": [5, 1]},
								"south": {"uv": [107, 93], "uv_size": [1, 1]},
								"west": {"uv": [99, 42], "uv_size": [5, 1]},
								"up": {"uv": [99, 43], "uv_size": [1, 5]},
								"down": {"uv": [44, 104], "uv_size": [1, -5]}
							}
						},
						{
							"origin": [-0.2342, 19.075, -55.025],
							"size": [0.3352, 0.725, 2.6],
							"pivot": [0.25, -6.375, -18.25],
							"rotation": [-15, 0, 0],
							"uv": {
								"north": {"uv": [94, 107], "uv_size": [1, 1]},
								"east": {"uv": [103, 95], "uv_size": [3, 1]},
								"south": {"uv": [107, 94], "uv_size": [1, 1]},
								"west": {"uv": [103, 96], "uv_size": [3, 1]},
								"up": {"uv": [94, 103], "uv_size": [1, 3]},
								"down": {"uv": [95, 106], "uv_size": [1, -3]}
							}
						},
						{
							"origin": [-2.1092, 20.325, -55.025],
							"size": [0.3352, 0.6, 6.85],
							"pivot": [-1.625, -6.375, -18.25],
							"rotation": [-15, 0, 0],
							"uv": {
								"north": {"uv": [107, 107], "uv_size": [1, 1]},
								"east": {"uv": [96, 67], "uv_size": [7, 1]},
								"south": {"uv": [0, 108], "uv_size": [1, 1]},
								"west": {"uv": [96, 68], "uv_size": [7, 1]},
								"up": {"uv": [28, 97], "uv_size": [1, 7]},
								"down": {"uv": [29, 104], "uv_size": [1, -7]}
							}
						},
						{
							"origin": [-2.1112, 19.7, -55.025],
							"size": [0.3352, 0.725, 4.85],
							"pivot": [-1.625, -6.375, -18.25],
							"rotation": [-15, 0, 0],
							"uv": {
								"north": {"uv": [106, 107], "uv_size": [1, 1]},
								"east": {"uv": [99, 48], "uv_size": [5, 1]},
								"south": {"uv": [107, 106], "uv_size": [1, 1]},
								"west": {"uv": [99, 49], "uv_size": [5, 1]},
								"up": {"uv": [45, 99], "uv_size": [1, 5]},
								"down": {"uv": [46, 104], "uv_size": [1, -5]}
							}
						},
						{
							"origin": [-2.1102, 27.575, -47.775],
							"size": [0.3352, 1.91, 1.1],
							"uv": {
								"north": {"uv": [68, 106], "uv_size": [1, 2]},
								"east": {"uv": [106, 68], "uv_size": [1, 2]},
								"south": {"uv": [69, 106], "uv_size": [1, 2]},
								"west": {"uv": [70, 106], "uv_size": [1, 2]},
								"up": {"uv": [105, 107], "uv_size": [1, 1]},
								"down": {"uv": [107, 106], "uv_size": [1, -1]}
							}
						},
						{
							"origin": [-2.1092, 19.075, -55.025],
							"size": [0.3352, 0.725, 2.6],
							"pivot": [-1.625, -6.375, -18.25],
							"rotation": [-15, 0, 0],
							"uv": {
								"north": {"uv": [104, 107], "uv_size": [1, 1]},
								"east": {"uv": [97, 103], "uv_size": [3, 1]},
								"south": {"uv": [107, 104], "uv_size": [1, 1]},
								"west": {"uv": [103, 97], "uv_size": [3, 1]},
								"up": {"uv": [103, 98], "uv_size": [1, 3]},
								"down": {"uv": [100, 106], "uv_size": [1, -3]}
							}
						},
						{
							"origin": [-2.1092, 39.325, -23.025],
							"size": [0.3352, 0.6, 1.225],
							"pivot": [-1.625, -6.375, -18.25],
							"rotation": [35, 0, 0],
							"uv": {
								"north": {"uv": [101, 107], "uv_size": [1, 1]},
								"east": {"uv": [107, 101], "uv_size": [1, 1]},
								"south": {"uv": [102, 107], "uv_size": [1, 1]},
								"west": {"uv": [107, 102], "uv_size": [1, 1]},
								"up": {"uv": [103, 107], "uv_size": [1, 1]},
								"down": {"uv": [107, 104], "uv_size": [1, -1]}
							}
						},
						{
							"origin": [-2.1102, 27.575, -48.65],
							"size": [0.3352, 1.275, 0.975],
							"uv": {
								"north": {"uv": [98, 107], "uv_size": [1, 1]},
								"east": {"uv": [107, 98], "uv_size": [1, 1]},
								"south": {"uv": [99, 107], "uv_size": [1, 1]},
								"west": {"uv": [107, 99], "uv_size": [1, 1]},
								"up": {"uv": [100, 107], "uv_size": [1, 1]},
								"down": {"uv": [107, 101], "uv_size": [1, -1]}
							}
						}
					]
				},
				{
					"name": "Bolt",
					"parent": "main",
					"pivot": [-15.25, 9.625, -5.375]
				},
				{
					"name": "BoltMain",
					"parent": "Bolt",
					"pivot": [9, 36.5625, -2.75],
					"rotation": [0, 0, -180],
					"cubes": [
						{
							"origin": [34.54777, 56.2775, -4.6947],
							"size": [0.9075, 1.617, 1.2375],
							"pivot": [37.725, 35.2125, -2.3],
							"rotation": [0, 0, -45],
							"uv": {
								"north": {"uv": [0, 106], "uv_size": [1, 2]},
								"east": {"uv": [1, 106], "uv_size": [1, 2]},
								"south": {"uv": [106, 4], "uv_size": [1, 2]},
								"west": {"uv": [6, 106], "uv_size": [1, 2]},
								"up": {"uv": [4, 107], "uv_size": [1, 1]},
								"down": {"uv": [107, 5], "uv_size": [1, -1]}
							}
						},
						{
							"origin": [17.98, 48.4125, -4.6925],
							"size": [2.101, 1.2375, 1.2375],
							"uv": {
								"north": {"uv": [106, 8], "uv_size": [2, 1]},
								"east": {"uv": [5, 107], "uv_size": [1, 1]},
								"south": {"uv": [106, 9], "uv_size": [2, 1]},
								"west": {"uv": [107, 5], "uv_size": [1, 1]},
								"up": {"uv": [106, 10], "uv_size": [2, 1]},
								"down": {"uv": [12, 107], "uv_size": [2, -1]}
							}
						},
						{
							"origin": [4.84973, 50.8325, -4.6947],
							"size": [0.9625, 1.617, 1.2375],
							"pivot": [8.025, 35.2125, -2.3],
							"rotation": [0, 0, 45],
							"uv": {
								"north": {"uv": [7, 106], "uv_size": [1, 2]},
								"east": {"uv": [16, 106], "uv_size": [1, 2]},
								"south": {"uv": [17, 106], "uv_size": [1, 2]},
								"west": {"uv": [20, 106], "uv_size": [1, 2]},
								"up": {"uv": [107, 6], "uv_size": [1, 1]},
								"down": {"uv": [107, 8], "uv_size": [1, -1]}
							}
						}
					]
				},
				{
					"name": "BoltSubMain",
					"parent": "BoltMain",
					"pivot": [2, 6.1, -3.125],
					"rotation": [0, 0, -180],
					"cubes": [
						{
							"origin": [-56.08838, 19.22768, -4.55],
							"size": [5.5, 1.05, 1.05],
							"pivot": [11.25, 20.375, -2.25],
							"rotation": [0, 0, -62.5],
							"uv": {
								"north": {"uv": [98, 12], "uv_size": [5, 1]},
								"east": {"uv": [107, 34], "uv_size": [1, 1]},
								"south": {"uv": [98, 27], "uv_size": [5, 1]},
								"west": {"uv": [107, 35], "uv_size": [1, 1]},
								"up": {"uv": [98, 28], "uv_size": [5, 1]},
								"down": {"uv": [44, 99], "uv_size": [5, -1]}
							}
						},
						{
							"origin": [-19.785, -40.63, -4.945],
							"size": [1.75, 1.75, 1.75],
							"uv": {
								"north": {"uv": [81, 102], "uv_size": [2, 2]},
								"east": {"uv": [83, 102], "uv_size": [2, 2]},
								"south": {"uv": [85, 102], "uv_size": [2, 2]},
								"west": {"uv": [87, 102], "uv_size": [2, 2]},
								"up": {"uv": [103, 11], "uv_size": [2, 2]},
								"down": {"uv": [16, 105], "uv_size": [2, -2]}
							}
						}
					]
				},
				{
					"name": "bone4",
					"parent": "BoltMain",
					"pivot": [18.125, 73.0625, -14.375],
					"rotation": [0, 0, -180],
					"cubes": [
						{
							"origin": [15.025, 97.6105, -4.6936],
							"size": [1.2375, 1.8128, 1.2375],
							"uv": {
								"north": {"uv": [21, 106], "uv_size": [1, 2]},
								"east": {"uv": [22, 106], "uv_size": [1, 2]},
								"south": {"uv": [23, 106], "uv_size": [1, 2]},
								"west": {"uv": [24, 106], "uv_size": [1, 2]},
								"up": {"uv": [107, 11], "uv_size": [1, 1]},
								"down": {"uv": [12, 108], "uv_size": [1, -1]}
							}
						},
						{
							"origin": [3.09, 101.6805, -4.6947],
							"size": [0.9625, 1.595, 1.2375],
							"pivot": [6.3625, 86.1375, -7.3875],
							"rotation": [0, 0, 45],
							"uv": {
								"north": {"uv": [35, 106], "uv_size": [1, 2]},
								"east": {"uv": [37, 106], "uv_size": [1, 2]},
								"south": {"uv": [106, 37], "uv_size": [1, 2]},
								"west": {"uv": [106, 39], "uv_size": [1, 2]},
								"up": {"uv": [15, 107], "uv_size": [1, 1]},
								"down": {"uv": [18, 108], "uv_size": [1, -1]}
							}
						},
						{
							"origin": [16.169, 97.4125, -4.6925],
							"size": [2.101, 3.1625, 1.2375],
							"uv": {
								"north": {"uv": [78, 97], "uv_size": [2, 3]},
								"east": {"uv": [103, 83], "uv_size": [1, 3]},
								"south": {"uv": [97, 85], "uv_size": [2, 3]},
								"west": {"uv": [103, 86], "uv_size": [1, 3]},
								"up": {"uv": [106, 13], "uv_size": [2, 1]},
								"down": {"uv": [106, 16], "uv_size": [2, -1]}
							}
						},
						{
							"origin": [32.7075, 107.1145, -4.6947],
							"size": [0.9075, 1.595, 1.2375],
							"pivot": [35.7875, 86.1375, -7.3875],
							"rotation": [0, 0, -45],
							"uv": {
								"north": {"uv": [31, 106], "uv_size": [1, 2]},
								"east": {"uv": [32, 106], "uv_size": [1, 2]},
								"south": {"uv": [33, 106], "uv_size": [1, 2]},
								"west": {"uv": [34, 106], "uv_size": [1, 2]},
								"up": {"uv": [14, 107], "uv_size": [1, 1]},
								"down": {"uv": [107, 15], "uv_size": [1, -1]}
							}
						},
						{
							"origin": [18.1875, 97.6105, -4.6936],
							"size": [1.2375, 1.8128, 1.2375],
							"uv": {
								"north": {"uv": [25, 106], "uv_size": [1, 2]},
								"east": {"uv": [28, 106], "uv_size": [1, 2]},
								"south": {"uv": [29, 106], "uv_size": [1, 2]},
								"west": {"uv": [30, 106], "uv_size": [1, 2]},
								"up": {"uv": [107, 12], "uv_size": [1, 1]},
								"down": {"uv": [13, 108], "uv_size": [1, -1]}
							}
						}
					]
				},
				{
					"name": "Bolt1",
					"parent": "Bolt",
					"pivot": [-15.25, 9.625, -5.375],
					"cubes": [
						{
							"origin": [-2.9, 24.75, -3.425],
							"size": [1.125, 1.5, 6.75],
							"uv": {
								"north": {"uv": [69, 104], "uv_size": [1, 2]},
								"east": {"uv": [86, 24], "uv_size": [7, 2]},
								"south": {"uv": [73, 104], "uv_size": [1, 2]},
								"west": {"uv": [87, 65], "uv_size": [7, 2]},
								"up": {"uv": [26, 96], "uv_size": [1, 7]},
								"down": {"uv": [27, 103], "uv_size": [1, -7]}
							}
						},
						{
							"origin": [-13.725, 28.38, -3.426],
							"size": [0.75, 1.4, 6.75],
							"pivot": [-10.875, 14.25, 1.625],
							"rotation": [0, 0, 45],
							"uv": {
								"north": {"uv": [99, 106], "uv_size": [1, 1]},
								"east": {"uv": [96, 36], "uv_size": [7, 1]},
								"south": {"uv": [100, 106], "uv_size": [1, 1]},
								"west": {"uv": [44, 96], "uv_size": [7, 1]},
								"up": {"uv": [24, 96], "uv_size": [1, 7]},
								"down": {"uv": [25, 103], "uv_size": [1, -7]}
							}
						},
						{
							"origin": [-1.875, 26.25, -3.425],
							"size": [1.75, 1, 6.75],
							"uv": {
								"north": {"uv": [104, 93], "uv_size": [2, 1]},
								"east": {"uv": [96, 59], "uv_size": [7, 1]},
								"south": {"uv": [104, 94], "uv_size": [2, 1]},
								"west": {"uv": [96, 60], "uv_size": [7, 1]},
								"up": {"uv": [24, 87], "uv_size": [2, 7]},
								"down": {"uv": [26, 94], "uv_size": [2, -7]}
							}
						},
						{
							"origin": [13.075, 33.35, -3.426],
							"size": [0.7, 1.4, 6.75],
							"pivot": [15.875, 14.25, 1.625],
							"rotation": [0, 0, -45],
							"uv": {
								"north": {"uv": [106, 100], "uv_size": [1, 1]},
								"east": {"uv": [96, 61], "uv_size": [7, 1]},
								"south": {"uv": [101, 106], "uv_size": [1, 1]},
								"west": {"uv": [96, 62], "uv_size": [7, 1]},
								"up": {"uv": [51, 96], "uv_size": [1, 7]},
								"down": {"uv": [96, 100], "uv_size": [1, -7]}
							}
						},
						{
							"origin": [-0.1, 24.75, -3.425],
							"size": [1, 1.5, 6.75],
							"uv": {
								"north": {"uv": [79, 104], "uv_size": [1, 2]},
								"east": {"uv": [87, 67], "uv_size": [7, 2]},
								"south": {"uv": [96, 104], "uv_size": [1, 2]},
								"west": {"uv": [87, 75], "uv_size": [7, 2]},
								"up": {"uv": [12, 97], "uv_size": [1, 7]},
								"down": {"uv": [13, 104], "uv_size": [1, -7]}
							}
						},
						{
							"origin": [-17.375, 29.975, 2.7],
							"size": [2, 2, 2],
							"pivot": [-15.25, 9.625, -5.375],
							"rotation": [0, 0, 45],
							"uv": {
								"north": {"uv": [72, 101], "uv_size": [2, 2]},
								"east": {"uv": [101, 85], "uv_size": [2, 2]},
								"south": {"uv": [89, 101], "uv_size": [2, 2]},
								"west": {"uv": [101, 98], "uv_size": [2, 2]},
								"up": {"uv": [99, 101], "uv_size": [2, 2]},
								"down": {"uv": [101, 103], "uv_size": [2, -2]}
							}
						},
						{
							"origin": [-16.625, 30.725, 4.325],
							"size": [0.5, 0.5, 1.125],
							"pivot": [-15.25, 9.625, -3.75],
							"rotation": [0, 0, 45],
							"uv": {
								"north": {"uv": [107, 27], "uv_size": [1, 1]},
								"east": {"uv": [107, 28], "uv_size": [1, 1]},
								"south": {"uv": [107, 30], "uv_size": [1, 1]},
								"west": {"uv": [107, 31], "uv_size": [1, 1]},
								"up": {"uv": [107, 32], "uv_size": [1, 1]},
								"down": {"uv": [107, 34], "uv_size": [1, -1]}
							}
						},
						{
							"origin": [-17.5, 29.85, 2.7],
							"size": [2.25, 2.25, 0.875],
							"pivot": [-15.25, 9.625, -5.375],
							"rotation": [0, 0, 45],
							"uv": {
								"north": {"uv": [78, 102], "uv_size": [2, 2]},
								"east": {"uv": [106, 46], "uv_size": [1, 2]},
								"south": {"uv": [102, 79], "uv_size": [2, 2]},
								"west": {"uv": [47, 106], "uv_size": [1, 2]},
								"up": {"uv": [106, 48], "uv_size": [2, 1]},
								"down": {"uv": [106, 50], "uv_size": [2, -1]}
							}
						}
					]
				},
				{
					"name": "bone5",
					"parent": "Bolt1",
					"pivot": [-18, 36.75, 4.5],
					"rotation": [0, 0, -180],
					"cubes": [
						{
							"origin": [-47.76161, 50.96839, -3.426],
							"size": [0.75, 1.4, 6.75],
							"pivot": [-45, 36.75, 4.5],
							"rotation": [0, 0, 45],
							"uv": {
								"north": {"uv": [106, 96], "uv_size": [1, 1]},
								"east": {"uv": [96, 30], "uv_size": [7, 1]},
								"south": {"uv": [97, 106], "uv_size": [1, 1]},
								"west": {"uv": [96, 31], "uv_size": [7, 1]},
								"up": {"uv": [16, 96], "uv_size": [1, 7]},
								"down": {"uv": [17, 103], "uv_size": [1, -7]}
							}
						},
						{
							"origin": [-35.875, 48.625, -3.425],
							"size": [1.75, 1.125, 6.75],
							"uv": {
								"north": {"uv": [104, 91], "uv_size": [2, 1]},
								"east": {"uv": [96, 32], "uv_size": [7, 1]},
								"south": {"uv": [104, 92], "uv_size": [2, 1]},
								"west": {"uv": [96, 33], "uv_size": [7, 1]},
								"up": {"uv": [20, 87], "uv_size": [2, 7]},
								"down": {"uv": [22, 94], "uv_size": [2, -7]}
							}
						},
						{
							"origin": [-21.01339, 55.93839, -3.426],
							"size": [0.825, 1.4, 6.75],
							"pivot": [-18, 36.75, 4.5],
							"rotation": [0, 0, -45],
							"uv": {
								"north": {"uv": [106, 97], "uv_size": [1, 1]},
								"east": {"uv": [96, 34], "uv_size": [7, 1]},
								"south": {"uv": [98, 106], "uv_size": [1, 1]},
								"west": {"uv": [96, 35], "uv_size": [7, 1]},
								"up": {"uv": [18, 96], "uv_size": [1, 7]},
								"down": {"uv": [19, 103], "uv_size": [1, -7]}
							}
						}
					]
				},
				{
					"name": "bone6",
					"parent": "Bolt",
					"pivot": [0.075, -2.2625, -15.0875],
					"cubes": [
						{
							"origin": [-2.206, 24.4125, -23.3175],
							"size": [2.351, 2.2875, 18.6125],
							"uv": {
								"north": {"uv": [18, 103], "uv_size": [2, 2]},
								"east": {"uv": [60, 68], "uv_size": [19, 2]},
								"south": {"uv": [24, 103], "uv_size": [2, 2]},
								"west": {"uv": [69, 63], "uv_size": [19, 2]},
								"up": {"uv": [60, 70], "uv_size": [2, 19]},
								"down": {"uv": [62, 89], "uv_size": [2, -19]}
							}
						}
					]
				},
				{
					"name": "bullet",
					"parent": "main",
					"pivot": [-0.15, 30.525, -32.95],
					"cubes": [
						{
							"origin": [-1.425, 24.3, -31.45],
							"size": [1.25, 1.25, 8],
							"inflate": 0.2,
							"pivot": [-0.15, 25.525, -31.45],
							"rotation": [0, 0, 45],
							"uv": {
								"north": {"uv": [84, 106], "uv_size": [1, 1]},
								"east": {"uv": [93, 25], "uv_size": [8, 1]},
								"south": {"uv": [106, 84], "uv_size": [1, 1]},
								"west": {"uv": [94, 13], "uv_size": [8, 1]},
								"up": {"uv": [41, 94], "uv_size": [1, 8]},
								"down": {"uv": [42, 102], "uv_size": [1, -8]}
							}
						}
					]
				},
				{
					"name": "bullet2",
					"parent": "main",
					"pivot": [-0.15, 30.525, -32.95],
					"cubes": [
						{
							"origin": [-1.425, 24.3, -31.45],
							"size": [1.25, 1.25, 8],
							"inflate": 0.2,
							"pivot": [-0.15, 25.525, -31.45],
							"rotation": [0, 0, 45],
							"uv": {
								"north": {"uv": [84, 106], "uv_size": [1, 1]},
								"east": {"uv": [93, 25], "uv_size": [8, 1]},
								"south": {"uv": [106, 84], "uv_size": [1, 1]},
								"west": {"uv": [94, 13], "uv_size": [8, 1]},
								"up": {"uv": [41, 94], "uv_size": [1, 8]},
								"down": {"uv": [42, 102], "uv_size": [1, -8]}
							}
						}
					]
				},
				{
					"name": "rightarm",
					"parent": "main",
					"pivot": [-4.3, 8.8, 14.55],
					"rotation": [-101.81106, -12.40003, -2.46982],
					"cubes": [
						{
							"origin": [-7.87165, -8.37293, 3.11683],
							"size": [8, 24, 8],
							"pivot": [-1.3, -3.2, 11.55],
							"rotation": [0, 5, -22.5],
							"uv": {
								"north": {"uv": [12, 4], "uv_size": [8, 24]},
								"east": {"uv": [20, 4], "uv_size": [8, 24]},
								"south": {"uv": [28, 4], "uv_size": [8, 24]},
								"west": {"uv": [12, 28], "uv_size": [8, 24]},
								"up": {"uv": [20, 59], "uv_size": [8, 8]},
								"down": {"uv": [28, 67], "uv_size": [8, -8]}
							}
						}
					]
				},
				{
					"name": "leftarm",
					"parent": "main",
					"pivot": [10.7, 11.3, -15.85],
					"rotation": [-119.61483, 1.67666, -38.31282],
					"cubes": [
						{
							"origin": [6.44764, -5.20492, -24.11036],
							"size": [8, 24, 8],
							"uv": {
								"north": {"uv": [20, 28], "uv_size": [8, 24]},
								"east": {"uv": [28, 28], "uv_size": [8, 24]},
								"south": {"uv": [36, 4], "uv_size": [8, 24]},
								"west": {"uv": [36, 28], "uv_size": [8, 24]},
								"up": {"uv": [36, 59], "uv_size": [8, 8]},
								"down": {"uv": [60, 31], "uv_size": [8, -8]}
							}
						}
					]
				},
				{
					"name": "muzzleflash",
					"parent": "main",
					"pivot": [-1, 25.475, -138.5],
					"cubes": [
						{
							"origin": [-1.5, 24.975, -138.8],
							"size": [1, 1, 1],
							"inflate": -0.4,
							"uv": {
								"north": {"uv": [85, 106], "uv_size": [1, 1]},
								"east": {"uv": [106, 85], "uv_size": [1, 1]},
								"south": {"uv": [86, 106], "uv_size": [1, 1]},
								"west": {"uv": [106, 86], "uv_size": [1, 1]},
								"up": {"uv": [87, 106], "uv_size": [1, 1]},
								"down": {"uv": [106, 88], "uv_size": [1, -1]}
							}
						}
					]
				},
				{
					"name": "scope",
					"parent": "main",
					"pivot": [-1, 27.8, 6],
					"cubes": [
						{
							"origin": [-2.5, 26.925, 25.2],
							"size": [1, 1, 1],
							"inflate": -0.4,
							"uv": {
								"north": {"uv": [88, 106], "uv_size": [1, 1]},
								"east": {"uv": [106, 88], "uv_size": [1, 1]},
								"south": {"uv": [89, 106], "uv_size": [1, 1]},
								"west": {"uv": [106, 89], "uv_size": [1, 1]},
								"up": {"uv": [90, 106], "uv_size": [1, 1]},
								"down": {"uv": [106, 91], "uv_size": [1, -1]}
							}
						}
					]
				}
			]
		}
	]
}