{
    "jatimatic_inspect": {
        "sounds": [
            {
                "name": "pointblank:jatimatic_inspect",
                "stream": false
            }			
        ]
    },
    "jatimatic_drawlaser": {
        "sounds": [
            {
                "name": "pointblank:jatimatic_drawlaser",
                "stream": false
            }			
        ]
    },
    "jatimatic_draw": {
        "sounds": [
            {
                "name": "pointblank:jatimatic_draw",
                "stream": false
            }			
        ]
    },
    "jatimatic_inspectlaser": {
        "sounds": [
            {
                "name": "pointblank:jatimatic_inspectlaser",
                "stream": false
            }			
        ]
    },
    "jatimatic_fire": {
        "sounds": [
            {
                "name": "pointblank:jatimatic_fire",
                "stream": false
            }			
        ]
    },
    "jatimatic": {
        "sounds": [
            {
                "name": "pointblank:jatimatic",
                "stream": false
            }			
        ]
    },
    "jatimatic_reload": {
        "sounds": [
            {
                "name": "pointblank:jatimatic_reload",
                "stream": false
            }			
        ]
    },
    "jatimatic_reloadempty": {
        "sounds": [
            {
                "name": "pointblank:jatimatic_reloadempty",
                "stream": false
            }			
        ]
    },
    "jatimatic_silencer": {
        "sounds": [
            {
                "name": "pointblank:jatimatic_silencer",
                "stream": false
            }			
        ]
    }		
}