{
	"format_version": "1.8.0",
	"animations": {
		"animation.model.reload": {
			"loop": true,
			"animation_length": 2.15,
			"blend_weight": "1",
			"bones": {
				"main": {
					"rotation": {
						"0.0": {
							"vector": [0, 0, 0]
						},
						"0.2": {
							"vector": [-2.82845, -3.14202, -11.53827]
						},
						"0.3": {
							"vector": [-6.1257, -3.02931, -21.44076],
							"easing": "linear"
						},
						"0.4": {
							"vector": [-8.99714, -2.88714, -18.93428],
							"easing": "linear"
						},
						"0.5": {
							"vector": [-8.56216, -3.74773, -26.14959]
						},
						"0.6667": {
							"vector": [-8.93449, -3.57494, -20.09324]
						},
						"0.8": {
							"vector": [-8.23835, -5.39519, -30.46877],
							"easing": "linear"
						},
						"0.9": {
							"vector": [-8.4224, -4.29086, -28.09539],
							"easing": "linear"
						},
						"1.0": {
							"vector": [-7.70135, -5.48509, -36.54201],
							"easing": "linear"
						},
						"1.1": {
							"vector": [-6.11762, -4.35841, -32.12568],
							"easing": "linear"
						},
						"1.2333": {
							"vector": [-5.32391, -3.82513, -33.76028]
						},
						"1.4667": {
							"vector": [0, 0, -5.25],
							"easing": "linear"
						},
						"1.5667": {
							"vector": [0, 0, 1.13]
						},
						"1.6667": {
							"vector": [0, 0, 0],
							"easing": "linear"
						}
					},
					"position": {
						"0.0": {
							"vector": [0, 0, 0]
						},
						"0.1333": {
							"vector": [0.355, -0.42, -4.425]
						},
						"0.3667": {
							"vector": [-0.35, -1.75, 0.05],
							"easing": "linear"
						},
						"0.5667": {
							"vector": [-0.15, -0.6, 1],
							"easing": "linear"
						},
						"0.6667": {
							"vector": [-0.52, -1.72, 0.475]
						},
						"0.8": {
							"vector": [-0.85, -2.275, 1],
							"easing": "linear"
						},
						"0.9": {
							"vector": [-0.65, -1.475, 1],
							"easing": "linear"
						},
						"1.0": {
							"vector": [-1.35, -0.225, 0.525],
							"easing": "linear"
						},
						"1.1333": {
							"vector": [-1.575, -2.1, -1.075],
							"easing": "linear"
						},
						"1.4": {
							"vector": [0, -1.3, -3.4],
							"easing": "linear"
						},
						"1.5": {
							"vector": [0, -0.425, -2.45],
							"easing": "linear"
						},
						"1.6": {
							"vector": [0, 0, 0],
							"easing": "linear"
						}
					}
				},
				"magazine": {
					"rotation": {
						"0.0": {
							"vector": [0, 0, 0]
						},
						"0.4667": {
							"vector": [0, 0, 0]
						},
						"0.5667": {
							"vector": [0, 0, 0]
						},
						"0.6667": {
							"vector": [-0.26089, -1.15045, -1.56793]
						},
						"0.8": {
							"vector": [-70.70042, -2.16252, -4.56501]
						},
						"0.9": {
							"vector": [-70.80176, -2.13657, -0.84623]
						},
						"1.1667": {
							"vector": [-70.80176, -2.13657, -0.84623]
						}
					},
					"position": {
						"0.0": {
							"vector": [0, 0, 0]
						},
						"0.4667": {
							"vector": [0, 0, 0]
						},
						"0.5667": {
							"vector": [0, 0, 0]
						},
						"0.6667": {
							"vector": [0.3, -8.425, -0.2]
						},
						"0.7": {
							"vector": [-0.15, -12.605, -4.275]
						},
						"0.7667": {
							"vector": [-1.77, -10.16, -8.625]
						},
						"0.8": {
							"vector": [-3.65, -3.605, -10.525]
						},
						"0.8667": {
							"vector": [-3.45, -1.61, -10.52]
						},
						"1.0": {
							"vector": [-3.65, 4.39, -10.52]
						},
						"1.1667": {
							"vector": [-3.65, 4.39, -10.52]
						},
						"1.4": {
							"vector": [-3.65, -26.21, 0.73]
						}
					}
				},
				"leftarm": {
					"rotation": {
						"0.0": {
							"vector": [0, 0, 0]
						},
						"0.1": {
							"vector": [20.7545, 6.23781, -12.10268]
						},
						"0.1667": {
							"vector": [45.89249, 9.11862, -11.25407]
						},
						"0.3667": {
							"vector": [34.00422, 19.3818, 12.82924]
						},
						"0.4667": {
							"vector": [-20.96319, -3.65402, 9.67668]
						},
						"0.5667": {
							"vector": [-20.96319, -3.65402, 9.67668]
						},
						"0.6667": {
							"vector": [-20.92965, -2.54227, 8.32476]
						},
						"0.8": {
							"vector": [10.45147, 11.66703, 7.23928]
						},
						"0.9": {
							"vector": [13.90283, 13.07233, 12.18586]
						},
						"1.0": {
							"vector": [4.45827, 10.36016, 13.50411]
						},
						"1.1667": {
							"vector": [4.45827, 10.36016, 13.50411]
						},
						"1.4": {
							"vector": [16.95827, 10.36016, 13.50411]
						},
						"1.6": {
							"vector": [0, 0, 0]
						}
					},
					"position": {
						"0.0": {
							"vector": [0, 0, 0]
						},
						"0.1": {
							"vector": [4.1, -3.7, 4.5]
						},
						"0.1667": {
							"vector": [4.1, -3.7, 20.8]
						},
						"0.3667": {
							"vector": [-1.25, -13.55, 18.575]
						},
						"0.4667": {
							"vector": [3.55, -14.525, 11.3]
						},
						"0.5667": {
							"vector": [3.55, -14.525, 11.3]
						},
						"0.6667": {
							"vector": [3.45, -21.22, 11.3]
						},
						"0.7": {
							"vector": [2.385, -22.815, 13.35]
						},
						"0.7667": {
							"vector": [0.795, -19.38, 15.99]
						},
						"0.8": {
							"vector": [-1.475, -12.145, 14.55]
						},
						"0.9": {
							"vector": [-1.48, -10.365, 15.55]
						},
						"1.0": {
							"vector": [-1.48, -8.335, 14.55]
						},
						"1.1667": {
							"vector": [-1.48, -8.335, 14.55]
						},
						"1.4": {
							"vector": [-3.905, -27.73, 28.3]
						},
						"1.4667": {
							"vector": [6.595, -20.8, 21.23]
						},
						"1.6": {
							"vector": [0, 0, 0]
						}
					}
				},
				"magazine2": {
					"rotation": {
						"0.0": {
							"vector": [0, 0, 0]
						},
						"0.3": {
							"vector": [0, 0, 0]
						},
						"0.4667": {
							"vector": [51.25255, 0.44831, -2.31714]
						},
						"0.5667": {
							"vector": [51.25255, 0.44831, -2.31714]
						},
						"0.6667": {
							"vector": [51.25129, 0.29183, -2.51212]
						},
						"0.8": {
							"vector": [-5.0289, -7.32168, -3.37272]
						},
						"0.9": {
							"vector": [-0.26089, -1.15045, -1.56793]
						},
						"1.0": {
							"vector": [0, 0, 0]
						}
					},
					"position": {
						"0.0": {
							"vector": [0, 0, 0]
						},
						"0.3": {
							"vector": [0, -20, 0]
						},
						"0.4667": {
							"vector": [4.3, 4.275, 4.725]
						},
						"0.5667": {
							"vector": [4.3, 4.275, 4.725]
						},
						"0.6667": {
							"vector": [4.35, -2.125, 4.725]
						},
						"0.7": {
							"vector": [3.4, -7.32, 2.72]
						},
						"0.7667": {
							"vector": [1.7, -8.335, 0.71]
						},
						"0.8": {
							"vector": [0, -6.675, -1.3]
						},
						"0.9": {
							"vector": [0.3, -5.6, -0.2]
						},
						"1.0": {
							"vector": [0, 0, 0]
						}
					},
					"scale": {
						"0.0": {
							"vector": [-0.01, 0, 0]
						},
						"0.3": {
							"vector": [1, 1, 1]
						}
					}
				}
			},
			"sound_effects": {
				"0.2667": {
					"effect": "ss2_magout"
				},
				"0.8": {
					"effect": "ss2_magin"
				}
			}
		},
		"animation.model.draw": {
			"loop": true,
			"animation_length": 1.25,
			"bones": {
				"main": {
					"rotation": {
						"0.0": {
							"vector": [32.09413, -54.38778, -8.29667]
						},
						"0.35": {
							"vector": [0.50518, -5.08075, 6.8716],
							"easing": "easeOutSine"
						},
						"0.5": {
							"vector": [0.32389, -0.60235, -2.1558],
							"easing": "linear"
						},
						"0.6": {
							"vector": [0, 0, 0],
							"easing": "linear"
						}
					},
					"position": {
						"0.0": {
							"vector": [0, -17.3, 0]
						},
						"0.25": {
							"vector": [-0.4, -2.525, -1.625],
							"easing": "linear"
						},
						"0.4": {
							"vector": [-0.05, 0, -2.49],
							"easing": "linear"
						},
						"0.55": {
							"vector": [0, 0, 0],
							"easing": "linear"
						}
					}
				},
				"leftarm": {
					"rotation": {
						"0.0": {
							"vector": [0, 0, 0]
						},
						"0.2": {
							"vector": [1, 0, -22]
						},
						"0.4": {
							"vector": [0, 0, 0]
						}
					},
					"position": {
						"0.0": {
							"vector": [0, 0, 0]
						},
						"0.2": {
							"vector": [3.53901, 3.6754, 5.59783]
						},
						"0.4": {
							"vector": [0, 0, 0]
						}
					}
				}
			}
		},
		"animation.model.reloadempty": {
			"loop": true,
			"animation_length": 2.5,
			"bones": {
				"main": {
					"rotation": {
						"0.0": {
							"vector": [0, 0, 0]
						},
						"0.1333": {
							"vector": [-5.21485, -2.95862, -15.29475]
						},
						"0.2": {
							"vector": [-5.32661, -2.7519, -13.05148]
						},
						"0.3": {
							"vector": [-6.02889, 0.16976, 5.24751]
						},
						"0.4": {
							"vector": [-6.24711, -1.203, -0.38662]
						},
						"0.5333": {
							"vector": [-6.11401, -0.24184, -2.94553]
						},
						"0.6667": {
							"vector": [-5.5641, -3.67217, -16.73407]
						},
						"0.8": {
							"vector": [-9.13595, -7.55317, -28.24841]
						},
						"0.9333": {
							"vector": [-8.4828, -8.28104, -32.98754]
						},
						"1.0667": {
							"vector": [-9.07014, -7.63227, -28.74648]
						},
						"1.1667": {
							"vector": [-6.70888, -8.74921, -39.37529]
						},
						"1.2667": {
							"vector": [-6.67274, -8.47385, -33.47033]
						},
						"1.4667": {
							"vector": [-4.48169, 4.48505, 69.7973]
						},
						"1.6": {
							"vector": [-3.68785, -3.32623, 68.63099]
						},
						"1.7": {
							"vector": [-4.01371, -3.91418, 66.18991]
						},
						"1.8": {
							"vector": [-3.48871, -4.99149, 65.22447]
						},
						"2.0": {
							"vector": [-3.82888, -3.95992, 62.42982]
						},
						"2.2": {
							"vector": [0.65978, 0.18913, -4.84963]
						},
						"2.3333": {
							"vector": [0, 0, -1]
						}
					},
					"position": {
						"0.0": {
							"vector": [0, 0, 0]
						},
						"0.0667": {
							"vector": [-0.575, 0, 0]
						},
						"0.1667": {
							"vector": [-0.38, 0.875, 0.35]
						},
						"0.3": {
							"vector": [-0.705, -3.5, -0.675]
						},
						"0.4333": {
							"vector": [-1.2, -2.62, -1.475]
						},
						"0.6": {
							"vector": [-0.705, -1.9, -1.575]
						},
						"0.7333": {
							"vector": [-0.55, -1.27, -3.6]
						},
						"0.8667": {
							"vector": [-0.7, -0.55, -1.85]
						},
						"0.9667": {
							"vector": [-0.85, -0.45, -1.3]
						},
						"1.0333": {
							"vector": [-1.025, -0.475, -1.3]
						},
						"1.1333": {
							"vector": [-1.075, -0.2, -1.3]
						},
						"1.2": {
							"vector": [-1.575, 0.5, -0.775]
						},
						"1.3": {
							"vector": [-1.075, -0.225, -1.025]
						},
						"1.4333": {
							"vector": [-0.43, -0.51, -0.98]
						},
						"1.5333": {
							"vector": [-0.505, -0.985, -1.855]
						},
						"1.6333": {
							"vector": [-0.965, -0.92, -1.73]
						},
						"1.8": {
							"vector": [-0.23, -0.81, -2.13]
						},
						"1.9333": {
							"vector": [0.34, -0.865, -2.46]
						},
						"2.0333": {
							"vector": [0, 0, 0]
						}
					}
				},
				"bullet": {
					"position": {
						"0.0": {
							"vector": [0, -1, 0]
						},
						"0.6667": {
							"vector": [0, -1, 0]
						},
						"0.7": {
							"vector": [0, 0, 0]
						}
					}
				},
				"leftarm": {
					"rotation": {
						"0.0": {
							"vector": [0, 0, 0]
						},
						"0.0667": {
							"vector": [-19.45644, -5.86858, 7.49224]
						},
						"0.1333": {
							"vector": [-19.1063, -9.63723, 4.18713]
						},
						"0.2333": {
							"vector": [-15.03103, -13.37925, 0.82083]
						},
						"0.3333": {
							"vector": [43.07804, 15.85303, 7.64839]
						},
						"0.8333": {
							"vector": [9.84584, 4.15599, 15.03241]
						},
						"0.9": {
							"vector": [9.77665, 5.80251, 14.43551]
						},
						"0.9667": {
							"vector": [6.77665, 5.80251, 14.43551]
						},
						"1.0333": {
							"vector": [6.85598, 4.18921, 15.11822]
						},
						"1.1": {
							"vector": [0.91192, 3.09309, 15.72168]
						},
						"1.2333": {
							"vector": [0.91192, 3.09309, 15.72168]
						},
						"2.0333": {
							"vector": [0, 0, 0]
						}
					},
					"position": {
						"0.0": {
							"vector": [0, 0, 0]
						},
						"0.0667": {
							"vector": [0, -8.975, 1.45]
						},
						"0.1333": {
							"vector": [0, -9.975, 4.45]
						},
						"0.2333": {
							"vector": [-0.575, -9.975, 6.425]
						},
						"0.3333": {
							"vector": [-0.58, -9.97, 13.38]
						},
						"0.7": {
							"vector": [-6.055, -20.32, 16.98]
						},
						"0.8333": {
							"vector": [-3.435, -16.77, 14.98]
						},
						"0.9": {
							"vector": [-3.78, -16.42, 14.23]
						},
						"0.9667": {
							"vector": [-3.805, -17.595, 14.755]
						},
						"1.0333": {
							"vector": [-3.9, -16.575, 14.76]
						},
						"1.1": {
							"vector": [-3.9, -13.175, 14.76]
						},
						"1.2333": {
							"vector": [-3.9, -13.175, 14.76]
						},
						"1.4333": {
							"vector": [0.05, 0, 0.6]
						},
						"1.5333": {
							"vector": [0.05, 0, 0.6]
						},
						"1.6": {
							"vector": [1.15, 0.3, 0.6]
						},
						"1.7333": {
							"vector": [1.15, 0.3, 0.6]
						},
						"1.8667": {
							"vector": [0.58, -0.25, 2.3]
						},
						"2.0333": {
							"vector": [0, 0, 0]
						}
					}
				},
				"magazine": {
					"rotation": {
						"0.0": {
							"vector": [0, 0, 0]
						},
						"0.2333": {
							"vector": [0, 0, 0]
						},
						"0.6667": {
							"vector": [0, 0, 0]
						},
						"0.8": {
							"vector": [-8.5, -2, 1.25]
						},
						"0.9": {
							"vector": [-8.44764, 1.25068, -0.24794]
						},
						"0.9667": {
							"vector": [0.10142, 1.24766, 2.00259]
						},
						"1.0333": {
							"vector": [0, 0, -0.75]
						},
						"1.1": {
							"vector": [0, 0, 0]
						}
					},
					"position": {
						"0.0": {
							"vector": [0, 0, 0]
						},
						"0.2333": {
							"vector": [0, 0, 0]
						},
						"0.3333": {
							"vector": [0, -23, 0]
						},
						"0.6667": {
							"vector": [0, -23, 0]
						},
						"0.8": {
							"vector": [0.725, -7.55, -1.9]
						},
						"0.9": {
							"vector": [0.125, -7.605, -2.075]
						},
						"0.9667": {
							"vector": [-0.645, -7.1, 0]
						},
						"1.0333": {
							"vector": [0, -6.025, 0]
						},
						"1.1": {
							"vector": [0, 0, 0]
						}
					}
				},
				"magazine2": {
					"scale": {
						"vector": [0, 0, 0]
					}
				},
				"bolt": {
					"position": {
						"1.6667": {
							"vector": [0, 0, 0]
						},
						"1.7667": {
							"vector": [0, 0, 10]
						},
						"1.8333": {
							"vector": [0, 0, 10]
						},
						"1.9": {
							"vector": [0, 0, 10]
						},
						"1.9667": {
							"vector": [0, 0, 0]
						},
						"2.1333": {
							"vector": [0, 0, 0]
						}
					}
				},
				"rightarm": {
					"position": {
						"1.2333": {
							"vector": [0, 0, 0]
						},
						"1.4": {
							"vector": [-7, 10, 5]
						},
						"1.5667": {
							"vector": [-6, 12, -20]
						},
						"1.7333": {
							"vector": [-6, 12, -19]
						},
						"1.8": {
							"vector": [-5, 12, -12]
						},
						"1.8667": {
							"vector": [-7, 12, 0]
						},
						"1.9667": {
							"vector": [-7, 8, 0]
						},
						"2.2333": {
							"vector": [1, 0, 1]
						},
						"2.4333": {
							"vector": [0, 0, 0]
						}
					}
				}
			},
			"sound_effects": {
				"0.0667": {
					"effect": "ss2_magout"
				},
				"0.5667": {
					"effect": "ss2_magin"
				},
				"1.5": {
					"effect": "ss2_action"
				}
			}
		},
		"animation.model.launcherreload": {
			"loop": true,
			"animation_length": 2.05,
			"bones": {
				"main": {
					"rotation": {
						"0.0": {
							"vector": [0, 0, 0]
						},
						"0.1333": {
							"vector": [-4.11045, -0.6779, 7.94871]
						},
						"0.3": {
							"vector": [-10.74874, -5.57181, -19.43821],
							"easing": "linear"
						},
						"0.4167": {
							"vector": [-8.93125, -4.2446, -11.07358]
						},
						"0.55": {
							"vector": [-8.96917, -5.36451, -17.17686]
						},
						"0.6667": {
							"vector": [-9.73337, -4.33904, -14.10474]
						},
						"0.75": {
							"vector": [-10.53632, -3.45869, -10.38822]
						},
						"0.85": {
							"vector": [-10.41139, -2.95349, -6.35297]
						},
						"0.95": {
							"vector": [-9.67074, -4.21806, -10.60403]
						},
						"1.0333": {
							"vector": [-9.3564, -4.235, -7.99261]
						},
						"1.1": {
							"vector": [-7.69714, -4.67394, -10.69406]
						},
						"1.1667": {
							"vector": [-8.58465, -3.93128, -8.60858]
						},
						"1.2667": {
							"vector": [-8.2904, -3.5111, -9.16326]
						},
						"1.3333": {
							"vector": [-9.54038, -3.3959, -5.28341]
						},
						"1.4": {
							"vector": [-8.15792, -4.279, -10.9779]
						},
						"1.4833": {
							"vector": [-6.79869, -3.61417, -6.43277]
						},
						"1.65": {
							"vector": [-3.00642, -0.5187, 9.10757]
						},
						"1.8": {
							"vector": [0.91247, 0.08536, -1.55885],
							"easing": "easeInOutSine"
						},
						"1.8667": {
							"vector": [0, 0, 0]
						}
					},
					"position": {
						"0.0": {
							"vector": [0, 0, 0]
						},
						"0.0667": {
							"vector": [-0.19, -1.19, -1.375]
						},
						"0.1333": {
							"vector": [-0.39, -3.35, -4.585]
						},
						"0.2": {
							"vector": [-0.6, -4.495, -3.66]
						},
						"0.2833": {
							"vector": [-0.825, -4.725, -1.975],
							"easing": "easeInSine"
						},
						"0.3333": {
							"vector": [-0.82, -4.24, 0.72]
						},
						"0.4": {
							"vector": [-0.825, -4.375, 2.4]
						},
						"0.5167": {
							"vector": [-1.195, -4.45, 2.09]
						},
						"0.6": {
							"vector": [-1.095, -4.05, 1.775],
							"easing": "linear"
						},
						"0.7333": {
							"vector": [-0.975, -3.67, 1.78]
						},
						"0.9": {
							"vector": [-0.98, -4.09, 1.505]
						},
						"1.0": {
							"vector": [-0.98, -3.965, 1.36]
						},
						"1.0833": {
							"vector": [-0.97809, -4.26721, 2.47158]
						},
						"1.15": {
							"vector": [-1.02086, -4.29587, 3.39842]
						},
						"1.25": {
							"vector": [-0.98, -4.16, 2.255]
						},
						"1.35": {
							"vector": [-0.90277, -4.2744, 1.76281]
						},
						"1.4167": {
							"vector": [-0.915, -4.58917, 2.67053]
						},
						"1.4833": {
							"vector": [-0.98933, -4.82379, 4.17538]
						},
						"1.5333": {
							"vector": [-0.80389, -5.58299, 1.69059]
						},
						"1.5833": {
							"vector": [-0.86749, -5.08216, -1.29282]
						},
						"1.65": {
							"vector": [-0.60473, -4.55218, -2.88106]
						},
						"1.7": {
							"vector": [-0.14402, -3.82279, -5.05081]
						},
						"1.8667": {
							"vector": [0, 0, 0],
							"easing": "easeOutSine"
						}
					}
				},
				"leftarm": {
					"rotation": {
						"0.0": {
							"vector": [0, 0, 0]
						},
						"0.1333": {
							"vector": [-11.15157, -5.78865, -0.219]
						},
						"0.3167": {
							"vector": [-4.83253, -5.2609, -0.75635]
						},
						"0.4": {
							"vector": [2.16747, -5.2609, -0.75635]
						},
						"0.4667": {
							"vector": [2.16747, -5.2609, -0.75635]
						},
						"0.6333": {
							"vector": [15.99616, 13.86467, -5.70124]
						},
						"0.6667": {
							"vector": [15.99616, 13.86467, -5.70124]
						},
						"0.8167": {
							"vector": [-0.48616, -7.69554, 5.09416]
						},
						"0.9167": {
							"vector": [-11.10259, -8.80343, 6.11621]
						},
						"0.9833": {
							"vector": [-6.12052, -14.22419, -0.27918]
						},
						"1.0167": {
							"vector": [-5.37052, -14.22419, -0.27918]
						},
						"1.0833": {
							"vector": [-2.16518, -13.92334, 1.13899]
						},
						"1.15": {
							"vector": [-2.16518, -13.92334, 1.13899]
						},
						"1.2833": {
							"vector": [2.16747, -5.2609, -0.75635]
						},
						"1.35": {
							"vector": [2.16747, -5.2609, -0.75635]
						},
						"1.4167": {
							"vector": [-8.49393, -6.54964, 0.43854]
						},
						"1.5167": {
							"vector": [-8.49393, -6.54964, 0.43854]
						},
						"1.75": {
							"vector": [0, 0, 0]
						}
					},
					"position": {
						"0.0": {
							"vector": [0, 0, 0]
						},
						"0.05": {
							"vector": [2.00905, -4.02719, -3.32329]
						},
						"0.1333": {
							"vector": [0.92602, -9.12073, -6.95798]
						},
						"0.3167": {
							"vector": [2.64778, -12.66124, -1.78503]
						},
						"0.4": {
							"vector": [0.58271, -10.72425, -12.24737]
						},
						"0.4667": {
							"vector": [0.58271, -10.72425, -12.24737]
						},
						"0.5833": {
							"vector": [12.68788, -20.39359, 15.38247]
						},
						"0.6333": {
							"vector": [9.70295, -25.49234, 32.6987]
						},
						"0.6667": {
							"vector": [9.70295, -25.49234, 32.6987]
						},
						"0.8167": {
							"vector": [3.29536, -29.71523, -0.51691]
						},
						"0.9167": {
							"vector": [1.12336, -15.7888, -3.33341]
						},
						"0.9833": {
							"vector": [-0.55676, -14.5467, -4.46223]
						},
						"1.0167": {
							"vector": [-1.02925, -14.42992, -5.38967]
						},
						"1.0833": {
							"vector": [-2.35473, -12.9101, -10.56353]
						},
						"1.15": {
							"vector": [-2.35473, -12.9101, -10.56353]
						},
						"1.2167": {
							"vector": [0.69508, -12.86295, -8.72177]
						},
						"1.2833": {
							"vector": [0.16044, -10.25141, -10.02713]
						},
						"1.35": {
							"vector": [0.16044, -10.25141, -10.02713]
						},
						"1.4167": {
							"vector": [2.42924, -12.77001, -4.39781]
						},
						"1.5167": {
							"vector": [2.42924, -12.77001, -4.39781]
						},
						"1.6167": {
							"vector": [4.15185, -7.04583, -2.36427]
						},
						"1.75": {
							"vector": [0, 0, 0]
						}
					},
					"scale": {
						"0.1333": {
							"vector": [1, 1, 1]
						},
						"0.3167": {
							"vector": [1.2, 1.3, 1.2]
						},
						"1.2833": {
							"vector": [1.2, 1.3, 1.2]
						},
						"1.35": {
							"vector": [1.2, 1.3, 1.2]
						},
						"1.4167": {
							"vector": [1.2, 1.3, 1.2]
						},
						"1.5167": {
							"vector": [1.2, 1.3, 1.2]
						},
						"1.75": {
							"vector": [1, 1, 1]
						}
					}
				},
				"grenade": {
					"rotation": {
						"0.0": {
							"vector": [0, 0, 0]
						},
						"0.3167": {
							"vector": [0, 0, 0]
						},
						"0.3667": {
							"vector": [0, 0, 0]
						},
						"0.4833": {
							"vector": [-19.31689, -4.19428, -11.78588]
						},
						"0.55": {
							"vector": [-37.25874, -19.602, -41.71927]
						},
						"0.6667": {
							"vector": [-37.25874, -19.602, -41.71927]
						},
						"0.8167": {
							"vector": [-37.25034, -6.59336, -27.77077]
						},
						"0.9167": {
							"vector": [-6.5973, 8.47914, -4.04428]
						},
						"0.9833": {
							"vector": [0, 0, 0]
						},
						"1.0167": {
							"vector": [0, 0, 0]
						},
						"1.35": {
							"vector": [0, 0, 0]
						},
						"1.4167": {
							"vector": [0, 0, 0]
						}
					},
					"position": {
						"0.0": {
							"vector": [0, 0, 0]
						},
						"0.3167": {
							"vector": [0, 0, 0]
						},
						"0.3667": {
							"vector": [0, 0, -1.85]
						},
						"0.4": {
							"vector": [0.60955, -0.51862, -0.51838]
						},
						"0.4333": {
							"vector": [-1.39171, -6.38499, -1.18461]
						},
						"0.4833": {
							"vector": [-3.91877, -11.59205, -3.67822]
						},
						"0.55": {
							"vector": [-8.57106, -28.7846, 0.35316]
						},
						"0.6667": {
							"vector": [8.34936, -30.34027, 14.37011]
						},
						"0.8167": {
							"vector": [5.58723, -18.68184, -0.22285]
						},
						"0.9167": {
							"vector": [1.24553, -0.67946, 0.01021]
						},
						"0.9833": {
							"vector": [0, 0, -2.025]
						},
						"1.0167": {
							"vector": [0, 0, -2.825]
						},
						"1.0833": {
							"vector": [0, 0, -9.745]
						},
						"1.1833": {
							"vector": [0, 0, -9.745]
						},
						"1.35": {
							"vector": [0, 0, -8.25]
						},
						"1.4167": {
							"vector": [0, 0, 0]
						}
					}
				},
				"launcherchamber": {
					"rotation": {
						"0.0": {
							"vector": [0, 0, 0]
						},
						"0.3167": {
							"vector": [0, 0, 0]
						},
						"1.4167": {
							"vector": [0, 0, 0]
						}
					},
					"position": {
						"0.0": {
							"vector": [0, 0, 0]
						},
						"0.3167": {
							"vector": [0, 0, 0]
						},
						"0.4": {
							"vector": [0, 0, -10]
						},
						"1.35": {
							"vector": [0, 0, -10]
						},
						"1.4167": {
							"vector": [0, 0, 0]
						}
					}
				},
				"_camera_": {
					"rotation": {
						"0.0": {
							"vector": [0, 0, 0]
						},
						"0.15": {
							"vector": [2.7436, 0.7731, -0.46348],
							"easing": "linear"
						},
						"0.3333": {
							"vector": [3.26542, 0.6585, 1.2829]
						},
						"0.6167": {
							"vector": [4.50572, 1.19021, 0.81671]
						},
						"1.0667": {
							"vector": [3.00502, 0.44182, 0.76758],
							"easing": "easeInOutSine"
						},
						"1.4167": {
							"vector": [2.49693, 0.48546, -0.2315]
						},
						"1.8": {
							"vector": [0, 0, 0],
							"easing": "easeInOutSine"
						}
					}
				}
			},
			"sound_effects": {
				"0.0": {
					"effect": "foley_start"
				},
				"0.1": {
					"effect": "launcher_open"
				},
				"0.3": {
					"effect": "mgl_unload"
				},
				"0.8": {
					"effect": "mgl_load"
				},
				"1.1667": {
					"effect": "launcher_close"
				}
			}
		},
		"animation.model.firegrenade": {
			"loop": true,
			"animation_length": 0.5833,
			"bones": {
				"_camera_": {
					"rotation": {
						"0.0": {
							"vector": [0, 0, 0]
						},
						"0.0667": {
							"vector": [3.98071, -0.39176, 5.98684]
						},
						"0.2": {
							"vector": [1.80747, -0.06965, 1.41042]
						},
						"0.35": {
							"vector": [0, 0, 0]
						}
					},
					"position": {
						"vector": [0, 0, 0]
					}
				},
				"main": {
					"rotation": {
						"0.0": {
							"vector": [0, 0, 0]
						},
						"0.05": {
							"vector": [-3.66206, -1.09217, -5.89975]
						},
						"0.1167": {
							"vector": [-4.2811, -0.59455, 0.28146]
						},
						"0.25": {
							"vector": [-2.78477, 0.41943, -2.00103]
						},
						"0.35": {
							"vector": [0, 0, 0]
						}
					},
					"position": {
						"0.0": {
							"vector": [0, 0, 0]
						},
						"0.0333": {
							"vector": [0, -0.9, 4.875]
						},
						"0.1167": {
							"vector": [0, -1.01, 5.16]
						},
						"0.2": {
							"vector": [0, -0.95, 4.4]
						},
						"0.35": {
							"vector": [0, 0, 0]
						}
					}
				}
			}
		},
		"animation.model.inspect": {
			"loop": true,
			"animation_length": 7,
			"bones": {
				"main": {
					"rotation": {
						"0.0": {
							"vector": [0, 0, 0]
						},
						"0.25": {
							"vector": [1.32, -14.94, -5.31]
						},
						"1.0417": {
							"vector": [11.07894, -41.59199, -44.70496],
							"easing": "easeInElastic"
						},
						"2.375": {
							"vector": [0.69208, 20.77556, 52.86756],
							"easing": "easeOutBack"
						},
						"2.5833": {
							"vector": [-14.63, 9.11, 40.12]
						},
						"2.9583": {
							"vector": [-41.78, -1.09, 28.97]
						},
						"3.25": {
							"vector": [-51.9, -0.81, 19.49]
						},
						"3.7083": {
							"vector": [-57.36, -0.17944, -3.35385]
						},
						"5.0417": {
							"vector": [-57.48384, -0.67259, 0.85537],
							"easing": "easeInElastic"
						},
						"6.625": {
							"vector": [-1.96, 0, -2],
							"easing": "easeInElastic"
						}
					},
					"position": {
						"0.0": {
							"vector": [0, 0, 0]
						},
						"0.125": {
							"vector": [0, -2, 0]
						},
						"0.4583": {
							"vector": [0, 5, 0]
						},
						"0.5833": {
							"vector": [0, -1, 0]
						},
						"1.25": {
							"vector": [0, -1, 0]
						},
						"1.4167": {
							"vector": [0, 4, 0]
						},
						"1.625": {
							"vector": [0, -1, 0]
						},
						"1.9583": {
							"vector": [0, 0, 0]
						},
						"2.25": {
							"vector": [-1, -3, 0],
							"easing": "linear"
						},
						"3.1667": {
							"vector": [-1, -1, 0]
						}
					}
				},
				"rightarm": {
					"rotation": {
						"vector": [0, 0, 0]
					},
					"position": {
						"vector": [0, 0, 0]
					}
				},
				"leftarm": {
					"position": {
						"0.0": {
							"vector": [0, 0, 0]
						},
						"0.2917": {
							"vector": [54, 0, 0]
						},
						"0.375": {
							"vector": [53.78468, -89.9161, 29.0419]
						},
						"5.375": {
							"vector": [37.78468, -83.9161, 39.0419],
							"easing": "easeInOutQuad"
						},
						"5.75": {
							"vector": [20, -35, 19],
							"easing": "easeInOutSine"
						},
						"6.2083": {
							"vector": [0, 0, -3],
							"easing": "easeOutElastic"
						}
					}
				},
				"gun": {
					"rotation": {
						"vector": [0, 0, 0]
					}
				}
			}
		},
		"animation.model.fire": {
			"loop": true,
			"animation_length": 0.04167,
			"bones": {
				"bolt": {
					"position": {
						"0.0": {
							"vector": [0, 0, 0]
						},
						"0.0417": {
							"vector": [0, 0, 10]
						}
					}
				}
			}
		}
	},
	"geckolib_format_version": 2
}