{
	"format_version": "1.8.0",
	"animations": {
		"animation.model.reload": {
			"loop": true,
			"animation_length": 7.4,
			"blend_weight": "1",
			"bones": {
				"main": {
					"rotation": {
						"0.1": {
							"vector": [0, 0, 0]
						},
						"0.4": {
							"vector": ["math.sin(query.anim_time * 60) * 3", 0, "math.sin(query.anim_time * 120) * 5"]
						},
						"0.6": {
							"vector": [0, 0, 27.5],
							"easing": "easeInOutSine"
						},
						"1.0": {
							"vector": [0, 0, 27.5],
							"easing": "easeInOutSine"
						},
						"1.2667": {
							"vector": ["math.sin(query.anim_time * 60) * 3", 0, "math.sin(query.anim_time * 120) * 5"]
						},
						"1.4333": {
							"vector": [0, 0, 0],
							"easing": "easeInOutSine"
						},
						"3.2333": {
							"vector": ["math.sin(query.anim_time * 60) * 3", 0, "math.sin(query.anim_time * 120) * 5"]
						},
						"5.0": {
							"vector": [0, 0, 0],
							"easing": "easeInOutSine"
						},
						"5.4333": {
							"vector": [-5, 0, 30],
							"easing": "easeInOutSine"
						},
						"6.1333": {
							"vector": ["math.sin(query.anim_time * 60) * 3 - 5", 0, "math.sin(query.anim_time * 120) * 5 + 30"]
						},
						"6.8667": {
							"vector": [-5, 0, 30],
							"easing": "easeInOutSine"
						},
						"7.2": {
							"vector": [0, 0, 0],
							"easing": "easeInOutSine"
						}
					},
					"position": {
						"1.0": {
							"vector": [0, 0, 0]
						},
						"1.1667": {
							"vector": [0, 1, 0],
							"easing": "easeInOutSine"
						},
						"1.4333": {
							"vector": [0, 0, 0],
							"easing": "easeInOutSine"
						},
						"1.6667": {
							"vector": [0, 0, 0],
							"easing": "easeInOutSine"
						},
						"1.7667": {
							"vector": [0, 0.3, 0],
							"easing": "easeInOutSine"
						},
						"2.3333": {
							"vector": [0, 0, 0],
							"easing": "easeInOutSine"
						},
						"2.8": {
							"vector": [0, 0, 0],
							"easing": "easeInOutSine"
						},
						"2.8667": {
							"vector": [0, -0.5, 0],
							"easing": "easeInOutSine"
						},
						"3.1333": {
							"vector": [0, 0, 0],
							"easing": "easeInOutSine"
						},
						"3.4333": {
							"vector": [0, 0, 0],
							"easing": "easeInOutSine"
						},
						"3.5667": {
							"vector": [0, -0.5, 0],
							"easing": "easeInOutSine"
						},
						"3.7667": {
							"vector": [0, 0, 0],
							"easing": "easeInOutSine"
						},
						"4.0333": {
							"vector": [0, 0, 0],
							"easing": "easeInOutSine"
						},
						"4.1333": {
							"vector": [0, -1, 0],
							"easing": "easeInOutSine"
						},
						"4.5667": {
							"vector": [0, 0, 0],
							"easing": "easeInOutSine"
						},
						"4.8667": {
							"vector": [0, 0, 0],
							"easing": "easeInOutSine"
						},
						"5.5": {
							"vector": [4, 0, -2],
							"easing": "easeInOutSine"
						},
						"6.7667": {
							"vector": [4, 0, -2],
							"easing": "easeInOutSine"
						},
						"7.3333": {
							"vector": [0, 0, 0],
							"easing": "easeInOutSine"
						}
					}
				},
				"leftarm": {
					"rotation": {
						"0.0": {
							"vector": [0, 0, 0]
						},
						"0.6333": {
							"vector": [1.16197, 53.76121, 63.99563],
							"easing": "easeInSine"
						},
						"0.6667": {
							"vector": [1.16197, 53.76121, 63.99563],
							"easing": "easeInSine"
						},
						"0.9": {
							"vector": [-16.63619, 40.03604, 51.26478],
							"easing": "easeInSine"
						},
						"1.1333": {
							"vector": [-23.26527, 25.43823, 43.50347],
							"easing": "easeInSine"
						},
						"1.5667": {
							"vector": [-3.74629, 30.36367, 42.51761],
							"easing": "easeInSine"
						},
						"1.6667": {
							"vector": [-3.74629, 30.36367, 42.51761],
							"easing": "easeInSine"
						},
						"1.8333": {
							"vector": [-2.50905, 13.09737, 45.65914],
							"easing": "easeInSine"
						},
						"2.1333": {
							"vector": [12.74544, 3.21428, 47.20673],
							"easing": "easeInSine"
						},
						"2.3": {
							"vector": [12.74544, 3.21428, 47.20673],
							"easing": "easeInSine"
						},
						"2.5667": {
							"vector": [2.7513, 5.7136, 47.26538],
							"easing": "easeInSine"
						},
						"2.8667": {
							"vector": [2.75, 5.71, 47.27],
							"easing": "easeInSine"
						},
						"3.1333": {
							"vector": [-12.30588, 0.82573, 7.82475],
							"easing": "easeInSine"
						},
						"3.4333": {
							"vector": [-12.30588, 0.82573, 7.82475],
							"easing": "easeInSine"
						},
						"3.5": {
							"vector": [-12.30588, 0.82573, 7.82475],
							"easing": "easeInSine"
						},
						"3.8": {
							"vector": [-23.26527, 25.43823, 43.50347],
							"easing": "easeInSine"
						},
						"3.9333": {
							"vector": [-16.63619, 40.03604, 51.26478],
							"easing": "easeInSine"
						},
						"4.0333": {
							"vector": [1.16197, 53.76121, 63.99563],
							"easing": "easeInSine"
						},
						"4.3667": {
							"vector": [-17.30313, -9.46669, 63.86129],
							"easing": "easeInOutSine"
						},
						"4.6": {
							"vector": [-0.84681, -4.18378, 50.19307]
						},
						"4.8": {
							"vector": [-27.82233, 6.21532, 23.288],
							"easing": "easeInSine"
						},
						"7.0667": {
							"vector": [-27.82233, 6.21532, 23.288],
							"easing": "easeInSine"
						},
						"7.4": {
							"vector": [0, 0, 0],
							"easing": "easeInSine"
						}
					},
					"position": {
						"0.0": {
							"vector": [0, 0, 0]
						},
						"0.3": {
							"vector": [2.93, 5.5, 25.7],
							"easing": "easeInSine"
						},
						"0.5667": {
							"vector": [5.53, 10.39, 16.43],
							"easing": "easeInSine"
						},
						"0.6667": {
							"vector": [5.53, 10.39, 16.43],
							"easing": "easeInSine"
						},
						"0.9": {
							"vector": [-0.71, 13.94, 20.26],
							"easing": "easeInSine"
						},
						"1.1333": {
							"vector": [-4, 15, 14.75],
							"easing": "easeInSine"
						},
						"1.5667": {
							"vector": [6, 10, 23.75],
							"easing": "easeInSine"
						},
						"1.6667": {
							"vector": [6, 10, 23.75],
							"easing": "easeInSine"
						},
						"1.8333": {
							"vector": [6, 10, 26.75],
							"easing": "easeInSine"
						},
						"2.1333": {
							"vector": [7, 3, 27.75],
							"easing": "easeInSine"
						},
						"2.3": {
							"vector": [7, 3, 27.75],
							"easing": "easeInSine"
						},
						"2.5667": {
							"vector": [-2, 11, 26.75],
							"easing": "easeInSine"
						},
						"2.7": {
							"vector": [-4, 11, 26.75],
							"easing": "easeInSine"
						},
						"2.8": {
							"vector": [-4, 9, 26.75],
							"easing": "easeInSine"
						},
						"2.8667": {
							"vector": [-4, 9, 26.75],
							"easing": "easeInSine"
						},
						"3.1333": {
							"vector": [-8, 13, 25.75],
							"easing": "easeInSine"
						},
						"3.3": {
							"vector": [-8.82, 14, 25.75],
							"easing": "easeInSine"
						},
						"3.4333": {
							"vector": [-9, 13, 25.75],
							"easing": "easeInSine"
						},
						"3.5": {
							"vector": [-9, 13, 25.75],
							"easing": "easeInSine"
						},
						"3.8": {
							"vector": [-4, 15, 14.75],
							"easing": "easeInSine"
						},
						"3.9333": {
							"vector": [-0.71, 13.94, 20.26],
							"easing": "easeInSine"
						},
						"4.0333": {
							"vector": [5.53, 10.39, 16.43],
							"easing": "easeInSine"
						},
						"4.3667": {
							"vector": [-4.82326, -2.18645, 23.7811],
							"easing": "easeInOutSine"
						},
						"4.8": {
							"vector": [-4, 2, -2],
							"easing": "easeInSine"
						},
						"7.0667": {
							"vector": [-4, 2, -2],
							"easing": "easeInSine"
						},
						"7.4": {
							"vector": [0, 0, 0],
							"easing": "easeInSine"
						}
					}
				},
				"bolt": {
					"position": {
						"5.8": {
							"vector": [0, 0, 0]
						},
						"5.9333": {
							"vector": [0, 0, 7]
						},
						"6.1667": {
							"vector": [0, 0, 7]
						},
						"6.3": {
							"vector": [0, 0, 0]
						}
					}
				},
				"magazine": {
					"position": {
						"1.6667": {
							"vector": [0, 0, 0]
						},
						"1.8333": {
							"vector": [7, 1, 0],
							"easing": "easeInSine"
						},
						"2.1333": {
							"vector": [13, -11, 0],
							"easing": "easeInSine"
						},
						"2.3": {
							"vector": [13, -11, 0],
							"easing": "easeInSine"
						},
						"2.5667": {
							"vector": [2, 2, 0],
							"easing": "easeInSine"
						},
						"2.7": {
							"vector": [0, 2, 0],
							"easing": "easeInSine"
						},
						"2.8": {
							"vector": [0, 0, 0],
							"easing": "easeInSine"
						}
					}
				},
				"link1": {
					"rotation": {
						"1.6667": {
							"vector": [0, 0, 0]
						},
						"1.7333": {
							"vector": [0, 0, -34.5]
						},
						"1.8333": {
							"vector": [0, 0, -52.5]
						},
						"2.1333": {
							"vector": [0, 0, -80]
						},
						"2.3": {
							"vector": [0, 0, -80]
						},
						"2.5667": {
							"vector": [0, 0, -80]
						},
						"2.7": {
							"vector": [0, 0, -25]
						},
						"3.1": {
							"vector": [0, 0, -25]
						},
						"3.1333": {
							"vector": [0, 0, 0]
						}
					}
				},
				"link2": {
					"rotation": {
						"1.6667": {
							"vector": [0, 0, 0]
						},
						"1.7667": {
							"vector": [0, 0, -13]
						},
						"1.8": {
							"vector": [0, 0, -14]
						},
						"1.8333": {
							"vector": [0, 0, 0]
						},
						"2.5667": {
							"vector": [0, 0, 0]
						},
						"2.6667": {
							"vector": [0, 0, 5]
						},
						"2.7667": {
							"vector": [0, 0, 0]
						}
					}
				},
				"link3": {
					"rotation": {
						"1.6667": {
							"vector": [0, 0, 0]
						},
						"1.7": {
							"vector": [0, 0, 10]
						},
						"1.7333": {
							"vector": [0, 0, 15]
						},
						"1.7667": {
							"vector": [0, 0, 12.5]
						},
						"1.8": {
							"vector": [0, 0, 6.25]
						},
						"1.8333": {
							"vector": [0, 0, 5]
						},
						"2.5667": {
							"vector": [0, 0, 5]
						},
						"2.6667": {
							"vector": [0, 0, 12.5]
						},
						"2.7": {
							"vector": [0, 0, 25]
						},
						"2.7667": {
							"vector": [0, 0, 17.5]
						},
						"3.1333": {
							"vector": [0, 0, 17.5]
						},
						"3.1667": {
							"vector": [0, 0, 0]
						}
					},
					"position": {
						"2.6667": {
							"vector": [0, 0, 0]
						},
						"2.7": {
							"vector": [-0.46985, 0.17101, 0]
						},
						"2.7667": {
							"vector": [-0.24342, 0.06435, 0]
						}
					}
				},
				"link4": {
					"rotation": {
						"1.6667": {
							"vector": [0, 0, 0]
						},
						"1.7": {
							"vector": [0, 0, 7.5]
						},
						"1.7333": {
							"vector": [0, 0, 15]
						},
						"1.8": {
							"vector": [0, 0, 12.5]
						},
						"1.8333": {
							"vector": [0, 0, 5]
						},
						"2.5667": {
							"vector": [0, 0, 5]
						},
						"2.6667": {
							"vector": [0, 0, 12.5]
						},
						"2.7": {
							"vector": [0, 0, 22.5]
						},
						"2.7667": {
							"vector": [0, 0, 10]
						},
						"3.1333": {
							"vector": [0, 0, 10]
						},
						"3.1667": {
							"vector": [0, 0, 0]
						}
					},
					"position": {
						"2.6667": {
							"vector": [0, 0, 0]
						},
						"2.7": {
							"vector": [-0.76893, 0.18368, 0]
						},
						"2.7667": {
							"vector": [-0.52214, 0.14737, 0]
						}
					}
				},
				"latch": {
					"rotation": {
						"0.6667": {
							"vector": [0, 0, 0]
						},
						"1.1333": {
							"vector": [90, 0, 0]
						},
						"3.8": {
							"vector": [90, 0, 0]
						},
						"3.9333": {
							"vector": [51.07, 0, 0]
						},
						"4.0333": {
							"vector": [0, 0, 0]
						}
					}
				},
				"rightarm": {
					"rotation": {
						"5.1333": {
							"vector": [0, 0, 0]
						},
						"5.4333": {
							"vector": [-10.57339, -14.21638, -0.63081]
						},
						"6.3": {
							"vector": [-10.57339, -14.21638, -0.63081]
						},
						"6.3667": {
							"vector": [-10.57339, -14.21638, -0.63081]
						},
						"6.9": {
							"vector": [0, 0, 0]
						}
					},
					"position": {
						"5.1333": {
							"vector": [0, 0, 0]
						},
						"5.4333": {
							"vector": [-10.3923, -6, -6]
						},
						"5.7333": {
							"vector": [-12.16, 1.06, -8]
						},
						"5.8": {
							"vector": [-12.16, 1.06, -8]
						},
						"5.9333": {
							"vector": [-12.33327, 0.15495, -1.06092]
						},
						"6.1667": {
							"vector": [-12.33327, 0.15495, -1.06092]
						},
						"6.3": {
							"vector": [-12.16, 1.06, -8]
						},
						"6.3667": {
							"vector": [-12.16, 1.06, -8]
						},
						"6.5667": {
							"vector": [-12.15795, 1.06218, -8]
						},
						"6.9": {
							"vector": [0, 0, 0]
						}
					}
				},
				"bipod": {
					"rotation": {
						"0.5667": {
							"vector": [0, 0, 0]
						},
						"0.6": {
							"vector": [0, 0, "math.sin(query.anim_time * 2160) * 1.5"]
						},
						"1.0667": {
							"vector": [0, 0, 0]
						},
						"2.7667": {
							"vector": [0, 0, 0]
						},
						"2.8": {
							"vector": [0, 0, "math.sin(query.anim_time * 2160) * 0.7"]
						},
						"3.2667": {
							"vector": [0, 0, 0]
						},
						"4.0333": {
							"vector": [0, 0, 0]
						},
						"4.0667": {
							"vector": [0, 0, "math.sin(query.anim_time * 2160) * 2"]
						},
						"4.5333": {
							"vector": [0, 0, 0]
						},
						"7.0333": {
							"vector": [0, 0, 0]
						},
						"7.0667": {
							"vector": [0, 0, "math.sin(query.anim_time * 2160) * 1.5"]
						},
						"7.4": {
							"vector": [0, 0, 0]
						}
					}
				},
				"_camera_": {
					"rotation": {
						"0.0": {
							"vector": [0, 0, 0]
						},
						"0.7333": {
							"vector": ["math.sin(query.anim_time * 60) * 1", 0, "math.sin(query.anim_time * 120) * 2"]
						},
						"1.6667": {
							"vector": [0, 0, 0]
						},
						"1.7": {
							"vector": ["math.sin(query.anim_time * 1000) * 0.5", "math.sin(query.anim_time * 1000) * 0.5", "math.sin(query.anim_time * 1000) * 0.5"]
						},
						"2.1": {
							"vector": [0, 0, 0]
						},
						"2.4333": {
							"vector": ["math.sin(query.anim_time * 60) * 1", 0, "math.sin(query.anim_time * 120) * 2"]
						},
						"2.7667": {
							"vector": [0, 0, 0]
						},
						"2.8": {
							"vector": ["math.sin(query.anim_time * 1000) * 0.8", "math.sin(query.anim_time * 1000) * 0.8", "math.sin(query.anim_time * 1000) * 0.8"]
						},
						"3.3": {
							"vector": [0, 0, 0]
						},
						"3.5667": {
							"vector": ["math.sin(query.anim_time * 60) * 1", 0, "math.sin(query.anim_time * 120) * 2"]
						},
						"4.0": {
							"vector": [0, 0, 0]
						},
						"4.0333": {
							"vector": ["math.sin(query.anim_time * 1000) * 0.4", "math.sin(query.anim_time * 1000) * 0.4", "math.sin(query.anim_time * 1000) * 0.4"]
						},
						"4.4333": {
							"vector": [0, 0, 0]
						},
						"4.6667": {
							"vector": ["math.sin(query.anim_time * 60) * 1", 0, "math.sin(query.anim_time * 120) * 2"]
						},
						"4.8667": {
							"vector": [0, 0, 0]
						},
						"5.3667": {
							"vector": [0.03699, 4.92878, -9.15804]
						},
						"6.0667": {
							"vector": ["math.sin(query.anim_time * 60) * 1", 4.92, "math.sin(query.anim_time * 120) * 2 - 9.1"]
						},
						"6.2": {
							"vector": [0.03699, 4.92878, -9.15804]
						},
						"6.2333": {
							"vector": ["math.sin(query.anim_time * 1000) * 0.4", "math.sin(query.anim_time * 1000) * 0.4 + 4.92", "math.sin(query.anim_time * 1000) * 0.4 - 9.15"]
						},
						"6.4333": {
							"vector": [0.03699, 4.92878, -9.15804]
						},
						"6.5667": {
							"vector": [0.03699, 4.92878, -9.15804]
						},
						"6.6": {
							"vector": ["math.sin(query.anim_time * 1000) * 0.4", "math.sin(query.anim_time * 1000) * 0.4 + 4.92", "math.sin(query.anim_time * 1000) * 0.4 - 9.15"]
						},
						"6.7": {
							"vector": [0.03699, 4.92878, -9.15804]
						},
						"7.0333": {
							"vector": ["math.sin(query.anim_time * 60) * 1", 0, "math.sin(query.anim_time * 120) * 2"]
						},
						"7.3667": {
							"vector": [0, 0, 0]
						}
					},
					"position": {
						"0.0": {
							"vector": [0, 0, 0]
						},
						"4.8667": {
							"vector": [0, 0, 0]
						},
						"5.3667": {
							"vector": [-1, 0, 0]
						},
						"6.7": {
							"vector": [-1, 0, 0]
						},
						"7.3667": {
							"vector": [0, 0, 0]
						}
					}
				}
			},
			"sound_effects": {
				"0.0": {
					"effect": "foley_start"
				},
				"0.6667": {
					"effect": "lmg_coverup"
				},
				"1.0667": {
					"effect": "lmg_magout"
				},
				"2.1333": {
					"effect": "lmg_magin"
				},
				"3.1333": {
					"effect": "lmg_bulletchain"
				},
				"3.8": {
					"effect": "lmg_coverdown"
				},
				"4.9": {
					"effect": "inspect_down"
				},
				"5.8333": {
					"effect": "ak_actionback"
				},
				"6.2": {
					"effect": "ak_actionforward"
				},
				"7.1667": {
					"effect": "foley_end"
				}
			}
		},
		"animation.model.draw": {
			"loop": true,
			"animation_length": 1.2,
			"bones": {
				"main": {
					"rotation": {
						"0.0": {
							"vector": [32.09413, -54.38778, -8.29667]
						},
						"0.35": {
							"vector": [0.50518, -5.08075, 6.8716],
							"easing": "easeOutSine"
						},
						"0.5": {
							"vector": [0.32389, -0.60235, -2.1558],
							"easing": "linear"
						},
						"0.6": {
							"vector": [0, 0, 0],
							"easing": "linear"
						}
					},
					"position": {
						"0.0": {
							"vector": [0, -17.3, 0]
						},
						"0.25": {
							"vector": [-0.4, -2.525, -1.625],
							"easing": "linear"
						},
						"0.4": {
							"vector": [-0.05, 0, -2.49],
							"easing": "linear"
						},
						"0.55": {
							"vector": [0, 0, 0],
							"easing": "linear"
						}
					}
				},
				"leftarm": {
					"rotation": {
						"0.0": {
							"vector": [0, 0, 0]
						},
						"0.2": {
							"vector": [1, 0, -22]
						},
						"0.4": {
							"vector": [0, 0, 0]
						}
					},
					"position": {
						"0.0": {
							"vector": [0, 0, 0]
						},
						"0.2": {
							"vector": [3.53901, 3.6754, 5.59783]
						},
						"0.4": {
							"vector": [0, 0, 0]
						}
					}
				},
				"_camera_": {
					"rotation": {
						"0.0": {
							"vector": [0, 0, 0]
						},
						"0.05": {
							"vector": ["math.sin(query.anim_time * 1000) * 0.3", "math.sin(query.anim_time * 1000) * 0.3", "math.sin(query.anim_time * 1000) * 0.3"]
						},
						"0.3": {
							"vector": ["math.sin(query.anim_time * 300) * 1", 0, "math.sin(query.anim_time * 300) * 1"]
						},
						"1.2": {
							"vector": [0, 0, 0]
						}
					}
				}
			},
			"sound_effects": {
				"0.0": {
					"effect": "draw"
				}
			}
		},
		"animation.model.inspect": {
			"loop": true,
			"animation_length": 5.2667,
			"bones": {
				"main": {
					"rotation": {
						"0.0": {
							"vector": [0, 0, 0]
						},
						"0.1667": {
							"vector": [-8.41746, -13.59608, -21.21259],
							"easing": "linear"
						},
						"0.3": {
							"vector": [-8.39812, -20.10111, -31.77688]
						},
						"0.4333": {
							"vector": [-9.55676, -20.88889, -28.55629]
						},
						"0.5333": {
							"vector": [-8.77652, -21.21647, -30.72851]
						},
						"0.7667": {
							"vector": [-9.4227, -20.94881, -28.93303]
						},
						"1.0": {
							"vector": [-3.1216, -20.98207, -46.44405]
						},
						"1.1333": {
							"vector": [-4.564, -20.73064, -42.44007]
						},
						"1.2333": {
							"vector": [-4.86325, -20.9153, -41.60203]
						},
						"1.3333": {
							"vector": [-4.58308, -20.97575, -42.38574]
						},
						"1.4667": {
							"vector": [-4.01131, -21.08802, -43.97908]
						},
						"1.6": {
							"vector": [-4.38767, -21.01662, -42.9316]
						},
						"1.7": {
							"vector": [-4.18847, -21.05622, -43.48691],
							"easing": "linear"
						},
						"2.0333": {
							"vector": [-16.91438, 5.38499, 54.40399],
							"easing": "linear"
						},
						"2.1667": {
							"vector": [-15.22513, 5.80082, 60.04554]
						},
						"2.3": {
							"vector": [-15.70981, 5.86025, 59.48558]
						},
						"2.4333": {
							"vector": [-15.93602, 7.03904, 62.69373]
						},
						"2.5667": {
							"vector": [-15.60896, 7.75082, 65.23442]
						},
						"2.7333": {
							"vector": [-15.71675, 7.52491, 64.42194]
						},
						"2.9": {
							"vector": [-15.56389, 7.84019, 65.55973]
						},
						"3.1": {
							"vector": [-15.61778, 7.73186, 65.16659]
						},
						"3.8": {
							"vector": ["math.sin(query.anim_time * 60) - 15.6", "math.sin(query.anim_time * 100) + 7.7", "math.sin(query.anim_time * 120) +65.16"]
						},
						"4.6": {
							"vector": [-15.61778, 7.73186, 65.16659]
						},
						"4.7": {
							"vector": [-15.9801, 6.93689, 62.33342]
						},
						"4.8333": {
							"vector": [-8.86998, 2.42135, 33.56191]
						},
						"4.9667": {
							"vector": [0, -1.75, -2.75]
						},
						"5.1333": {
							"vector": [0, 0, 0]
						}
					},
					"position": {
						"0.0": {
							"vector": [0, 0, 0]
						},
						"0.3": {
							"vector": [-0.475, 1.475, -8.7]
						},
						"0.4": {
							"vector": [-0.195, 1, -7.7]
						},
						"0.5333": {
							"vector": [-0.03, 0.725, -7.7]
						},
						"0.7": {
							"vector": [0, 1.125, -7.7]
						},
						"0.9": {
							"vector": [0.125, 1.4, -8.275]
						},
						"1.2": {
							"vector": [-0.02, 1.475, -8]
						},
						"1.4": {
							"vector": [0.11, 1.425, -8.175]
						},
						"1.6667": {
							"vector": [0.275, 1.25, -7.975]
						},
						"1.8": {
							"vector": [-0.13, -1.19, -8.65]
						},
						"1.9667": {
							"vector": [-0.545, -1.325, -11.15]
						},
						"2.1333": {
							"vector": [-0.415, -1.395, -10.545]
						},
						"2.2667": {
							"vector": [-0.525, -1.455, -9.17]
						},
						"2.4": {
							"vector": [-0.49, -1.43, -9.85]
						},
						"2.5667": {
							"vector": [-0.455, -1.5, -9.24]
						},
						"2.7667": {
							"vector": [-0.53, -1.5, -9.27]
						},
						"3.0": {
							"vector": [-0.49, -1.41, -9.3]
						},
						"4.5": {
							"vector": [-0.49, -1.41, -9.3]
						},
						"4.6667": {
							"vector": [-0.545, -1.325, -9.325]
						},
						"4.8": {
							"vector": [-1.005, -0.61, -7.41]
						},
						"5.0667": {
							"vector": [0, 0, 0]
						}
					}
				},
				"leftarm": {
					"rotation": {
						"0.0": {
							"vector": [0, 0, 0]
						},
						"0.2": {
							"vector": [0, 0, -2.5]
						},
						"1.6333": {
							"vector": [0, 0, -2.5]
						},
						"1.9333": {
							"vector": [-27.82233, 6.21532, 23.288],
							"easing": "easeInSine"
						},
						"5.0333": {
							"vector": [-27.82233, 6.21532, 23.288],
							"easing": "easeInSine"
						},
						"5.2667": {
							"vector": [0, 0, 0]
						}
					},
					"position": {
						"0.0": {
							"vector": [0, 0, 0]
						},
						"0.2": {
							"vector": [-11.07093, -12.70898, 31.9284]
						},
						"1.6333": {
							"vector": [-11.07093, -12.70898, 31.9284]
						},
						"1.9333": {
							"vector": [-4, 2, -2],
							"easing": "easeInSine"
						},
						"5.0333": {
							"vector": [-4, 2, -2],
							"easing": "easeInSine"
						},
						"5.2667": {
							"vector": [0, 0, 0]
						}
					}
				},
				"bipod": {
					"rotation": {
						"0.3667": {
							"vector": [0, 0, 0]
						},
						"0.4": {
							"vector": [0, 0, "math.sin(query.anim_time * 2160) * 3"]
						},
						"0.9": {
							"vector": [0, 0, 0]
						},
						"1.0": {
							"vector": [0, 0, 0]
						},
						"1.0333": {
							"vector": [0, 0, " math.sin(query.anim_time * 2160) * 2"]
						},
						"1.5333": {
							"vector": [0, 0, 0]
						}
					}
				},
				"rightarm": {
					"rotation": {
						"2.6333": {
							"vector": [0, 0, 0]
						},
						"3.0333": {
							"vector": [-10.06965, -19.9389, 0.61777]
						},
						"3.1333": {
							"vector": [-10.06965, -19.9389, 0.61777]
						},
						"3.4": {
							"vector": [-10.07187, -5.04569, -1.17399]
						},
						"3.5667": {
							"vector": [-10.07187, -5.04569, -1.17399]
						},
						"3.8667": {
							"vector": [-10.03754, -17.45681, 0.31735]
						},
						"3.9333": {
							"vector": [-10.03754, -17.45681, 0.31735]
						},
						"4.3": {
							"vector": [-10.07187, -5.04569, -1.17399]
						},
						"4.6333": {
							"vector": [-10.06965, -19.9389, 0.61777]
						},
						"5.0333": {
							"vector": [0, 0, 0]
						}
					},
					"position": {
						"2.6333": {
							"vector": [0, 0, 0]
						},
						"2.8667": {
							"vector": [-12.80192, 4.66468, -12.28321]
						},
						"3.0333": {
							"vector": [-14.23597, 4.83739, -19.07712]
						},
						"3.1333": {
							"vector": [-14.23597, 4.83739, -19.07712]
						},
						"3.3333": {
							"vector": [-14.2603, 4.75494, -18.37679]
						},
						"3.4": {
							"vector": [-15.42159, 5.29718, -23.11284]
						},
						"3.5667": {
							"vector": [-15.42159, 5.29718, -23.11284]
						},
						"3.7333": {
							"vector": [-15.86963, 4.48496, -16.40915]
						},
						"3.8667": {
							"vector": [-14.42463, 3.88275, -11.06838]
						},
						"3.9333": {
							"vector": [-14.42463, 3.88275, -11.06838]
						},
						"4.1667": {
							"vector": [-13.75523, 4.84274, -18.98399]
						},
						"4.3": {
							"vector": [-15.42159, 5.29718, -23.11284]
						},
						"4.5333": {
							"vector": [-17.63393, 4.80657, -19.4507]
						},
						"4.6333": {
							"vector": [-14.92153, 4.65209, -17.66444]
						},
						"4.8333": {
							"vector": [-12.80192, 4.66468, -12.28321]
						},
						"5.0333": {
							"vector": [0, 0, 0]
						}
					}
				},
				"_camera_": {
					"rotation": {
						"0.3": {
							"vector": [0, 0, 0]
						},
						"0.3333": {
							"vector": ["math.sin(query.anim_time * 1000) * 0.2", "math.sin(query.anim_time * 1000) * 0.2", "math.sin(query.anim_time * 1000) * 0.2"]
						},
						"0.7333": {
							"vector": [0, 0, 0]
						},
						"2.0": {
							"vector": [0, 0, 0]
						},
						"2.0333": {
							"vector": ["math.sin(query.anim_time * 1000) * 0.2", "math.sin(query.anim_time * 1000) * 0.2", "math.sin(query.anim_time * 1000) * 0.2"]
						},
						"2.4333": {
							"vector": [0, 0, 0]
						},
						"4.6": {
							"vector": [0, 0, 0]
						},
						"4.6333": {
							"vector": ["math.sin(query.anim_time * 1000) * 0.2", "math.sin(query.anim_time * 1000) * 0.2", "math.sin(query.anim_time * 1000) * 0.2"]
						},
						"5.0333": {
							"vector": [0, 0, 0]
						}
					}
				},
				"barrelch": {
					"rotation": {
						"3.1333": {
							"vector": [0, 0, 0]
						},
						"3.3333": {
							"vector": [0, -27.5, 0]
						},
						"3.4": {
							"vector": [0, -60, 0]
						},
						"4.3": {
							"vector": [0, -60, 0]
						},
						"4.5333": {
							"vector": [0, -36, 0]
						},
						"4.6333": {
							"vector": [0, 0, 0]
						}
					},
					"position": {
						"vector": [0, 0, 0]
					}
				},
				"barrelbit": {
					"rotation": {
						"3.1333": {
							"vector": [0, 0, 0]
						},
						"3.3333": {
							"vector": [0, -4, 0]
						},
						"3.4": {
							"vector": [0, -7, 0]
						},
						"3.9333": {
							"vector": [0, -7, 0]
						},
						"4.1667": {
							"vector": [0, -7, 0]
						},
						"4.3": {
							"vector": [0, 0, 0]
						}
					},
					"position": {
						"3.1333": {
							"vector": [0, 0, 0]
						},
						"3.3333": {
							"vector": [-0.13049, 0, 0.23487],
							"easing": "linear"
						},
						"3.5333": {
							"vector": [-0.58, 0, 6.43]
						},
						"3.6667": {
							"vector": [-0.85309, 0, 7.94782],
							"easing": "linear"
						},
						"3.9333": {
							"vector": [-0.85309, 0, 7.94782],
							"easing": "linear"
						},
						"4.1667": {
							"vector": [0.12495, 0, 0.00963]
						},
						"4.3": {
							"vector": [0, 0, 0]
						}
					}
				}
			},
			"sound_effects": {
				"0.0": {
					"effect": "foley_start"
				},
				"0.7667": {
					"effect": "inspect_foley"
				},
				"1.7": {
					"effect": "inspect_down"
				},
				"3.1": {
					"effect": "wa2000_actionback"
				},
				"4.4667": {
					"effect": "wa2000_actionforward"
				},
				"4.8667": {
					"effect": "foley_end"
				}
			}
		}
	},
	"geckolib_format_version": 2
}