{
	"format_version": "1.8.0",
	"animations": {
		"animation.model.fire": {
			"loop": true,
			"animation_length": 3,
			"bones": {
				"main": {
					"rotation": {
						"0.0": {
							"vector": [0, 0, 0]
						},
						"0.0833": {
							"vector": [-22.59308, 1.35049, -3.26714]
						},
						"0.4167": {
							"vector": [-27.84266, 2.10723, -6.7466]
						},
						"0.7083": {
							"vector": [-6.42, 1.05, -3.37],
							"easing": "easeInQuad"
						},
						"1.0": {
							"vector": [0, 0, 0],
							"easing": "easeOutBack",
							"easingArgs": [3]
						}
					},
					"position": {
						"0.0": {
							"vector": [0, 0, 0]
						},
						"0.0833": {
							"vector": [0, -6, 10]
						},
						"0.4167": {
							"vector": [0, -7, 11]
						},
						"0.7083": {
							"vector": [0, -5.5, 5.5],
							"easing": "easeInSine"
						},
						"1.0": {
							"vector": [0, 0, 0],
							"easing": "easeOutQuad"
						}
					}
				},
				"lever1": {
					"rotation": {
						"0.0": {
							"vector": [0, 0, 0]
						},
						"0.0833": {
							"vector": [7.5, 0, 0]
						},
						"0.1667": {
							"vector": [65, 0, 0]
						},
						"0.25": {
							"vector": [55, 0, 0]
						},
						"0.3333": {
							"vector": [65, 0, 0]
						},
						"1.0": {
							"vector": [65, 0, 0]
						}
					}
				},
				"lever2": {
					"rotation": {
						"0.0": {
							"vector": [0, 0, 0]
						},
						"0.0833": {
							"vector": [60, 0, 0]
						},
						"0.1667": {
							"vector": [54.17, 0, 0]
						},
						"0.25": {
							"vector": [40, 0, 0]
						},
						"0.3333": {
							"vector": [60, 0, 0]
						},
						"1.0": {
							"vector": [60, 0, 0]
						}
					}
				},
				"trigger_lever": {
					"rotation": {
						"0.0": {
							"vector": [0, 0, 0]
						},
						"0.0417": {
							"vector": [20, 0, 0]
						},
						"0.25": {
							"vector": [20, 0, 0]
						},
						"0.5": {
							"vector": [0, 0, 0]
						}
					}
				}
			}
		},
		"animation.model.inspect": {
			"loop": true,
			"animation_length": 8,
			"bones": {
				"main": {
					"rotation": {
						"0.0": {
							"vector": [0, 0, 0]
						},
						"0.7917": {
							"vector": [3.2194, -47.617, -11.12197],
							"easing": "easeInOutCubic"
						},
						"1.0833": {
							"vector": [3.2194, -47.617, -10.62197],
							"easing": "easeInOutBack",
							"easingArgs": [-0.5]
						},
						"1.5833": {
							"vector": [17.11927, -44.82099, -21.18196],
							"easing": "easeInOutBack",
							"easingArgs": [0.65]
						},
						"2.5": {
							"vector": [14.4423, -45.4789, -18.28144],
							"easing": "easeInOutBack",
							"easingArgs": [-2]
						},
						"3.5": {
							"vector": [-34.61513, 29.04399, 78.79919],
							"easing": "easeInOutBack",
							"easingArgs": [0.5]
						},
						"4.0417": {
							"vector": [-33.70471, 30.21603, 78.25805],
							"easing": "easeInOutBack",
							"easingArgs": [-1]
						},
						"4.5417": {
							"vector": [-36.8204, 36.30934, 75.11157],
							"easing": "easeInOutCubic"
						},
						"5.875": {
							"vector": [-36.82, 36.31, 74.11],
							"easing": "easeInOutBack",
							"easingArgs": [-3]
						},
						"6.9583": {
							"vector": [0, 0, 0],
							"easing": "easeInOutBack",
							"easingArgs": [1]
						}
					},
					"position": {
						"0.0": {
							"vector": [0, 0, 0]
						},
						"0.375": {
							"vector": [0, -2, -6.4],
							"easing": "easeInCubic"
						},
						"0.7083": {
							"vector": [0, 0, -12],
							"easing": "easeOutCubic"
						},
						"0.7917": {
							"vector": [0, 0, -12]
						},
						"1.0833": {
							"vector": [-0.075, -0.125, -12],
							"easing": "easeInOutBack",
							"easingArgs": [-0.5]
						},
						"2.5": {
							"vector": [0, -0.25, -12],
							"easing": "easeInOutBack",
							"easingArgs": [-2]
						},
						"3.5": {
							"vector": [2, -4.25, -12],
							"easing": "easeInOutBack",
							"easingArgs": [0.5]
						},
						"3.9583": {
							"vector": [2, -4.25, -12],
							"easing": "easeInOutBack",
							"easingArgs": [-1]
						},
						"4.4583": {
							"vector": [1.75, -5, -12],
							"easing": "easeInOutCubic"
						},
						"5.875": {
							"vector": [2, -5.25, -12],
							"easing": "easeInOutBack",
							"easingArgs": [-2]
						},
						"6.375": {
							"vector": [1.33, -16.48, -7.95],
							"easing": "easeInQuart"
						},
						"6.9583": {
							"vector": [0, 0, 0],
							"easing": "easeInOutBack"
						}
					}
				},
				"gun": {
					"rotation": {
						"0.0": {
							"vector": [0, 0, 0]
						},
						"1.0833": {
							"vector": [0, 0, 0]
						},
						"2.5": {
							"vector": [0, 0, 0]
						},
						"3.5": {
							"vector": [0, 0, 0]
						},
						"6.25": {
							"vector": [0, 0, 0]
						},
						"6.9583": {
							"vector": [0, 0, 0]
						}
					},
					"position": {
						"0.0": {
							"vector": [0, 0, 0]
						},
						"0.7917": {
							"vector": [2.73866, -0.03786, 0.67302],
							"easing": "easeInOutCubic"
						},
						"1.0833": {
							"vector": [2.74, -0.04, 0.67]
						},
						"2.5": {
							"vector": [2.74, -0.04, 0.67]
						},
						"3.0": {
							"vector": [0, -0.04, 0.67]
						},
						"3.5": {
							"vector": [0, -0.04, 0.67]
						},
						"6.25": {
							"vector": [0, -0.04, 0.67]
						},
						"6.9583": {
							"vector": [0, 0, 0]
						}
					}
				},
				"leftarm": {
					"rotation": {
						"0.0": {
							"vector": [0, 0, 0]
						},
						"0.7917": {
							"vector": [43.96751, 8.51683, 31.78975],
							"easing": "easeInOutCubic"
						},
						"1.0833": {
							"vector": [43.97, 8.52, 31.79]
						},
						"1.5833": {
							"vector": [40.95041, 14.87189, 37.28014],
							"easing": "easeInOutBack",
							"easingArgs": [0.65]
						},
						"2.5": {
							"vector": [40.95, 14.87, 37.28]
						},
						"3.0": {
							"vector": [40.09896, 17.31802, 13.54373],
							"easing": "easeInOutBack"
						},
						"3.5": {
							"vector": [54.33266, -20.91358, -45.52851],
							"easing": "easeOutSine"
						},
						"6.0": {
							"vector": [54.33266, -20.91358, -45.52851],
							"easing": "easeOutSine"
						},
						"6.625": {
							"vector": [-0.37796, -1.33463, -7.9331],
							"easing": "easeInOutQuad"
						},
						"6.9583": {
							"vector": [0, 0, 0],
							"easing": "easeInOutCubic"
						}
					},
					"position": {
						"0.0": {
							"vector": [0, 0, 0]
						},
						"0.7917": {
							"vector": [9.64608, 0.44371, -5.24515],
							"easing": "easeInOutCubic"
						},
						"1.0833": {
							"vector": [9.65, 0.44, -5.25]
						},
						"1.5833": {
							"vector": [8.62481, -3.4244, -5.37423],
							"easing": "easeInOutBack",
							"easingArgs": [0.65]
						},
						"2.5": {
							"vector": [8.62, -3.42, -5.37]
						},
						"3.0": {
							"vector": [11.45859, 3.18006, -10.56946],
							"easing": "easeInOutBack"
						},
						"3.5": {
							"vector": [-2.70934, 29.45265, -2.69688],
							"easing": "easeInOutQuad"
						},
						"6.0": {
							"vector": [-2.70934, 29.45265, -2.69688],
							"easing": "easeInOutQuad"
						},
						"6.25": {
							"vector": [1.03749, 16.1785, 3.95063]
						},
						"6.625": {
							"vector": [2.70631, 1.26257, 3.67983],
							"easing": "easeInOutQuad"
						},
						"6.9583": {
							"vector": [0, 0, 0],
							"easing": "easeInOutCubic"
						}
					}
				}
			}
		},
		"animation.model.draw": {
			"loop": true,
			"animation_length": 1,
			"bones": {
				"main": {
					"rotation": {
						"0.0": {
							"vector": [35, -57.5, 0],
							"easing": "easeInOutQuad"
						},
						"0.5833": {
							"vector": [0, 0, 0],
							"easing": "easeInOutBack",
							"easingArgs": [0.6]
						}
					},
					"position": {
						"0.0": {
							"vector": [3.99, -29.96, -3.02],
							"easing": "easeInOutQuad"
						},
						"0.5833": {
							"vector": [0, 0, 0],
							"easing": "easeOutBack"
						}
					}
				}
			}
		},
		"animation.model.iterativeload": {
			"loop": true,
			"animation_length": 1,
			"bones": {
				"main": {
					"rotation": {
						"0.0": {
							"vector": [-99.98215, -71.72838, -12.81991],
							"easing": "easeInOutQuart"
						},
						"0.375": {
							"vector": [-98.98, -71.73, -12.82],
							"easing": "easeInOutBack",
							"easingArgs": [-2]
						},
						"0.5": {
							"vector": [-102.48, -71.73, -12.82],
							"easing": "easeOutBack"
						},
						"0.625": {
							"vector": [-98.98, -71.73, -12.82],
							"easing": "easeInOutBack",
							"easingArgs": [-2]
						},
						"1.0": {
							"vector": [-99.98215, -71.72838, -12.81991],
							"easing": "easeInOutBack",
							"easingArgs": [-1]
						}
					},
					"position": {
						"0.0": {
							"vector": [21.99, -21.96, -10.02]
						},
						"0.375": {
							"vector": [21.69, -21.96, -10.02],
							"easing": "easeInOutBack",
							"easingArgs": [-2]
						},
						"0.5": {
							"vector": [22.99, -22.46, -10.02],
							"easing": "easeOutBack"
						},
						"0.625": {
							"vector": [21.69, -21.96, -10.02],
							"easing": "easeInOutBack",
							"easingArgs": [-2]
						},
						"1.0": {
							"vector": [21.99, -21.96, -10.02],
							"easing": "easeInOutBack",
							"easingArgs": [-1]
						}
					}
				},
				"lever1": {
					"rotation": {
						"vector": [65, 0, 0]
					}
				},
				"lever2": {
					"rotation": {
						"vector": [60, 0, 0]
					}
				},
				"rightarm": {
					"rotation": {
						"0.0": {
							"vector": [77.98, -51.19, 68.97],
							"easing": "easeInOutQuint"
						},
						"0.25": {
							"vector": [34.22098, -46.62126, 73.24966],
							"easing": "easeInOutCubic"
						},
						"0.375": {
							"vector": [43.34689, -55.56515, 63.08719],
							"easing": "easeOutSine"
						},
						"0.5": {
							"vector": [51.35081, -59.64939, 54.58344],
							"easing": "easeOutBack"
						},
						"0.625": {
							"vector": [37.9803, -51.18584, 68.96852]
						},
						"1.0": {
							"vector": [77.98, -51.19, 68.97],
							"easing": "easeInOutQuad"
						}
					},
					"position": {
						"0.0": {
							"vector": [15.79827, 47.96063, -21.39903],
							"easing": "easeInOutQuint"
						},
						"0.25": {
							"vector": [4.4496, 32.6243, -49.76783],
							"easing": "easeInOutCubic"
						},
						"0.375": {
							"vector": [4.99185, 31.24967, -48.08816],
							"easing": "easeOutSine"
						},
						"0.5": {
							"vector": [4.72963, 31.59135, -50.19729],
							"easing": "easeOutBack"
						},
						"0.625": {
							"vector": [4.73, 31.59, -50.2]
						},
						"1.0": {
							"vector": [15.79827, 47.96063, -21.39903],
							"easing": "easeInOutQuad"
						}
					}
				},
				"leftarm": {
					"rotation": {
						"vector": [7.8774, -19.96038, 6.31975],
						"easing": "easeInOutCubic"
					},
					"position": {
						"vector": [-2.68209, 7.4845, -4.33459],
						"easing": "easeInOutCubic"
					}
				}
			},
			"sound_effects": {
				"0.375": {
					"effect": "blunderbuss_load2"
				}
			}
		},
		"animation.model.finish": {
			"loop": true,
			"animation_length": 1.86667,
			"bones": {
				"main": {
					"rotation": {
						"0.0": {
							"vector": [-99.98215, -71.72838, -12.81991],
							"easing": "easeInOutQuart"
						},
						"0.2667": {
							"vector": [-28.37509, -8.79898, -20.19526],
							"easing": "easeInOutSine"
						},
						"0.6333": {
							"vector": [-55.88, -8.8, -20.2],
							"easing": "easeOutBack"
						},
						"1.5": {
							"vector": [2.23, -0.7, -0.6],
							"easing": "easeInOutBack"
						},
						"1.8": {
							"vector": [0, 0, 0],
							"easing": "easeOutBack",
							"easingArgs": [1]
						}
					},
					"position": {
						"0.0": {
							"vector": [21.99, -21.96, -10.02]
						},
						"0.2667": {
							"vector": [7.99, -10.96, -10.02],
							"easing": "easeInOutSine"
						},
						"0.6333": {
							"vector": [7.99, -13.96, -6.02],
							"easing": "easeOutBack"
						},
						"1.1333": {
							"vector": [4.56, -18.2, -5.69],
							"easing": "easeInSine"
						},
						"1.5667": {
							"vector": [0, 0, 0],
							"easing": "easeInOutSine"
						}
					}
				},
				"lever1": {
					"rotation": {
						"0.0": {
							"vector": [65, 0, 0]
						},
						"0.3": {
							"vector": [65, 0, 0]
						},
						"0.4": {
							"vector": [0, 0, 0]
						}
					}
				},
				"lever2": {
					"rotation": {
						"0.0": {
							"vector": [60, 0, 0]
						},
						"0.3": {
							"vector": [60, 0, 0]
						},
						"0.4": {
							"vector": [0, 0, 0]
						}
					}
				},
				"rightarm": {
					"rotation": {
						"0.0": {
							"vector": [77.98, -51.19, 68.97],
							"easing": "easeInOutQuint"
						},
						"0.2667": {
							"vector": [27.01198, 0.73348, 13.95078]
						},
						"0.6333": {
							"vector": [28.4264, -13.69932, 9.61685],
							"easing": "easeOutBack"
						},
						"0.8": {
							"vector": [22.5, 0, 0]
						},
						"1.4": {
							"vector": [0, 0, 0],
							"easing": "easeInOutCubic"
						}
					},
					"position": {
						"0.0": {
							"vector": [15.79827, 47.96063, -21.39903],
							"easing": "easeInOutQuint"
						},
						"0.2667": {
							"vector": [1.86503, 22.23802, -11.95561]
						},
						"0.6333": {
							"vector": [-2.76723, 24.01521, -2.54717],
							"easing": "easeOutBack"
						},
						"0.8": {
							"vector": [-9.59933, 6.20809, 3.28919]
						},
						"1.3": {
							"vector": [0, 0, 0],
							"easing": "easeInOutCubic"
						}
					}
				},
				"leftarm": {
					"rotation": {
						"0.0": {
							"vector": [7.8774, -19.96038, 6.31975],
							"easing": "easeInOutCubic"
						},
						"0.2": {
							"vector": [0, 0, 0],
							"easing": "easeInOutCubic"
						}
					},
					"position": {
						"0.0": {
							"vector": [-2.68209, 7.4845, -4.33459],
							"easing": "easeInOutCubic"
						},
						"0.2": {
							"vector": [0, 0, 0],
							"easing": "easeInOutCubic"
						}
					}
				}
			},
			"sound_effects": {
				"0.2667": {
					"effect": "blunderbuss_load3"
				},
				"0.8": {
					"effect": "blunderbuss_load4"
				}
			}
		},
		"animation.model.prepare": {
			"loop": true,
			"animation_length": 0.8,
			"bones": {
				"main": {
					"rotation": {
						"0.0": {
							"vector": [0, 0, 0]
						},
						"0.7667": {
							"vector": [-99.98215, -71.72838, -12.81991],
							"easing": "easeInOutQuart"
						}
					},
					"position": {
						"0.0": {
							"vector": [0, 0, 0]
						},
						"0.7333": {
							"vector": [21.99, -21.96, -10.02],
							"easing": "easeInOutCubic"
						},
						"0.7667": {
							"vector": [21.99, -21.96, -10.02]
						}
					}
				},
				"lever1": {
					"rotation": {
						"vector": [65, 0, 0]
					}
				},
				"lever2": {
					"rotation": {
						"vector": [60, 0, 0]
					}
				},
				"rightarm": {
					"rotation": {
						"0.0": {
							"vector": [0, 0, 0]
						},
						"0.2667": {
							"vector": [17.36687, 12.44035, 1.22938]
						}
					},
					"position": {
						"0.0": {
							"vector": [0, 0, 0]
						},
						"0.2667": {
							"vector": [-18.51412, 4.32285, 18.10341]
						}
					}
				},
				"leftarm": {
					"rotation": {
						"0.0": {
							"vector": [0, 0, 0]
						},
						"0.7333": {
							"vector": [7.8774, -19.96038, 6.31975],
							"easing": "easeInOutCubic"
						}
					},
					"position": {
						"0.0": {
							"vector": [0, 0, 0]
						},
						"0.7333": {
							"vector": [-2.68209, 7.4845, -4.33459],
							"easing": "easeInOutCubic"
						}
					}
				}
			},
			"sound_effects": {
				"0.3667": {
					"effect": "blunderbuss_load1"
				}
			}
		}
	},
	"geckolib_format_version": 2
}