{
	"format_version": "1.8.0",
	"animations": {
		"animation.model.draw": {
			"loop": true,
			"animation_length": 1,
			"bones": {
				"main": {
					"rotation": {
						"0.0": {
							"vector": [35, -57.5, 0],
							"easing": "easeInOutQuad"
						},
						"0.5833": {
							"vector": [0, 0, 0],
							"easing": "easeInOutBack",
							"easingArgs": [0.6]
						}
					},
					"position": {
						"0.0": {
							"vector": [3.99, -29.96, -3.02],
							"easing": "easeInOutQuad"
						},
						"0.5833": {
							"vector": [0, 0, 0],
							"easing": "easeOutBack"
						}
					}
				}
			}
		},
		"animation.model.fire": {
			"loop": true,
			"animation_length": 3,
			"bones": {
				"main": {
					"rotation": {
						"0.0": {
							"vector": [0, 0, 0]
						},
						"0.0833": {
							"vector": [-5, 0, 0]
						},
						"0.2917": {
							"vector": [-7.5, 0, 0],
							"easing": "linear"
						},
						"0.8333": {
							"vector": [0, 0, 0],
							"easing": "easeInOutSine"
						}
					},
					"position": {
						"0.0": {
							"vector": [0, 0, 0]
						},
						"0.0833": {
							"vector": [0, -1, 5]
						},
						"0.2917": {
							"vector": [0, 0, 6],
							"easing": "linear"
						},
						"0.8333": {
							"vector": [0, 0, 0],
							"easing": "easeInOutSine"
						}
					}
				},
				"lever1": {
					"rotation": {
						"0.0": {
							"vector": [0, 0, 0]
						},
						"0.0833": {
							"vector": [0, 0, 0]
						},
						"0.25": {
							"vector": [60, 0, 0]
						},
						"0.375": {
							"vector": [40, 0, 0]
						},
						"0.5": {
							"vector": [60, 0, 0]
						}
					},
					"position": {
						"vector": [0, 0, 0]
					}
				},
				"lever2": {
					"rotation": {
						"0.0": {
							"vector": [0, 0, 0]
						},
						"0.0833": {
							"vector": [45, 0, 0]
						},
						"0.25": {
							"vector": [25, 0, 0]
						},
						"0.5": {
							"vector": [47.5, 0, 0]
						}
					},
					"position": {
						"vector": [0, 0, 0]
					}
				},
				"trigger_lever": {
					"rotation": {
						"0.0": {
							"vector": [0, 0, 0]
						},
						"0.0417": {
							"vector": [35, 0, 0]
						},
						"0.5": {
							"vector": [0, 0, 0]
						}
					},
					"position": {
						"vector": [0, 0, 0]
					}
				}
			}
		},
		"animation.model.reload": {
			"loop": true,
			"animation_length": 3.6,
			"override_previous_animation": true,
			"bones": {
				"main": {
					"rotation": {
						"0.0": {
							"vector": [0, 0, 0]
						},
						"0.7667": {
							"vector": [-92.1146, -12.2003, -26.75498],
							"easing": "easeInOutQuart"
						},
						"1.1": {
							"vector": [-92.11, -12.2, -26.75]
						},
						"1.5": {
							"vector": [-92.11, -12.2, -31.75],
							"easing": "easeOutBack"
						},
						"2.0333": {
							"vector": [-37.00213, -24.20801, 34.46137],
							"easing": "easeInOutQuad"
						},
						"2.1": {
							"vector": [-37.00213, -24.20801, 34.46137],
							"easing": "easeInOutQuad"
						},
						"2.3333": {
							"vector": [-31.74203, -29.99141, 7.36637],
							"easing": "easeOutBack",
							"easingArgs": [-1]
						},
						"2.5333": {
							"vector": [-29.12106, -32.52719, 2.32297],
							"easing": "easeInOutBack",
							"easingArgs": [-2]
						},
						"2.9": {
							"vector": [35, -57.5, 0],
							"easing": "easeInOutQuad"
						},
						"3.5667": {
							"vector": [0, 0, 0],
							"easing": "easeInOutBack",
							"easingArgs": [0.6]
						}
					},
					"position": {
						"0.0": {
							"vector": [0, 0, 0]
						},
						"0.7333": {
							"vector": [28.99, -36.96, -10.02],
							"easing": "easeInOutCubic"
						},
						"1.1": {
							"vector": [28.99, -36.96, -10.02],
							"easing": "easeInOutCubic"
						},
						"1.5": {
							"vector": [31.99, -41.96, -10.02],
							"easing": "easeOutBack"
						},
						"2.0333": {
							"vector": [5.99, -11.96, -10.02],
							"easing": "easeInOutQuad"
						},
						"2.1": {
							"vector": [5.99, -11.96, -10.02]
						},
						"2.5333": {
							"vector": [3.99, -11.96, -7.02],
							"easing": "easeOutBack"
						},
						"2.8": {
							"vector": [3.99, -29.96, -3.02],
							"easing": "easeInOutQuad"
						},
						"3.5667": {
							"vector": [0, 0, 0],
							"easing": "easeOutBack"
						}
					}
				},
				"lever1": {
					"rotation": {
						"0.0": {
							"vector": [60, 0, 0]
						},
						"2.1": {
							"vector": [60, 0, 0]
						},
						"2.3": {
							"vector": [0, 0, 0]
						}
					}
				},
				"lever2": {
					"rotation": {
						"0.0": {
							"vector": [47.5, 0, 0]
						},
						"2.1": {
							"vector": [47.5, 0, 0]
						},
						"2.3": {
							"vector": [0, 0, 0]
						}
					}
				},
				"rightarm": {
					"rotation": {
						"0.5": {
							"vector": [0, 0, 0]
						},
						"0.5333": {
							"vector": [12.88455, -54.68513, 13.75982]
						},
						"1.0": {
							"vector": [50.56008, -57.44067, 13.56957],
							"easing": "easeInOutSine"
						},
						"1.1": {
							"vector": [61.04969, -61.0533, 2.52698]
						},
						"1.3": {
							"vector": [97.3847, -65.10212, -34.89998]
						},
						"2.1": {
							"vector": [-25.38933, 5.34188, 73.66281],
							"easing": "easeOutBack",
							"easingArgs": [0.3]
						},
						"2.3": {
							"vector": [-47.67254, 9.01189, 74.94709],
							"easing": "easeInOutQuad"
						},
						"2.5333": {
							"vector": [-47.67254, 9.01189, 74.94709],
							"easing": "easeInOutQuad"
						},
						"2.8": {
							"vector": [-19.98077, 6.23775, 10.90525]
						},
						"2.9": {
							"vector": [0, 0, 0]
						}
					},
					"position": {
						"0.5": {
							"vector": [0, 0, 0]
						},
						"0.5333": {
							"vector": [-38.65507, 20.23557, -38.92695]
						},
						"1.0": {
							"vector": [-9.79212, 27.02646, -73.99892],
							"easing": "easeInOutSine"
						},
						"1.1": {
							"vector": [-9.13467, 25.96541, -71.27066]
						},
						"1.3": {
							"vector": [-9.19311, 25.76244, -77.08717]
						},
						"2.0333": {
							"vector": [-8.53768, 17.67176, -6.32528],
							"easing": "easeInOutBack",
							"easingArgs": [0.1]
						},
						"2.3": {
							"vector": [-11.20911, 17.44, 1.84883],
							"easing": "easeInOutQuad"
						},
						"2.5333": {
							"vector": [-11.20911, 17.44, 1.84883],
							"easing": "easeInOutQuad"
						},
						"2.8": {
							"vector": [-6.83352, -6.00679, -7.8096]
						},
						"2.9": {
							"vector": [0, 0, 0]
						}
					}
				}
			},
			"sound_effects": {
				"1.1333": {
					"effect": "eye_of_reach_load1"
				},
				"2.1": {
					"effect": "eye_of_reach_load2"
				}
			}
		},
		"animation.model.inspect": {
			"loop": true,
			"animation_length": 8,
			"bones": {
				"main": {
					"rotation": {
						"0.0": {
							"vector": [0, 0, 0]
						},
						"0.8": {
							"vector": [3.2194, -47.617, -11.12197],
							"easing": "easeInOutCubic"
						},
						"1.0667": {
							"vector": [3.2194, -47.617, -10.62197],
							"easing": "easeInOutBack",
							"easingArgs": [-0.5]
						},
						"1.6": {
							"vector": [17.11927, -44.82099, -21.18196],
							"easing": "easeInOutBack",
							"easingArgs": [0.65]
						},
						"2.5": {
							"vector": [14.4423, -45.4789, -18.28144],
							"easing": "easeInOutBack",
							"easingArgs": [-2]
						},
						"3.5": {
							"vector": [-34.61513, 29.04399, 78.79919],
							"easing": "easeInOutBack",
							"easingArgs": [0.5]
						},
						"4.0333": {
							"vector": [-33.70471, 30.21603, 78.25805],
							"easing": "easeInOutBack",
							"easingArgs": [-1]
						},
						"4.5333": {
							"vector": [-36.8204, 36.30934, 75.11157],
							"easing": "easeInOutCubic"
						},
						"5.8667": {
							"vector": [-36.82, 36.31, 74.11],
							"easing": "easeInOutBack",
							"easingArgs": [-3]
						},
						"6.9667": {
							"vector": [0, 0, 0],
							"easing": "easeInOutBack"
						}
					},
					"position": {
						"0.0": {
							"vector": [0, 0, 0]
						},
						"0.3667": {
							"vector": [0, -2, -6.4],
							"easing": "easeInCubic"
						},
						"0.7": {
							"vector": [0, 0, -12],
							"easing": "easeOutCubic"
						},
						"0.8": {
							"vector": [0, 0, -12]
						},
						"1.0667": {
							"vector": [-0.075, -0.125, -12],
							"easing": "easeInOutBack",
							"easingArgs": [-0.5]
						},
						"2.5": {
							"vector": [0, -0.25, -12],
							"easing": "easeInOutBack",
							"easingArgs": [-2]
						},
						"3.5": {
							"vector": [2, -4.25, -12],
							"easing": "easeInOutBack",
							"easingArgs": [0.5]
						},
						"3.9667": {
							"vector": [2, -4.25, -12],
							"easing": "easeInOutBack",
							"easingArgs": [-1]
						},
						"4.4667": {
							"vector": [1.75, -5, -12],
							"easing": "easeInOutCubic"
						},
						"5.8667": {
							"vector": [2, -5.25, -12],
							"easing": "easeInOutBack",
							"easingArgs": [-2]
						},
						"6.4667": {
							"vector": [0.62, -12.64, -3.74],
							"easing": "easeInCubic"
						},
						"6.9667": {
							"vector": [0, 0, 0],
							"easing": "easeInOutBack"
						}
					}
				},
				"gun": {
					"rotation": {
						"0.0": {
							"vector": [0, 0, 0]
						},
						"1.0667": {
							"vector": [0, 0, 0]
						},
						"1.1": {
							"vector": [0, 0, 0]
						},
						"2.5": {
							"vector": [0, 0, 0]
						},
						"3.5": {
							"vector": [0, 0, 0]
						},
						"6.2667": {
							"vector": [0, 0, 0]
						},
						"6.9667": {
							"vector": [0, 0, 0]
						}
					},
					"position": {
						"0.0": {
							"vector": [0, 0, 0]
						},
						"0.8": {
							"vector": [2.73866, -0.03786, 0.67302],
							"easing": "easeInOutCubic"
						},
						"1.0667": {
							"vector": [2.74, -0.04, 0.67]
						},
						"1.1": {
							"vector": [2.74, -0.04, 0.67]
						},
						"2.5": {
							"vector": [2.74, -0.04, 0.67]
						},
						"3.0": {
							"vector": [0, -0.04, 0.67]
						},
						"3.5": {
							"vector": [0, -0.04, 0.67]
						},
						"6.2667": {
							"vector": [0, -0.04, 0.67]
						},
						"6.9667": {
							"vector": [0, 0, 0]
						}
					}
				},
				"leftarm": {
					"rotation": {
						"0.0": {
							"vector": [0, 0, 0]
						},
						"0.8": {
							"vector": [43.96751, 8.51683, 31.78975],
							"easing": "easeInOutCubic"
						},
						"1.0667": {
							"vector": [43.97, 8.52, 31.79]
						},
						"1.6": {
							"vector": [40.95041, 14.87189, 37.28014],
							"easing": "easeInOutBack",
							"easingArgs": [0.65]
						},
						"2.5": {
							"vector": [40.95, 14.87, 37.28]
						},
						"3.0": {
							"vector": [40.09896, 17.31802, 13.54373],
							"easing": "easeInOutBack"
						},
						"3.5": {
							"vector": [54.33266, -20.91358, -45.52851],
							"easing": "easeOutSine"
						},
						"6.0": {
							"vector": [54.33, -20.91, -45.53]
						},
						"6.6333": {
							"vector": [-0.37796, -1.33463, -7.9331],
							"easing": "easeInOutQuad"
						},
						"6.9667": {
							"vector": [0, 0, 0],
							"easing": "easeInOutCubic"
						}
					},
					"position": {
						"0.0": {
							"vector": [0, 0, 0]
						},
						"0.8": {
							"vector": [9.64608, 0.44371, -5.24515],
							"easing": "easeInOutCubic"
						},
						"1.0667": {
							"vector": [9.65, 0.44, -5.25]
						},
						"1.6": {
							"vector": [8.62481, -3.4244, -5.37423],
							"easing": "easeInOutBack",
							"easingArgs": [0.65]
						},
						"2.5": {
							"vector": [8.62, -3.42, -5.37]
						},
						"3.0": {
							"vector": [12.4591, 4.39341, -3.7484],
							"easing": "easeInOutBack"
						},
						"3.5": {
							"vector": [-2.73378, 31.4069, 2.88705],
							"easing": "easeInOutQuad"
						},
						"6.0": {
							"vector": [-2.73, 31.41, 2.89]
						},
						"6.2667": {
							"vector": [1.03749, 16.1785, 3.95063]
						},
						"6.6333": {
							"vector": [2.70631, 1.26257, 3.67983],
							"easing": "easeInOutQuad"
						},
						"6.9667": {
							"vector": [0, 0, 0],
							"easing": "easeInOutCubic"
						}
					}
				}
			}
		}
	},
	"geckolib_format_version": 2
}