{
	"format_version": "1.8.0",
	"animations": {
		"animation.model.fire": {
			"loop": true,
			"animation_length": 3,
			"bones": {
				"main": {
					"rotation": {
						"0.0": {
							"vector": [0, 0, 0]
						},
						"0.0833": {
							"vector": [-42.63048, 0, -3.09254]
						},
						"0.3333": {
							"vector": [-45.13048, 0, -3.09254]
						},
						"1.0": {
							"vector": [0, 0, 0],
							"easing": "easeInOutSine"
						}
					},
					"position": {
						"0.0": {
							"vector": [0, 0, 0]
						},
						"0.0833": {
							"vector": [0, 1.4, 5.1]
						},
						"0.3333": {
							"vector": [0, 1.4, 6.1]
						},
						"1.0": {
							"vector": [0, 0, 0],
							"easing": "linear"
						}
					}
				},
				"lever1": {
					"rotation": {
						"0.0": {
							"vector": [0, 0, 0]
						},
						"0.0833": {
							"vector": [7.5, 0, 0]
						},
						"0.1667": {
							"vector": [65, 0, 0]
						},
						"0.25": {
							"vector": [55, 0, 0]
						},
						"0.3333": {
							"vector": [65, 0, 0]
						},
						"1.5": {
							"vector": [65, 0, 0]
						}
					}
				},
				"lever2": {
					"rotation": {
						"0.0": {
							"vector": [0, 0, 0]
						},
						"0.0833": {
							"vector": [60, 0, 0]
						},
						"0.1667": {
							"vector": [54.17, 0, 0]
						},
						"0.25": {
							"vector": [40, 0, 0]
						},
						"0.3333": {
							"vector": [60, 0, 0]
						},
						"1.5": {
							"vector": [60, 0, 0]
						}
					}
				},
				"trigger_lever": {
					"rotation": {
						"0.0": {
							"vector": [0, 0, 0]
						},
						"0.0417": {
							"vector": [20, 0, 0]
						},
						"0.25": {
							"vector": [20, 0, 0]
						},
						"0.5": {
							"vector": [0, 0, 0]
						}
					}
				}
			}
		},
		"animation.model.reload": {
			"loop": true,
			"animation_length": 2.5,
			"bones": {
				"main": {
					"rotation": {
						"0.0": {
							"vector": [0, 0, 0]
						},
						"0.5667": {
							"vector": [-35, -57.5, 0],
							"easing": "easeOutBack"
						},
						"0.6667": {
							"vector": [-35, -57.5, 0]
						},
						"0.9333": {
							"vector": [-31.04642, -53.30447, -4.79882],
							"easing": "easeOutCubic"
						},
						"1.0667": {
							"vector": [-33.82277, -24.60295, 5.64742]
						},
						"1.2333": {
							"vector": [-33.82, -24.6, 5.65]
						},
						"1.6667": {
							"vector": [-41.32, -24.6, 5.65],
							"easing": "easeOutBack"
						},
						"1.9": {
							"vector": [8.09402, -20.52914, 37.20622]
						},
						"2.3667": {
							"vector": [0, 0, 0],
							"easing": "easeInOutBack"
						}
					},
					"position": {
						"0.0": {
							"vector": [0, 0, 0]
						},
						"0.5333": {
							"vector": [4, -5, 5],
							"easing": "easeOutBack"
						},
						"0.6667": {
							"vector": [4, -5, 5]
						},
						"0.9333": {
							"vector": [3, -6, 6],
							"easing": "easeOutCubic"
						},
						"1.0667": {
							"vector": [4, -6, 5]
						},
						"1.2": {
							"vector": [5, -6, 1]
						},
						"1.7": {
							"vector": [-3, -7, 4],
							"easing": "easeOutBack"
						},
						"1.9": {
							"vector": [-8, -18, 12]
						},
						"2.3": {
							"vector": [0, 0, 0],
							"easing": "easeOutBack"
						}
					}
				},
				"lever1": {
					"rotation": {
						"0.0": {
							"vector": [65, 0, 0]
						},
						"1.2333": {
							"vector": [65, 0, 0]
						},
						"1.3": {
							"vector": [0, 0, 0]
						}
					}
				},
				"lever2": {
					"rotation": {
						"0.0": {
							"vector": [60, 0, 0]
						},
						"1.2667": {
							"vector": [60, 0, 0]
						},
						"1.3333": {
							"vector": [0, 0, 0]
						}
					}
				},
				"leftarm": {
					"rotation": {
						"0.0": {
							"vector": [0, 0, 0]
						},
						"0.3333": {
							"vector": [0, 0, 0]
						},
						"0.3667": {
							"vector": [18.55118, 55.53401, 58.41665]
						},
						"0.5667": {
							"vector": [18.55, 55.53, 58.42]
						},
						"0.6667": {
							"vector": [22.99083, 62.54908, 63.58805]
						},
						"0.8333": {
							"vector": [21.08701, 60.27006, 61.41491],
							"easing": "easeOutCubic"
						},
						"1.2": {
							"vector": [-65.39012, 7.93874, -47.52199]
						},
						"1.4": {
							"vector": [-92.00117, 11.98388, -56.8097]
						},
						"1.6": {
							"vector": [-92, 11.98, -56.81]
						},
						"1.9": {
							"vector": [-92, 11.98, -56.81]
						},
						"1.9333": {
							"vector": [0, 0, 0]
						}
					},
					"position": {
						"0.0": {
							"vector": [0, 0, 0]
						},
						"0.3333": {
							"vector": [0, 0, 0]
						},
						"0.3667": {
							"vector": [7.8793, -11.88971, -39.5458]
						},
						"0.5667": {
							"vector": [-3.92765, 9.18461, -63.49308],
							"easing": "easeOutSine"
						},
						"0.6667": {
							"vector": [-3.01172, 10.73664, -59.52344]
						},
						"0.8333": {
							"vector": [-3.01, 10.74, -59.52]
						},
						"1.1333": {
							"vector": [-1.43408, 13.61385, -57.01863]
						},
						"1.2667": {
							"vector": [-1.88, 22.86, -49.62]
						},
						"1.4": {
							"vector": [-1.88, 16.86, -38.62]
						},
						"1.6": {
							"vector": [-1.88, 16.86, -38.62]
						},
						"1.9": {
							"vector": [-1.88, 3.86, -10.62],
							"easing": "easeInQuint"
						},
						"1.9333": {
							"vector": [0, 0, 0]
						}
					}
				}
			},
			"sound_effects": {
				"0.6667": {
					"effect": "flintlock_load"
				},
				"1.2333": {
					"effect": "flintlock_load2"
				}
			}
		},
		"animation.model.draw": {
			"loop": true,
			"animation_length": 1,
			"bones": {
				"main": {
					"rotation": {
						"0.0": {
							"vector": [8.09402, -20.52914, 37.20622]
						},
						"0.5": {
							"vector": [0, 0, 0],
							"easing": "easeInOutBack"
						}
					},
					"position": {
						"0.0": {
							"vector": [-8, -18, 12]
						},
						"0.4": {
							"vector": [0, 0, 0],
							"easing": "easeOutBack"
						}
					}
				}
			}
		},
		"animation.model.inspect": {
			"loop": true,
			"animation_length": 6,
			"bones": {
				"main": {
					"rotation": {
						"0.0": {
							"vector": [0, 0, 0]
						},
						"0.5": {
							"vector": [-32.5, -50, 0],
							"easing": "easeInOutBack",
							"easingArgs": [2]
						},
						"1.0667": {
							"vector": [-29.89148, -51.29539, -3.3728],
							"easing": "easeInOutBack",
							"easingArgs": [-1]
						},
						"1.7333": {
							"vector": [-2.97985, -46.04179, -29.67599],
							"easing": "easeInOutBack",
							"easingArgs": [0.4]
						},
						"2.4": {
							"vector": [-5.55749, -45.85384, -26.09423],
							"easing": "easeInOutBack",
							"easingArgs": [-2]
						},
						"2.8667": {
							"vector": [-10.16, -11.39, 15.74],
							"easing": "easeInBack"
						},
						"3.4": {
							"vector": [-42.34547, 23.26383, 61.15307],
							"easing": "easeOutBack",
							"easingArgs": [0.5]
						},
						"4.4": {
							"vector": [-52.39871, 48.40355, 59.36805],
							"easing": "easeInOutBack",
							"easingArgs": [0.75]
						},
						"5.0": {
							"vector": [-50.58497, 50.35668, 61.76076],
							"easing": "easeInOutBack",
							"easingArgs": [-2]
						},
						"5.3333": {
							"vector": [-40.79, 21.51, 26.39],
							"easing": "easeInBack"
						},
						"5.5": {
							"vector": [32.5, 0, 0],
							"easing": "easeOutBack"
						},
						"5.8667": {
							"vector": [0, 0, 0],
							"easing": "easeInOutBack"
						}
					},
					"position": {
						"0.0": {
							"vector": [0, 0, 0]
						},
						"0.2667": {
							"vector": [5, 0, -3]
						},
						"1.0667": {
							"vector": [5.25, -0.25, -3],
							"easing": "easeInOutBack",
							"easingArgs": [-2]
						},
						"2.4": {
							"vector": [4.75, 0.25, -3],
							"easing": "easeInOutBack",
							"easingArgs": [-2]
						},
						"2.8667": {
							"vector": [9, -1.5, -1],
							"easing": "easeInBack"
						},
						"3.4": {
							"vector": [13, 3, 7],
							"easing": "easeOutBack",
							"easingArgs": [0.5]
						},
						"5.0": {
							"vector": [13, 3, 7],
							"easing": "easeInOutBack",
							"easingArgs": [-2]
						},
						"5.3333": {
							"vector": [7.56, -6.56, 7],
							"easing": "easeInBack"
						},
						"5.8667": {
							"vector": [0, 0, 0],
							"easing": "easeInOutSine"
						}
					}
				},
				"gun": {
					"rotation": {
						"0.0": {
							"vector": [0, 0, 0]
						},
						"0.3667": {
							"vector": [-17.5, 0, 0],
							"easing": "linear"
						},
						"1.0667": {
							"vector": [-17.5, 0, 0]
						},
						"2.4": {
							"vector": [-17.5, 0, 0]
						},
						"2.8667": {
							"vector": [8.75, 0, 0],
							"easing": "easeInBack"
						},
						"3.4": {
							"vector": [0, 0, 0],
							"easing": "easeOutBack",
							"easingArgs": [0.5]
						},
						"5.0": {
							"vector": [0, 0, 0]
						},
						"5.3333": {
							"vector": [-20, 0, 0],
							"easing": "easeOutBack",
							"easingArgs": [1]
						},
						"5.5": {
							"vector": [14.06885, 5.80613, -11.32016],
							"easing": "easeOutBack"
						},
						"5.8667": {
							"vector": [0, 0, 0],
							"easing": "easeInOutBack",
							"easingArgs": [2]
						}
					},
					"position": {
						"0.0": {
							"vector": [0, 0, 0]
						},
						"0.3667": {
							"vector": [4, 0, -2]
						},
						"1.0667": {
							"vector": [4, 0, -2]
						},
						"2.4": {
							"vector": [4, 0, -2]
						},
						"2.8667": {
							"vector": [2, 0, -2],
							"easing": "easeInBack"
						},
						"3.4": {
							"vector": [0, 0, -2],
							"easing": "easeOutBack",
							"easingArgs": [0.5]
						},
						"5.0": {
							"vector": [0, 0, -2]
						},
						"5.8667": {
							"vector": [0, 0, 0],
							"easing": "easeInOutSine"
						}
					}
				}
			}
		}
	},
	"geckolib_format_version": 2
}