{
"loader": "forge:separate_transforms",
  "gui_light": "front",
  "base": 
{
  "credit": "Made with Blockbench",
  "parent": "builtin/entity",
  "texture_size": [
    128,
    128
  ],
  "display": {
    "thirdperson_righthand": {
      "translation": [
        0.25,
        -6.75,
        1
      ],
      "scale": [
        0.4,
        0.4,
        0.4
      ]
    },
    "thirdperson_lefthand": {
      "translation": [
        0.25,
        -6.75,
        1
      ],
      "scale": [
        0.39999999999999997,
        0.39999999999999997,
        0.39999999999999997
      ]
    },
    "firstperson_righthand": {
      "rotation": [
        0,
        0,
        3.5
      ],
      "translation": [
        1.5,
        -19,
        -6
      ]
    },
    "firstperson_lefthand": {
      "rotation": [
        0,
        0,
        3.5
      ],
      "translation": [
        1.5,
        -19,
        -6
      ]
    },
    "ground": {
      "translation": [
        0,
        -6,
        2.75
      ],
      "scale": [
        0.3,
        0.3,
        0.3
      ]
    },
    "gui": {
      "rotation": [
        44,
        50,
        -40
      ],
      "translation": [
        1,
        -6.25,
        0
      ],
      "scale": [
        0.27999999999999997,
        0.27999999999999997,
        0.27999999999999997
      ]
    },
    "head": {
      "translation": [
        0,
        -8.5,
        -0.75
      ]
    },
    "fixed": {
      "rotation": [
        180,
        -90,
        180
      ],
      "translation": [
        -5.5,
        -7,
        -1
      ],
      "scale": [
        0.39999999999999997,
        0.4,
        0.39999999999999997
      ]
    }
  }
},
  "perspectives": {
    "gui": {
      "parent": "item/generated",
      "textures": {
        "layer0": "pointblank:item/eye_of_reach.icon"
      }
    }
  }
}
