{
  "credit": "Made with Blockbench",
  "parent": "builtin/entity",
  "display": {
    "thirdperson_righthand": {
      "scale": [
        0.4,
        0.4,
        0.4
      ]
    },
    "thirdperson_lefthand": {
      "scale": [
        0.39999999999999997,
        0.39999999999999997,
        0.39999999999999997
      ]
    },
    "firstperson_righthand": {
      "rotation": [
        0,
        0,
        3.5
      ],
      "translation": [
        0,
        -9.25,
        -13
      ]
    },
    "firstperson_lefthand": {
      "rotation": [
        0,
        0,
        3.5
      ],
      "translation": [
        0,
        -9.25,
        -13
      ]
    },
    "ground": {
      "translation": [
        0,
        -2.25,
        0
      ],
      "scale": [
        0.3,
        0.3,
        0.3
      ]
    },
    "gui": {
      "rotation": [
        44,
        50,
        -40
      ],
      "translation": [
        -0.75,
        -2,
        0
      ]
    },
    "head": {
      "translation": [
        0,
        -3,
        -6
      ]
    },
    "fixed": {
      "rotation": [
        180,
        -90,
        180
      ],
      "translation": [
        0,
        -1.25,
        0
      ],
      "scale": [
        0.62,
        0.62,
        0.62
      ]
    }
  }
}