{
  "parent": "pointblank:adventure/obtain_printer",
  "criteria": {
    "obtain_minigun": {
      "conditions": {
        "items": [
          {
            "items": [
              "pointblank:m134minigun"
            ]
          }
        ]
      },
      "trigger": "minecraft:inventory_changed"
    }
  },
  "display": {
    "announce_to_chat": true,
    "description": "Craft a Minigun",
    "frame": "goal",
    "hidden": false,
    "icon": {
      "item": "pointblank:m134minigun"
    },
    "show_toast": true,
    "title": "I Am Heavy Weapons Guy"
  },
  "requirements": [
    [
      "obtain_minigun"
    ]
  ],
  "rewards": {
    "experience": 50
  },
  "sends_telemetry_event": false
}
