{
  "parent": "minecraft:adventure/root",
  "criteria": {
    "obtain_printer": {
      "conditions": {
        "items": [
          {
            "items": [
              "pointblank:printer"
            ]
          }
        ]
      },
      "trigger": "minecraft:inventory_changed"
    }
  },
  "display": {
    "announce_to_chat": true,
    "description": "Craft a weapon printer",
    "frame": "task",
    "hidden": false,
    "icon": {
      "item": "pointblank:printer"
    },
    "show_toast": true,
    "title": "Print Blank"
  },
  "requirements": [
    [
      "obtain_printer"
    ]
  ],
  "rewards": {
    "experience": 20
  },
  "sends_telemetry_event": false
}
