{
  "parent": "minecraft:adventure/trade",
  "criteria": {
    "traded_for_motor": {
      "conditions": {
          "item": {
             "items": [
                "pointblank:motor"
             ]
          }
      },
      "trigger": "minecraft:villager_trade"
    }
  },
  "display": {
    "announce_to_chat": true,
    "description": "Trade with an Arms Dealer for a Minigun Motor",
    "frame": "task",
    "hidden": false,
    "icon": {
      "item": "pointblank:motor"
    },
    "show_toast": true,
    "title": "Spinny Spinny!"
  },
  "requirements": [
    [
      "traded_for_motor"
    ]
  ],
  "rewards": {
    "experience": 50
  },
  "sends_telemetry_event": false
}
