{
	"format_version": "1.12.0",
	"minecraft:geometry": [
		{
			"description": {
				"identifier": "geometry.unknown",
				"texture_width": 190,
				"texture_height": 190,
				"visible_bounds_width": 8,
				"visible_bounds_height": 7,
				"visible_bounds_offset": [0, 1.5, 0]
			},
			"bones": [
				{
					"name": "main",
					"pivot": [0, 0, 0]
				},
				{
					"name": "gun",
					"parent": "main",
					"pivot": [0.07644, 20.01529, 2.01708],
					"cubes": [
						{"origin": [-1.75, 14.75, -1.5], "size": [3.5, 4.5, 5.75], "uv": [0, 87]},
						{"origin": [-2, 17.75, -0.25], "size": [4, 2, 2], "uv": [17, 45]},
						{"origin": [1, 17.75, -1.25], "size": [1, 2, 1], "pivot": [2, 17.75, -0.25], "rotation": [0, 18.75, 0], "uv": [47, 0]},
						{"origin": [1, 17.75, 1.75], "size": [1, 2, 1], "pivot": [2, 17.75, 1.75], "rotation": [0, -18.75, 0], "uv": [41, 40]},
						{"origin": [-2, 17.75, 1.75], "size": [1, 2, 1], "pivot": [-2, 17.75, 1.75], "rotation": [0, 18.75, 0], "uv": [31, 40]},
						{"origin": [-2, 17.75, -1.25], "size": [1, 2, 1], "pivot": [-2, 17.75, -0.25], "rotation": [0, -18.75, 0], "uv": [41, 0]},
						{"origin": [-1.75, 18, -11.5], "size": [3.5, 1, 10.75], "inflate": 0.002, "uv": [45, 96]},
						{"origin": [-1.75, 16, -2.25], "size": [3.5, 2, 1], "inflate": -0.001, "pivot": [1.75, 18, -2.25], "rotation": [24.5, 0, 0], "uv": [9, 64]},
						{"origin": [-1.75, 18.5, 3.25], "size": [3.5, 1.5, 2.75], "inflate": -0.001, "pivot": [1.75, 18.5, 6.25], "rotation": [37, 0, 0], "uv": [47, 24]},
						{"origin": [-1.75, 18.675, -0.5], "size": [3.5, 3.5, 22.75], "inflate": 0.001, "pivot": [1.75, 18.675, 2.5], "rotation": [-9.75, 0, 0], "uv": [114, 114]},
						{"origin": [-2.25, 15.425, 13.9], "size": [4.5, 6.5, 9], "inflate": 0.002, "pivot": [2.25, 15.425, 13.9], "rotation": [-9.75, 0, 0], "uv": [0, 45]},
						{"origin": [-2.25, 18.925, 11.9], "size": [4.5, 1.5, 4], "uv": [90, 0]},
						{"origin": [-1.75, 15.425, 13.9], "size": [3.5, 3.5, 1.75], "inflate": -0.001, "pivot": [1.75, 15.425, 13.9], "rotation": [29.75, 0, 0], "uv": [88, 53]},
						{"origin": [1.25, 17.225, 8.9], "size": [1, 5.5, 5], "pivot": [2.25, 15.425, 13.9], "rotation": [-9.79835, 5.66667, -0.97695], "uv": [0, 31]},
						{"origin": [-2.25, 17.225, 8.9], "size": [1, 5.5, 5], "pivot": [-2.25, 15.425, 13.9], "rotation": [-9.79835, -5.66667, 0.97695], "uv": [17, 17]},
						{"origin": [-2.25, 15.75, 20.4], "size": [4.5, 6.5, 17.25], "inflate": 0.001, "pivot": [2.25, 15.75, 22.9], "rotation": [-34, 0, 0], "uv": [0, 64]},
						{"origin": [-1, 15.425, 22.475], "size": [2, 2, 5], "pivot": [1, 15.425, 22.475], "rotation": [-42.25, 0, 0], "uv": [88, 42]},
						{"origin": [-2.25, 5.75, 33.15], "size": [4.5, 15, 7.5], "inflate": 0.002, "uv": [0, 0]},
						{"origin": [2, 15.6, 38.875], "size": [1, 1, 1], "pivot": [3, 16.6, 38.875], "rotation": [-22.5, 0, 0], "uv": [47, 21]},
						{"origin": [-2.25, 5.75, 40.65], "size": [4.5, 3, 15], "pivot": [2.25, 5.75, 40.65], "rotation": [80.75, 0, 0], "uv": [88, 42]},
						{"origin": [-2.25, 20.45, 41], "size": [4.5, 1.7, 2], "uv": [0, 41]},
						{"origin": [-2.25, 16.5, 25.65], "size": [4.5, 4.25, 7.5], "uv": [0, 151]},
						{"origin": [-2.25, 5.75, 33.15], "size": [4.5, 1, 3], "pivot": [2.25, 5.75, 33.15], "rotation": [65.25, 0, 0], "uv": [88, 49]},
						{"origin": [-1.75, 6.75, -0.375], "size": [3.5, 8, 4.5], "inflate": 0.001, "pivot": [1.25, 14.75, -0.375], "rotation": [26.75, 0, 0], "uv": [31, 0]},
						{"origin": [-1.75, 10.625, 5.975], "size": [3.5, 6, 1.75], "inflate": -0.001, "pivot": [1.25, 10.625, 7.725], "rotation": [35.5, 0, 0], "uv": [45, 64]},
						{"origin": [-1.75, 5.625, 2.975], "size": [3.5, 5, 4.75], "uv": [47, 0]},
						{"origin": [-1.75, 5.625, -1.025], "size": [3.5, 1, 4], "inflate": 0.001, "uv": [47, 9]},
						{"origin": [-1.75, 5.625, -1.025], "size": [3.5, 2, 1], "pivot": [1.25, 5.625, -1.025], "rotation": [56.25, 0, 0], "uv": [90, 70]},
						{"origin": [-1.75, 6.75, -2.675], "size": [3.5, 16, 1], "inflate": -0.001, "pivot": [1.25, 6.75, -2.675], "rotation": [39, 0, 0], "uv": [79, 71]},
						{"origin": [-1.75, 15.5, -9.625], "size": [3.5, 6, 2.25], "inflate": 0.001, "pivot": [1.25, 15.5, -9.625], "rotation": [54, 0, 0], "uv": [31, 17]},
						{"origin": [-1.75, 15.25, -9.325], "size": [3.5, 6, 1], "uv": [0, 45]},
						{"origin": [-1.75, 17.25, -9.575], "size": [3.5, 3, 1.25], "inflate": -0.001, "pivot": [1.25, 17.25, -9.325], "rotation": [-42, 0, 0], "uv": [34, 87]},
						{"origin": [-0.5, 15, -4.05], "size": [1, 4, 3], "inflate": -0.1, "pivot": [1.15, 15, -3.05], "rotation": [-10, 0, 0], "uv": [66, 0]},
						{"origin": [1.95, 21.2, -0.5], "size": [1, 1, 43.5], "pivot": [2.95, 21.2, -0.5], "rotation": [0, 0, -11], "uv": [45, 65]},
						{"origin": [1.95, 18.2, -0.5], "size": [1, 3, 14], "pivot": [2.95, 21.2, -0.5], "rotation": [0, 0, 26], "uv": [31, 31]},
						{"origin": [2.15, 18.775, 12.325], "size": [1, 2, 2], "pivot": [3.15, 21.2, 12.5], "rotation": [0, 0, 26], "uv": [47, 31]},
						{"origin": [-3.15, 18.775, 12.325], "size": [1, 2, 2], "pivot": [-3.15, 21.2, 12.5], "rotation": [0, 0, -26], "uv": [47, 17]},
						{"origin": [1.95, 19.2, -0.2], "size": [1, 2, 1], "inflate": -0.001, "pivot": [2.95, 21.2, -0.5], "rotation": [-55.25, 0, 26], "uv": [24, 49]},
						{"origin": [1.95, 18.2, -15.5], "size": [1, 1.75, 15], "pivot": [2.95, 21.2, -0.5], "rotation": [0, 0, 26], "uv": [56, 134]},
						{"origin": [-2.95, 19.2, -0.2], "size": [1, 2, 1], "inflate": -0.001, "pivot": [-2.95, 21.2, -0.5], "rotation": [-55.25, 0, -26], "uv": [37, 48]},
						{"origin": [-2.95, 18.2, -15.5], "size": [1, 1.75, 15], "pivot": [-2.95, 21.2, -0.5], "rotation": [0, 0, -26], "uv": [22, 134]},
						{"origin": [1.95, 19.2, 13.5], "size": [1, 2, 29.5], "pivot": [2.95, 21.2, -0.5], "rotation": [0, 0, 43], "uv": [0, 31]},
						{"origin": [-2.95, 19.2, 13.5], "size": [1, 2, 29.5], "pivot": [-2.95, 21.2, -0.5], "rotation": [0, 0, -43], "uv": [0, 0]},
						{"origin": [-2.95, 18.2, -0.5], "size": [1, 3, 14], "pivot": [-2.95, 21.2, -0.5], "rotation": [0, 0, -26], "uv": [31, 0]},
						{"origin": [1.525, 22.175, 24.5], "size": [1.25, 2, 17], "pivot": [2.775, 22.175, 24.5], "rotation": [0, 0, -53], "uv": [133, 63]},
						{"origin": [-1, 24.1, -0.5], "size": [1, 1, 41], "pivot": [0, 25.1, -0.5], "rotation": [0, 0, -12.5], "uv": [90, 42]},
						{"origin": [0, 24.1, -0.5], "size": [1, 1, 41], "inflate": 0.001, "pivot": [0, 25.1, -0.5], "rotation": [0, 0, 12.5], "uv": [66, 0]},
						{"origin": [-1, 22.85, 40.75], "size": [2, 2, 3.5], "pivot": [-1, 24.85, 40.75], "rotation": [-49.25, 0, 0], "uv": [17, 49]},
						{"origin": [0.975, 23.875, -0.5], "size": [3.25, 1, 25], "inflate": -0.001, "pivot": [0.975, 24.875, -0.5], "rotation": [0, 0, 56.6], "uv": [1, 106]},
						{"origin": [1.475, 23.975, 15.5], "size": [2.25, 1, 8], "pivot": [0.975, 24.875, -0.5], "rotation": [0, 0, 56.6], "uv": [61, 97]},
						{"origin": [0.975, 23.875, 24.5], "size": [3.25, 1, 16], "pivot": [0.975, 24.875, 24.5], "rotation": [0, 0, 66.85], "uv": [0, 134]},
						{"origin": [-4.225, 23.875, 24.5], "size": [3.25, 1, 16], "inflate": 0.001, "pivot": [-0.975, 24.875, 24.5], "rotation": [0, 0, -66.85], "uv": [90, 64]},
						{"origin": [-2.775, 22.175, 24.5], "size": [1.25, 2, 17], "pivot": [-2.775, 22.175, 24.5], "rotation": [0, 0, 53], "uv": [133, 27]},
						{"origin": [-4.225, 23.875, -0.5], "size": [3.25, 1, 16], "inflate": -0.001, "pivot": [-0.975, 24.875, -0.5], "rotation": [0, 0, -56.6], "uv": [133, 46]},
						{"origin": [-4.225, 23.875, 23.5], "size": [3.25, 1, 1], "pivot": [-0.975, 24.875, -0.5], "rotation": [0, 0, -56.6], "uv": [31, 12]},
						{"origin": [-1.925, 24.175, 15.2], "size": [1.25, 1, 8.6], "inflate": -0.3, "pivot": [-0.975, 24.875, -0.5], "rotation": [0, 0, -56.6], "uv": [90, 84]},
						{"origin": [-4.525, 24.175, 15.2], "size": [1.25, 1, 8.6], "inflate": -0.3, "pivot": [-0.975, 24.875, -0.5], "rotation": [0, 0, -56.6], "uv": [66, 51]},
						{"origin": [-2.95, 21.2, -0.5], "size": [1, 1, 43.5], "pivot": [-2.95, 21.2, -0.5], "rotation": [0, 0, 11], "uv": [0, 64]},
						{"origin": [-1, 20.95, -55.125], "size": [2, 2, 11], "inflate": 0.2, "pivot": [0, 21.95, -55.125], "rotation": [0, 0, -20], "uv": [142, 111]},
						{"origin": [-1, 20.95, -44.125], "size": [2, 2, 2], "inflate": 0.3, "pivot": [0, 21.95, -44.125], "rotation": [0, 0, -20], "uv": [31, 53]},
						{"origin": [-1, 20.95, -27.7], "size": [2, 2, 9], "inflate": 0.1, "pivot": [0, 21.95, -27.7], "rotation": [0, 0, -20], "uv": [22, 151]},
						{"origin": [-1.85, 20.025, -27.7], "size": [1, 1, 10], "pivot": [-1.85, 21.025, -27.7], "rotation": [0, 0, -20], "uv": [125, 30]},
						{"origin": [-0.85, 20.95, -18.8], "size": [2.5, 3, 18], "inflate": -0.2, "pivot": [0.65, 21.95, -18.8], "rotation": [0, 0, -20], "uv": [90, 84]},
						{"origin": [0.651, 22.2, -14.8], "size": [1, 1.25, 9], "inflate": -0.2, "pivot": [0.65, 21.95, -18.8], "rotation": [0, 0, -20], "uv": [111, 42]},
						{"origin": [-1.76, 21.9, -14.8], "size": [1, 1.25, 9], "inflate": -0.2, "pivot": [-0.65, 21.95, -18.8], "rotation": [0, 0, 18.25], "uv": [68, 87]},
						{"origin": [-0.7, 18.45, -20.8], "size": [1.4, 3, 3], "uv": [76, 51]},
						{"origin": [-0.7, 18.675, -17.8], "size": [1.4, 1, 4], "uv": [31, 48]},
						{"origin": [-0.5, 17.45, -20.4], "size": [1, 1, 1], "uv": [0, 52]},
						{"origin": [-1.5, 6.2, -21.8], "size": [3, 12, 3], "inflate": 0.001, "uv": [6, 7]},
						{"origin": [-0.7, 18.45, -20.8], "size": [1.4, 3, 3], "inflate": -0.001, "pivot": [0.3, 18.45, -20.8], "rotation": [17.5, 0, 0], "uv": [35, 73]},
						{"origin": [-2, 20.975, -18.8], "size": [2, 2.25, 18], "inflate": -0.2, "pivot": [-1, 21.225, -18.8], "rotation": [0, 0, 18.25], "uv": [66, 42]},
						{"origin": [-1, 20.95, -44.625], "size": [2, 2, 62], "inflate": -0.1, "pivot": [0, 21.95, -44.625], "rotation": [0, 0, -20], "uv": [0, 0]},
						{"origin": [-2.525, 20.025, -16.5], "size": [1, 1, 16], "pivot": [-2.525, 21.025, -18.5], "rotation": [0, 0, -16.25], "uv": [90, 138]},
						{"origin": [1.525, 20.025, -16.5], "size": [1, 1, 16], "pivot": [2.525, 21.025, -16.5], "rotation": [0, 0, 16.25], "uv": [108, 139]},
						{"origin": [1.25, 18.425, -16.5], "size": [1, 1.65, 2], "pivot": [2.25, 20.075, -16.5], "rotation": [0, 0, 28], "uv": [36, 64]},
						{"origin": [0.25, 18.425, -18.5], "size": [2, 1.65, 2], "pivot": [2.25, 20.075, -16.5], "rotation": [2, 14, 28], "uv": [90, 64]},
						{"origin": [-2.25, 18.425, -18.5], "size": [2, 1.65, 2], "pivot": [-2.25, 20.075, -16.5], "rotation": [2, -14, -28], "uv": [90, 5]},
						{"origin": [-2.25, 18.425, -16.5], "size": [1, 1.65, 2], "pivot": [-2.25, 20.075, -16.5], "rotation": [0, 0, -28], "uv": [25, 64]},
						{"origin": [0.525, 20.025, -18.5], "size": [2, 1, 2], "pivot": [2.525, 21.025, -16.5], "rotation": [0, 14, 16.25], "uv": [90, 67]},
						{"origin": [-2.525, 20.025, -18.5], "size": [2, 1, 2], "pivot": [-2.525, 21.025, -16.5], "rotation": [0, -14, -16.25], "uv": [79, 88]},
						{"origin": [1.525, 21.025, -1.3], "size": [1, 1, 1], "pivot": [2.525, 21.025, -1.3], "rotation": [0, 0, -10.75], "uv": [4, 52]},
						{"origin": [1.725, 20.825, -16.7], "size": [1, 1, 16], "inflate": -0.2, "pivot": [2.525, 21.025, -16.5], "rotation": [0, 0, -45.75], "uv": [137, 0]},
						{"origin": [1.225, 21.375, -15.7], "size": [1, 1, 14], "pivot": [2.525, 21.025, -16.5], "rotation": [0, 0, -45.75], "uv": [126, 139]},
						{"origin": [-2.525, 21.025, -16.5], "size": [1, 2, 16], "pivot": [-2.525, 21.025, -16.5], "rotation": [0, 0, 45.75], "uv": [72, 136]},
						{"origin": [1.525, 21.025, -18.5], "size": [1, 2, 2], "pivot": [2.525, 21.025, -16.5], "rotation": [-12.83122, 6.33271, -47.21817], "uv": [55, 17]},
						{"origin": [-2.525, 21.025, -18.5], "size": [1, 2, 2], "pivot": [-2.525, 21.025, -16.5], "rotation": [-12.83122, -6.33271, 47.21817], "uv": [47, 48]},
						{"origin": [1.725, 21.925, -16.7], "size": [1, 1, 13], "inflate": -0.2, "pivot": [2.525, 21.025, -16.5], "rotation": [0, 0, -45.75], "uv": [0, 31]},
						{"origin": [1.725, 22.125, -4.2], "size": [1, 1, 3], "inflate": -0.202, "pivot": [2.525, 21.025, -4], "rotation": [0, 0, -45.75], "uv": [9, 76]},
						{"origin": [1.725, 21.175, -2.45], "size": [1, 2.25, 2], "inflate": -0.201, "pivot": [2.525, 21.025, -16.5], "rotation": [0, 0, -45.75], "uv": [55, 31]},
						{"origin": [1.725, 21.175, -16.7], "size": [1, 1.25, 2], "inflate": -0.201, "pivot": [2.525, 21.025, -16.5], "rotation": [0, 0, -45.75], "uv": [66, 32]},
						{"origin": [1.35, 22, -1.3], "size": [1, 2.25, 1], "inflate": -0.001, "pivot": [2.35, 22, -1.3], "rotation": [0, 0, -30.5], "uv": [31, 48]},
						{"origin": [-2.525, 21.025, -1.3], "size": [1, 1, 1], "pivot": [-2.525, 21.025, -1.3], "rotation": [0, 0, 10.75], "uv": [47, 42]},
						{"origin": [-2.35, 22, -1.3], "size": [1, 2.25, 1], "inflate": -0.001, "pivot": [-2.35, 22, -1.3], "rotation": [0, 0, 30.5], "uv": [47, 9]},
						{"origin": [-0.45, 23.3, -1.4], "size": [1.025, 4.65, 0.6], "inflate": -0.1, "pivot": [0, 24.925, -0.9], "rotation": [-18.75, 0, 0], "uv": [58, 49]},
						{
							"origin": [-0.9, 28.2, -13.05],
							"size": [1.6, 1.35, 15.925],
							"inflate": -0.101,
							"uv": {
								"north": {"uv": [17, 104], "uv_size": [1, 1]},
								"east": {"uv": [2, 104], "uv_size": [15, 1]},
								"south": {"uv": [33, 104], "uv_size": [1, 1]},
								"west": {"uv": [18, 104], "uv_size": [15, 1]},
								"up": {"uv": [17, 89], "uv_size": [1, 15]},
								"down": {"uv": [18, 104], "uv_size": [1, -15]}
							}
						},
						{"origin": [-1.4, 26.75, -13.225], "size": [2.8, 1, 1], "inflate": -0.099, "pivot": [0.41272, 26.38004, -15.07108], "rotation": [15.25, 0, 0], "uv": [23, 4]},
						{"origin": [-0.5, 22.9, -2.375], "size": [1, 4.125, 1.175], "pivot": [0, 25.275, -1.7875], "rotation": [-21.25, 0, 0], "uv": [8, 23]},
						{"origin": [-0.5, 26.20286, -0.32427], "size": [1, 2.825, 1.175], "pivot": [0, 28.57786, 0.26323], "rotation": [-39.5, 0, 0], "uv": [12, 24]},
						{"origin": [-0.5, 22.69185, -14.82541], "size": [1, 7.625, 1.3], "pivot": [0.41272, 26.38004, -15.07108], "rotation": [-42.25, 0, 0], "uv": [24, 15]},
						{"origin": [-0.5, 22.45, -16.525], "size": [1, 3, 2.5], "inflate": -0.001, "uv": [0, 22]},
						{"origin": [-0.95, 21.65033, -15.3747], "size": [2, 8.525, 1], "inflate": -0.1, "pivot": [0.41272, 26.38004, -15.07108], "rotation": [-45.75, 0, 0], "uv": [23, 7]},
						{"origin": [2.65, 14.5, 38.475], "size": [2, 4, 1], "inflate": -0.1, "pivot": [3.25, 16, 38.65], "rotation": [-85.66064, 17.01434, 82.71843], "uv": [0, 0]},
						{"origin": [-1.4, 22.925, -19.3], "size": [2.8, 1.1, 2], "inflate": -0.099, "uv": [47, 55]},
						{"origin": [-1.4, 23.325, -18.3], "size": [2.8, 1.1, 1], "inflate": -0.101, "uv": [0, 5]}
					]
				},
				{
					"name": "action",
					"parent": "gun",
					"pivot": [2.3, 21.425, -16.5],
					"rotation": [0, 0, 45],
					"cubes": [
						{"origin": [1.05, 21.425, -15.25], "size": [1.5, 1, 1.75], "uv": [62, 57]},
						{"origin": [1.4, 20.825, -15.1], "size": [1, 1, 1], "inflate": -0.2, "uv": [39, 35]},
						{"origin": [1.05, 22.425, -14.925], "size": [1.075, 3.075, 0.925], "inflate": -0.001, "uv": [41, 25]}
					]
				},
				{
					"name": "bolt",
					"parent": "gun",
					"pivot": [-0.975, 22.875, 15.5],
					"cubes": [
						{"origin": [-3.1, 23.2, 15.5], "size": [2.25, 1, 8], "inflate": -0.001, "pivot": [-0.85, 24.2, 15.5], "rotation": [0, 0, -56.6], "uv": [82, 32]}
					]
				},
				{
					"name": "scopeparts",
					"parent": "gun",
					"pivot": [-0.01691, 30.84305, 1.04412],
					"cubes": [
						{
							"origin": [0.9, 29.225, 5.7],
							"size": [1.2, 3.225, 1.9],
							"inflate": -0.5,
							"uv": {
								"north": {"uv": [191, 92], "uv_size": [1, 3]},
								"east": {"uv": [29, 103], "uv_size": [-12, 2]},
								"south": {"uv": [29, 103], "uv_size": [-12, 2]},
								"west": {"uv": [192, 92], "uv_size": [1, 3]},
								"up": {"uv": [191, 91], "uv_size": [1, 1]},
								"down": {"uv": [192, 92], "uv_size": [1, -1]}
							}
						},
						{
							"origin": [-1.575, 31.725, 5.7],
							"size": [3.15, 1.325, 1.9],
							"inflate": -0.5,
							"uv": {
								"north": {"uv": [123, 43], "uv_size": [3, 1]},
								"east": {"uv": [122, 43], "uv_size": [1, 1]},
								"south": {"uv": [29, 103], "uv_size": [-12, 2]},
								"west": {"uv": [126, 43], "uv_size": [1, 1]},
								"up": {"uv": [123, 42], "uv_size": [3, 1]},
								"down": {"uv": [126, 43], "uv_size": [3, -1]}
							}
						},
						{
							"origin": [-1.55, 28.625, 5.7],
							"size": [3.05, 1.3, 1.9],
							"inflate": -0.5,
							"uv": {
								"north": {"uv": [193, 120], "uv_size": [3, 1]},
								"east": {"uv": [192, 120], "uv_size": [1, 1]},
								"south": {"uv": [29, 103], "uv_size": [-12, 2]},
								"west": {"uv": [196, 120], "uv_size": [1, 1]},
								"up": {"uv": [17, 105], "uv_size": [12, -2]},
								"down": {"uv": [196, 120], "uv_size": [3, -1]}
							}
						},
						{
							"origin": [-2.325, 29.275, 5.7],
							"size": [1.425, 3.2, 1.9],
							"inflate": -0.5,
							"uv": {
								"north": {"uv": [122, 43], "uv_size": [-1, 3]},
								"east": {"uv": [123, 43], "uv_size": [-1, 3]},
								"south": {"uv": [29, 103], "uv_size": [-12, 2]},
								"west": {"uv": [29, 103], "uv_size": [-12, 2]},
								"up": {"uv": [122, 42], "uv_size": [-1, 1]},
								"down": {"uv": [123, 43], "uv_size": [-1, -1]}
							}
						},
						{"origin": [-1.625, 29.175, 5.925], "size": [3.225, 3.5, 1], "inflate": -0.3, "uv": [181, 114]},
						{
							"origin": [-1.78155, 30.48157, -15.13993],
							"size": [3.39982, 0.67627, 21.41832],
							"pivot": [-0.08164, 30.81971, 0.44972],
							"rotation": [0, 0, 22.5],
							"uv": {
								"north": {"uv": [145, 64], "uv_size": [-3, 0]},
								"east": {"uv": [29, 103], "uv_size": [-12, 2]},
								"south": {"uv": [29, 103], "uv_size": [-12, 2]},
								"west": {"uv": [29, 103], "uv_size": [-12, 2]},
								"up": {"uv": [145, 43], "uv_size": [-3, 21]},
								"down": {"uv": [148, 64], "uv_size": [-3, -21]}
							}
						},
						{
							"origin": [-1.78155, 30.48157, -15.13993],
							"size": [3.39982, 0.67627, 21.41832],
							"uv": {
								"north": {"uv": [145, 64], "uv_size": [-3, 0]},
								"east": {"uv": [29, 103], "uv_size": [-12, 2]},
								"south": {"uv": [29, 103], "uv_size": [-12, 2]},
								"west": {"uv": [29, 103], "uv_size": [-12, 2]},
								"up": {"uv": [145, 43], "uv_size": [-3, 21]},
								"down": {"uv": [148, 64], "uv_size": [-3, -21]}
							}
						},
						{
							"origin": [-1.78155, 30.48157, -15.13993],
							"size": [3.39982, 0.67627, 21.41832],
							"pivot": [-0.08164, 30.81971, 0.44972],
							"rotation": [0, 0, -22.5],
							"uv": {
								"north": {"uv": [145, 64], "uv_size": [-3, 0]},
								"east": {"uv": [29, 103], "uv_size": [-12, 2]},
								"south": {"uv": [29, 103], "uv_size": [-12, 2]},
								"west": {"uv": [29, 103], "uv_size": [-12, 2]},
								"up": {"uv": [145, 43], "uv_size": [-3, 21]},
								"down": {"uv": [148, 64], "uv_size": [-3, -21]}
							}
						},
						{
							"origin": [-0.41978, 29.1198, -15.13993],
							"size": [0.67627, 3.39982, 21.41832],
							"pivot": [-0.08164, 30.81971, 0.44972],
							"rotation": [0, 0, 45],
							"uv": {
								"north": {"uv": [146, 64], "uv_size": [0, 3]},
								"east": {"uv": [125, 64], "uv_size": [21, 3]},
								"south": {"uv": [167, 64], "uv_size": [0, 3]},
								"west": {"uv": [146, 64], "uv_size": [21, 3]},
								"up": {"uv": [17, 105], "uv_size": [12, -2]},
								"down": {"uv": [17, 105], "uv_size": [12, -2]}
							}
						},
						{
							"origin": [-0.41978, 29.1198, -15.13993],
							"size": [0.67627, 3.39982, 21.41832],
							"pivot": [-0.08164, 30.81971, 0.44972],
							"rotation": [0, 0, 22.5],
							"uv": {
								"north": {"uv": [146, 64], "uv_size": [0, 3]},
								"east": {"uv": [167, 64], "uv_size": [-21, 3]},
								"south": {"uv": [167, 64], "uv_size": [0, 3]},
								"west": {"uv": [146, 64], "uv_size": [-21, 3]},
								"up": {"uv": [17, 105], "uv_size": [12, -2]},
								"down": {"uv": [17, 105], "uv_size": [12, -2]}
							}
						},
						{
							"origin": [-0.41978, 29.1198, -15.13993],
							"size": [0.67627, 3.39982, 21.41832],
							"uv": {
								"north": {"uv": [146, 64], "uv_size": [0, 3]},
								"east": {"uv": [125, 64], "uv_size": [21, 3]},
								"south": {"uv": [167, 64], "uv_size": [0, 3]},
								"west": {"uv": [146, 64], "uv_size": [21, 3]},
								"up": {"uv": [17, 105], "uv_size": [12, -2]},
								"down": {"uv": [17, 105], "uv_size": [12, -2]}
							}
						},
						{
							"origin": [-0.41978, 29.1198, -15.13993],
							"size": [0.67627, 3.39982, 21.41832],
							"pivot": [-0.08164, 30.81971, 0.44972],
							"rotation": [0, 0, -22.5],
							"uv": {
								"north": {"uv": [146, 64], "uv_size": [0, 3]},
								"east": {"uv": [125, 64], "uv_size": [21, 3]},
								"south": {"uv": [167, 64], "uv_size": [0, 3]},
								"west": {"uv": [146, 64], "uv_size": [21, 3]},
								"up": {"uv": [17, 105], "uv_size": [12, -2]},
								"down": {"uv": [17, 105], "uv_size": [12, -2]}
							}
						},
						{
							"origin": [-0.41978, 29.1198, -15.13993],
							"size": [0.67627, 3.39982, 21.41832],
							"pivot": [-0.08164, 30.81971, 0.44972],
							"rotation": [0, 0, -45],
							"uv": {
								"north": {"uv": [73, 96], "uv_size": [0, 3]},
								"east": {"uv": [52, 96], "uv_size": [21, 3]},
								"south": {"uv": [94, 96], "uv_size": [0, 3]},
								"west": {"uv": [73, 96], "uv_size": [21, 3]},
								"up": {"uv": [17, 105], "uv_size": [12, -2]},
								"down": {"uv": [17, 105], "uv_size": [12, -2]}
							}
						},
						{
							"origin": [-2.46781, 30.37643, 1.60562],
							"size": [4.89575, 0.97383, 1.42643],
							"pivot": [-0.02168, 30.85458, -3.13679],
							"rotation": [0, 0, 22.5],
							"uv": {
								"north": {"uv": [29, 103], "uv_size": [-12, 2]},
								"east": {"uv": [29, 103], "uv_size": [-12, 2]},
								"south": {"uv": [29, 103], "uv_size": [-12, 2]},
								"west": {"uv": [29, 103], "uv_size": [-12, 2]},
								"up": {"uv": [126, 43], "uv_size": [4, 1]},
								"down": {"uv": [130, 44], "uv_size": [4, -1]}
							}
						},
						{
							"origin": [-2.46459, 30.37511, 1.60562],
							"size": [4.89575, 0.97383, 1.42643],
							"uv": {
								"north": {"uv": [29, 103], "uv_size": [-12, 2]},
								"east": {"uv": [29, 103], "uv_size": [-12, 2]},
								"south": {"uv": [29, 103], "uv_size": [-12, 2]},
								"west": {"uv": [29, 103], "uv_size": [-12, 2]},
								"up": {"uv": [126, 43], "uv_size": [4, 1]},
								"down": {"uv": [130, 44], "uv_size": [4, -1]}
							}
						},
						{
							"origin": [-2.46213, 30.37265, 1.60562],
							"size": [4.89575, 0.97383, 1.42643],
							"pivot": [-0.02168, 30.85458, -3.13679],
							"rotation": [0, 0, -22.5],
							"uv": {
								"north": {"uv": [29, 103], "uv_size": [-12, 2]},
								"east": {"uv": [29, 103], "uv_size": [-12, 2]},
								"south": {"uv": [29, 103], "uv_size": [-12, 2]},
								"west": {"uv": [29, 103], "uv_size": [-12, 2]},
								"up": {"uv": [126, 43], "uv_size": [4, 1]},
								"down": {"uv": [130, 44], "uv_size": [4, -1]}
							}
						},
						{
							"origin": [-0.51033, 28.41546, 1.60562],
							"size": [0.97383, 4.89575, 1.42643],
							"pivot": [-0.02168, 30.85458, -3.13679],
							"rotation": [0, 0, 45],
							"uv": {
								"north": {"uv": [29, 103], "uv_size": [-12, 2]},
								"east": {"uv": [41, 89], "uv_size": [1, 4]},
								"south": {"uv": [29, 103], "uv_size": [-12, 2]},
								"west": {"uv": [42, 89], "uv_size": [1, 4]},
								"up": {"uv": [17, 105], "uv_size": [12, -2]},
								"down": {"uv": [17, 105], "uv_size": [12, -2]}
							}
						},
						{
							"origin": [-0.50684, 28.41546, 1.60562],
							"size": [0.97383, 4.89575, 1.42643],
							"pivot": [-0.02168, 30.85458, -3.13679],
							"rotation": [0, 0, 22.5],
							"uv": {
								"north": {"uv": [29, 103], "uv_size": [-12, 2]},
								"east": {"uv": [125, 44], "uv_size": [1, 4]},
								"south": {"uv": [29, 103], "uv_size": [-12, 2]},
								"west": {"uv": [126, 44], "uv_size": [1, 4]},
								"up": {"uv": [17, 105], "uv_size": [12, -2]},
								"down": {"uv": [17, 105], "uv_size": [12, -2]}
							}
						},
						{
							"origin": [-0.50362, 28.41414, 1.60562],
							"size": [0.97383, 4.89575, 1.42643],
							"uv": {
								"north": {"uv": [29, 103], "uv_size": [-12, 2]},
								"east": {"uv": [127, 44], "uv_size": [-1, 4]},
								"south": {"uv": [29, 103], "uv_size": [-12, 2]},
								"west": {"uv": [126, 44], "uv_size": [-1, 4]},
								"up": {"uv": [17, 105], "uv_size": [12, -2]},
								"down": {"uv": [17, 105], "uv_size": [12, -2]}
							}
						},
						{
							"origin": [-0.50116, 28.41168, 1.60562],
							"size": [0.97383, 4.89575, 1.42643],
							"pivot": [-0.02168, 30.85458, -3.13679],
							"rotation": [0, 0, -22.5],
							"uv": {
								"north": {"uv": [29, 103], "uv_size": [-12, 2]},
								"east": {"uv": [125, 44], "uv_size": [1, 4]},
								"south": {"uv": [29, 103], "uv_size": [-12, 2]},
								"west": {"uv": [126, 44], "uv_size": [1, 4]},
								"up": {"uv": [17, 105], "uv_size": [12, -2]},
								"down": {"uv": [17, 105], "uv_size": [12, -2]}
							}
						},
						{
							"origin": [-0.49983, 28.40846, 1.60562],
							"size": [0.97383, 4.89575, 1.42643],
							"pivot": [-0.02168, 30.85458, -3.13679],
							"rotation": [0, 0, -45],
							"uv": {
								"north": {"uv": [29, 103], "uv_size": [-12, 2]},
								"east": {"uv": [125, 44], "uv_size": [1, 4]},
								"south": {"uv": [29, 103], "uv_size": [-12, 2]},
								"west": {"uv": [126, 44], "uv_size": [1, 4]},
								"up": {"uv": [17, 105], "uv_size": [12, -2]},
								"down": {"uv": [17, 105], "uv_size": [12, -2]}
							}
						},
						{
							"origin": [-0.38043, 29.02266, -0.55862],
							"size": [0.73036, 3.6718, 3.54148],
							"uv": {
								"north": {"uv": [83, 55], "uv_size": [0, 3]},
								"east": {"uv": [80, 55], "uv_size": [3, 3]},
								"south": {"uv": [86, 55], "uv_size": [0, 3]},
								"west": {"uv": [83, 55], "uv_size": [3, 3]},
								"up": {"uv": [17, 105], "uv_size": [12, -2]},
								"down": {"uv": [17, 105], "uv_size": [12, -2]}
							}
						},
						{
							"origin": [-0.38043, 29.02266, -0.55862],
							"size": [0.73036, 3.6718, 3.54148],
							"pivot": [-0.01524, 30.85857, 1.21212],
							"rotation": [0, 0, 22.5],
							"uv": {
								"north": {"uv": [83, 55], "uv_size": [0, 3]},
								"east": {"uv": [80, 55], "uv_size": [3, 3]},
								"south": {"uv": [86, 55], "uv_size": [0, 3]},
								"west": {"uv": [83, 55], "uv_size": [3, 3]},
								"up": {"uv": [17, 105], "uv_size": [12, -2]},
								"down": {"uv": [17, 105], "uv_size": [12, -2]}
							}
						},
						{
							"origin": [-0.38043, 29.02266, -0.55862],
							"size": [0.73036, 3.6718, 3.54148],
							"pivot": [-0.01524, 30.85857, 1.21212],
							"rotation": [0, 0, 45],
							"uv": {
								"north": {"uv": [83, 55], "uv_size": [0, 3]},
								"east": {"uv": [80, 55], "uv_size": [3, 3]},
								"south": {"uv": [86, 55], "uv_size": [0, 3]},
								"west": {"uv": [83, 55], "uv_size": [3, 3]},
								"up": {"uv": [17, 105], "uv_size": [12, -2]},
								"down": {"uv": [17, 105], "uv_size": [12, -2]}
							}
						},
						{
							"origin": [-1.85115, 30.49338, -0.55862],
							"size": [3.6718, 0.73036, 3.54148],
							"pivot": [-0.01524, 30.85857, 1.21212],
							"rotation": [0, 0, -22.5],
							"uv": {
								"north": {"uv": [83, 55], "uv_size": [3, 0]},
								"east": {"uv": [29, 103], "uv_size": [-12, 2]},
								"south": {"uv": [89, 55], "uv_size": [3, 0]},
								"west": {"uv": [86, 55], "uv_size": [3, 0]},
								"up": {"uv": [83, 52], "uv_size": [3, 3]},
								"down": {"uv": [86, 55], "uv_size": [3, -3]}
							}
						},
						{
							"origin": [-0.38043, 29.02266, -0.55862],
							"size": [0.73036, 3.6718, 3.54148],
							"pivot": [-0.01524, 30.85857, 1.21212],
							"rotation": [0, 0, -45],
							"uv": {
								"north": {"uv": [83, 55], "uv_size": [0, 3]},
								"east": {"uv": [80, 55], "uv_size": [3, 3]},
								"south": {"uv": [86, 55], "uv_size": [0, 3]},
								"west": {"uv": [83, 55], "uv_size": [3, 3]},
								"up": {"uv": [17, 105], "uv_size": [12, -2]},
								"down": {"uv": [17, 105], "uv_size": [12, -2]}
							}
						},
						{
							"origin": [-0.38043, 29.02266, -0.55862],
							"size": [0.73036, 3.6718, 3.54148],
							"pivot": [-0.01524, 30.85857, 1.21212],
							"rotation": [0, 0, -22.5],
							"uv": {
								"north": {"uv": [83, 55], "uv_size": [0, 3]},
								"east": {"uv": [80, 55], "uv_size": [3, 3]},
								"south": {"uv": [86, 55], "uv_size": [0, 3]},
								"west": {"uv": [83, 55], "uv_size": [3, 3]},
								"up": {"uv": [17, 105], "uv_size": [12, -2]},
								"down": {"uv": [17, 105], "uv_size": [12, -2]}
							}
						},
						{
							"origin": [-1.85115, 30.49338, -0.55862],
							"size": [3.6718, 0.73036, 3.54148],
							"uv": {
								"north": {"uv": [83, 55], "uv_size": [3, 0]},
								"east": {"uv": [29, 103], "uv_size": [-12, 2]},
								"south": {"uv": [89, 55], "uv_size": [3, 0]},
								"west": {"uv": [86, 55], "uv_size": [3, 0]},
								"up": {"uv": [83, 52], "uv_size": [3, 3]},
								"down": {"uv": [86, 55], "uv_size": [3, -3]}
							}
						},
						{
							"origin": [-1.85115, 30.49338, -0.55862],
							"size": [3.6718, 0.73036, 3.54148],
							"pivot": [-0.01524, 30.85857, 1.21212],
							"rotation": [0, 0, 22.5],
							"uv": {
								"north": {"uv": [83, 55], "uv_size": [3, 0]},
								"east": {"uv": [29, 103], "uv_size": [-12, 2]},
								"south": {"uv": [89, 55], "uv_size": [3, 0]},
								"west": {"uv": [86, 55], "uv_size": [3, 0]},
								"up": {"uv": [83, 52], "uv_size": [3, 3]},
								"down": {"uv": [86, 55], "uv_size": [3, -3]}
							}
						},
						{
							"origin": [-2.05535, 30.44458, -16.12367],
							"size": [4.07978, 0.81151, 16.99148],
							"pivot": [-0.01691, 30.84305, 0.55225],
							"rotation": [0, 0, 22.5],
							"uv": {
								"north": {"uv": [8, 126], "uv_size": [4, 0]},
								"east": {"uv": [29, 103], "uv_size": [-12, 2]},
								"south": {"uv": [29, 103], "uv_size": [-12, 2]},
								"west": {"uv": [29, 103], "uv_size": [-12, 2]},
								"up": {"uv": [8, 110], "uv_size": [4, 16]},
								"down": {"uv": [12, 126], "uv_size": [4, -16]}
							}
						},
						{
							"origin": [-2.05267, 30.44345, -16.12367],
							"size": [4.07978, 0.81151, 16.99148],
							"uv": {
								"north": {"uv": [8, 126], "uv_size": [4, 0]},
								"east": {"uv": [29, 103], "uv_size": [-12, 2]},
								"south": {"uv": [29, 103], "uv_size": [-12, 2]},
								"west": {"uv": [29, 103], "uv_size": [-12, 2]},
								"up": {"uv": [8, 110], "uv_size": [4, 16]},
								"down": {"uv": [12, 126], "uv_size": [4, -16]}
							}
						},
						{
							"origin": [-2.05063, 30.44141, -16.12367],
							"size": [4.07978, 0.81151, 16.99148],
							"pivot": [-0.01691, 30.84305, 0.55225],
							"rotation": [0, 0, -22.5],
							"uv": {
								"north": {"uv": [8, 126], "uv_size": [4, 0]},
								"east": {"uv": [29, 103], "uv_size": [-12, 2]},
								"south": {"uv": [29, 103], "uv_size": [-12, 2]},
								"west": {"uv": [29, 103], "uv_size": [-12, 2]},
								"up": {"uv": [8, 110], "uv_size": [4, 16]},
								"down": {"uv": [12, 126], "uv_size": [4, -16]}
							}
						},
						{
							"origin": [-0.42413, 28.81044, -16.12367],
							"size": [0.81151, 4.07978, 16.99148],
							"pivot": [-0.01691, 30.84305, 0.55225],
							"rotation": [0, 0, 45],
							"uv": {
								"north": {"uv": [70, 118], "uv_size": [0, 4]},
								"east": {"uv": [54, 118], "uv_size": [16, 4]},
								"south": {"uv": [86, 118], "uv_size": [0, 4]},
								"west": {"uv": [70, 118], "uv_size": [16, 4]},
								"up": {"uv": [17, 105], "uv_size": [12, -2]},
								"down": {"uv": [17, 105], "uv_size": [12, -2]}
							}
						},
						{
							"origin": [-0.42123, 28.81044, -16.12367],
							"size": [0.81151, 4.07978, 16.99148],
							"pivot": [-0.01691, 30.84305, 0.55225],
							"rotation": [0, 0, 22.5],
							"uv": {
								"north": {"uv": [24, 109], "uv_size": [0, 4]},
								"east": {"uv": [8, 109], "uv_size": [16, 4]},
								"south": {"uv": [40, 109], "uv_size": [0, 4]},
								"west": {"uv": [24, 109], "uv_size": [16, 4]},
								"up": {"uv": [17, 105], "uv_size": [12, -2]},
								"down": {"uv": [17, 105], "uv_size": [12, -2]}
							}
						},
						{
							"origin": [-0.41855, 28.80933, -16.12367],
							"size": [0.81151, 4.07978, 16.99148],
							"uv": {
								"north": {"uv": [141, 59], "uv_size": [0, 4]},
								"east": {"uv": [125, 59], "uv_size": [16, 4]},
								"south": {"uv": [157, 59], "uv_size": [0, 4]},
								"west": {"uv": [141, 59], "uv_size": [16, 4]},
								"up": {"uv": [17, 105], "uv_size": [12, -2]},
								"down": {"uv": [17, 105], "uv_size": [12, -2]}
							}
						},
						{
							"origin": [-0.41648, 28.80729, -16.12367],
							"size": [0.81151, 4.07978, 16.99148],
							"pivot": [-0.01691, 30.84305, 0.55225],
							"rotation": [0, 0, -22.5],
							"uv": {
								"north": {"uv": [96, 68], "uv_size": [0, 4]},
								"east": {"uv": [80, 68], "uv_size": [16, 4]},
								"south": {"uv": [29, 103], "uv_size": [-12, 2]},
								"west": {"uv": [96, 68], "uv_size": [16, 4]},
								"up": {"uv": [17, 105], "uv_size": [12, -2]},
								"down": {"uv": [17, 105], "uv_size": [12, -2]}
							}
						},
						{
							"origin": [-0.41538, 28.80461, -16.12367],
							"size": [0.81151, 4.07978, 16.99148],
							"pivot": [-0.01691, 30.84305, 0.55225],
							"rotation": [0, 0, -45],
							"uv": {
								"north": {"uv": [141, 59], "uv_size": [0, 4]},
								"east": {"uv": [157, 59], "uv_size": [-16, 4]},
								"south": {"uv": [29, 103], "uv_size": [-12, 2]},
								"west": {"uv": [141, 59], "uv_size": [-16, 4]},
								"up": {"uv": [17, 105], "uv_size": [12, -2]},
								"down": {"uv": [17, 105], "uv_size": [12, -2]}
							}
						},
						{
							"origin": [-2.05535, 30.44458, 2.0483],
							"size": [4.07978, 0.81151, 3.29554],
							"pivot": [-0.01691, 30.84305, 0.15875],
							"rotation": [0, 0, 22.5],
							"uv": {
								"north": {"uv": [128, 46], "uv_size": [4, 0]},
								"east": {"uv": [29, 103], "uv_size": [-12, 2]},
								"south": {"uv": [29, 103], "uv_size": [-12, 2]},
								"west": {"uv": [29, 103], "uv_size": [-12, 2]},
								"up": {"uv": [128, 43], "uv_size": [4, 3]},
								"down": {"uv": [132, 46], "uv_size": [4, -3]}
							}
						},
						{
							"origin": [-2.05267, 30.44345, 2.0483],
							"size": [4.07978, 0.81151, 3.29554],
							"uv": {
								"north": {"uv": [132, 46], "uv_size": [-4, 0]},
								"east": {"uv": [29, 103], "uv_size": [-12, 2]},
								"south": {"uv": [29, 103], "uv_size": [-12, 2]},
								"west": {"uv": [29, 103], "uv_size": [-12, 2]},
								"up": {"uv": [132, 43], "uv_size": [-4, 3]},
								"down": {"uv": [136, 46], "uv_size": [-4, -3]}
							}
						},
						{
							"origin": [-2.05063, 30.44141, 2.0483],
							"size": [4.07978, 0.81151, 3.29554],
							"pivot": [-0.01691, 30.84305, 0.15875],
							"rotation": [0, 0, -22.5],
							"uv": {
								"north": {"uv": [128, 46], "uv_size": [4, 0]},
								"east": {"uv": [29, 103], "uv_size": [-12, 2]},
								"south": {"uv": [29, 103], "uv_size": [-12, 2]},
								"west": {"uv": [29, 103], "uv_size": [-12, 2]},
								"up": {"uv": [128, 43], "uv_size": [4, 3]},
								"down": {"uv": [132, 46], "uv_size": [4, -3]}
							}
						},
						{
							"origin": [-0.42413, 28.81044, 2.0483],
							"size": [0.81151, 4.07978, 3.29554],
							"pivot": [-0.01691, 30.84305, 0.15875],
							"rotation": [0, 0, 45],
							"uv": {
								"north": {"uv": [128, 46], "uv_size": [0, 4]},
								"east": {"uv": [125, 46], "uv_size": [3, 4]},
								"south": {"uv": [29, 103], "uv_size": [-12, 2]},
								"west": {"uv": [128, 46], "uv_size": [3, 4]},
								"up": {"uv": [17, 105], "uv_size": [12, -2]},
								"down": {"uv": [17, 105], "uv_size": [12, -2]}
							}
						},
						{
							"origin": [-0.42123, 28.81044, 2.0483],
							"size": [0.81151, 4.07978, 3.29554],
							"pivot": [-0.01691, 30.84305, 0.15875],
							"rotation": [0, 0, 22.5],
							"uv": {
								"north": {"uv": [128, 46], "uv_size": [0, 4]},
								"east": {"uv": [131, 46], "uv_size": [-3, 4]},
								"south": {"uv": [29, 103], "uv_size": [-12, 2]},
								"west": {"uv": [128, 46], "uv_size": [-3, 4]},
								"up": {"uv": [17, 105], "uv_size": [12, -2]},
								"down": {"uv": [17, 105], "uv_size": [12, -2]}
							}
						},
						{
							"origin": [-0.41855, 28.80933, 2.0483],
							"size": [0.81151, 4.07978, 3.29554],
							"uv": {
								"north": {"uv": [128, 46], "uv_size": [0, 4]},
								"east": {"uv": [125, 46], "uv_size": [3, 4]},
								"south": {"uv": [29, 103], "uv_size": [-12, 2]},
								"west": {"uv": [128, 46], "uv_size": [3, 4]},
								"up": {"uv": [17, 105], "uv_size": [12, -2]},
								"down": {"uv": [17, 105], "uv_size": [12, -2]}
							}
						},
						{
							"origin": [-0.41648, 28.80729, 2.0483],
							"size": [0.81151, 4.07978, 3.29554],
							"pivot": [-0.01691, 30.84305, 0.15875],
							"rotation": [0, 0, -22.5],
							"uv": {
								"north": {"uv": [128, 46], "uv_size": [0, 4]},
								"east": {"uv": [131, 46], "uv_size": [-3, 4]},
								"south": {"uv": [29, 103], "uv_size": [-12, 2]},
								"west": {"uv": [128, 46], "uv_size": [-3, 4]},
								"up": {"uv": [17, 105], "uv_size": [12, -2]},
								"down": {"uv": [17, 105], "uv_size": [12, -2]}
							}
						},
						{
							"origin": [-0.41538, 28.80461, 2.0483],
							"size": [0.81151, 4.07978, 3.29554],
							"pivot": [-0.01691, 30.84305, 0.15875],
							"rotation": [0, 0, -45],
							"uv": {
								"north": {"uv": [128, 46], "uv_size": [0, 4]},
								"east": {"uv": [125, 46], "uv_size": [3, 4]},
								"south": {"uv": [29, 103], "uv_size": [-12, 2]},
								"west": {"uv": [128, 46], "uv_size": [3, 4]},
								"up": {"uv": [17, 105], "uv_size": [12, -2]},
								"down": {"uv": [17, 105], "uv_size": [12, -2]}
							}
						},
						{
							"origin": [-0.41538, 32.49365, 6.08165],
							"size": [0.81151, 0.39074, 1.08212],
							"pivot": [-0.01691, 30.84305, 1.04412],
							"rotation": [0, 0, -45],
							"uv": {
								"north": {"uv": [93.5, 93], "uv_size": [0, 0]},
								"east": {"uv": [94.5, 93], "uv_size": [-1, 0]},
								"south": {"uv": [29, 103], "uv_size": [-12, 2]},
								"west": {"uv": [93.5, 93], "uv_size": [-1, 0]},
								"up": {"uv": [17, 105], "uv_size": [12, -2]},
								"down": {"uv": [17, 105], "uv_size": [12, -2]}
							}
						},
						{
							"origin": [-0.41538, 28.80461, 6.08165],
							"size": [0.81151, 0.39074, 1.08212],
							"pivot": [-0.01691, 30.84305, 1.04412],
							"rotation": [0, 0, -45],
							"uv": {
								"north": {"uv": [126, 44], "uv_size": [0, 0]},
								"east": {"uv": [125, 44], "uv_size": [1, 0]},
								"south": {"uv": [29, 103], "uv_size": [-12, 2]},
								"west": {"uv": [126, 44], "uv_size": [1, 0]},
								"up": {"uv": [17, 105], "uv_size": [12, -2]},
								"down": {"uv": [126, 44], "uv_size": [0, -1]}
							}
						},
						{
							"origin": [-0.41648, 32.49633, 6.08165],
							"size": [0.81151, 0.39074, 1.08212],
							"pivot": [-0.01691, 30.84305, 1.04412],
							"rotation": [0, 0, -22.5],
							"uv": {
								"north": {"uv": [126, 44], "uv_size": [0, 0]},
								"east": {"uv": [125, 44], "uv_size": [1, 0]},
								"south": {"uv": [29, 103], "uv_size": [-12, 2]},
								"west": {"uv": [126, 44], "uv_size": [1, 0]},
								"up": {"uv": [17, 105], "uv_size": [12, -2]},
								"down": {"uv": [126, 44], "uv_size": [0, -1]}
							}
						},
						{"origin": [-0.41648, 28.80729, 6.08165], "size": [0.81151, 0.39074, 1.08212], "pivot": [-0.01691, 30.84305, 1.04412], "rotation": [0, 0, -22.5], "uv": [29, 103]},
						{
							"origin": [-0.41855, 32.49837, 6.08165],
							"size": [0.81151, 0.39074, 1.08212],
							"uv": {
								"north": {"uv": [126, 44], "uv_size": [0, 0]},
								"east": {"uv": [125, 44], "uv_size": [1, 0]},
								"south": {"uv": [29, 103], "uv_size": [-12, 2]},
								"west": {"uv": [126, 44], "uv_size": [1, 0]},
								"up": {"uv": [17, 105], "uv_size": [12, -2]},
								"down": {"uv": [126, 44], "uv_size": [0, -1]}
							}
						},
						{
							"origin": [-0.41855, 28.80933, 6.08165],
							"size": [0.81151, 0.39074, 1.08212],
							"uv": {
								"north": {"uv": [29, 103], "uv_size": [-12, 2]},
								"east": {"uv": [29, 103], "uv_size": [-12, 2]},
								"south": {"uv": [29, 103], "uv_size": [-12, 2]},
								"west": {"uv": [29, 103], "uv_size": [-12, 2]},
								"up": {"uv": [17, 105], "uv_size": [12, -2]},
								"down": {"uv": [17, 105], "uv_size": [12, -2]}
							}
						},
						{
							"origin": [-0.42123, 32.49948, 6.08165],
							"size": [0.81151, 0.39074, 1.08212],
							"pivot": [-0.01691, 30.84305, 1.04412],
							"rotation": [0, 0, 22.5],
							"uv": {
								"north": {"uv": [126, 44], "uv_size": [0, 0]},
								"east": {"uv": [125, 44], "uv_size": [1, 0]},
								"south": {"uv": [29, 103], "uv_size": [-12, 2]},
								"west": {"uv": [126, 44], "uv_size": [1, 0]},
								"up": {"uv": [17, 105], "uv_size": [12, -2]},
								"down": {"uv": [126, 44], "uv_size": [0, -1]}
							}
						},
						{
							"origin": [-0.42123, 28.81044, 6.08165],
							"size": [0.81151, 0.39074, 1.08212],
							"pivot": [-0.01691, 30.84305, 1.04412],
							"rotation": [0, 0, 22.5],
							"uv": {
								"north": {"uv": [126, 44], "uv_size": [0, 0]},
								"east": {"uv": [125, 44], "uv_size": [1, 0]},
								"south": {"uv": [29, 103], "uv_size": [-12, 2]},
								"west": {"uv": [126, 44], "uv_size": [1, 0]},
								"up": {"uv": [17, 105], "uv_size": [12, -2]},
								"down": {"uv": [17, 105], "uv_size": [12, -2]}
							}
						},
						{
							"origin": [-0.42413, 32.49948, 6.08165],
							"size": [0.81151, 0.39074, 1.08212],
							"pivot": [-0.01691, 30.84305, 1.04412],
							"rotation": [0, 0, 45],
							"uv": {
								"north": {"uv": [126, 44], "uv_size": [0, 0]},
								"east": {"uv": [125, 44], "uv_size": [1, 0]},
								"south": {"uv": [29, 103], "uv_size": [-12, 2]},
								"west": {"uv": [126, 44], "uv_size": [1, 0]},
								"up": {"uv": [17, 105], "uv_size": [12, -2]},
								"down": {"uv": [17, 105], "uv_size": [12, -2]}
							}
						},
						{
							"origin": [-0.42413, 28.81044, 6.08165],
							"size": [0.81151, 0.39074, 1.08212],
							"pivot": [-0.01691, 30.84305, 1.04412],
							"rotation": [0, 0, 45],
							"uv": {
								"north": {"uv": [126, 44], "uv_size": [0, 0]},
								"east": {"uv": [125, 44], "uv_size": [1, 0]},
								"south": {"uv": [29, 103], "uv_size": [-12, 2]},
								"west": {"uv": [126, 44], "uv_size": [1, 0]},
								"up": {"uv": [17, 105], "uv_size": [12, -2]},
								"down": {"uv": [17, 105], "uv_size": [12, -2]}
							}
						},
						{
							"origin": [1.63841, 30.44141, 6.08165],
							"size": [0.39074, 0.81151, 1.08212],
							"pivot": [-0.01691, 30.84305, 1.04412],
							"rotation": [0, 0, -22.5],
							"uv": {
								"north": {"uv": [126, 44], "uv_size": [0, 0]},
								"east": {"uv": [125, 44], "uv_size": [1, 0]},
								"south": {"uv": [29, 103], "uv_size": [-12, 2]},
								"west": {"uv": [29, 103], "uv_size": [-12, 2]},
								"up": {"uv": [126, 43], "uv_size": [0, 1]},
								"down": {"uv": [126, 44], "uv_size": [0, -1]}
							}
						},
						{
							"origin": [-2.05063, 30.44141, 6.08165],
							"size": [0.39074, 0.81151, 1.08212],
							"pivot": [-0.01691, 30.84305, 1.04412],
							"rotation": [0, 0, -22.5],
							"uv": {
								"north": {"uv": [126, 44], "uv_size": [0, 0]},
								"east": {"uv": [29, 103], "uv_size": [-12, 2]},
								"south": {"uv": [29, 103], "uv_size": [-12, 2]},
								"west": {"uv": [126, 44], "uv_size": [1, 0]},
								"up": {"uv": [126, 43], "uv_size": [0, 1]},
								"down": {"uv": [126, 44], "uv_size": [0, -1]}
							}
						},
						{
							"origin": [1.63637, 30.44345, 6.08165],
							"size": [0.39074, 0.81151, 1.08212],
							"uv": {
								"north": {"uv": [126, 44], "uv_size": [0, 0]},
								"east": {"uv": [29, 103], "uv_size": [-12, 2]},
								"south": {"uv": [29, 103], "uv_size": [-12, 2]},
								"west": {"uv": [29, 103], "uv_size": [-12, 2]},
								"up": {"uv": [126, 43], "uv_size": [0, 1]},
								"down": {"uv": [126, 44], "uv_size": [0, -1]}
							}
						},
						{
							"origin": [-2.05267, 30.44345, 6.08165],
							"size": [0.39074, 0.81151, 1.08212],
							"uv": {
								"north": {"uv": [126, 44], "uv_size": [0, 0]},
								"east": {"uv": [29, 103], "uv_size": [-12, 2]},
								"south": {"uv": [29, 103], "uv_size": [-12, 2]},
								"west": {"uv": [126, 44], "uv_size": [1, 0]},
								"up": {"uv": [126, 43], "uv_size": [0, 1]},
								"down": {"uv": [126, 44], "uv_size": [0, -1]}
							}
						},
						{
							"origin": [-2.05535, 30.44458, 6.08165],
							"size": [0.39074, 0.81151, 1.08212],
							"pivot": [-0.01691, 30.84305, 1.04412],
							"rotation": [0, 0, 22.5],
							"uv": {
								"north": {"uv": [126, 44], "uv_size": [0, 0]},
								"east": {"uv": [29, 103], "uv_size": [-12, 2]},
								"south": {"uv": [29, 103], "uv_size": [-12, 2]},
								"west": {"uv": [126, 44], "uv_size": [1, 0]},
								"up": {"uv": [126, 43], "uv_size": [0, 1]},
								"down": {"uv": [126, 44], "uv_size": [0, -1]}
							}
						},
						{
							"origin": [1.63369, 30.44458, 6.08165],
							"size": [0.39074, 0.81151, 1.08212],
							"pivot": [-0.01691, 30.84305, 1.04412],
							"rotation": [0, 0, 22.5],
							"uv": {
								"north": {"uv": [126, 44], "uv_size": [0, 0]},
								"east": {"uv": [125, 44], "uv_size": [1, 0]},
								"south": {"uv": [29, 103], "uv_size": [-12, 2]},
								"west": {"uv": [29, 103], "uv_size": [-12, 2]},
								"up": {"uv": [126, 43], "uv_size": [0, 1]},
								"down": {"uv": [126, 44], "uv_size": [0, -1]}
							}
						}
					]
				},
				{
					"name": "rightarm",
					"parent": "main",
					"pivot": [-4.3, 8.8, 21.8],
					"rotation": [-101.81106, -12.40003, -2.46982],
					"cubes": [
						{"origin": [-8.3, -15.2, 17.8], "size": [8, 24, 8], "uv": [66, 0]}
					]
				},
				{
					"name": "leftarm",
					"parent": "main",
					"pivot": [10.225, 3.3, -1.3],
					"rotation": [-122.63737, 3.04144, -38.95408],
					"cubes": [
						{"origin": [6.225, -20.7, -5.3], "size": [8, 24, 8], "uv": [45, 64]}
					]
				},
				{
					"name": "magazine",
					"parent": "main",
					"pivot": [0.5, 2.9, 20.75],
					"rotation": [-3.75, 0, 0],
					"cubes": [
						{"origin": [-1.75, 12.4, 14.825], "size": [3.5, 8.5, 7], "uv": [31, 108]},
						{
							"origin": [-1.75, 2.4, 14.825],
							"size": [3.5, 10, 7],
							"inflate": 0.001,
							"pivot": [0.75, 12.4, 21.825],
							"rotation": [-12, 0, 0],
							"uv": {
								"north": {"uv": [27, 94], "uv_size": [3, 10]},
								"east": {"uv": [20, 94], "uv_size": [7, 10]},
								"south": {"uv": [37, 94], "uv_size": [3, 10]},
								"west": {"uv": [30, 94], "uv_size": [7, 10]},
								"up": {"uv": [27, 87], "uv_size": [3, 7]},
								"down": {"uv": [30, 94], "uv_size": [3, -7]}
							}
						}
					]
				},
				{
					"name": "bullet",
					"parent": "magazine",
					"pivot": [0.35, 0.35306, -12.24764],
					"cubes": [
						{"origin": [-0.65, 20.10306, 15.25236], "size": [1, 1, 6], "inflate": 0.2, "pivot": [-0.15, 20.60306, 15.25236], "rotation": [0, 0, 21], "uv": [47, 48]}
					]
				},
				{
					"name": "scope",
					"parent": "main",
					"pivot": [-0.025, 30.875, 8.95],
					"cubes": [
						{
							"origin": [-0.525, 30.375, 8.45],
							"size": [1, 1, 1],
							"inflate": -0.4,
							"uv": {
								"north": {"uv": [33, 31], "uv_size": [1, 1]},
								"east": {"uv": [32, 31], "uv_size": [1, 1]},
								"south": {"uv": [35, 31], "uv_size": [1, 1]},
								"west": {"uv": [34, 31], "uv_size": [1, 1]},
								"up": {"uv": [33, 30], "uv_size": [1, 1]},
								"down": {"uv": [34, 31], "uv_size": [1, -1]}
							}
						}
					]
				},
				{
					"name": "muzzleflash",
					"parent": "main",
					"pivot": [0, 21.925, -67.5],
					"cubes": [
						{"origin": [-0.5, 21.425, -56.125], "size": [1, 1, 1], "inflate": -0.4, "uv": [31, 35]}
					]
				},
				{
					"name": "scopepip",
					"parent": "main",
					"pivot": [0, 32.875, 6.275],
					"cubes": [
						{
							"origin": [-1.75, 29.075, 6.025],
							"size": [3.5, 3.5, 1],
							"inflate": -0.3,
							"uv": {
								"north": {"uv": [201, 67], "uv_size": [3, 3]},
								"east": {"uv": [200, 67], "uv_size": [1, 3]},
								"south": {"uv": [205, 67], "uv_size": [3, 3]},
								"west": {"uv": [204, 67], "uv_size": [1, 3]},
								"up": {"uv": [201, 66], "uv_size": [3, 1]},
								"down": {"uv": [204, 67], "uv_size": [3, -1]}
							}
						}
					]
				}
			]
		}
	]
}