{
	"format_version": "1.12.0",
	"minecraft:geometry": [
		{
			"description": {
				"identifier": "geometry.unknown",
				"texture_width": 256,
				"texture_height": 256,
				"visible_bounds_width": 8,
				"visible_bounds_height": 4.5,
				"visible_bounds_offset": [0, 1.75, 0]
			},
			"bones": [
				{
					"name": "bone",
					"pivot": [-4.3, 8.8, 21.8]
				},
				{
					"name": "main",
					"parent": "bone",
					"pivot": [0, 20, 0]
				},
				{
					"name": "g11",
					"parent": "main",
					"pivot": [0.18309, 26.66805, 6.06912],
					"rotation": [0, 180, 0]
				},
				{
					"name": "bone3",
					"parent": "g11",
					"pivot": [0.18309, 26.66805, 6.06912],
					"rotation": [0, -179.5, 0],
					"cubes": [
						{
							"origin": [-3.04418, 31.31899, 2.99237],
							"size": [2.31013, 0.45952, 5.41437],
							"pivot": [0.13911, 26.65219, 4.44623],
							"rotation": [0, 0, 22.5],
							"uv": {
								"north": {"uv": [149, 94], "uv_size": [4, 1]},
								"east": {"uv": [99, 77], "uv_size": [10, 1]},
								"south": {"uv": [149, 95], "uv_size": [4, 1]},
								"west": {"uv": [138, 8], "uv_size": [10, 1]},
								"up": {"uv": [47, 134], "uv_size": [4, 10]},
								"down": {"uv": [134, 66], "uv_size": [4, -10]}
							}
						},
						{
							"origin": [-1.01577, 31.72262, 2.99256],
							"size": [2.30976, 0.45914, 5.414],
							"inflate": 0.0004,
							"uv": {
								"north": {"uv": [149, 96], "uv_size": [4, 1]},
								"east": {"uv": [143, 76], "uv_size": [10, 1]},
								"south": {"uv": [149, 97], "uv_size": [4, 1]},
								"west": {"uv": [146, 115], "uv_size": [10, 1]},
								"up": {"uv": [134, 66], "uv_size": [4, 10]},
								"down": {"uv": [115, 144], "uv_size": [4, -10]}
							}
						},
						{
							"origin": [1.01254, 31.31927, 2.99265],
							"size": [2.30957, 0.45896, 5.41381],
							"inflate": 0.0006,
							"pivot": [0.13911, 26.65219, 4.44623],
							"rotation": [0, 0, -22.5],
							"uv": {
								"north": {"uv": [149, 98], "uv_size": [4, 1]},
								"east": {"uv": [147, 29], "uv_size": [10, 1]},
								"south": {"uv": [149, 99], "uv_size": [4, 1]},
								"west": {"uv": [147, 39], "uv_size": [10, 1]},
								"up": {"uv": [5, 135], "uv_size": [4, 10]},
								"down": {"uv": [71, 145], "uv_size": [4, -10]}
							}
						},
						{
							"origin": [-3.83832, 29.24479, 2.99237],
							"size": [0.45952, 2.31013, 5.41437],
							"pivot": [0.13911, 26.65219, 4.44623],
							"rotation": [0, 0, 45],
							"uv": {
								"north": {"uv": [125, 64], "uv_size": [1, 4]},
								"east": {"uv": [93, 84], "uv_size": [10, 4]},
								"south": {"uv": [25, 149], "uv_size": [1, 4]},
								"west": {"uv": [135, 84], "uv_size": [10, 4]},
								"up": {"uv": [71, 73], "uv_size": [1, 10]},
								"down": {"uv": [35, 131], "uv_size": [1, -10]}
							}
						},
						{
							"origin": [-2.11888, 30.39368, 2.99237],
							"size": [0.45952, 2.31013, 5.41437],
							"pivot": [0.13911, 26.65219, 4.44623],
							"rotation": [0, 0, 22.5],
							"uv": {
								"north": {"uv": [26, 149], "uv_size": [1, 4]},
								"east": {"uv": [135, 88], "uv_size": [10, 4]},
								"south": {"uv": [47, 149], "uv_size": [1, 4]},
								"west": {"uv": [135, 92], "uv_size": [10, 4]},
								"up": {"uv": [125, 54], "uv_size": [1, 10]},
								"down": {"uv": [39, 153], "uv_size": [1, -10]}
							}
						},
						{
							"origin": [-0.09047, 30.79731, 2.99256],
							"size": [0.45914, 2.30976, 5.414],
							"inflate": 0.0004,
							"uv": {
								"north": {"uv": [48, 149], "uv_size": [1, 4]},
								"east": {"uv": [135, 96], "uv_size": [10, 4]},
								"south": {"uv": [49, 149], "uv_size": [1, 4]},
								"west": {"uv": [135, 100], "uv_size": [10, 4]},
								"up": {"uv": [81, 144], "uv_size": [1, 10]},
								"down": {"uv": [32, 155], "uv_size": [1, -10]}
							}
						},
						{
							"origin": [1.93757, 30.39368, 2.99237],
							"size": [0.45952, 2.31013, 5.41437],
							"pivot": [0.13911, 26.65219, 4.44623],
							"rotation": [0, 0, -22.5],
							"uv": {
								"north": {"uv": [61, 149], "uv_size": [1, 4]},
								"east": {"uv": [135, 104], "uv_size": [10, 4]},
								"south": {"uv": [62, 149], "uv_size": [1, 4]},
								"west": {"uv": [23, 136], "uv_size": [10, 4]},
								"up": {"uv": [74, 145], "uv_size": [1, 10]},
								"down": {"uv": [134, 155], "uv_size": [1, -10]}
							}
						},
						{
							"origin": [3.65725, 29.24502, 2.99261],
							"size": [0.45905, 2.30966, 5.4139],
							"inflate": 0.0005,
							"pivot": [0.13911, 26.65219, 4.44623],
							"rotation": [0, 0, -45],
							"uv": {
								"north": {"uv": [63, 149], "uv_size": [1, 4]},
								"east": {"uv": [136, 108], "uv_size": [10, 4]},
								"south": {"uv": [71, 149], "uv_size": [1, 4]},
								"west": {"uv": [136, 112], "uv_size": [10, 4]},
								"up": {"uv": [135, 145], "uv_size": [1, 10]},
								"down": {"uv": [27, 157], "uv_size": [1, -10]}
							}
						},
						{
							"origin": [-3.23023, 31.29386, 5.53245],
							"size": [2.77216, 0.55141, 2.23928],
							"pivot": [0.18309, 26.66805, 4.24852],
							"rotation": [0, 0, 22.5],
							"uv": {
								"north": {"uv": [93, 21], "uv_size": [5, 1]},
								"east": {"uv": [149, 100], "uv_size": [4, 1]},
								"south": {"uv": [138, 20], "uv_size": [5, 1]},
								"west": {"uv": [149, 101], "uv_size": [4, 1]},
								"up": {"uv": [141, 127], "uv_size": [5, 4]},
								"down": {"uv": [141, 135], "uv_size": [5, -4]}
							}
						},
						{
							"origin": [-1.20018, 31.69653, 5.53245],
							"size": [2.77216, 0.55141, 2.23928],
							"uv": {
								"north": {"uv": [139, 2], "uv_size": [5, 1]},
								"east": {"uv": [149, 102], "uv_size": [4, 1]},
								"south": {"uv": [149, 30], "uv_size": [5, 1]},
								"west": {"uv": [149, 103], "uv_size": [4, 1]},
								"up": {"uv": [141, 135], "uv_size": [5, 4]},
								"down": {"uv": [141, 143], "uv_size": [5, -4]}
							}
						},
						{
							"origin": [0.82943, 31.2917, 5.53245],
							"size": [2.77216, 0.55141, 2.23928],
							"pivot": [0.18309, 26.66805, 4.24852],
							"rotation": [0, 0, -22.5],
							"uv": {
								"north": {"uv": [149, 31], "uv_size": [5, 1]},
								"east": {"uv": [149, 104], "uv_size": [4, 1]},
								"south": {"uv": [149, 32], "uv_size": [5, 1]},
								"west": {"uv": [149, 105], "uv_size": [4, 1]},
								"up": {"uv": [142, 33], "uv_size": [5, 4]},
								"down": {"uv": [56, 146], "uv_size": [5, -4]}
							}
						},
						{
							"origin": [-3.84128, 29.03458, 5.53245],
							"size": [0.55141, 2.77216, 2.23928],
							"pivot": [0.18309, 26.66805, 4.24852],
							"rotation": [0, 0, 45],
							"uv": {
								"north": {"uv": [71, 83], "uv_size": [1, 5]},
								"east": {"uv": [75, 142], "uv_size": [4, 5]},
								"south": {"uv": [51, 134], "uv_size": [1, 5]},
								"west": {"uv": [84, 142], "uv_size": [4, 5]},
								"up": {"uv": [72, 149], "uv_size": [1, 4]},
								"down": {"uv": [73, 153], "uv_size": [1, -4]}
							}
						},
						{
							"origin": [-2.11986, 30.18348, 5.53245],
							"size": [0.55141, 2.77216, 2.23928],
							"pivot": [0.18309, 26.66805, 4.24852],
							"rotation": [0, 0, 22.5],
							"uv": {
								"north": {"uv": [78, 135], "uv_size": [1, 5]},
								"east": {"uv": [88, 142], "uv_size": [4, 5]},
								"south": {"uv": [28, 147], "uv_size": [1, 5]},
								"west": {"uv": [0, 143], "uv_size": [4, 5]},
								"up": {"uv": [103, 149], "uv_size": [1, 4]},
								"down": {"uv": [104, 153], "uv_size": [1, -4]}
							}
						},
						{
							"origin": [-0.08982, 30.58616, 5.53245],
							"size": [0.55141, 2.77216, 2.23928],
							"uv": {
								"north": {"uv": [29, 147], "uv_size": [1, 5]},
								"east": {"uv": [143, 20], "uv_size": [4, 5]},
								"south": {"uv": [70, 147], "uv_size": [1, 5]},
								"west": {"uv": [143, 25], "uv_size": [4, 5]},
								"up": {"uv": [105, 149], "uv_size": [1, 4]},
								"down": {"uv": [149, 113], "uv_size": [1, -4]}
							}
						},
						{
							"origin": [1.93981, 30.18134, 5.53245],
							"size": [0.55141, 2.77216, 2.23928],
							"pivot": [0.18309, 26.66805, 4.24852],
							"rotation": [0, 0, -22.5],
							"uv": {
								"north": {"uv": [78, 147], "uv_size": [1, 5]},
								"east": {"uv": [35, 143], "uv_size": [4, 5]},
								"south": {"uv": [38, 148], "uv_size": [1, 5]},
								"west": {"uv": [143, 37], "uv_size": [4, 5]},
								"up": {"uv": [149, 122], "uv_size": [1, 4]},
								"down": {"uv": [149, 130], "uv_size": [1, -4]}
							}
						},
						{
							"origin": [3.66, 29.03062, 5.53245],
							"size": [0.55141, 2.77216, 2.23928],
							"pivot": [0.18309, 26.66805, 4.24852],
							"rotation": [0, 0, -45],
							"uv": {
								"north": {"uv": [23, 149], "uv_size": [1, 5]},
								"east": {"uv": [143, 42], "uv_size": [4, 5]},
								"south": {"uv": [24, 149], "uv_size": [1, 5]},
								"west": {"uv": [143, 47], "uv_size": [4, 5]},
								"up": {"uv": [128, 149], "uv_size": [1, 4]},
								"down": {"uv": [129, 153], "uv_size": [1, -4]}
							}
						},
						{
							"origin": [3.66, 31.53727, 8.27306],
							"size": [0.55141, 0.2655, 0.73529],
							"pivot": [0.18309, 26.66805, 4.85012],
							"rotation": [0, 0, -45],
							"uv": {
								"north": {"uv": [35, 131], "uv_size": [1, 1]},
								"east": {"uv": [133, 45], "uv_size": [1, 1]},
								"south": {"uv": [137, 42], "uv_size": [1, 1]},
								"west": {"uv": [51, 139], "uv_size": [1, 1]},
								"up": {"uv": [142, 39], "uv_size": [1, 1]},
								"down": {"uv": [50, 145], "uv_size": [1, -1]}
							}
						},
						{
							"origin": [3.66, 29.03062, 8.27306],
							"size": [0.55141, 0.2655, 0.73529],
							"pivot": [0.18309, 26.66805, 4.85012],
							"rotation": [0, 0, -45],
							"uv": {
								"north": {"uv": [8, 148], "uv_size": [1, 1]},
								"east": {"uv": [75, 152], "uv_size": [1, 1]},
								"south": {"uv": [76, 152], "uv_size": [1, 1]},
								"west": {"uv": [78, 152], "uv_size": [1, 1]},
								"up": {"uv": [79, 152], "uv_size": [1, 1]},
								"down": {"uv": [80, 153], "uv_size": [1, -1]}
							}
						},
						{
							"origin": [1.93981, 32.68799, 8.27306],
							"size": [0.55141, 0.2655, 0.73529],
							"pivot": [0.18309, 26.66805, 4.85012],
							"rotation": [0, 0, -22.5],
							"uv": {
								"north": {"uv": [152, 83], "uv_size": [1, 1]},
								"east": {"uv": [84, 152], "uv_size": [1, 1]},
								"south": {"uv": [152, 84], "uv_size": [1, 1]},
								"west": {"uv": [85, 152], "uv_size": [1, 1]},
								"up": {"uv": [152, 85], "uv_size": [1, 1]},
								"down": {"uv": [86, 153], "uv_size": [1, -1]}
							}
						},
						{
							"origin": [1.93981, 30.18134, 8.27306],
							"size": [0.55141, 0.2655, 0.73529],
							"pivot": [0.18309, 26.66805, 4.85012],
							"rotation": [0, 0, -22.5],
							"uv": {
								"north": {"uv": [152, 86], "uv_size": [1, 1]},
								"east": {"uv": [87, 152], "uv_size": [1, 1]},
								"south": {"uv": [152, 87], "uv_size": [1, 1]},
								"west": {"uv": [88, 152], "uv_size": [1, 1]},
								"up": {"uv": [152, 88], "uv_size": [1, 1]},
								"down": {"uv": [89, 153], "uv_size": [1, -1]}
							}
						},
						{
							"origin": [-0.08982, 33.09282, 8.27306],
							"size": [0.55141, 0.2655, 0.73529],
							"uv": {
								"north": {"uv": [152, 89], "uv_size": [1, 1]},
								"east": {"uv": [90, 152], "uv_size": [1, 1]},
								"south": {"uv": [152, 90], "uv_size": [1, 1]},
								"west": {"uv": [91, 152], "uv_size": [1, 1]},
								"up": {"uv": [92, 152], "uv_size": [1, 1]},
								"down": {"uv": [93, 153], "uv_size": [1, -1]}
							}
						},
						{
							"origin": [-0.08982, 30.58616, 8.27306],
							"size": [0.55141, 0.2655, 0.73529],
							"uv": {
								"north": {"uv": [94, 152], "uv_size": [1, 1]},
								"east": {"uv": [95, 152], "uv_size": [1, 1]},
								"south": {"uv": [98, 152], "uv_size": [1, 1]},
								"west": {"uv": [99, 152], "uv_size": [1, 1]},
								"up": {"uv": [100, 152], "uv_size": [1, 1]},
								"down": {"uv": [101, 153], "uv_size": [1, -1]}
							}
						},
						{
							"origin": [-2.11986, 32.69013, 8.27306],
							"size": [0.55141, 0.2655, 0.73529],
							"pivot": [0.18309, 26.66805, 4.85012],
							"rotation": [0, 0, 22.5],
							"uv": {
								"north": {"uv": [152, 113], "uv_size": [1, 1]},
								"east": {"uv": [152, 114], "uv_size": [1, 1]},
								"south": {"uv": [152, 116], "uv_size": [1, 1]},
								"west": {"uv": [152, 117], "uv_size": [1, 1]},
								"up": {"uv": [118, 152], "uv_size": [1, 1]},
								"down": {"uv": [152, 119], "uv_size": [1, -1]}
							}
						},
						{
							"origin": [-2.11986, 30.18348, 8.27306],
							"size": [0.55141, 0.2655, 0.73529],
							"pivot": [0.18309, 26.66805, 4.85012],
							"rotation": [0, 0, 22.5],
							"uv": {
								"north": {"uv": [119, 152], "uv_size": [1, 1]},
								"east": {"uv": [152, 119], "uv_size": [1, 1]},
								"south": {"uv": [120, 152], "uv_size": [1, 1]},
								"west": {"uv": [152, 120], "uv_size": [1, 1]},
								"up": {"uv": [121, 152], "uv_size": [1, 1]},
								"down": {"uv": [152, 122], "uv_size": [1, -1]}
							}
						},
						{
							"origin": [-3.84128, 31.54124, 8.27306],
							"size": [0.55141, 0.2655, 0.73529],
							"pivot": [0.18309, 26.66805, 4.85012],
							"rotation": [0, 0, 45],
							"uv": {
								"north": {"uv": [126, 152], "uv_size": [1, 1]},
								"east": {"uv": [127, 152], "uv_size": [1, 1]},
								"south": {"uv": [130, 152], "uv_size": [1, 1]},
								"west": {"uv": [131, 152], "uv_size": [1, 1]},
								"up": {"uv": [152, 133], "uv_size": [1, 1]},
								"down": {"uv": [152, 135], "uv_size": [1, -1]}
							}
						},
						{
							"origin": [-3.84128, 29.03458, 8.27306],
							"size": [0.55141, 0.2655, 0.73529],
							"pivot": [0.18309, 26.66805, 4.85012],
							"rotation": [0, 0, 45],
							"uv": {
								"north": {"uv": [152, 135], "uv_size": [1, 1]},
								"east": {"uv": [136, 152], "uv_size": [1, 1]},
								"south": {"uv": [152, 136], "uv_size": [1, 1]},
								"west": {"uv": [137, 152], "uv_size": [1, 1]},
								"up": {"uv": [152, 137], "uv_size": [1, 1]},
								"down": {"uv": [152, 139], "uv_size": [1, -1]}
							}
						},
						{
							"origin": [3.33608, 31.2917, 8.27306],
							"size": [0.2655, 0.55141, 0.73529],
							"pivot": [0.18309, 26.66805, 4.85012],
							"rotation": [0, 0, -22.5],
							"uv": {
								"north": {"uv": [139, 152], "uv_size": [1, 1]},
								"east": {"uv": [152, 139], "uv_size": [1, 1]},
								"south": {"uv": [140, 152], "uv_size": [1, 1]},
								"west": {"uv": [152, 140], "uv_size": [1, 1]},
								"up": {"uv": [141, 152], "uv_size": [1, 1]},
								"down": {"uv": [152, 142], "uv_size": [1, -1]}
							}
						},
						{
							"origin": [0.82943, 31.2917, 8.27306],
							"size": [0.2655, 0.55141, 0.73529],
							"pivot": [0.18309, 26.66805, 4.85012],
							"rotation": [0, 0, -22.5],
							"uv": {
								"north": {"uv": [142, 152], "uv_size": [1, 1]},
								"east": {"uv": [152, 142], "uv_size": [1, 1]},
								"south": {"uv": [145, 152], "uv_size": [1, 1]},
								"west": {"uv": [146, 152], "uv_size": [1, 1]},
								"up": {"uv": [147, 152], "uv_size": [1, 1]},
								"down": {"uv": [152, 148], "uv_size": [1, -1]}
							}
						},
						{
							"origin": [1.30647, 31.69653, 8.27306],
							"size": [0.2655, 0.55141, 0.73529],
							"uv": {
								"north": {"uv": [148, 152], "uv_size": [1, 1]},
								"east": {"uv": [152, 148], "uv_size": [1, 1]},
								"south": {"uv": [150, 152], "uv_size": [1, 1]},
								"west": {"uv": [152, 150], "uv_size": [1, 1]},
								"up": {"uv": [151, 152], "uv_size": [1, 1]},
								"down": {"uv": [152, 152], "uv_size": [1, -1]}
							}
						},
						{
							"origin": [-1.20018, 31.69653, 8.27306],
							"size": [0.2655, 0.55141, 0.73529],
							"uv": {
								"north": {"uv": [152, 152], "uv_size": [1, 1]},
								"east": {"uv": [0, 153], "uv_size": [1, 1]},
								"south": {"uv": [153, 0], "uv_size": [1, 1]},
								"west": {"uv": [1, 153], "uv_size": [1, 1]},
								"up": {"uv": [153, 1], "uv_size": [1, 1]},
								"down": {"uv": [5, 154], "uv_size": [1, -1]}
							}
						},
						{
							"origin": [-3.23023, 31.29386, 8.27306],
							"size": [0.2655, 0.55141, 0.73529],
							"pivot": [0.18309, 26.66805, 4.85012],
							"rotation": [0, 0, 22.5],
							"uv": {
								"north": {"uv": [153, 5], "uv_size": [1, 1]},
								"east": {"uv": [6, 153], "uv_size": [1, 1]},
								"south": {"uv": [153, 6], "uv_size": [1, 1]},
								"west": {"uv": [7, 153], "uv_size": [1, 1]},
								"up": {"uv": [8, 153], "uv_size": [1, 1]},
								"down": {"uv": [153, 9], "uv_size": [1, -1]}
							}
						},
						{
							"origin": [-0.72357, 31.29386, 8.27306],
							"size": [0.2655, 0.55141, 0.73529],
							"pivot": [0.18309, 26.66805, 4.85012],
							"rotation": [0, 0, 22.5],
							"uv": {
								"north": {"uv": [153, 9], "uv_size": [1, 1]},
								"east": {"uv": [153, 10], "uv_size": [1, 1]},
								"south": {"uv": [11, 153], "uv_size": [1, 1]},
								"west": {"uv": [153, 11], "uv_size": [1, 1]},
								"up": {"uv": [12, 153], "uv_size": [1, 1]},
								"down": {"uv": [153, 13], "uv_size": [1, -1]}
							}
						}
					]
				},
				{
					"name": "bone5",
					"parent": "bone3",
					"pivot": [0.97809, 15.53805, -35.89363],
					"cubes": [
						{
							"origin": [0.07143, 20.16386, -32.84169],
							"size": [0.2655, 0.55141, 1.10629],
							"pivot": [0.97809, 15.53805, -35.89363],
							"rotation": [0, 0, 22.5],
							"uv": {
								"north": {"uv": [122, 153], "uv_size": [1, 1]},
								"east": {"uv": [139, 151], "uv_size": [2, 1]},
								"south": {"uv": [153, 122], "uv_size": [1, 1]},
								"west": {"uv": [141, 151], "uv_size": [2, 1]},
								"up": {"uv": [143, 151], "uv_size": [1, 2]},
								"down": {"uv": [144, 153], "uv_size": [1, -2]}
							}
						},
						{
							"origin": [-2.43523, 20.16386, -32.84169],
							"size": [0.2655, 0.55141, 1.10629],
							"pivot": [0.97809, 15.53805, -35.89363],
							"rotation": [0, 0, 22.5],
							"uv": {
								"north": {"uv": [123, 153], "uv_size": [1, 1]},
								"east": {"uv": [145, 151], "uv_size": [2, 1]},
								"south": {"uv": [153, 123], "uv_size": [1, 1]},
								"west": {"uv": [147, 151], "uv_size": [2, 1]},
								"up": {"uv": [151, 147], "uv_size": [1, 2]},
								"down": {"uv": [149, 153], "uv_size": [1, -2]}
							}
						},
						{
							"origin": [-0.40518, 20.56653, -32.84169],
							"size": [0.2655, 0.55141, 1.10629],
							"uv": {
								"north": {"uv": [124, 153], "uv_size": [1, 1]},
								"east": {"uv": [150, 151], "uv_size": [2, 1]},
								"south": {"uv": [153, 124], "uv_size": [1, 1]},
								"west": {"uv": [0, 152], "uv_size": [2, 1]},
								"up": {"uv": [152, 0], "uv_size": [1, 2]},
								"down": {"uv": [2, 154], "uv_size": [1, -2]}
							}
						},
						{
							"origin": [2.10147, 20.56653, -32.84169],
							"size": [0.2655, 0.55141, 1.10629],
							"uv": {
								"north": {"uv": [153, 125], "uv_size": [1, 1]},
								"east": {"uv": [152, 4], "uv_size": [2, 1]},
								"south": {"uv": [126, 153], "uv_size": [1, 1]},
								"west": {"uv": [5, 152], "uv_size": [2, 1]},
								"up": {"uv": [3, 152], "uv_size": [1, 2]},
								"down": {"uv": [152, 7], "uv_size": [1, -2]}
							}
						},
						{
							"origin": [1.62443, 20.1617, -32.84169],
							"size": [0.2655, 0.55141, 1.10629],
							"pivot": [0.97809, 15.53805, -35.89363],
							"rotation": [0, 0, -22.5],
							"uv": {
								"north": {"uv": [153, 126], "uv_size": [1, 1]},
								"east": {"uv": [7, 152], "uv_size": [2, 1]},
								"south": {"uv": [127, 153], "uv_size": [1, 1]},
								"west": {"uv": [152, 7], "uv_size": [2, 1]},
								"up": {"uv": [9, 152], "uv_size": [1, 2]},
								"down": {"uv": [10, 154], "uv_size": [1, -2]}
							}
						},
						{
							"origin": [4.13108, 20.1617, -32.84169],
							"size": [0.2655, 0.55141, 1.10629],
							"pivot": [0.97809, 15.53805, -35.89363],
							"rotation": [0, 0, -22.5],
							"uv": {
								"north": {"uv": [153, 127], "uv_size": [1, 1]},
								"east": {"uv": [11, 152], "uv_size": [2, 1]},
								"south": {"uv": [128, 153], "uv_size": [1, 1]},
								"west": {"uv": [13, 152], "uv_size": [2, 1]},
								"up": {"uv": [15, 152], "uv_size": [1, 2]},
								"down": {"uv": [16, 154], "uv_size": [1, -2]}
							}
						},
						{
							"origin": [-3.04628, 17.90458, -32.84169],
							"size": [0.55141, 0.2655, 1.10629],
							"pivot": [0.97809, 15.53805, -35.89363],
							"rotation": [0, 0, 45],
							"uv": {
								"north": {"uv": [153, 128], "uv_size": [1, 1]},
								"east": {"uv": [17, 152], "uv_size": [2, 1]},
								"south": {"uv": [129, 153], "uv_size": [1, 1]},
								"west": {"uv": [19, 152], "uv_size": [2, 1]},
								"up": {"uv": [21, 152], "uv_size": [1, 2]},
								"down": {"uv": [22, 154], "uv_size": [1, -2]}
							}
						},
						{
							"origin": [-3.04628, 20.41124, -32.84169],
							"size": [0.55141, 0.2655, 1.10629],
							"pivot": [0.97809, 15.53805, -35.89363],
							"rotation": [0, 0, 45],
							"uv": {
								"north": {"uv": [153, 129], "uv_size": [1, 1]},
								"east": {"uv": [152, 25], "uv_size": [2, 1]},
								"south": {"uv": [130, 153], "uv_size": [1, 1]},
								"west": {"uv": [152, 26], "uv_size": [2, 1]},
								"up": {"uv": [152, 27], "uv_size": [1, 2]},
								"down": {"uv": [28, 154], "uv_size": [1, -2]}
							}
						},
						{
							"origin": [-1.32486, 19.05348, -32.84169],
							"size": [0.55141, 0.2655, 1.10629],
							"pivot": [0.97809, 15.53805, -35.89363],
							"rotation": [0, 0, 22.5],
							"uv": {
								"north": {"uv": [153, 130], "uv_size": [1, 1]},
								"east": {"uv": [29, 152], "uv_size": [2, 1]},
								"south": {"uv": [131, 153], "uv_size": [1, 1]},
								"west": {"uv": [152, 33], "uv_size": [2, 1]},
								"up": {"uv": [31, 152], "uv_size": [1, 2]},
								"down": {"uv": [152, 36], "uv_size": [1, -2]}
							}
						},
						{
							"origin": [-1.32486, 21.56013, -32.84169],
							"size": [0.55141, 0.2655, 1.10629],
							"pivot": [0.97809, 15.53805, -35.89363],
							"rotation": [0, 0, 22.5],
							"uv": {
								"north": {"uv": [153, 131], "uv_size": [1, 1]},
								"east": {"uv": [35, 152], "uv_size": [2, 1]},
								"south": {"uv": [132, 153], "uv_size": [1, 1]},
								"west": {"uv": [152, 36], "uv_size": [2, 1]},
								"up": {"uv": [37, 152], "uv_size": [1, 2]},
								"down": {"uv": [152, 39], "uv_size": [1, -2]}
							}
						},
						{
							"origin": [0.70518, 19.45616, -32.84169],
							"size": [0.55141, 0.2655, 1.10629],
							"uv": {
								"north": {"uv": [153, 132], "uv_size": [1, 1]},
								"east": {"uv": [40, 152], "uv_size": [2, 1]},
								"south": {"uv": [133, 153], "uv_size": [1, 1]},
								"west": {"uv": [152, 40], "uv_size": [2, 1]},
								"up": {"uv": [152, 41], "uv_size": [1, 2]},
								"down": {"uv": [42, 154], "uv_size": [1, -2]}
							}
						},
						{
							"origin": [0.70518, 21.96282, -32.84169],
							"size": [0.55141, 0.2655, 1.10629],
							"uv": {
								"north": {"uv": [153, 133], "uv_size": [1, 1]},
								"east": {"uv": [152, 43], "uv_size": [2, 1]},
								"south": {"uv": [153, 134], "uv_size": [1, 1]},
								"west": {"uv": [152, 44], "uv_size": [2, 1]},
								"up": {"uv": [152, 45], "uv_size": [1, 2]},
								"down": {"uv": [152, 49], "uv_size": [1, -2]}
							}
						},
						{
							"origin": [2.73481, 19.05134, -32.84169],
							"size": [0.55141, 0.2655, 1.10629],
							"pivot": [0.97809, 15.53805, -35.89363],
							"rotation": [0, 0, -22.5],
							"uv": {
								"north": {"uv": [153, 135], "uv_size": [1, 1]},
								"east": {"uv": [152, 49], "uv_size": [2, 1]},
								"south": {"uv": [136, 153], "uv_size": [1, 1]},
								"west": {"uv": [50, 152], "uv_size": [2, 1]},
								"up": {"uv": [152, 50], "uv_size": [1, 2]},
								"down": {"uv": [52, 154], "uv_size": [1, -2]}
							}
						},
						{
							"origin": [2.73481, 21.55799, -32.84169],
							"size": [0.55141, 0.2655, 1.10629],
							"pivot": [0.97809, 15.53805, -35.89363],
							"rotation": [0, 0, -22.5],
							"uv": {
								"north": {"uv": [153, 136], "uv_size": [1, 1]},
								"east": {"uv": [152, 52], "uv_size": [2, 1]},
								"south": {"uv": [137, 153], "uv_size": [1, 1]},
								"west": {"uv": [53, 152], "uv_size": [2, 1]},
								"up": {"uv": [55, 152], "uv_size": [1, 2]},
								"down": {"uv": [56, 154], "uv_size": [1, -2]}
							}
						},
						{
							"origin": [4.455, 17.90062, -32.84169],
							"size": [0.55141, 0.2655, 1.10629],
							"pivot": [0.97809, 15.53805, -35.89363],
							"rotation": [0, 0, -45],
							"uv": {
								"north": {"uv": [153, 137], "uv_size": [1, 1]},
								"east": {"uv": [152, 53], "uv_size": [2, 1]},
								"south": {"uv": [138, 153], "uv_size": [1, 1]},
								"west": {"uv": [57, 152], "uv_size": [2, 1]},
								"up": {"uv": [59, 152], "uv_size": [1, 2]},
								"down": {"uv": [64, 154], "uv_size": [1, -2]}
							}
						},
						{
							"origin": [4.455, 20.40727, -32.84169],
							"size": [0.55141, 0.2655, 1.10629],
							"pivot": [0.97809, 15.53805, -35.89363],
							"rotation": [0, 0, -45],
							"uv": {
								"north": {"uv": [153, 138], "uv_size": [1, 1]},
								"east": {"uv": [65, 152], "uv_size": [2, 1]},
								"south": {"uv": [139, 153], "uv_size": [1, 1]},
								"west": {"uv": [67, 152], "uv_size": [2, 1]},
								"up": {"uv": [69, 152], "uv_size": [1, 2]},
								"down": {"uv": [70, 154], "uv_size": [1, -2]}
							}
						}
					]
				},
				{
					"name": "bone4",
					"parent": "bone3",
					"pivot": [0.39509, 26.66805, -12.73263],
					"cubes": [
						{
							"origin": [-0.51157, 31.29386, -9.30969],
							"size": [0.2655, 0.55141, 0.73529],
							"pivot": [0.39509, 26.66805, -12.73263],
							"rotation": [0, 0, 22.5],
							"uv": {
								"north": {"uv": [13, 153], "uv_size": [1, 1]},
								"east": {"uv": [153, 13], "uv_size": [1, 1]},
								"south": {"uv": [14, 153], "uv_size": [1, 1]},
								"west": {"uv": [153, 15], "uv_size": [1, 1]},
								"up": {"uv": [153, 16], "uv_size": [1, 1]},
								"down": {"uv": [17, 154], "uv_size": [1, -1]}
							}
						},
						{
							"origin": [-3.01823, 31.29386, -9.30969],
							"size": [0.2655, 0.55141, 0.73529],
							"pivot": [0.39509, 26.66805, -12.73263],
							"rotation": [0, 0, 22.5],
							"uv": {
								"north": {"uv": [153, 17], "uv_size": [1, 1]},
								"east": {"uv": [18, 153], "uv_size": [1, 1]},
								"south": {"uv": [153, 18], "uv_size": [1, 1]},
								"west": {"uv": [19, 153], "uv_size": [1, 1]},
								"up": {"uv": [153, 19], "uv_size": [1, 1]},
								"down": {"uv": [20, 154], "uv_size": [1, -1]}
							}
						},
						{
							"origin": [-0.98818, 31.69653, -9.30969],
							"size": [0.2655, 0.55141, 0.73529],
							"uv": {
								"north": {"uv": [153, 20], "uv_size": [1, 1]},
								"east": {"uv": [153, 21], "uv_size": [1, 1]},
								"south": {"uv": [153, 22], "uv_size": [1, 1]},
								"west": {"uv": [153, 23], "uv_size": [1, 1]},
								"up": {"uv": [153, 24], "uv_size": [1, 1]},
								"down": {"uv": [25, 154], "uv_size": [1, -1]}
							}
						},
						{
							"origin": [1.51847, 31.69653, -9.30969],
							"size": [0.2655, 0.55141, 0.73529],
							"uv": {
								"north": {"uv": [26, 153], "uv_size": [1, 1]},
								"east": {"uv": [153, 27], "uv_size": [1, 1]},
								"south": {"uv": [153, 28], "uv_size": [1, 1]},
								"west": {"uv": [29, 153], "uv_size": [1, 1]},
								"up": {"uv": [30, 153], "uv_size": [1, 1]},
								"down": {"uv": [153, 35], "uv_size": [1, -1]}
							}
						},
						{
							"origin": [1.04143, 31.2917, -9.30969],
							"size": [0.2655, 0.55141, 0.73529],
							"pivot": [0.39509, 26.66805, -12.73263],
							"rotation": [0, 0, -22.5],
							"uv": {
								"north": {"uv": [35, 153], "uv_size": [1, 1]},
								"east": {"uv": [153, 35], "uv_size": [1, 1]},
								"south": {"uv": [36, 153], "uv_size": [1, 1]},
								"west": {"uv": [153, 37], "uv_size": [1, 1]},
								"up": {"uv": [38, 153], "uv_size": [1, 1]},
								"down": {"uv": [153, 39], "uv_size": [1, -1]}
							}
						},
						{
							"origin": [3.54808, 31.2917, -9.30969],
							"size": [0.2655, 0.55141, 0.73529],
							"pivot": [0.39509, 26.66805, -12.73263],
							"rotation": [0, 0, -22.5],
							"uv": {
								"north": {"uv": [39, 153], "uv_size": [1, 1]},
								"east": {"uv": [40, 153], "uv_size": [1, 1]},
								"south": {"uv": [41, 153], "uv_size": [1, 1]},
								"west": {"uv": [153, 41], "uv_size": [1, 1]},
								"up": {"uv": [153, 42], "uv_size": [1, 1]},
								"down": {"uv": [153, 46], "uv_size": [1, -1]}
							}
						},
						{
							"origin": [-3.62928, 29.03458, -9.30969],
							"size": [0.55141, 0.2655, 0.73529],
							"pivot": [0.39509, 26.66805, -12.73263],
							"rotation": [0, 0, 45],
							"uv": {
								"north": {"uv": [153, 46], "uv_size": [1, 1]},
								"east": {"uv": [47, 153], "uv_size": [1, 1]},
								"south": {"uv": [153, 47], "uv_size": [1, 1]},
								"west": {"uv": [48, 153], "uv_size": [1, 1]},
								"up": {"uv": [153, 48], "uv_size": [1, 1]},
								"down": {"uv": [49, 154], "uv_size": [1, -1]}
							}
						},
						{
							"origin": [-3.62928, 31.54124, -9.30969],
							"size": [0.55141, 0.2655, 0.73529],
							"pivot": [0.39509, 26.66805, -12.73263],
							"rotation": [0, 0, 45],
							"uv": {
								"north": {"uv": [50, 153], "uv_size": [1, 1]},
								"east": {"uv": [153, 50], "uv_size": [1, 1]},
								"south": {"uv": [51, 153], "uv_size": [1, 1]},
								"west": {"uv": [153, 51], "uv_size": [1, 1]},
								"up": {"uv": [53, 153], "uv_size": [1, 1]},
								"down": {"uv": [54, 154], "uv_size": [1, -1]}
							}
						},
						{
							"origin": [-1.90786, 30.18348, -9.30969],
							"size": [0.55141, 0.2655, 0.73529],
							"pivot": [0.39509, 26.66805, -12.73263],
							"rotation": [0, 0, 22.5],
							"uv": {
								"north": {"uv": [153, 56], "uv_size": [1, 1]},
								"east": {"uv": [57, 153], "uv_size": [1, 1]},
								"south": {"uv": [153, 57], "uv_size": [1, 1]},
								"west": {"uv": [58, 153], "uv_size": [1, 1]},
								"up": {"uv": [153, 58], "uv_size": [1, 1]},
								"down": {"uv": [153, 60], "uv_size": [1, -1]}
							}
						},
						{
							"origin": [-1.90786, 32.69013, -9.30969],
							"size": [0.55141, 0.2655, 0.73529],
							"pivot": [0.39509, 26.66805, -12.73263],
							"rotation": [0, 0, 22.5],
							"uv": {
								"north": {"uv": [153, 60], "uv_size": [1, 1]},
								"east": {"uv": [61, 153], "uv_size": [1, 1]},
								"south": {"uv": [153, 61], "uv_size": [1, 1]},
								"west": {"uv": [62, 153], "uv_size": [1, 1]},
								"up": {"uv": [153, 62], "uv_size": [1, 1]},
								"down": {"uv": [63, 154], "uv_size": [1, -1]}
							}
						},
						{
							"origin": [0.12218, 30.58616, -9.30969],
							"size": [0.55141, 0.2655, 0.73529],
							"uv": {
								"north": {"uv": [153, 63], "uv_size": [1, 1]},
								"east": {"uv": [65, 153], "uv_size": [1, 1]},
								"south": {"uv": [66, 153], "uv_size": [1, 1]},
								"west": {"uv": [67, 153], "uv_size": [1, 1]},
								"up": {"uv": [68, 153], "uv_size": [1, 1]},
								"down": {"uv": [71, 154], "uv_size": [1, -1]}
							}
						},
						{
							"origin": [0.12218, 33.09282, -9.30969],
							"size": [0.55141, 0.2655, 0.73529],
							"uv": {
								"north": {"uv": [72, 153], "uv_size": [1, 1]},
								"east": {"uv": [73, 153], "uv_size": [1, 1]},
								"south": {"uv": [75, 153], "uv_size": [1, 1]},
								"west": {"uv": [76, 153], "uv_size": [1, 1]},
								"up": {"uv": [153, 76], "uv_size": [1, 1]},
								"down": {"uv": [77, 154], "uv_size": [1, -1]}
							}
						},
						{
							"origin": [2.15181, 30.18134, -9.30969],
							"size": [0.55141, 0.2655, 0.73529],
							"pivot": [0.39509, 26.66805, -12.73263],
							"rotation": [0, 0, -22.5],
							"uv": {
								"north": {"uv": [153, 77], "uv_size": [1, 1]},
								"east": {"uv": [78, 153], "uv_size": [1, 1]},
								"south": {"uv": [153, 78], "uv_size": [1, 1]},
								"west": {"uv": [79, 153], "uv_size": [1, 1]},
								"up": {"uv": [153, 79], "uv_size": [1, 1]},
								"down": {"uv": [80, 154], "uv_size": [1, -1]}
							}
						},
						{
							"origin": [2.15181, 32.68799, -9.30969],
							"size": [0.55141, 0.2655, 0.73529],
							"pivot": [0.39509, 26.66805, -12.73263],
							"rotation": [0, 0, -22.5],
							"uv": {
								"north": {"uv": [153, 80], "uv_size": [1, 1]},
								"east": {"uv": [153, 83], "uv_size": [1, 1]},
								"south": {"uv": [84, 153], "uv_size": [1, 1]},
								"west": {"uv": [153, 84], "uv_size": [1, 1]},
								"up": {"uv": [85, 153], "uv_size": [1, 1]},
								"down": {"uv": [153, 86], "uv_size": [1, -1]}
							}
						},
						{
							"origin": [3.872, 29.03062, -9.30969],
							"size": [0.55141, 0.2655, 0.73529],
							"pivot": [0.39509, 26.66805, -12.73263],
							"rotation": [0, 0, -45],
							"uv": {
								"north": {"uv": [86, 153], "uv_size": [1, 1]},
								"east": {"uv": [153, 86], "uv_size": [1, 1]},
								"south": {"uv": [87, 153], "uv_size": [1, 1]},
								"west": {"uv": [153, 87], "uv_size": [1, 1]},
								"up": {"uv": [88, 153], "uv_size": [1, 1]},
								"down": {"uv": [153, 89], "uv_size": [1, -1]}
							}
						},
						{
							"origin": [3.872, 31.53727, -9.30969],
							"size": [0.55141, 0.2655, 0.73529],
							"pivot": [0.39509, 26.66805, -12.73263],
							"rotation": [0, 0, -45],
							"uv": {
								"north": {"uv": [89, 153], "uv_size": [1, 1]},
								"east": {"uv": [153, 89], "uv_size": [1, 1]},
								"south": {"uv": [90, 153], "uv_size": [1, 1]},
								"west": {"uv": [153, 90], "uv_size": [1, 1]},
								"up": {"uv": [91, 153], "uv_size": [1, 1]},
								"down": {"uv": [92, 154], "uv_size": [1, -1]}
							}
						}
					]
				},
				{
					"name": "bone2",
					"parent": "g11",
					"pivot": [-4.73695, 7.55198, 13.24049],
					"cubes": [
						{
							"origin": [-1.3582, 19.98048, 7.03949],
							"size": [3.0475, 7.56575, 12.773],
							"uv": {
								"north": {"uv": [46, 120], "uv_size": [6, 14]},
								"east": {"uv": [45, 0], "uv_size": [24, 14]},
								"south": {"uv": [5, 121], "uv_size": [6, 14]},
								"west": {"uv": [45, 14], "uv_size": [24, 14]},
								"up": {"uv": [93, 54], "uv_size": [6, 24]},
								"down": {"uv": [30, 121], "uv_size": [6, -24]}
							}
						},
						{
							"origin": [-0.68245, 19.98048, 7.23824],
							"size": [1.7225, 10.61325, 2.1465],
							"uv": {
								"north": {"uv": [126, 54], "uv_size": [3, 20]},
								"east": {"uv": [52, 120], "uv_size": [4, 20]},
								"south": {"uv": [128, 118], "uv_size": [3, 20]},
								"west": {"uv": [11, 121], "uv_size": [4, 20]},
								"up": {"uv": [103, 145], "uv_size": [3, 4]},
								"down": {"uv": [128, 149], "uv_size": [3, -4]}
							}
						},
						{
							"origin": [-0.68245, 19.98048, 17.57324],
							"size": [1.7225, 10.61325, 2.1465],
							"uv": {
								"north": {"uv": [119, 128], "uv_size": [3, 20]},
								"east": {"uv": [15, 121], "uv_size": [4, 20]},
								"south": {"uv": [122, 128], "uv_size": [3, 20]},
								"west": {"uv": [19, 121], "uv_size": [4, 20]},
								"up": {"uv": [131, 145], "uv_size": [3, 4]},
								"down": {"uv": [145, 147], "uv_size": [3, -4]}
							}
						},
						{
							"origin": [-0.68245, 26.84398, 9.26549],
							"size": [1.643, 1.09975, 8.36075],
							"uv": {
								"north": {"uv": [100, 88], "uv_size": [3, 2]},
								"east": {"uv": [45, 28], "uv_size": [16, 2]},
								"south": {"uv": [134, 76], "uv_size": [3, 2]},
								"west": {"uv": [109, 76], "uv_size": [16, 2]},
								"up": {"uv": [103, 129], "uv_size": [3, 16]},
								"down": {"uv": [40, 148], "uv_size": [3, -16]}
							}
						},
						{
							"origin": [-1.1197, 26.84398, 1.46124],
							"size": [2.8355, 1.09975, 5.8035],
							"uv": {
								"north": {"uv": [147, 27], "uv_size": [5, 2]},
								"east": {"uv": [139, 0], "uv_size": [11, 2]},
								"south": {"uv": [147, 33], "uv_size": [5, 2]},
								"west": {"uv": [141, 116], "uv_size": [11, 2]},
								"up": {"uv": [131, 129], "uv_size": [5, 11]},
								"down": {"uv": [35, 143], "uv_size": [5, -11]}
							}
						},
						{
							"origin": [-0.7487, 26.84398, 0.13624],
							"size": [2.10675, 1.5635, 1.537],
							"uv": {
								"north": {"uv": [9, 146], "uv_size": [4, 3]},
								"east": {"uv": [35, 148], "uv_size": [3, 3]},
								"south": {"uv": [13, 146], "uv_size": [4, 3]},
								"west": {"uv": [40, 148], "uv_size": [3, 3]},
								"up": {"uv": [17, 146], "uv_size": [4, 3]},
								"down": {"uv": [56, 149], "uv_size": [4, -3]}
							}
						},
						{
							"origin": [-0.7487, 27.71524, -0.23959],
							"size": [2.10675, 0.4505, 1.537],
							"pivot": [0.30468, 27.38399, 0.52891],
							"rotation": [65.5, 0, 0],
							"uv": {
								"north": {"uv": [89, 65], "uv_size": [4, 1]},
								"east": {"uv": [69, 27], "uv_size": [3, 1]},
								"south": {"uv": [149, 93], "uv_size": [4, 1]},
								"west": {"uv": [61, 131], "uv_size": [3, 1]},
								"up": {"uv": [60, 146], "uv_size": [4, 3]},
								"down": {"uv": [146, 109], "uv_size": [4, -3]}
							}
						},
						{
							"origin": [-1.1197, 26.25269, -4.16453],
							"size": [2.8355, 1.09975, 5.8035],
							"pivot": [0.2583, 26.80257, -1.26278],
							"rotation": [12, 0, 0],
							"uv": {
								"north": {"uv": [147, 35], "uv_size": [5, 2]},
								"east": {"uv": [141, 118], "uv_size": [11, 2]},
								"south": {"uv": [147, 37], "uv_size": [5, 2]},
								"west": {"uv": [141, 120], "uv_size": [11, 2]},
								"up": {"uv": [61, 132], "uv_size": [5, 11]},
								"down": {"uv": [66, 143], "uv_size": [5, -11]}
							}
						},
						{
							"origin": [-0.9342, 30.52748, 7.62249],
							"size": [2.13325, 2.61025, 13.15725],
							"uv": {
								"north": {"uv": [19, 141], "uv_size": [4, 5]},
								"east": {"uv": [98, 33], "uv_size": [25, 5]},
								"south": {"uv": [141, 122], "uv_size": [4, 5]},
								"west": {"uv": [98, 38], "uv_size": [25, 5]},
								"up": {"uv": [115, 84], "uv_size": [4, 25]},
								"down": {"uv": [115, 134], "uv_size": [4, -25]}
							}
						},
						{
							"origin": [-1.18595, 30.52748, 19.69324],
							"size": [2.58375, 2.7825, 1.0865],
							"uv": {
								"north": {"uv": [23, 140], "uv_size": [5, 5]},
								"east": {"uv": [30, 91], "uv_size": [2, 5]},
								"south": {"uv": [28, 140], "uv_size": [5, 5]},
								"west": {"uv": [9, 135], "uv_size": [2, 5]},
								"up": {"uv": [61, 28], "uv_size": [5, 2]},
								"down": {"uv": [147, 27], "uv_size": [5, -2]}
							}
						},
						{
							"origin": [-2.13995, 17.79423, -16.49251],
							"size": [2.26575, 5.73725, 17.84775],
							"uv": {
								"north": {"uv": [89, 54], "uv_size": [4, 11]},
								"east": {"uv": [32, 30], "uv_size": [34, 11]},
								"south": {"uv": [134, 43], "uv_size": [4, 11]},
								"west": {"uv": [32, 41], "uv_size": [34, 11]},
								"up": {"uv": [56, 97], "uv_size": [4, 34]},
								"down": {"uv": [60, 131], "uv_size": [4, -34]}
							}
						},
						{
							"origin": [-0.36445, 21.26573, -17.11526],
							"size": [1.97425, 1.92125, 0.70225],
							"pivot": [-0.86132, 22.39861, -16.76414],
							"rotation": [0, 0, -45.75],
							"uv": {
								"north": {"uv": [67, 143], "uv_size": [4, 4]},
								"east": {"uv": [4, 150], "uv_size": [1, 4]},
								"south": {"uv": [141, 143], "uv_size": [4, 4]},
								"west": {"uv": [60, 150], "uv_size": [1, 4]},
								"up": {"uv": [64, 150], "uv_size": [4, 1]},
								"down": {"uv": [84, 151], "uv_size": [4, -1]}
							}
						},
						{
							"origin": [-2.13995, 17.79423, 1.32874],
							"size": [2.45125, 7.91025, 5.89625],
							"uv": {
								"north": {"uv": [121, 84], "uv_size": [5, 15]},
								"east": {"uv": [92, 90], "uv_size": [11, 15]},
								"south": {"uv": [121, 99], "uv_size": [5, 15]},
								"west": {"uv": [93, 0], "uv_size": [11, 15]},
								"up": {"uv": [56, 131], "uv_size": [5, 11]},
								"down": {"uv": [131, 129], "uv_size": [5, -11]}
							}
						},
						{
							"origin": [-2.6832, 18.60248, -3.69301],
							"size": [2.9945, 1.7755, 5.247],
							"uv": {
								"north": {"uv": [143, 64], "uv_size": [6, 3]},
								"east": {"uv": [138, 77], "uv_size": [10, 3]},
								"south": {"uv": [143, 67], "uv_size": [6, 3]},
								"west": {"uv": [138, 80], "uv_size": [10, 3]},
								"up": {"uv": [130, 108], "uv_size": [6, 10]},
								"down": {"uv": [131, 43], "uv_size": [6, -10]}
							}
						},
						{
							"origin": [-2.6832, 18.94592, -4.11902],
							"size": [2.9945, 1.2455, 1.28525],
							"pivot": [-1.18595, 19.30367, -3.47639],
							"rotation": [-24.5, 0, 0],
							"uv": {
								"north": {"uv": [147, 19], "uv_size": [6, 2]},
								"east": {"uv": [56, 150], "uv_size": [2, 2]},
								"south": {"uv": [21, 147], "uv_size": [6, 2]},
								"west": {"uv": [58, 150], "uv_size": [2, 2]},
								"up": {"uv": [147, 21], "uv_size": [6, 2]},
								"down": {"uv": [147, 25], "uv_size": [6, -2]}
							}
						},
						{
							"origin": [-2.6832, 20.35148, -3.14976],
							"size": [2.9945, 1.06, 1.272],
							"uv": {
								"north": {"uv": [146, 113], "uv_size": [6, 2]},
								"east": {"uv": [17, 150], "uv_size": [2, 2]},
								"south": {"uv": [146, 133], "uv_size": [6, 2]},
								"west": {"uv": [19, 150], "uv_size": [2, 2]},
								"up": {"uv": [146, 135], "uv_size": [6, 2]},
								"down": {"uv": [146, 139], "uv_size": [6, -2]}
							}
						},
						{
							"origin": [-2.6832, 21.22598, -1.89101],
							"size": [2.9945, 0.1855, 1.59],
							"uv": {
								"north": {"uv": [11, 149], "uv_size": [6, 1]},
								"east": {"uv": [64, 151], "uv_size": [3, 1]},
								"south": {"uv": [17, 149], "uv_size": [6, 1]},
								"west": {"uv": [67, 151], "uv_size": [3, 1]},
								"up": {"uv": [143, 70], "uv_size": [6, 3]},
								"down": {"uv": [143, 76], "uv_size": [6, -3]}
							}
						},
						{
							"origin": [-2.43145, 21.38498, -2.87151],
							"size": [2.74275, 0.1855, 3.51125],
							"uv": {
								"north": {"uv": [56, 149], "uv_size": [5, 1]},
								"east": {"uv": [148, 81], "uv_size": [7, 1]},
								"south": {"uv": [149, 64], "uv_size": [5, 1]},
								"west": {"uv": [148, 82], "uv_size": [7, 1]},
								"up": {"uv": [136, 130], "uv_size": [5, 7]},
								"down": {"uv": [137, 40], "uv_size": [5, -7]}
							}
						},
						{
							"origin": [-2.98795, 19.92748, -2.87151],
							"size": [2.74275, 0.1855, 3.51125],
							"uv": {
								"north": {"uv": [149, 65], "uv_size": [5, 1]},
								"east": {"uv": [148, 143], "uv_size": [7, 1]},
								"south": {"uv": [149, 66], "uv_size": [5, 1]},
								"west": {"uv": [148, 144], "uv_size": [7, 1]},
								"up": {"uv": [136, 137], "uv_size": [5, 7]},
								"down": {"uv": [138, 47], "uv_size": [5, -7]}
							}
						},
						{
							"origin": [-2.98795, 19.58298, -2.87151],
							"size": [2.74275, 0.1855, 3.51125],
							"uv": {
								"north": {"uv": [149, 67], "uv_size": [5, 1]},
								"east": {"uv": [148, 145], "uv_size": [7, 1]},
								"south": {"uv": [149, 68], "uv_size": [5, 1]},
								"west": {"uv": [148, 146], "uv_size": [7, 1]},
								"up": {"uv": [138, 47], "uv_size": [5, 7]},
								"down": {"uv": [138, 63], "uv_size": [5, -7]}
							}
						},
						{
							"origin": [-2.98795, 19.17223, -2.87151],
							"size": [2.74275, 0.1855, 3.51125],
							"uv": {
								"north": {"uv": [149, 69], "uv_size": [5, 1]},
								"east": {"uv": [149, 2], "uv_size": [7, 1]},
								"south": {"uv": [149, 70], "uv_size": [5, 1]},
								"west": {"uv": [149, 3], "uv_size": [7, 1]},
								"up": {"uv": [138, 63], "uv_size": [5, 7]},
								"down": {"uv": [138, 77], "uv_size": [5, -7]}
							}
						},
						{
							"origin": [-2.72295, 19.17223, 19.70649],
							"size": [2.74275, 0.35775, 23.426],
							"uv": {
								"north": {"uv": [149, 71], "uv_size": [5, 1]},
								"east": {"uv": [104, 9], "uv_size": [44, 1]},
								"south": {"uv": [149, 72], "uv_size": [5, 1]},
								"west": {"uv": [104, 10], "uv_size": [44, 1]},
								"up": {"uv": [5, 77], "uv_size": [5, 44]},
								"down": {"uv": [10, 121], "uv_size": [5, -44]}
							}
						},
						{
							"origin": [-2.72295, 20.11298, 19.70649],
							"size": [2.74275, 0.35775, 23.426],
							"uv": {
								"north": {"uv": [149, 73], "uv_size": [5, 1]},
								"east": {"uv": [104, 11], "uv_size": [44, 1]},
								"south": {"uv": [149, 74], "uv_size": [5, 1]},
								"west": {"uv": [104, 12], "uv_size": [44, 1]},
								"up": {"uv": [15, 77], "uv_size": [5, 44]},
								"down": {"uv": [20, 121], "uv_size": [5, -44]}
							}
						},
						{
							"origin": [-2.72295, 21.06698, 19.70649],
							"size": [2.74275, 0.35775, 23.426],
							"uv": {
								"north": {"uv": [149, 75], "uv_size": [5, 1]},
								"east": {"uv": [104, 13], "uv_size": [44, 1]},
								"south": {"uv": [84, 149], "uv_size": [5, 1]},
								"west": {"uv": [104, 14], "uv_size": [44, 1]},
								"up": {"uv": [25, 77], "uv_size": [5, 44]},
								"down": {"uv": [79, 66], "uv_size": [5, -44]}
							}
						},
						{
							"origin": [-2.72295, 22.06073, 19.70649],
							"size": [2.74275, 0.35775, 23.426],
							"uv": {
								"north": {"uv": [149, 91], "uv_size": [5, 1]},
								"east": {"uv": [134, 54], "uv_size": [44, 1]},
								"south": {"uv": [149, 92], "uv_size": [5, 1]},
								"west": {"uv": [134, 55], "uv_size": [44, 1]},
								"up": {"uv": [79, 66], "uv_size": [5, 44]},
								"down": {"uv": [84, 66], "uv_size": [5, -44]}
							}
						},
						{
							"origin": [-2.6832, 20.35148, -0.34076],
							"size": [2.9945, 1.06, 1.272],
							"uv": {
								"north": {"uv": [146, 139], "uv_size": [6, 2]},
								"east": {"uv": [21, 150], "uv_size": [2, 2]},
								"south": {"uv": [146, 141], "uv_size": [6, 2]},
								"west": {"uv": [150, 52], "uv_size": [2, 2]},
								"up": {"uv": [147, 15], "uv_size": [6, 2]},
								"down": {"uv": [147, 19], "uv_size": [6, -2]}
							}
						},
						{
							"origin": [-1.9603, 22.96352, -16.49233],
							"size": [1.81487, 1.74862, 17.84737],
							"inflate": 0.0004,
							"pivot": [-1.05286, 23.97033, -4.68676],
							"rotation": [0, 0, -61.25],
							"uv": {
								"north": {"uv": [89, 147], "uv_size": [3, 3]},
								"east": {"uv": [104, 3], "uv_size": [34, 3]},
								"south": {"uv": [5, 148], "uv_size": [3, 3]},
								"west": {"uv": [104, 6], "uv_size": [34, 3]},
								"up": {"uv": [106, 84], "uv_size": [3, 34]},
								"down": {"uv": [109, 118], "uv_size": [3, -34]}
							}
						},
						{
							"origin": [-1.94068, 25.08367, 1.32874],
							"size": [2.02725, 1.749, 18.48375],
							"pivot": [-1.03306, 26.09067, 13.13449],
							"rotation": [0, 0, -58.5],
							"uv": {
								"north": {"uv": [145, 97], "uv_size": [4, 3]},
								"east": {"uv": [98, 43], "uv_size": [35, 3]},
								"south": {"uv": [145, 100], "uv_size": [4, 3]},
								"west": {"uv": [104, 0], "uv_size": [35, 3]},
								"up": {"uv": [36, 97], "uv_size": [4, 35]},
								"down": {"uv": [40, 132], "uv_size": [4, -35]}
							}
						},
						{
							"origin": [-0.71264, 24.93095, -16.49233],
							"size": [1.81487, 1.74862, 23.61112],
							"inflate": 0.0004,
							"pivot": [-0.44783, 25.80527, -4.68676],
							"rotation": [0, 0, -82.75],
							"uv": {
								"north": {"uv": [67, 147], "uv_size": [3, 3]},
								"east": {"uv": [93, 78], "uv_size": [45, 3]},
								"south": {"uv": [75, 147], "uv_size": [3, 3]},
								"west": {"uv": [93, 81], "uv_size": [45, 3]},
								"up": {"uv": [103, 84], "uv_size": [3, 45]},
								"down": {"uv": [92, 150], "uv_size": [3, -45]}
							}
						},
						{
							"origin": [0.5693, 25.39245, -16.49233],
							"size": [1.89438, 1.74863, 23.61113],
							"inflate": 0.00039,
							"pivot": [1.55624, 26.26677, -4.68676],
							"rotation": [0, 0, -114.25],
							"uv": {
								"north": {"uv": [145, 91], "uv_size": [4, 3]},
								"east": {"uv": [98, 21], "uv_size": [45, 3]},
								"south": {"uv": [145, 94], "uv_size": [4, 3]},
								"west": {"uv": [98, 24], "uv_size": [45, 3]},
								"up": {"uv": [71, 90], "uv_size": [4, 45]},
								"down": {"uv": [103, 84], "uv_size": [3, 45]}
							}
						},
						{
							"origin": [0.38716, 25.38408, -3.79901],
							"size": [1.89475, 1.749, 23.6115],
							"pivot": [1.37429, 26.25858, 8.00674],
							"rotation": [0, 0, -114.25],
							"uv": {
								"north": {"uv": [145, 103], "uv_size": [4, 3]},
								"east": {"uv": [98, 27], "uv_size": [45, 3]},
								"south": {"uv": [145, 122], "uv_size": [4, 3]},
								"west": {"uv": [98, 30], "uv_size": [45, 3]},
								"up": {"uv": [84, 90], "uv_size": [4, 45]},
								"down": {"uv": [88, 135], "uv_size": [4, -45]}
							}
						},
						{
							"origin": [-1.34495, 23.50498, -16.49251],
							"size": [1.39125, 2.18625, 23.6115],
							"uv": {
								"north": {"uv": [126, 74], "uv_size": [3, 4]},
								"east": {"uv": [89, 46], "uv_size": [45, 4]},
								"south": {"uv": [71, 145], "uv_size": [3, 4]},
								"west": {"uv": [89, 50], "uv_size": [45, 4]},
								"up": {"uv": [95, 105], "uv_size": [3, 45]},
								"down": {"uv": [98, 150], "uv_size": [3, -45]}
							}
						},
						{
							"origin": [-1.1197, 25.70448, -16.49251],
							"size": [3.1005, 1.749, 23.6115],
							"inflate": 0,
							"uv": {
								"north": {"uv": [143, 30], "uv_size": [6, 3]},
								"east": {"uv": [93, 15], "uv_size": [45, 3]},
								"south": {"uv": [61, 143], "uv_size": [6, 3]},
								"west": {"uv": [93, 18], "uv_size": [45, 3]},
								"up": {"uv": [60, 52], "uv_size": [6, 45]},
								"down": {"uv": [66, 73], "uv_size": [6, -45]}
							}
						},
						{
							"origin": [0.0463, 17.79423, -16.49251],
							"size": [2.68975, 7.9235, 23.6115],
							"uv": {
								"north": {"uv": [23, 121], "uv_size": [5, 15]},
								"east": {"uv": [0, 0], "uv_size": [45, 15]},
								"south": {"uv": [28, 121], "uv_size": [5, 15]},
								"west": {"uv": [66, 30], "uv_size": [-34, 11]},
								"up": {"uv": [66, 73], "uv_size": [5, 45]},
								"down": {"uv": [0, 122], "uv_size": [5, -45]}
							}
						},
						{
							"origin": [-2.1532, 19.98048, 7.03949],
							"size": [4.73025, 5.73725, 12.773],
							"uv": {
								"north": {"uv": [109, 54], "uv_size": [9, 11]},
								"east": {"uv": [69, 0], "uv_size": [24, 11]},
								"south": {"uv": [109, 65], "uv_size": [9, 11]},
								"west": {"uv": [69, 11], "uv_size": [24, 11]},
								"up": {"uv": [84, 66], "uv_size": [9, 24]},
								"down": {"uv": [89, 46], "uv_size": [9, -24]}
							}
						},
						{
							"origin": [-1.17289, 10.46679, 7.3838],
							"size": [2.84913, 6.17488, 2.45163],
							"inflate": -0.0004,
							"pivot": [0.25168, 12.56711, 8.53011],
							"rotation": [-25, 0, 0],
							"uv": {
								"north": {"uv": [129, 54], "uv_size": [5, 12]},
								"east": {"uv": [129, 66], "uv_size": [5, 12]},
								"south": {"uv": [130, 84], "uv_size": [5, 12]},
								"west": {"uv": [130, 96], "uv_size": [5, 12]},
								"up": {"uv": [51, 140], "uv_size": [5, 5]},
								"down": {"uv": [128, 145], "uv_size": [5, -5]}
							}
						},
						{
							"origin": [-0.5897, 17.42323, 8.47049],
							"size": [1.378, 2.37175, 2.47775],
							"pivot": [0.25168, 12.56711, 8.53011],
							"rotation": [-22.75, 0, 0],
							"uv": {
								"north": {"uv": [64, 146], "uv_size": [3, 4]},
								"east": {"uv": [143, 56], "uv_size": [5, 4]},
								"south": {"uv": [146, 109], "uv_size": [3, 4]},
								"west": {"uv": [143, 60], "uv_size": [5, 4]},
								"up": {"uv": [69, 22], "uv_size": [3, 5]},
								"down": {"uv": [133, 145], "uv_size": [3, -5]}
							}
						},
						{
							"origin": [-0.7487, 14.85814, 12.79461],
							"size": [1.7225, 0.17225, 1.60325],
							"pivot": [0.11255, 14.51364, 12.86748],
							"rotation": [-13.5, 0, 0],
							"uv": {
								"north": {"uv": [75, 150], "uv_size": [3, 1]},
								"east": {"uv": [88, 150], "uv_size": [3, 1]},
								"south": {"uv": [91, 150], "uv_size": [3, 1]},
								"west": {"uv": [94, 150], "uv_size": [3, 1]},
								"up": {"uv": [119, 148], "uv_size": [3, 3]},
								"down": {"uv": [122, 151], "uv_size": [3, -3]}
							}
						},
						{
							"origin": [-0.7487, 14.49835, 14.43521],
							"size": [1.7225, 0.17225, 3.816],
							"pivot": [0.11255, 14.58448, 15.23684],
							"rotation": [0.5, 0, 0],
							"uv": {
								"north": {"uv": [150, 108], "uv_size": [3, 1]},
								"east": {"uv": [138, 83], "uv_size": [7, 1]},
								"south": {"uv": [150, 109], "uv_size": [3, 1]},
								"west": {"uv": [148, 14], "uv_size": [7, 1]},
								"up": {"uv": [75, 135], "uv_size": [3, 7]},
								"down": {"uv": [89, 142], "uv_size": [3, -7]}
							}
						},
						{
							"origin": [-0.7487, 13.95655, 18.34568],
							"size": [1.7225, 0.17225, 0.49025],
							"pivot": [0.11255, 14.04268, 17.1068],
							"rotation": [26.75, 0, 0],
							"uv": {
								"north": {"uv": [150, 110], "uv_size": [3, 1]},
								"east": {"uv": [94, 153], "uv_size": [1, 1]},
								"south": {"uv": [150, 111], "uv_size": [3, 1]},
								"west": {"uv": [153, 94], "uv_size": [1, 1]},
								"up": {"uv": [150, 112], "uv_size": [3, 1]},
								"down": {"uv": [150, 123], "uv_size": [3, -1]}
							}
						},
						{
							"origin": [-0.7487, 13.65934, 19.19023],
							"size": [1.7225, 0.17225, 0.2915],
							"pivot": [0.11255, 13.74547, 17.95136],
							"rotation": [57.5, 0, 0],
							"uv": {
								"north": {"uv": [150, 123], "uv_size": [3, 1]},
								"east": {"uv": [95, 153], "uv_size": [1, 1]},
								"south": {"uv": [150, 124], "uv_size": [3, 1]},
								"west": {"uv": [153, 95], "uv_size": [1, 1]},
								"up": {"uv": [150, 125], "uv_size": [3, 1]},
								"down": {"uv": [150, 127], "uv_size": [3, -1]}
							}
						},
						{
							"origin": [-0.7487, 13.75215, 19.62039],
							"size": [1.7225, 0.17225, 0.2915],
							"pivot": [0.11255, 13.83827, 18.38152],
							"rotation": [72, 0, 0],
							"uv": {
								"north": {"uv": [150, 127], "uv_size": [3, 1]},
								"east": {"uv": [96, 153], "uv_size": [1, 1]},
								"south": {"uv": [150, 128], "uv_size": [3, 1]},
								"west": {"uv": [153, 96], "uv_size": [1, 1]},
								"up": {"uv": [150, 129], "uv_size": [3, 1]},
								"down": {"uv": [146, 151], "uv_size": [3, -1]}
							}
						},
						{
							"origin": [-0.7487, 13.55752, 20.48042],
							"size": [1.7225, 0.17225, 2.37175],
							"pivot": [0.11255, 13.64364, 18.8573],
							"rotation": [90.25, 0, 0],
							"uv": {
								"north": {"uv": [149, 150], "uv_size": [3, 1]},
								"east": {"uv": [149, 132], "uv_size": [4, 1]},
								"south": {"uv": [150, 149], "uv_size": [3, 1]},
								"west": {"uv": [146, 149], "uv_size": [4, 1]},
								"up": {"uv": [146, 125], "uv_size": [3, 4]},
								"down": {"uv": [146, 133], "uv_size": [3, -4]}
							}
						},
						{
							"origin": [-0.7487, 14.99815, 12.06257],
							"size": [1.7225, 0.2385, 0.689],
							"pivot": [0.11255, 14.7199, 12.49319],
							"rotation": [-34.75, 0, 0],
							"uv": {
								"north": {"uv": [97, 150], "uv_size": [3, 1]},
								"east": {"uv": [93, 153], "uv_size": [1, 1]},
								"south": {"uv": [100, 150], "uv_size": [3, 1]},
								"west": {"uv": [153, 93], "uv_size": [1, 1]},
								"up": {"uv": [150, 106], "uv_size": [3, 1]},
								"down": {"uv": [150, 108], "uv_size": [3, -1]}
							}
						},
						{
							"origin": [-0.7487, 14.79713, 12.8702],
							"size": [1.7225, 0.0795, 0.25175],
							"pivot": [0.11255, 14.51888, 12.67808],
							"rotation": [1.25, 0, 0],
							"uv": {
								"north": {"uv": [5, 151], "uv_size": [3, 1]},
								"east": {"uv": [153, 114], "uv_size": [1, 1]},
								"south": {"uv": [8, 151], "uv_size": [3, 1]},
								"west": {"uv": [115, 153], "uv_size": [1, 1]},
								"up": {"uv": [35, 151], "uv_size": [3, 1]},
								"down": {"uv": [40, 152], "uv_size": [3, -1]}
							}
						},
						{
							"origin": [-0.2452, 15.45129, 14.64077],
							"size": [0.62275, 0.2915, 0.83475],
							"pivot": [0.11255, 15.45129, 14.87927],
							"rotation": [-56, 0, 0],
							"uv": {
								"north": {"uv": [97, 153], "uv_size": [1, 1]},
								"east": {"uv": [30, 96], "uv_size": [2, 1]},
								"south": {"uv": [153, 97], "uv_size": [1, 1]},
								"west": {"uv": [9, 140], "uv_size": [2, 1]},
								"up": {"uv": [71, 88], "uv_size": [1, 2]},
								"down": {"uv": [125, 78], "uv_size": [1, -2]}
							}
						},
						{
							"origin": [-0.2452, 15.34644, 13.90223],
							"size": [0.62275, 0.2915, 0.83475],
							"pivot": [0.06618, 15.49219, 14.9291],
							"rotation": [-77.75, 0, 0],
							"uv": {
								"north": {"uv": [98, 153], "uv_size": [1, 1]},
								"east": {"uv": [21, 146], "uv_size": [2, 1]},
								"south": {"uv": [153, 98], "uv_size": [1, 1]},
								"west": {"uv": [68, 150], "uv_size": [2, 1]},
								"up": {"uv": [130, 41], "uv_size": [1, 2]},
								"down": {"uv": [133, 45], "uv_size": [1, -2]}
							}
						},
						{
							"origin": [-0.2452, 16.18056, 14.3824],
							"size": [0.62275, 0.19875, 0.9805],
							"pivot": [0.06618, 16.08781, 14.79978],
							"rotation": [-84.5, 0, 0],
							"uv": {
								"north": {"uv": [153, 112], "uv_size": [1, 1]},
								"east": {"uv": [84, 151], "uv_size": [2, 1]},
								"south": {"uv": [153, 113], "uv_size": [1, 1]},
								"west": {"uv": [86, 151], "uv_size": [2, 1]},
								"up": {"uv": [78, 140], "uv_size": [1, 2]},
								"down": {"uv": [142, 39], "uv_size": [1, -2]}
							}
						},
						{
							"origin": [-0.2452, 16.12375, 13.49794],
							"size": [0.62275, 0.477, 1.02025],
							"pivot": [0.06618, 16.2695, 14.71031],
							"rotation": [-91.25, 0, 0],
							"uv": {
								"north": {"uv": [99, 153], "uv_size": [1, 1]},
								"east": {"uv": [75, 151], "uv_size": [2, 1]},
								"south": {"uv": [153, 99], "uv_size": [1, 1]},
								"west": {"uv": [79, 151], "uv_size": [2, 1]},
								"up": {"uv": [137, 40], "uv_size": [1, 2]},
								"down": {"uv": [137, 78], "uv_size": [1, -2]}
							}
						},
						{
							"origin": [-0.2452, 16.60075, 13.49794],
							"size": [0.62275, 0.2915, 0.56975],
							"pivot": [0.06618, 16.2695, 14.71031],
							"rotation": [-91.25, 0, 0],
							"uv": {
								"north": {"uv": [103, 153], "uv_size": [1, 1]},
								"east": {"uv": [153, 103], "uv_size": [1, 1]},
								"south": {"uv": [104, 153], "uv_size": [1, 1]},
								"west": {"uv": [153, 104], "uv_size": [1, 1]},
								"up": {"uv": [105, 153], "uv_size": [1, 1]},
								"down": {"uv": [153, 106], "uv_size": [1, -1]}
							}
						},
						{
							"origin": [-0.2452, 16.59553, 14.78329],
							"size": [0.62275, 0.2915, 0.54325],
							"pivot": [0.06618, 16.74128, 15.06816],
							"rotation": [-123.5, 0, 0],
							"uv": {
								"north": {"uv": [153, 106], "uv_size": [1, 1]},
								"east": {"uv": [153, 107], "uv_size": [1, 1]},
								"south": {"uv": [153, 108], "uv_size": [1, 1]},
								"west": {"uv": [153, 109], "uv_size": [1, 1]},
								"up": {"uv": [153, 110], "uv_size": [1, 1]},
								"down": {"uv": [153, 112], "uv_size": [1, -1]}
							}
						},
						{
							"origin": [-0.2452, 16.7465, 13.49794],
							"size": [0.62275, 0.2915, 0.6095],
							"pivot": [0.06618, 16.2695, 14.71031],
							"rotation": [-46, 0, 0],
							"uv": {
								"north": {"uv": [100, 153], "uv_size": [1, 1]},
								"east": {"uv": [153, 100], "uv_size": [1, 1]},
								"south": {"uv": [101, 153], "uv_size": [1, 1]},
								"west": {"uv": [153, 101], "uv_size": [1, 1]},
								"up": {"uv": [102, 153], "uv_size": [1, 1]},
								"down": {"uv": [153, 103], "uv_size": [1, -1]}
							}
						},
						{
							"origin": [-1.17251, 10.55992, 8.47067],
							"size": [2.84837, 7.63162, 3.53737],
							"inflate": 0.0004,
							"pivot": [0.25168, 12.56711, 8.53011],
							"rotation": [-9.75, 0, 0],
							"uv": {
								"north": {"uv": [121, 114], "uv_size": [5, 14]},
								"east": {"uv": [71, 118], "uv_size": [-7, 14]},
								"south": {"uv": [0, 122], "uv_size": [5, 14]},
								"west": {"uv": [64, 118], "uv_size": [7, 14]},
								"up": {"uv": [136, 116], "uv_size": [5, 7]},
								"down": {"uv": [136, 130], "uv_size": [5, -7]}
							}
						},
						{
							"origin": [-1.50395, 1.81473, 13.38624],
							"size": [3.3125, 12.17675, 2.53075],
							"pivot": [0.25168, 12.56711, 8.53011],
							"rotation": [90.25, 0, 0],
							"uv": {
								"north": {"uv": [44, 97], "uv_size": [6, 23]},
								"east": {"uv": [99, 54], "uv_size": [5, 23]},
								"south": {"uv": [50, 97], "uv_size": [6, 23]},
								"west": {"uv": [104, 54], "uv_size": [5, 23]},
								"up": {"uv": [138, 3], "uv_size": [6, 5]},
								"down": {"uv": [138, 20], "uv_size": [6, -5]}
							}
						},
						{
							"origin": [-2.37845, -22.90977, 14.44624],
							"size": [4.187, 24.76425, 4.293],
							"pivot": [0.25168, 12.56711, 8.53011],
							"rotation": [90.25, 0, 0],
							"uv": {
								"north": {"uv": [0, 30], "uv_size": [8, 47]},
								"east": {"uv": [8, 30], "uv_size": [8, 47]},
								"south": {"uv": [16, 30], "uv_size": [8, 47]},
								"west": {"uv": [16, 30], "uv_size": [-8, 47]},
								"up": {"uv": [118, 68], "uv_size": [8, 8]},
								"down": {"uv": [123, 41], "uv_size": [8, -8]}
							}
						},
						{
							"origin": [-2.37845, -21.71727, 18.73924],
							"size": [0.4505, 23.57175, 0.901],
							"pivot": [0.25168, 12.56711, 8.53011],
							"rotation": [90.25, 0, 0],
							"uv": {
								"north": {"uv": [114, 118], "uv_size": [1, 44]},
								"east": {"uv": [110, 118], "uv_size": [2, 44]},
								"south": {"uv": [125, 128], "uv_size": [1, 44]},
								"west": {"uv": [112, 118], "uv_size": [2, 44]},
								"up": {"uv": [4, 143], "uv_size": [1, 2]},
								"down": {"uv": [145, 108], "uv_size": [1, -2]}
							}
						},
						{
							"origin": [-1.98095, -21.99552, 18.36824],
							"size": [0.848, 23.85, 3.498],
							"pivot": [0.25168, 12.56711, 8.53011],
							"rotation": [90.25, 0, 0],
							"uv": {
								"north": {"uv": [101, 105], "uv_size": [2, 45]},
								"east": {"uv": [32, 52], "uv_size": [7, 45]},
								"south": {"uv": [82, 110], "uv_size": [2, 45]},
								"west": {"uv": [39, 52], "uv_size": [7, 45]},
								"up": {"uv": [30, 77], "uv_size": [2, 7]},
								"down": {"uv": [30, 91], "uv_size": [2, -7]}
							}
						},
						{
							"origin": [0.3113, -21.82327, 18.36824],
							"size": [0.99375, 23.67775, 3.498],
							"pivot": [0.25168, 12.56711, 8.53011],
							"rotation": [90.25, 0, 0],
							"uv": {
								"north": {"uv": [106, 118], "uv_size": [2, 45]},
								"east": {"uv": [46, 52], "uv_size": [7, 45]},
								"south": {"uv": [108, 118], "uv_size": [2, 45]},
								"west": {"uv": [39, 52], "uv_size": [-7, 45]},
								"up": {"uv": [64, 97], "uv_size": [2, 7]},
								"down": {"uv": [64, 111], "uv_size": [2, -7]}
							}
						},
						{
							"origin": [0.3113, 23.27033, 40.78393],
							"size": [0.99375, 1.17925, 3.498],
							"pivot": [0.80818, 24.13158, 42.53293],
							"rotation": [106.5, 0, 0],
							"uv": {
								"north": {"uv": [0, 150], "uv_size": [2, 2]},
								"east": {"uv": [143, 52], "uv_size": [7, 2]},
								"south": {"uv": [150, 0], "uv_size": [2, 2]},
								"west": {"uv": [23, 145], "uv_size": [7, 2]},
								"up": {"uv": [64, 111], "uv_size": [2, 7]},
								"down": {"uv": [79, 151], "uv_size": [2, -7]}
							}
						},
						{
							"origin": [-1.98095, 23.27108, 40.95618],
							"size": [0.83475, 1.17925, 3.498],
							"pivot": [-1.48407, 24.13233, 42.70518],
							"rotation": [106.5, 0, 0],
							"uv": {
								"north": {"uv": [2, 150], "uv_size": [2, 2]},
								"east": {"uv": [145, 83], "uv_size": [7, 2]},
								"south": {"uv": [11, 150], "uv_size": [2, 2]},
								"west": {"uv": [145, 85], "uv_size": [7, 2]},
								"up": {"uv": [115, 144], "uv_size": [2, 7]},
								"down": {"uv": [117, 151], "uv_size": [2, -7]}
							}
						},
						{
							"origin": [-1.1462, -21.46552, 13.30674],
							"size": [1.81525, 18.24525, 0.83475],
							"pivot": [1.43093, 13.09711, 3.46861],
							"rotation": [90.25, 0, 0],
							"uv": {
								"north": {"uv": [79, 110], "uv_size": [3, 34]},
								"east": {"uv": [126, 118], "uv_size": [2, 34]},
								"south": {"uv": [112, 84], "uv_size": [3, 34]},
								"west": {"uv": [128, 84], "uv_size": [2, 34]},
								"up": {"uv": [149, 6], "uv_size": [3, 2]},
								"down": {"uv": [8, 151], "uv_size": [3, -2]}
							}
						},
						{
							"origin": [-2.37845, 23.45734, 43.01399],
							"size": [0.4505, 0.54325, 0.901],
							"pivot": [-2.1532, 23.09296, 43.46449],
							"rotation": [70, 0, 0],
							"uv": {
								"north": {"uv": [116, 153], "uv_size": [1, 1]},
								"east": {"uv": [88, 151], "uv_size": [2, 1]},
								"south": {"uv": [153, 116], "uv_size": [1, 1]},
								"west": {"uv": [90, 151], "uv_size": [2, 1]},
								"up": {"uv": [145, 125], "uv_size": [1, 2]},
								"down": {"uv": [77, 153], "uv_size": [1, -2]}
							}
						},
						{
							"origin": [-2.37845, 23.07856, 43.23542],
							"size": [0.4505, 0.54325, 0.901],
							"pivot": [-2.1532, 22.71418, 43.68592],
							"rotation": [50.25, 0, 0],
							"uv": {
								"north": {"uv": [117, 153], "uv_size": [1, 1]},
								"east": {"uv": [92, 151], "uv_size": [2, 1]},
								"south": {"uv": [153, 117], "uv_size": [1, 1]},
								"west": {"uv": [94, 151], "uv_size": [2, 1]},
								"up": {"uv": [96, 151], "uv_size": [1, 2]},
								"down": {"uv": [97, 153], "uv_size": [1, -2]}
							}
						},
						{
							"origin": [-2.37845, 22.64637, 43.3026],
							"size": [0.4505, 0.54325, 0.901],
							"pivot": [-2.1532, 22.282, 43.7531],
							"rotation": [29.75, 0, 0],
							"uv": {
								"north": {"uv": [118, 153], "uv_size": [1, 1]},
								"east": {"uv": [98, 151], "uv_size": [2, 1]},
								"south": {"uv": [153, 118], "uv_size": [1, 1]},
								"west": {"uv": [100, 151], "uv_size": [2, 1]},
								"up": {"uv": [102, 151], "uv_size": [1, 2]},
								"down": {"uv": [115, 153], "uv_size": [1, -2]}
							}
						},
						{
							"origin": [-1.1727, 15.71398, 10.28574],
							"size": [2.84875, 2.47775, 1.49725],
							"pivot": [0.25168, 12.56711, 8.53011],
							"rotation": [22, 0, 0],
							"uv": {
								"north": {"uv": [9, 141], "uv_size": [5, 5]},
								"east": {"uv": [144, 15], "uv_size": [3, 5]},
								"south": {"uv": [14, 141], "uv_size": [5, 5]},
								"west": {"uv": [47, 144], "uv_size": [3, 5]},
								"up": {"uv": [136, 144], "uv_size": [5, 3]},
								"down": {"uv": [4, 148], "uv_size": [5, -3]}
							}
						},
						{
							"origin": [-1.1727, 9.61346, 7.41451],
							"size": [2.84875, 1.0865, 3.53775],
							"pivot": [0.25168, 13.42946, 9.18338],
							"rotation": [10.5, 0, 0],
							"uv": {
								"north": {"uv": [147, 40], "uv_size": [5, 2]},
								"east": {"uv": [93, 88], "uv_size": [7, 2]},
								"south": {"uv": [147, 42], "uv_size": [5, 2]},
								"west": {"uv": [123, 41], "uv_size": [7, 2]},
								"up": {"uv": [84, 135], "uv_size": [5, 7]},
								"down": {"uv": [0, 143], "uv_size": [5, -7]}
							}
						},
						{
							"origin": [-1.1727, 9.74214, 8.39526],
							"size": [2.84875, 1.0865, 1.6695],
							"pivot": [0.25168, 13.55814, 8.29589],
							"rotation": [-27, 0, 0],
							"uv": {
								"north": {"uv": [147, 44], "uv_size": [5, 2]},
								"east": {"uv": [128, 138], "uv_size": [3, 2]},
								"south": {"uv": [147, 46], "uv_size": [5, 2]},
								"west": {"uv": [149, 4], "uv_size": [3, 2]},
								"up": {"uv": [144, 2], "uv_size": [5, 3]},
								"down": {"uv": [144, 8], "uv_size": [5, -3]}
							}
						},
						{
							"origin": [-1.1727, 10.51926, 6.76692],
							"size": [2.84875, 1.0865, 1.02025],
							"pivot": [0.25168, 11.06251, 6.95242],
							"rotation": [-74.5, 0, 0],
							"uv": {
								"north": {"uv": [147, 48], "uv_size": [5, 2]},
								"east": {"uv": [130, 149], "uv_size": [2, 2]},
								"south": {"uv": [147, 50], "uv_size": [5, 2]},
								"west": {"uv": [149, 130], "uv_size": [2, 2]},
								"up": {"uv": [84, 147], "uv_size": [5, 2]},
								"down": {"uv": [136, 149], "uv_size": [5, -2]}
							}
						},
						{
							"origin": [-1.1727, 12.98376, 8.56892],
							"size": [2.84875, 1.0865, 1.02025],
							"pivot": [0.25168, 11.06251, 6.95242],
							"rotation": [-74.5, 0, 0],
							"uv": {
								"north": {"uv": [141, 147], "uv_size": [5, 2]},
								"east": {"uv": [132, 149], "uv_size": [2, 2]},
								"south": {"uv": [146, 147], "uv_size": [5, 2]},
								"west": {"uv": [136, 149], "uv_size": [2, 2]},
								"up": {"uv": [0, 148], "uv_size": [5, 2]},
								"down": {"uv": [148, 10], "uv_size": [5, -2]}
							}
						},
						{
							"origin": [-1.1727, 9.52617, 10.08821],
							"size": [2.84875, 1.0865, 1.02025],
							"pivot": [0.25168, 10.06942, 10.59833],
							"rotation": [-46.5, 0, 0],
							"uv": {
								"north": {"uv": [148, 10], "uv_size": [5, 2]},
								"east": {"uv": [138, 149], "uv_size": [2, 2]},
								"south": {"uv": [148, 12], "uv_size": [5, 2]},
								"west": {"uv": [140, 149], "uv_size": [2, 2]},
								"up": {"uv": [148, 56], "uv_size": [5, 2]},
								"down": {"uv": [148, 60], "uv_size": [5, -2]}
							}
						},
						{
							"origin": [-1.17251, 9.20156, 8.77067],
							"size": [2.84837, 1.08612, 1.01987],
							"inflate": 0.0004,
							"pivot": [0.25168, 9.74463, 9.28061],
							"rotation": [-119, 0, 0],
							"uv": {
								"north": {"uv": [148, 60], "uv_size": [5, 2]},
								"east": {"uv": [142, 149], "uv_size": [2, 2]},
								"south": {"uv": [148, 62], "uv_size": [5, 2]},
								"west": {"uv": [144, 149], "uv_size": [2, 2]},
								"up": {"uv": [148, 77], "uv_size": [5, 2]},
								"down": {"uv": [148, 81], "uv_size": [5, -2]}
							}
						},
						{
							"origin": [1.3713, -21.71727, 18.73924],
							"size": [0.4505, 23.57175, 0.901],
							"pivot": [-0.80832, 12.56711, 8.53011],
							"rotation": [90.25, 0, 0],
							"uv": {
								"north": {"uv": [43, 132], "uv_size": [1, 44]},
								"east": {"uv": [119, 84], "uv_size": [2, 44]},
								"south": {"uv": [46, 134], "uv_size": [1, 44]},
								"west": {"uv": [110, 118], "uv_size": [2, 44]},
								"up": {"uv": [116, 151], "uv_size": [1, 2]},
								"down": {"uv": [117, 153], "uv_size": [1, -2]}
							}
						},
						{
							"origin": [1.3713, 23.45734, 43.01399],
							"size": [0.4505, 0.54325, 0.901],
							"pivot": [1.59655, 23.09296, 43.46449],
							"rotation": [70, 0, 0],
							"uv": {
								"north": {"uv": [119, 153], "uv_size": [1, 1]},
								"east": {"uv": [118, 151], "uv_size": [2, 1]},
								"south": {"uv": [153, 119], "uv_size": [1, 1]},
								"west": {"uv": [120, 151], "uv_size": [2, 1]},
								"up": {"uv": [122, 151], "uv_size": [1, 2]},
								"down": {"uv": [123, 153], "uv_size": [1, -2]}
							}
						},
						{
							"origin": [1.3713, 23.07856, 43.23542],
							"size": [0.4505, 0.54325, 0.901],
							"pivot": [1.59655, 22.71418, 43.68592],
							"rotation": [50.25, 0, 0],
							"uv": {
								"north": {"uv": [120, 153], "uv_size": [1, 1]},
								"east": {"uv": [130, 151], "uv_size": [2, 1]},
								"south": {"uv": [153, 120], "uv_size": [1, 1]},
								"west": {"uv": [151, 130], "uv_size": [2, 1]},
								"up": {"uv": [124, 151], "uv_size": [1, 2]},
								"down": {"uv": [132, 153], "uv_size": [1, -2]}
							}
						},
						{
							"origin": [1.3713, 22.64637, 43.3026],
							"size": [0.4505, 0.54325, 0.901],
							"pivot": [1.59655, 22.282, 43.7531],
							"rotation": [29.75, 0, 0],
							"uv": {
								"north": {"uv": [121, 153], "uv_size": [1, 1]},
								"east": {"uv": [151, 131], "uv_size": [2, 1]},
								"south": {"uv": [153, 121], "uv_size": [1, 1]},
								"west": {"uv": [136, 151], "uv_size": [2, 1]},
								"up": {"uv": [133, 151], "uv_size": [1, 2]},
								"down": {"uv": [138, 153], "uv_size": [1, -2]}
							}
						}
					]
				},
				{
					"name": "mag",
					"parent": "bone2",
					"pivot": [-0.30482, 24.66233, 37.64368],
					"cubes": [
						{
							"origin": [-0.8017, -21.46552, 13.30674],
							"size": [0.848, 18.24525, 3.498],
							"pivot": [1.43093, 13.09711, 3.46861],
							"rotation": [90.25, 0, 0],
							"uv": {
								"north": {"uv": [33, 121], "uv_size": [2, 34]},
								"east": {"uv": [72, 22], "uv_size": [7, 34]},
								"south": {"uv": [126, 84], "uv_size": [2, 34]},
								"west": {"uv": [72, 56], "uv_size": [7, 34]},
								"up": {"uv": [30, 145], "uv_size": [2, 7]},
								"down": {"uv": [50, 152], "uv_size": [2, -7]}
							}
						},
						{
							"origin": [-0.8017, 23.80108, 35.89468],
							"size": [0.83475, 1.17925, 3.498],
							"pivot": [-0.30482, 24.66233, 37.64368],
							"rotation": [106.5, 0, 0],
							"uv": {
								"north": {"uv": [13, 150], "uv_size": [2, 2]},
								"east": {"uv": [145, 87], "uv_size": [7, 2]},
								"south": {"uv": [15, 150], "uv_size": [2, 2]},
								"west": {"uv": [145, 89], "uv_size": [7, 2]},
								"up": {"uv": [52, 145], "uv_size": [2, 7]},
								"down": {"uv": [54, 152], "uv_size": [2, -7]}
							}
						}
					]
				},
				{
					"name": "rightarm",
					"parent": "main",
					"pivot": [-4.3, 8.8, 21.8],
					"rotation": [-101.81106, -12.40003, -2.46982],
					"cubes": [
						{"origin": [-8.3, -15.2, 17.8], "size": [8, 24, 8], "uv": [0, 181]}
					]
				},
				{
					"name": "bone6",
					"parent": "main",
					"pivot": [11.92026, 16.79622, 22.82206]
				},
				{
					"name": "leftarm",
					"parent": "bone6",
					"pivot": [10.92026, 15.79622, 22.82206],
					"rotation": [-119.61483, 1.67666, -38.31282],
					"cubes": [
						{"origin": [-4.4598, -22.58248, 31.66794], "size": [8, 24, 8], "uv": [0, 184]}
					]
				},
				{
					"name": "muzzleflash",
					"parent": "main",
					"pivot": [0.475, 21.025, -33.25],
					"cubes": [
						{"origin": [-0.025, 20.525, -33.55], "size": [1, 1, 1], "inflate": -0.4, "uv": [27, 69]}
					]
				},
				{
					"name": "scope",
					"parent": "main",
					"pivot": [0, 32.55, 4.75],
					"cubes": [
						{"origin": [-0.5, 32.05, 4.45], "size": [1, 1, 1], "inflate": -0.4, "uv": [27, 69]}
					]
				}
			]
		}
	]
}