{
	"format_version": "1.12.0",
	"minecraft:geometry": [
		{
			"description": {
				"identifier": "geometry.unknown",
				"texture_width": 220,
				"texture_height": 220,
				"visible_bounds_width": 10,
				"visible_bounds_height": 4,
				"visible_bounds_offset": [0, 1, 0]
			},
			"bones": [
				{
					"name": "main",
					"pivot": [0, 20, 0]
				},
				{
					"name": "gun",
					"parent": "main",
					"pivot": [1, 11, -1],
					"cubes": [
						{"origin": [-2, 14.5, -1], "size": [4, 3.5, 5], "inflate": -0.001, "uv": [25, 8]},
						{"origin": [-2.1, 18, -1], "size": [4.2, 1, 7], "uv": [50, 38]},
						{"origin": [-1.35, 18, 5.75], "size": [2.7, 1.5, 4.15], "inflate": -0.001, "pivot": [1.35, 18, 5.75], "rotation": [41.5, 0, 0], "uv": [78, 99]},
						{"origin": [1.1, 18.5, -0.05], "size": [1, 1.5, 6.05], "inflate": -0.001, "pivot": [2.1, 18.5, -0.75], "rotation": [0, 0, 17.75], "uv": [72, 48]},
						{"origin": [0.85, 21, 0.3], "size": [1.75, 2.25, 5.7], "inflate": -0.001, "pivot": [2.6, 20.75, 0], "rotation": [0, 0, -24], "uv": [82, 54]},
						{"origin": [-2.6, 21, 0.3], "size": [1.25, 2.25, 5.7], "inflate": -0.001, "pivot": [-2.6, 20.75, 0], "rotation": [0, 0, 24], "uv": [34, 32]},
						{"origin": [-1.6, 22.025, -1], "size": [3.2, 1, 7], "uv": [0, 23]},
						{"origin": [-1.85, 18.325, 0], "size": [3.7, 4, 4], "pivot": [-1.35, 23.325, 0], "rotation": [-11.25, 0, 0], "uv": [68, 8]},
						{"origin": [-1.85, 19.325, 2], "size": [3.7, 2, 4], "inflate": -0.002, "uv": [80, 48]},
						{"origin": [-2.1, 18.5, -0.05], "size": [1, 1.5, 6.05], "inflate": -0.001, "pivot": [-2.1, 18.5, -0.75], "rotation": [0, 0, -17.75], "uv": [71, 18]},
						{"origin": [-2.2, 18.15, -14], "size": [4.2, 5, 13], "inflate": -0.001, "uv": [82, 48]},
						{"origin": [-2.215, 19.9, -25], "size": [4.225, 1, 11], "inflate": -0.001, "uv": [124, 44]},
						{"origin": [-2.2, 14.65, -5.95], "size": [4.2, 1, 3.25], "inflate": -0.2, "pivot": [2.2, 14.85, -5.75], "rotation": [19, 0, 0], "uv": [93, 25]},
						{"origin": [-2.2, 14.65, -8.8], "size": [4.2, 1, 3.25], "inflate": -0.201, "pivot": [2.2, 14.85, -5.75], "rotation": [-19, 0, 0], "uv": [91, 66]},
						{"origin": [-2.2, 15.6, -11.5], "size": [4.2, 1, 3.25], "inflate": -0.2, "pivot": [2.2, 15.8, -8.45], "rotation": [-78.5, 0, 0], "uv": [89, 38]},
						{"origin": [-1.25, 16.075, -8.55], "size": [2.5, 1, 3.25], "inflate": -0.2, "pivot": [1.45, 16.275, -5.5], "rotation": [-104.75, 0, 0], "uv": [73, 38]},
						{"origin": [-0.75, 16.3, -12.875], "size": [1.5, 1.75, 3.25], "inflate": -0.2, "pivot": [0.95, 16.5, -9.825], "rotation": [-78.75, 0, 0], "uv": [13, 0]},
						{"origin": [-1.25, 16.85, -17.2], "size": [2.5, 1, 3.25], "inflate": -0.2, "pivot": [1.45, 17.05, -14.15], "rotation": [-93, 0, 0], "uv": [35, 16]},
						{"origin": [-2.2, 15.6, -3.25], "size": [4.2, 1, 3.25], "inflate": -0.201, "pivot": [2.2, 15.8, -3.05], "rotation": [78.5, 0, 0], "uv": [25, 40]},
						{"origin": [1.375, 21.6, -14], "size": [1, 1.5, 13], "inflate": -0.001, "uv": [78, 93]},
						{"origin": [1.375, 18.15, -13], "size": [1, 1.5, 12], "inflate": -0.001, "uv": [115, 110]},
						{"origin": [1.375, 21.6, -20], "size": [1, 1, 6], "inflate": -0.001, "uv": [65, 38]},
						{"origin": [1.375, 20.6, -20], "size": [1, 2, 1], "pivot": [2.375, 22.6, -20], "rotation": [-42.5, 0, 0], "uv": [0, 31]},
						{"origin": [1.375, 19.125, -21.35], "size": [1, 2, 1], "inflate": -0.001, "uv": [25, 16]},
						{"origin": [-2.2, 18.25, -1], "size": [4.2, 4.9, 1], "inflate": -0.002, "pivot": [2.2, 23.15, -1], "rotation": [-12.25, 0, 0], "uv": [93, 6]},
						{"origin": [0.975, 21.7, -1], "size": [1.4, 1.4, 1], "inflate": -0.002, "pivot": [2.375, 23.1, -1], "rotation": [-12.25, 0, 0], "uv": [24, 48]},
						{"origin": [-2.25, 18.15, -0.25], "size": [4.5, 4.9, 1], "inflate": -0.2, "pivot": [2.05, 22.85, -0.05], "rotation": [-12.25, 0, 0], "uv": [11, 15]},
						{"origin": [1.25, 22.15, -0.25], "size": [1, 1.9, 1], "inflate": -0.201, "pivot": [2.05, 22.85, -0.05], "rotation": [-10.51554, 6.31947, 30.66787], "uv": [24, 50]},
						{"origin": [-2.35, 23.3, -0.25], "size": [3.075, 1, 1], "inflate": -0.2, "pivot": [-2.05, 22.85, -0.05], "rotation": [-11.63467, -3.86036, -18.10655], "uv": [90, 89]},
						{"origin": [-0.725, 23.3, -0.25], "size": [3.075, 1, 1], "inflate": -0.199, "pivot": [2.05, 22.85, -0.05], "rotation": [-11.63467, 3.86036, 18.10655], "uv": [82, 89]},
						{"origin": [-0.225, 22.175, -0.25], "size": [2.075, 1, 1], "inflate": -0.2, "pivot": [2.05, 22.85, -0.05], "rotation": [-11.63467, 3.86036, 18.10655], "uv": [50, 5]},
						{"origin": [-1.85, 22.175, -0.25], "size": [2.075, 1, 1], "inflate": -0.2, "pivot": [-2.05, 22.85, -0.05], "rotation": [-11.63467, -3.86036, -18.10655], "uv": [25, 37]},
						{"origin": [-0.475, 22.6, -0.25], "size": [1, 2.3, 1], "inflate": -0.201, "pivot": [-0.275, 22.85, -0.05], "rotation": [-12.24989, -0.05304, -0.24431], "uv": [34, 23]},
						{"origin": [-2.25, 22.15, -0.25], "size": [1, 1.9, 1], "inflate": -0.201, "pivot": [-2.05, 22.85, -0.05], "rotation": [-10.51554, -6.31947, -30.66787], "uv": [30, 48]},
						{"origin": [-2.025, 22.6, -26.75], "size": [4.4, 1, 24], "uv": [93, 0]},
						{"origin": [-2.025, 21.6, -26.75], "size": [4.4, 1, 3], "inflate": -0.001, "uv": [93, 93]},
						{"origin": [-2.025, 21.6, -23.75], "size": [4.4, 1, 3], "inflate": -0.002, "pivot": [2.375, 21.6, -23.75], "rotation": [20.5, 0, 0], "uv": [93, 29]},
						{"origin": [0.95, 22.15, -26.95], "size": [1.2, 2.95, 25.9], "inflate": -0.198, "uv": [0, 127]},
						{"origin": [0.95, 24.7, -26.95], "size": [1.2, 2.95, 2.9], "inflate": -0.201, "pivot": [1.95, 24.9, -26.75], "rotation": [0, 0, -12], "uv": [63, 48]},
						{"origin": [-0.6, 26.1, -26.95], "size": [2.2, 1.5, 2.9], "inflate": -0.2, "uv": [100, 97]},
						{"origin": [-2.1, 26.1, -26.95], "size": [1.9, 1.5, 2.9], "inflate": -0.201, "pivot": [-0.4, 27.4, -26.75], "rotation": [0, 0, -43.25], "uv": [96, 70]},
						{"origin": [-1.7, 24.575, -26.95], "size": [1, 2, 2.9], "inflate": -0.2, "uv": [59, 8]},
						{"origin": [-2.15, 24.4, -5.4], "size": [4.3, 2.2, 4.4], "inflate": -0.2, "pivot": [1.95, 26.4, -5.2], "rotation": [-5.75, 0, 0], "uv": [0, 38]},
						{"origin": [-2.15, 22.85, -23.45], "size": [1.2, 3, 22.45], "inflate": -0.199, "uv": [125, 79]},
						{"origin": [-2.15, 22.85, -27.45], "size": [1.2, 3, 3.45], "inflate": -0.199, "uv": [144, 98]},
						{"origin": [-2.65, 23.725, -26.95], "size": [1, 1, 25.45], "inflate": -0.2, "uv": [27, 129]},
						{"origin": [-2.65, 23.125, -4.95], "size": [1, 1, 3.45], "inflate": -0.2, "uv": [15, 91]},
						{"origin": [-2.925, 21.925, -5.95], "size": [1, 2, 1], "inflate": -0.1, "pivot": [-2.525, 21.725, -5.75], "rotation": [-8.75, 0, 0], "uv": [34, 32]},
						{"origin": [0.95, 24.2, -24.95], "size": [1.2, 3.15, 4.4], "inflate": -0.2, "uv": [24, 48]},
						{"origin": [0.95, 26.2, -20.95], "size": [1.2, 1.15, 2.4], "inflate": -0.201, "pivot": [1.95, 27.15, -20.75], "rotation": [-18.5, 0, 0], "uv": [97, 42]},
						{"origin": [0.95, 24, -20.95], "size": [1.2, 2.75, 16.2], "inflate": -0.199, "uv": [50, 0]},
						{"origin": [1.9, 22.6, -15.7], "size": [1.2, 2.5, 2.2], "inflate": -0.2, "pivot": [2.9, 22.8, -15.5], "rotation": [0, 0, -12.5], "uv": [59, 0]},
						{"origin": [-1.75, 26.175, -13.65], "size": [3.5, 1, 4.8], "pivot": [1.75, 27.175, -13.65], "rotation": [-3.75, 0, 0], "uv": [25, 16]},
						{"origin": [-1.75, 26.175, -13.65], "size": [3.5, 1, 5.6], "inflate": 0.001, "pivot": [1.75, 27.175, -13.65], "rotation": [10.25, 0, 0], "uv": [0, 15]},
						{"origin": [-1.75, 26.175, -10.4], "size": [3.5, 1, 1.6], "inflate": -0.001, "pivot": [1.75, 27.175, -10.4], "rotation": [10.25, 0, 0], "uv": [93, 33]},
						{"origin": [0.65, 28.1, -7.15], "size": [1.3, 1, 1.75], "inflate": -0.002, "pivot": [1.95, 29.1, -7.15], "rotation": [-16.25, 0, 0], "uv": [65, 42]},
						{"origin": [0.65, 25.85, -8.825], "size": [1.3, 2.75, 2.35], "inflate": -0.002, "pivot": [1.95, 28.6, -8.825], "rotation": [-7.25, 0, 0], "uv": [78, 0]},
						{"origin": [0.65, 25.85, -7.825], "size": [1.3, 2.75, 2.35], "pivot": [1.95, 28.6, -5.475], "rotation": [3.25, 0, 0], "uv": [72, 48]},
						{"origin": [-1.95, 24.85, -7.825], "size": [1.3, 3.75, 2.35], "pivot": [-1.95, 28.6, -5.475], "rotation": [3.25, 0, 0], "uv": [50, 8]},
						{"origin": [-2.05, 25.45, -7.2], "size": [1.3, 3.75, 2.35], "inflate": -0.5, "pivot": [-1.55, 28.7, -5.35], "rotation": [3.25, 0, 0], "uv": [50, 0]},
						{"origin": [-2.05, 25.45, -7.75], "size": [1.3, 3.75, 2.9], "inflate": -0.501, "pivot": [-1.55, 28.7, -5.35], "rotation": [-24.75, 0, 0], "uv": [39, 0]},
						{"origin": [-2.05, 27.45, -9.325], "size": [1.3, 1.75, 2.9], "inflate": -0.5, "pivot": [-1.55, 28.7, -8.825], "rotation": [24, 0, 0], "uv": [67, 80]},
						{"origin": [-2.05, 27.2, -9.325], "size": [1.3, 2, 1.65], "inflate": -0.5, "pivot": [-1.55, 28.7, -8.825], "rotation": [-24.5, 0, 0], "uv": [25, 8]},
						{"origin": [0.75, 27.2, -9.325], "size": [1.3, 2, 1.65], "inflate": -0.5, "pivot": [1.55, 28.7, -8.825], "rotation": [-24.5, 0, 0], "uv": [0, 15]},
						{"origin": [0.75, 27.45, -9.325], "size": [1.3, 1.75, 2.9], "inflate": -0.5, "pivot": [1.55, 28.7, -8.825], "rotation": [24, 0, 0], "uv": [79, 21]},
						{"origin": [0.75, 25.45, -7.75], "size": [1.3, 3.75, 2.9], "inflate": -0.501, "pivot": [1.55, 28.7, -5.35], "rotation": [-24.75, 0, 0], "uv": [25, 0]},
						{"origin": [0.75, 25.45, -7.2], "size": [1.3, 3.75, 2.35], "inflate": -0.5, "pivot": [1.55, 28.7, -5.35], "rotation": [3.25, 0, 0], "uv": [25, 32]},
						{"origin": [-0.65, 27.6, -7.825], "size": [1.05, 1, 2.35], "inflate": -0.001, "pivot": [-0.65, 28.6, -5.475], "rotation": [2.82239, -1.61205, 29.71028], "uv": [85, 93]},
						{"origin": [-0.4, 27.6, -7.825], "size": [1.05, 1, 2.35], "inflate": -0.001, "pivot": [0.65, 28.6, -5.475], "rotation": [2.82239, 1.61205, -29.71028], "uv": [89, 54]},
						{"origin": [-0.7, 25.85, -7.825], "size": [1.4, 2.5, 2.35], "inflate": 0.001, "pivot": [-0.7, 28.6, -5.475], "rotation": [3.25, 0, 0], "uv": [68, 0]},
						{"origin": [-1.95, 25.85, -8.825], "size": [1.3, 2.75, 2.35], "inflate": -0.002, "pivot": [-1.95, 28.6, -8.825], "rotation": [-7.25, 0, 0], "uv": [71, 18]},
						{"origin": [-0.7, 25.85, -8.825], "size": [1.4, 2.5, 2.35], "inflate": 0.001, "pivot": [-0.7, 28.6, -8.825], "rotation": [-7.25, 0, 0], "uv": [65, 38]},
						{"origin": [0.65, 28.1, -8.9], "size": [1.3, 1, 1.75], "inflate": -0.001, "pivot": [1.95, 29.1, -7.15], "rotation": [16.25, 0, 0], "uv": [58, 28]},
						{"origin": [-1.95, 28.1, -7.15], "size": [1.3, 1, 1.75], "inflate": -0.002, "pivot": [-1.95, 29.1, -7.15], "rotation": [-16.25, 0, 0], "uv": [58, 24]},
						{"origin": [-1.95, 28.1, -8.9], "size": [1.3, 1, 1.75], "inflate": -0.001, "pivot": [-1.95, 29.1, -7.15], "rotation": [16.25, 0, 0], "uv": [58, 26]},
						{"origin": [-2.025, 25.975, -4.9], "size": [2.025, 1, 3.75], "inflate": -0.001, "pivot": [0, 26.925, -4.9], "rotation": [-5.50757, -1.65458, -16.67041], "uv": [103, 74]},
						{"origin": [-0.025, 25.975, -4.9], "size": [2.025, 1, 3.75], "pivot": [-0.025, 26.925, -4.9], "rotation": [-5.50757, 1.65458, 16.67041], "uv": [90, 42]},
						{"origin": [-0.025, 25.6, -0.975], "size": [1.025, 1, 3.55], "pivot": [-0.025, 26.55, -1.175], "rotation": [-70.73952, 15.86093, 5.45508], "uv": [0, 91]},
						{"origin": [0.875, 25.6, -1.175], "size": [1.125, 1, 3.75], "inflate": 0.001, "pivot": [-0.025, 26.55, -1.175], "rotation": [-73.26798, 1.58285, 16.67718], "uv": [39, 52]},
						{"origin": [0.8, 25.6, -0.65], "size": [1.125, 1, 3.75], "pivot": [-0.1, 26.55, -1.175], "rotation": [-74.13109, 5.60167, 2.97573], "uv": [0, 52]},
						{"origin": [0.175, 25.6, -1.175], "size": [1.025, 1, 1.05], "pivot": [-0.025, 26.55, -1.175], "rotation": [-73.26798, 1.58285, 16.67718], "uv": [58, 20]},
						{"origin": [-1.925, 25.6, -0.65], "size": [1.125, 1, 3.75], "pivot": [0.1, 26.55, -1.175], "rotation": [-74.13109, -5.60167, -2.97573], "uv": [12, 38]},
						{"origin": [-2, 25.6, -1.175], "size": [1.125, 1, 3.75], "inflate": 0.001, "pivot": [0.025, 26.55, -1.175], "rotation": [-73.26798, -1.58285, -16.67718], "uv": [0, 48]},
						{"origin": [-1.2, 25.6, -1.175], "size": [1.025, 1, 1.05], "pivot": [0.025, 26.55, -1.175], "rotation": [-73.26798, -1.58285, -16.67718], "uv": [30, 50]},
						{"origin": [-1, 25.6, -0.975], "size": [1.025, 1, 3.55], "pivot": [0.025, 26.55, -1.175], "rotation": [-70.73952, -15.86093, -5.45508], "uv": [39, 48]},
						{"origin": [-2.15, 24.85, -5.8], "size": [4.3, 2.2, 1.4], "inflate": -0.201, "pivot": [1.95, 26.85, -5.6], "rotation": [-5.75, 0, 0], "uv": [128, 60]},
						{"origin": [-2.025, 26.425, -5.55], "size": [2.025, 1, 1], "pivot": [0, 27.375, -5.3], "rotation": [-5.50757, -1.65458, -16.67041], "uv": [50, 13]},
						{"origin": [-0.025, 26.425, -5.55], "size": [2.025, 1, 1], "inflate": -0.001, "pivot": [-0.025, 27.375, -5.3], "rotation": [-5.50757, 1.65458, 16.67041], "uv": [56, 18]},
						{"origin": [-3.6, 26.5, -9.25], "size": [2.45, 3, 3], "inflate": -0.3, "pivot": [-3.2, 26.45, -9.25], "rotation": [-25.5, 0, 0], "uv": [103, 54]},
						{"origin": [1.15, 26.5, -9.25], "size": [2.45, 3, 3], "inflate": -0.3, "pivot": [3.2, 26.45, -9.25], "rotation": [-25.5, 0, 0], "uv": [102, 100]},
						{"origin": [-2.2, 24.15, -61.75], "size": [4.4, 2.75, 35], "uv": [39, 56]},
						{"origin": [-2.45, 21.4, -61.75], "size": [4.9, 3, 35], "inflate": -0.001, "uv": [50, 0]},
						{"origin": [-2.7, 25.65, -43.85], "size": [5.4, 1, 16], "inflate": -0.001, "uv": [113, 147]},
						{"origin": [-2.7, 25.25, -43.85], "size": [5.4, 1.4, 1], "inflate": -0.002, "pivot": [-2.7, 26.65, -43.85], "rotation": [-45, 0, 0], "uv": [22, 80]},
						{"origin": [-2.7, 25.25, -28.85], "size": [5.4, 1.4, 1], "inflate": -0.002, "pivot": [-2.7, 26.65, -27.85], "rotation": [45, 0, 0], "uv": [10, 80]},
						{"origin": [-2.7, 20.9, -44.85], "size": [5.4, 4.75, 18], "uv": [152, 121]},
						{"origin": [-2.7, 20.65, -48.85], "size": [5.4, 3.25, 4], "inflate": -0.001, "uv": [0, 31]},
						{"origin": [-3.2, 18.9, -48.85], "size": [2, 1.75, 22], "inflate": -0.002, "pivot": [-3.2, 20.65, -48.85], "rotation": [0, 0, -44.25], "uv": [135, 147]},
						{"origin": [-3.2, 20.65, -31.85], "size": [6.4, 5, 5], "inflate": -0.001, "uv": [93, 13]},
						{"origin": [-3.2, 20.65, -48.85], "size": [6.4, 1, 17], "inflate": -0.001, "uv": [158, 0]},
						{"origin": [-2, 19.4, -48.85], "size": [4, 1, 22], "inflate": -0.001, "uv": [57, 146]},
						{"origin": [1.2, 18.9, -48.85], "size": [2, 1.75, 22], "inflate": -0.002, "pivot": [3.2, 20.65, -48.85], "rotation": [0, 0, 44.25], "uv": [87, 147]},
						{"origin": [-2.2, 25.9, -61.75], "size": [1.75, 1, 35], "inflate": -0.002, "pivot": [-2.2, 26.9, -61.75], "rotation": [0, 0, -38], "uv": [121, 39]},
						{"origin": [0.45, 25.9, -61.75], "size": [1.75, 1, 35], "inflate": -0.002, "pivot": [2.2, 26.9, -61.75], "rotation": [0, 0, 38], "uv": [115, 111]},
						{"origin": [0.95, 25.91, -60.75], "size": [1, 1, 33], "inflate": -0.002, "pivot": [2.2, 26.9, -61.75], "rotation": [0, 0, 38], "uv": [130, 176]},
						{"origin": [3.025, 25.91, -60.75], "size": [1, 1, 33], "inflate": -0.002, "pivot": [2.2, 26.9, -61.75], "rotation": [0, 0, 90], "uv": [130, 176]},
						{"origin": [6.425, 26.16, -60.75], "size": [1, 1, 33], "inflate": -0.002, "pivot": [2.2, 26.9, -61.75], "rotation": [0, 0, 90], "uv": [130, 176]},
						{"origin": [-7.425, 26.16, -60.75], "size": [1, 1, 33], "inflate": -0.002, "pivot": [-2.2, 26.9, -61.75], "rotation": [0, 0, -90], "uv": [130, 176], "mirror": true},
						{"origin": [-4.025, 25.91, -60.75], "size": [1, 1, 33], "inflate": -0.002, "pivot": [-2.2, 26.9, -61.75], "rotation": [0, 0, -90], "uv": [130, 176], "mirror": true},
						{"origin": [-1.95, 25.91, -60.75], "size": [1, 1, 33], "inflate": -0.002, "pivot": [-2.2, 26.9, -61.75], "rotation": [0, 0, -38], "uv": [130, 176], "mirror": true},
						{"origin": [0.7, 21.4, -61.75], "size": [1.75, 1, 35], "inflate": -0.002, "pivot": [2.45, 21.4, -61.75], "rotation": [0, 0, -38], "uv": [121, 3]},
						{"origin": [-2.45, 21.4, -61.75], "size": [1.75, 1, 35], "inflate": -0.002, "pivot": [-2.45, 21.4, -61.75], "rotation": [0, 0, 38], "uv": [78, 110]},
						{"origin": [-1, 19.9, -61.75], "size": [2, 8.25, 35], "inflate": 0.001, "uv": [0, 48]},
						{"origin": [-2.2, 21.15, -26.75], "size": [4.2, 2, 13], "inflate": -0.001, "uv": [82, 74]},
						{"origin": [-2.2, 18.15, -27.2], "size": [4.2, 3, 13.2], "pivot": [2.2, 18.15, -14], "rotation": [-7.75, 0, 0], "uv": [50, 18]},
						{"origin": [-2, 17, 3.75], "size": [4, 1, 2], "inflate": -0.001, "uv": [0, 80]},
						{"origin": [-2, 15, 4.75], "size": [4, 2, 1], "inflate": -0.001, "pivot": [2, 17, 5.75], "rotation": [-61, 0, 0], "uv": [36, 40]},
						{"origin": [-2, 14.5, -2], "size": [4, 3.5, 1], "inflate": -0.001, "pivot": [2, 14.5, -1], "rotation": [-13.25, 0, 0], "uv": [103, 78]},
						{"origin": [-2, 5.35, -0.625], "size": [4, 10, 5], "pivot": [1, 15.35, -0.625], "rotation": [23.5, 0, 0], "uv": [0, 0]},
						{"origin": [-2, 6.1, 1.375], "size": [4, 2.2, 6], "inflate": -0.001, "pivot": [1, 8.3, 1.375], "rotation": [-2.25, 0, 0], "uv": [25, 0]},
						{"origin": [-2, 5.9, 7.275], "size": [4, 2.15, 1], "inflate": -0.002, "pivot": [1, 5.9, 7.275], "rotation": [9, 0, 0], "uv": [39, 80]},
						{"origin": [-2, 7.1, 1.375], "size": [4, 1.2, 1.5], "inflate": -0.002, "pivot": [1, 8.3, 1.375], "rotation": [38.5, 0, 0], "uv": [59, 80]},
						{"origin": [-0.7, 27.75, -61.95], "size": [2, 1, 35.4], "inflate": -0.2, "uv": [39, 93]},
						{"origin": [-1.3, 27.75, -61.95], "size": [2, 1, 35.4], "inflate": -0.201, "uv": [0, 91]},
						{"origin": [-0.7, 19.5, -61.95], "size": [2, 1, 35.4], "inflate": -0.2, "uv": [82, 38]},
						{"origin": [-1.3, 19.5, -61.95], "size": [2, 1, 35.4], "inflate": -0.201, "uv": [82, 74]},
						{"origin": [0, 21.05, 14.15], "size": [2, 2, 21], "pivot": [0, 23.05, 14.15], "rotation": [0, 0, 22], "uv": [152, 98]},
						{"origin": [-0.7, 20.25, 10], "size": [2, 2, 4], "inflate": 0.2, "pivot": [-0.7, 22.25, 10], "rotation": [0, 0, 16], "uv": [55, 99]},
						{"origin": [-1.2, 19.75, 6], "size": [3, 3, 4], "pivot": [-0.7, 22.25, 6], "rotation": [0, 0, 16], "uv": [79, 38]},
						{"origin": [-2, 21.05, 14.15], "size": [2, 2, 21], "inflate": -0.001, "pivot": [0, 23.05, 14.15], "rotation": [0, 0, -22], "uv": [148, 75]},
						{"origin": [1.85, 20.3, 14.15], "size": [2, 2, 21], "inflate": 0.001, "pivot": [1.85, 22.3, 14.15], "rotation": [0, 0, 85], "uv": [0, 23]},
						{"origin": [-3.85, 20.3, 14.15], "size": [2, 2, 21], "inflate": 0.001, "pivot": [-1.85, 22.3, 14.15], "rotation": [0, 0, -85], "uv": [0, 0]},
						{"origin": [0.1, 7.45, 34.4], "size": [2, 15, 1], "pivot": [2.1, 20.35, 35.4], "rotation": [-8.99461, 0.31281, 1.9754], "uv": [103, 38]},
						{"origin": [-1.5, 7.05, 34.4], "size": [3, 16, 1], "inflate": 0.001, "pivot": [1.5, 20.35, 35.4], "rotation": [-9, 0, 0], "uv": [24, 91]},
						{"origin": [-0.5, 16.35, 18.4], "size": [1, 4, 12], "uv": [39, 107]},
						{"origin": [-0.5, 16.35, 23.4], "size": [1, 2, 11], "inflate": -0.001, "pivot": [0.5, 16.35, 23.4], "rotation": [-30, 0, 0], "uv": [93, 0]},
						{"origin": [-0.5, 18.35, 26.6], "size": [1, 2, 7], "inflate": -0.001, "pivot": [0.5, 16.35, 23.4], "rotation": [-30, 0, 0], "uv": [25, 23]},
						{"origin": [-0.5, 20.35, 29.1], "size": [1, 2, 4], "inflate": -0.001, "pivot": [0.5, 16.35, 23.4], "rotation": [-30, 0, 0], "uv": [101, 66]},
						{"origin": [-0.5, 16.85, 30.4], "size": [1, 2, 4], "uv": [93, 0]},
						{"origin": [-0.5, 18.85, 33.9], "size": [1, 1, 1], "uv": [58, 22]},
						{"origin": [-0.5, 16.35, 18.4], "size": [1, 4, 1], "inflate": -0.001, "pivot": [0.5, 16.35, 18.4], "rotation": [15, 0, 0], "uv": [0, 0]},
						{"origin": [-3.02, 18.35, 14.15], "size": [1, 2, 21], "pivot": [-2.02, 20.35, 14.15], "rotation": [0, 0, -94], "uv": [23, 156]},
						{"origin": [-1, 15.85, 18.65], "size": [2, 2, 6], "uv": [68, 0]},
						{"origin": [-1, 15.85, 24.65], "size": [2, 2, 5], "inflate": -0.001, "pivot": [1, 17.85, 24.65], "rotation": [-46, 0, 0], "uv": [82, 66]},
						{"origin": [-1, 15.1, 20.65], "size": [2, 5, 2], "inflate": -0.2, "uv": [13, 23]},
						{"origin": [-2.1, 7.45, 34.4], "size": [2, 15, 1], "pivot": [-2.1, 20.35, 35.4], "rotation": [-8.99461, -0.31281, -1.9754], "uv": [67, 93]},
						{"origin": [0.5, 7.45, 25.35], "size": [1, 1, 7], "pivot": [1.5, 7.45, 32.35], "rotation": [-54.14954, 3.52249, -4.86023], "uv": [63, 48]},
						{"origin": [-1.5, 7.45, 25.35], "size": [1, 1, 7], "inflate": 0.001, "pivot": [-1.5, 7.45, 32.35], "rotation": [-54.14954, -3.52249, 4.86023], "uv": [50, 8]},
						{"origin": [-1.6, 10.35, 28.15], "size": [1, 1, 5], "inflate": 0.001, "pivot": [-1.7, 10.95, 32.95], "rotation": [-30.62516, -9.89244, 2.25229], "uv": [39, 99]},
						{"origin": [-0.5, 7.45, 25.35], "size": [1, 1, 7], "inflate": 0.002, "pivot": [0.5, 7.45, 32.35], "rotation": [-54, 0, 0], "uv": [50, 0]},
						{"origin": [0.7, 10.35, 28.15], "size": [1, 1, 5], "inflate": 0.001, "pivot": [1.7, 10.95, 32.95], "rotation": [-30.66518, 10.89166, -2.25951], "uv": [93, 97]},
						{"origin": [-1.6, 8.45, 29.85], "size": [1, 1, 5], "inflate": 0.001, "pivot": [-1.7, 10.95, 32.95], "rotation": [-53.51463, -10.29809, 1.44076], "uv": [78, 93]},
						{"origin": [-1.4, 9.25, 31.15], "size": [1, 1, 3], "inflate": 0.2, "pivot": [-1.7, 10.95, 32.95], "rotation": [-53.51463, -10.29809, 1.44076], "uv": [15, 95]},
						{"origin": [0.6, 8.45, 29.85], "size": [1, 1, 5], "inflate": 0.001, "pivot": [1.7, 10.95, 32.95], "rotation": [-53.51463, 10.29809, -1.44076], "uv": [55, 93]},
						{"origin": [0.4, 9.25, 31.15], "size": [1, 1, 3], "inflate": 0.2, "pivot": [1.7, 10.95, 32.95], "rotation": [-53.51463, 10.29809, -1.44076], "uv": [0, 95]},
						{"origin": [0.6, 10.35, 28.15], "size": [1, 1, 5], "inflate": 0.001, "pivot": [1.7, 10.95, 32.95], "rotation": [-30.62516, 9.89244, -2.25229], "uv": [39, 93]},
						{"origin": [2.02, 18.35, 14.15], "size": [1, 2, 21], "pivot": [2.02, 20.35, 14.15], "rotation": [0, 0, 94], "uv": [0, 154]},
						{"origin": [-1, 25.55, -83.05], "size": [2, 2, 46], "inflate": -0.3, "pivot": [0, 26.55, -83.05], "rotation": [0, 0, -20], "uv": [0, 0]},
						{"origin": [-1, 25.55, -83.05], "size": [2, 2, 11], "pivot": [0, 26.55, -83.05], "rotation": [0, 0, -20], "uv": [78, 110]},
						{"origin": [-1, 25.55, -71.05], "size": [2, 2, 4], "pivot": [0, 26.55, -71.05], "rotation": [0, 0, -20], "uv": [82, 80]},
						{"origin": [-1, 23.55, -71.05], "size": [2, 3.75, 4], "inflate": -0.2, "uv": [34, 23]},
						{"origin": [-1, 26.05, -71.05], "size": [2, 2.5, 2.25], "inflate": -0.2, "uv": [38, 8]},
						{"origin": [0.025, 28.1, -71.15], "size": [1.3, 1, 2.45], "inflate": -0.301, "pivot": [1.025, 28.4, -70.85], "rotation": [0, 0, -34.75], "uv": [79, 18]},
						{"origin": [-1.325, 28.1, -71.15], "size": [1.3, 1, 2.45], "inflate": -0.301, "pivot": [-1.025, 28.4, -70.85], "rotation": [0, 0, 34.75], "uv": [78, 8]},
						{"origin": [-1.325, 28.1, -71.15], "size": [1, 1.5, 2.45], "inflate": -0.302, "pivot": [-1.025, 28.4, -70.85], "rotation": [0, 0, -10.25], "uv": [63, 52]},
						{"origin": [0.325, 28.1, -71.15], "size": [1, 1.5, 2.45], "inflate": -0.302, "pivot": [1.025, 28.4, -70.85], "rotation": [0, 0, 10.25], "uv": [59, 12]},
						{"origin": [-1, 22.8, -73.05], "size": [2, 2, 12], "inflate": -0.3, "pivot": [0, 23.8, -73.05], "rotation": [0, 0, -20], "uv": [39, 93]},
						{"origin": [-1, 22.8, -71.35], "size": [2, 2, 4.6], "inflate": -0.2, "pivot": [0, 23.8, -71.35], "rotation": [0, 0, -20], "uv": [82, 74]},
						{"origin": [-1.1, 7.1, -37.25], "size": [2.2, 11.75, 2.7], "inflate": 0.001, "uv": [50, 18]},
						{"origin": [-1.1, 8.1, -37.725], "size": [2.2, 3.75, 1], "pivot": [1.1, 11.85, -37.725], "rotation": [5.5, 0, 0], "uv": [50, 38]},
						{"origin": [-1.1, 11.85, -37.725], "size": [2.2, 6, 1], "inflate": -0.001, "pivot": [1.1, 11.85, -37.725], "rotation": [-5.5, 0, 0], "uv": [25, 23]},
						{"origin": [-1.1, 8.1, -35.075], "size": [2.2, 3.75, 1], "pivot": [1.1, 11.85, -34.075], "rotation": [-5.5, 0, 0], "uv": [14, 31]},
						{"origin": [-1.1, 11.85, -35.075], "size": [2.2, 6, 1], "inflate": -0.001, "pivot": [1.1, 11.85, -34.075], "rotation": [5.5, 0, 0], "uv": [0, 23]},
						{"origin": [-1.1, 16.675, -34.25], "size": [2.2, 2, 1], "pivot": [1.1, 18.675, -33.25], "rotation": [-53.5, 0, 0], "uv": [59, 4]},
						{"origin": [-1.1, 16.675, -38.75], "size": [2.2, 2, 1], "pivot": [1.1, 18.675, -38.75], "rotation": [53.5, 0, 0], "uv": [50, 42]},
						{"origin": [-1.35, 18.7, -38.85], "size": [2.7, 1, 5.7], "uv": [71, 25]}
					]
				},
				{
					"name": "bone4",
					"parent": "gun",
					"pivot": [0.675, 26.65, -8.85],
					"cubes": [
						{"origin": [0.075, 28.95, -7.65], "size": [1, 1.3, 1.55], "inflate": -0.4, "pivot": [0.675, 29.35, -7.35], "rotation": [0, 0, -28], "uv": [42, 25]},
						{"origin": [0.075, 28.975, -7.075], "size": [1, 1, 1], "inflate": -0.42, "pivot": [0.675, 29.375, -6.775], "rotation": [0, 0, -64.5], "uv": [0, 38]},
						{"origin": [-1.075, 28.975, -7.075], "size": [1, 1, 1], "inflate": -0.42, "pivot": [-0.675, 29.375, -6.775], "rotation": [0, 0, 64.5], "uv": [17, 37]},
						{"origin": [0.075, 28.45, -7.65], "size": [1, 1.3, 1.55], "inflate": -0.399, "pivot": [0.675, 29.35, -7.35], "rotation": [0, 0, 28], "uv": [42, 23]},
						{"origin": [-0.75, 27.875, -7.65], "size": [1.5, 1.4, 1.55], "inflate": -0.401, "uv": [42, 17]},
						{"origin": [-0.5, 28.025, -70.65], "size": [1, 1.65, 1.3], "inflate": -0.3, "uv": [17, 39]},
						{"origin": [-0.5, 28.675, -70.29], "size": [1, 1, 1], "inflate": -0.35, "uv": [34, 35]}
					]
				},
				{
					"name": "bone3",
					"parent": "gun",
					"pivot": [-0.675, 26.65, -8.85],
					"cubes": [
						{"origin": [-1.075, 28.95, -7.65], "size": [1, 1.3, 1.55], "inflate": -0.4, "pivot": [-0.675, 29.35, -7.35], "rotation": [0, 0, 28], "uv": [16, 42]},
						{"origin": [-1.075, 28.45, -7.65], "size": [1, 1.3, 1.55], "inflate": -0.399, "pivot": [-0.675, 29.35, -7.35], "rotation": [0, 0, -28], "uv": [42, 15]}
					]
				},
				{
					"name": "bone2",
					"parent": "gun",
					"pivot": [0.25, 27.575, -8.85],
					"rotation": [0, 0, -90],
					"cubes": [
						{"origin": [1.81322, 26.27479, -7.65], "size": [1, 1.3, 1.55], "inflate": -0.402, "pivot": [0.25, 27.825, -8.85], "rotation": [0, 0, -28], "uv": [41, 34]},
						{"origin": [1.81322, 28.07521, -7.65], "size": [1, 1.3, 1.55], "inflate": -0.401, "pivot": [0.25, 27.825, -8.85], "rotation": [0, 0, 28], "uv": [41, 32]}
					]
				},
				{
					"name": "bone5",
					"parent": "gun",
					"pivot": [-0.25, 26.225, -8.85],
					"rotation": [0, 0, 90],
					"cubes": [
						{"origin": [-3.01322, 27.22521, -7.65], "size": [1, 1.3, 1.55], "inflate": -0.401, "pivot": [-0.25, 26.475, -8.85], "rotation": [0, 0, -28], "uv": [41, 30]},
						{"origin": [-3.01322, 24.42479, -7.65], "size": [1, 1.3, 1.55], "inflate": -0.4, "pivot": [-0.25, 26.475, -8.85], "rotation": [0, 0, 28], "uv": [0, 40]}
					]
				},
				{
					"name": "action",
					"parent": "gun",
					"pivot": [-0.5, 25, -24],
					"cubes": [
						{"origin": [-1.25, 25.25, -24.25], "size": [1.25, 1, 12], "pivot": [0, 26.25, -24.25], "rotation": [0, 0, -11.75], "uv": [162, 21]},
						{"origin": [-2.25, 24.9, -24.25], "size": [1.25, 1, 1], "inflate": -0.1, "uv": [173, 32]},
						{"origin": [0, 25.25, -24.25], "size": [1.25, 1, 12], "pivot": [0, 26.25, -24.25], "rotation": [0, 0, 11.75], "uv": [166, 47], "mirror": true}
					]
				},
				{
					"name": "action2",
					"parent": "gun",
					"pivot": [-2.525, 25.8, -20.4],
					"cubes": [
						{"origin": [-2.8, 25.6, -26.2], "size": [1.1, 1.5, 2.825], "inflate": -0.301, "uv": [189, 53]},
						{"origin": [-2.8, 24.25, -26.2], "size": [1.1, 2, 6], "inflate": -0.3, "uv": [162, 45]},
						{"origin": [-2.8, 25.85, -23.9], "size": [1.1, 1.25, 2.05], "inflate": -0.302, "pivot": [-2, 26.9, -23.65], "rotation": [-45.25, 0, 0], "uv": [186, 65]},
						{"origin": [-4.725, 24.25, -21.2], "size": [2.5, 2, 1], "inflate": -0.301, "pivot": [-2.525, 25.8, -20.4], "rotation": [0, -18.75, 0], "uv": [177, 65]}
					]
				},
				{
					"name": "magazine",
					"parent": "main",
					"pivot": [-0.75, 18, -15.1],
					"rotation": [-8, 0, 0],
					"cubes": [
						{"origin": [-1.5, 6, -24.1], "size": [3, 15, 9], "uv": [0, 91]}
					]
				},
				{
					"name": "bullet",
					"parent": "magazine",
					"pivot": [-0.75, 18, -15.1],
					"cubes": [
						{"origin": [0.23133, 19.67622, -22.48219], "size": [1.25, 1.25, 7], "pivot": [-0.75, 18, -15.1], "rotation": [0, 0, -14.75], "uv": [25, 32]}
					]
				},
				{
					"name": "rightarm",
					"parent": "main",
					"pivot": [-4.3, 8.8, 21.8],
					"rotation": [-101.81106, -12.40003, -2.46982],
					"cubes": [
						{"origin": [-8.3, -15.2, 17.8], "size": [8, 24, 8], "uv": [39, 48]}
					]
				},
				{
					"name": "leftarm",
					"parent": "main",
					"pivot": [10.7, 6.625, -17.875],
					"rotation": [-125.84568, -0.37947, -36.88381],
					"cubes": [
						{"origin": [6.7, -17.375, -21.875], "size": [8, 24, 8], "uv": [0, 48]}
					]
				},
				{
					"name": "scope",
					"parent": "main",
					"pivot": [0, 29.375, 1.95],
					"cubes": [
						{"origin": [-0.5, 28.875, 1.65], "size": [1, 1, 1], "inflate": -0.4, "uv": [25, 11]}
					]
				},
				{
					"name": "muzzleflash",
					"parent": "main",
					"pivot": [0, 26.575, -83.65],
					"cubes": [
						{"origin": [-0.5, 26.075, -83.95], "size": [1, 1, 1], "inflate": -0.4, "uv": [0, 18]}
					]
				}
			]
		}
	]
}