{
	"format_version": "1.12.0",
	"minecraft:geometry": [
		{
			"description": {
				"identifier": "geometry.MP40 - Converted",
				"texture_width": 256,
				"texture_height": 256,
				"visible_bounds_width": 8,
				"visible_bounds_height": 5,
				"visible_bounds_offset": [0, 0.5, 0]
			},
			"bones": [
				{
					"name": "scope",
					"pivot": [-1.4, 24.175, 22.75],
					"rotation": [0, -1, 2.25],
					"cubes": [
						{"origin": [-1.9, 23.675, 22.45], "size": [1, 1, 1], "inflate": -0.4, "uv": [0, 20]}
					]
				},
				{
					"name": "muzzleflash",
					"pivot": [0, 21.9, -21.75],
					"cubes": [
						{"origin": [-1.9, 21.4, -36.05], "size": [1, 1, 1], "inflate": -0.4, "uv": [36, 35]}
					]
				},
				{
					"name": "bone4",
					"pivot": [-2, 10, 16]
				},
				{
					"name": "bone2",
					"parent": "bone4",
					"pivot": [-1, 7, 19]
				},
				{
					"name": "main",
					"parent": "bone2",
					"pivot": [0, 0, 0],
					"rotation": [0, -90, 0]
				},
				{
					"name": "group2",
					"parent": "main",
					"pivot": [-0.9263, 8.8548, 0],
					"cubes": [
						{
							"origin": [24.26968, 0.08712, -0.15073],
							"size": [3.74445, 9.44827, 2.94845],
							"inflate": 0.004,
							"pivot": [12.80335, -6.123, 1.24815],
							"rotation": [0, 0, -22.5],
							"uv": {
								"north": {"uv": [0, 73], "uv_size": [3.5, 9.5]},
								"east": {"uv": [32, 67], "uv_size": [3, 9.5]},
								"south": {"uv": [5, 73], "uv_size": [3.5, 9.5]},
								"west": {"uv": [20, 70], "uv_size": [3, 9.5]},
								"up": {"uv": [67, 93], "uv_size": [3.5, 3]},
								"down": {"uv": [72, 96], "uv_size": [3.5, -3]}
							}
						},
						{
							"origin": [17.34237, 12.57583, -0.15073],
							"size": [3.89515, 4.77595, 2.94845],
							"uv": {
								"north": {"uv": [82, 79], "uv_size": [4, 5]},
								"east": {"uv": [71, 83], "uv_size": [3, 5]},
								"south": {"uv": [83, 0], "uv_size": [4, 5]},
								"west": {"uv": [54, 87], "uv_size": [3, 5]},
								"up": {"uv": [26, 90], "uv_size": [4, 3]},
								"down": {"uv": [38, 93], "uv_size": [4, -3]}
							}
						},
						{
							"origin": [12.75717, 11.97295, 0.62408],
							"size": [3.89518, 0.25435, 1.24815],
							"uv": {
								"north": {"uv": [61, 131], "uv_size": [4, 0.5]},
								"east": {"uv": [78, 136], "uv_size": [1, 0.5]},
								"south": {"uv": [131, 103], "uv_size": [4, 0.5]},
								"west": {"uv": [80, 136], "uv_size": [1, 0.5]},
								"up": {"uv": [66, 87], "uv_size": [4, 1]},
								"down": {"uv": [126, 8], "uv_size": [4, -1]}
							}
						},
						{
							"origin": [12.16607, 12.56405, 0.62408],
							"size": [0.25435, 2.53869, 1.24815],
							"uv": {
								"north": {"uv": [115, 133], "uv_size": [0.5, 2.5]},
								"east": {"uv": [53, 130], "uv_size": [1, 2.5]},
								"south": {"uv": [125, 133], "uv_size": [0.5, 2.5]},
								"west": {"uv": [87, 130], "uv_size": [1, 2.5]},
								"up": {"uv": [82, 136], "uv_size": [0.5, 1]},
								"down": {"uv": [84, 137], "uv_size": [0.5, -1]}
							}
						},
						{
							"origin": [6.78347, 17.47255, 0.62408],
							"size": [0.25435, 0.57932, 1.24815],
							"pivot": [3.40076, 2.60476, 1.24815],
							"rotation": [0, 0, 22.5],
							"uv": {
								"north": {"uv": [119, 137], "uv_size": [0.5, 0.5]},
								"east": {"uv": [95, 136], "uv_size": [1, 0.5]},
								"south": {"uv": [121, 137], "uv_size": [0.5, 0.5]},
								"west": {"uv": [97, 136], "uv_size": [1, 0.5]},
								"up": {"uv": [136, 103], "uv_size": [0.5, 1]},
								"down": {"uv": [136, 113], "uv_size": [0.5, -1]}
							}
						},
						{
							"origin": [1.29284, 18.35307, 0.62408],
							"size": [0.25432, 0.57934, 1.24815],
							"pivot": [3.55149, 3.5091, 1.24815],
							"rotation": [0, 0, 45],
							"uv": {
								"north": {"uv": [137, 122], "uv_size": [0.5, 0.5]},
								"east": {"uv": [136, 114], "uv_size": [1, 0.5]},
								"south": {"uv": [125, 137], "uv_size": [0.5, 0.5]},
								"west": {"uv": [136, 116], "uv_size": [1, 0.5]},
								"up": {"uv": [136, 118], "uv_size": [0.5, 1]},
								"down": {"uv": [136, 121], "uv_size": [0.5, -1]}
							}
						},
						{
							"origin": [7.44542, 13.64924, 0.62408],
							"size": [0.42861, 0.25435, 1.24815],
							"pivot": [5.95123, 0.34396, 1.24815],
							"rotation": [0, 0, 22.5],
							"uv": {
								"north": {"uv": [137, 129], "uv_size": [0.5, 0.5]},
								"east": {"uv": [123, 136], "uv_size": [1, 0.5]},
								"south": {"uv": [137, 131], "uv_size": [0.5, 0.5]},
								"west": {"uv": [136, 125], "uv_size": [1, 0.5]},
								"up": {"uv": [127, 136], "uv_size": [0.5, 1]},
								"down": {"uv": [136, 128], "uv_size": [0.5, -1]}
							}
						},
						{
							"origin": [16.28659, 8.70972, 0.62408],
							"size": [0.25432, 0.42861, 1.24815],
							"pivot": [5.6498, 0.49469, 1.24815],
							"rotation": [0, 0, -22.5],
							"uv": {
								"north": {"uv": [133, 137], "uv_size": [0.5, 0.5]},
								"east": {"uv": [129, 136], "uv_size": [1, 0.5]},
								"south": {"uv": [137, 133], "uv_size": [0.5, 0.5]},
								"west": {"uv": [131, 136], "uv_size": [1, 0.5]},
								"up": {"uv": [135, 136], "uv_size": [0.5, 1]},
								"down": {"uv": [137, 1], "uv_size": [0.5, -1]}
							}
						},
						{
							"origin": [11.33111, 14.1309, 0.62408],
							"size": [3.14157, 0.40507, 1.24815],
							"pivot": [7.98597, 0.34396, 1.24815],
							"rotation": [0, 0, 22.5],
							"uv": {
								"north": {"uv": [133, 4], "uv_size": [3, 0.5]},
								"east": {"uv": [2, 137], "uv_size": [1, 0.5]},
								"south": {"uv": [10, 133], "uv_size": [3, 0.5]},
								"west": {"uv": [137, 2], "uv_size": [1, 0.5]},
								"up": {"uv": [20, 81], "uv_size": [3, 1]},
								"down": {"uv": [6, 85], "uv_size": [3, -1]}
							}
						},
						{
							"origin": [11.02965, 14.1309, 0.62408],
							"size": [3.44302, 0.25435, 1.24815],
							"pivot": [7.98597, 0.34396, 1.24815],
							"rotation": [0, 0, 22.5],
							"uv": {
								"north": {"uv": [132, 31], "uv_size": [3.5, 0.5]},
								"east": {"uv": [137, 4], "uv_size": [1, 0.5]},
								"south": {"uv": [132, 33], "uv_size": [3.5, 0.5]},
								"west": {"uv": [137, 6], "uv_size": [1, 0.5]},
								"up": {"uv": [116, 126], "uv_size": [3.5, 1]},
								"down": {"uv": [121, 127], "uv_size": [3.5, -1]}
							}
						},
						{
							"origin": [17.06975, 11.51506, 0.62408],
							"size": [3.14157, 0.7065, 1.24815],
							"uv": {
								"north": {"uv": [133, 12], "uv_size": [3, 0.5]},
								"east": {"uv": [137, 8], "uv_size": [1, 0.5]},
								"south": {"uv": [14, 133], "uv_size": [3, 0.5]},
								"west": {"uv": [137, 10], "uv_size": [1, 0.5]},
								"up": {"uv": [38, 88], "uv_size": [3, 1]},
								"down": {"uv": [6, 101], "uv_size": [3, -1]}
							}
						},
						{
							"origin": [17.06975, 11.96721, 0.62408],
							"size": [3.14157, 0.7065, 1.24815],
							"uv": {
								"north": {"uv": [18, 133], "uv_size": [3, 0.5]},
								"east": {"uv": [137, 12], "uv_size": [1, 0.5]},
								"south": {"uv": [133, 18], "uv_size": [3, 0.5]},
								"west": {"uv": [137, 14], "uv_size": [1, 0.5]},
								"up": {"uv": [127, 113], "uv_size": [3, 1]},
								"down": {"uv": [128, 44], "uv_size": [3, -1]}
							}
						},
						{
							"origin": [6.41502, 13.6273, 0.62408],
							"size": [0.55578, 3.74445, 1.24815],
							"pivot": [9.46385, 1.00531, 1.24815],
							"rotation": [0, 0, 45],
							"uv": {
								"north": {"uv": [33, 132], "uv_size": [0.5, 3.5]},
								"east": {"uv": [21, 126], "uv_size": [1, 3.5]},
								"south": {"uv": [39, 132], "uv_size": [0.5, 3.5]},
								"west": {"uv": [126, 126], "uv_size": [1, 3.5]},
								"up": {"uv": [137, 16], "uv_size": [0.5, 1]},
								"down": {"uv": [137, 19], "uv_size": [0.5, -1]}
							}
						},
						{
							"origin": [11.87213, 14.4881, 0.62408],
							"size": [0.55578, 3.74445, 1.24815],
							"pivot": [8.86097, 1.45746, 1.24815],
							"rotation": [0, 0, 22.5],
							"uv": {
								"north": {"uv": [132, 43], "uv_size": [0.5, 3.5]},
								"east": {"uv": [0, 127], "uv_size": [1, 3.5]},
								"south": {"uv": [44, 132], "uv_size": [0.5, 3.5]},
								"west": {"uv": [2, 127], "uv_size": [1, 3.5]},
								"up": {"uv": [137, 20], "uv_size": [0.5, 1]},
								"down": {"uv": [22, 138], "uv_size": [0.5, -1]}
							}
						},
						{
							"origin": [17.0234, 11.94427, 0.62408],
							"size": [0.55578, 3.89518, 1.24815],
							"uv": {
								"north": {"uv": [113, 130], "uv_size": [0.5, 4]},
								"east": {"uv": [9, 125], "uv_size": [1, 4]},
								"south": {"uv": [37, 131], "uv_size": [0.5, 4]},
								"west": {"uv": [11, 126], "uv_size": [1, 4]},
								"up": {"uv": [137, 22], "uv_size": [0.5, 1]},
								"down": {"uv": [137, 25], "uv_size": [0.5, -1]}
							}
						},
						{
							"origin": [20.84541, 7.64639, 0.62408],
							"size": [0.55578, 3.89518, 1.24815],
							"pivot": [8.40881, 2.13571, 1.24815],
							"rotation": [0, 0, -22.5],
							"uv": {
								"north": {"uv": [68, 131], "uv_size": [0.5, 4]},
								"east": {"uv": [13, 126], "uv_size": [1, 4]},
								"south": {"uv": [81, 131], "uv_size": [0.5, 4]},
								"west": {"uv": [15, 126], "uv_size": [1, 4]},
								"up": {"uv": [137, 26], "uv_size": [0.5, 1]},
								"down": {"uv": [137, 29], "uv_size": [0.5, -1]}
							}
						},
						{
							"origin": [23.158, 2.63936, 0.62408],
							"size": [0.55578, 3.89515, 1.24815],
							"pivot": [8.40881, 2.13571, 1.24815],
							"rotation": [0, 0, -45],
							"uv": {
								"north": {"uv": [83, 131], "uv_size": [0.5, 4]},
								"east": {"uv": [17, 126], "uv_size": [1, 4]},
								"south": {"uv": [131, 105], "uv_size": [0.5, 4]},
								"west": {"uv": [19, 126], "uv_size": [1, 4]},
								"up": {"uv": [30, 137], "uv_size": [0.5, 1]},
								"down": {"uv": [137, 31], "uv_size": [0.5, -1]}
							}
						},
						{
							"origin": [9.47179, 17.24818, 0.62408],
							"size": [3.89515, 0.55578, 1.24815],
							"pivot": [8.40881, 2.73859, 1.24815],
							"rotation": [0, 0, 22.5],
							"uv": {
								"north": {"uv": [131, 113], "uv_size": [4, 0.5]},
								"east": {"uv": [32, 137], "uv_size": [1, 0.5]},
								"south": {"uv": [131, 117], "uv_size": [4, 0.5]},
								"west": {"uv": [137, 32], "uv_size": [1, 0.5]},
								"up": {"uv": [126, 21], "uv_size": [4, 1]},
								"down": {"uv": [35, 127], "uv_size": [4, -1]}
							}
						},
						{
							"origin": [10.68774, 16.18107, 1.07623],
							"size": [0.40507, 3.2923, 0.19311],
							"pivot": [7.95666, 3.4922, 1.24815],
							"rotation": [0, 0, 22.5],
							"uv": {
								"north": {"uv": [46, 132], "uv_size": [0.5, 3.5]},
								"east": {"uv": [48, 132], "uv_size": [0.5, 3.5]},
								"south": {"uv": [50, 132], "uv_size": [0.5, 3.5]},
								"west": {"uv": [55, 132], "uv_size": [0.5, 3.5]},
								"up": {"uv": [137, 135], "uv_size": [0.5, 0.5]},
								"down": {"uv": [137, 137.5], "uv_size": [0.5, -0.5]}
							}
						},
						{
							"origin": [18.38845, 9.0393, 1.07623],
							"size": [0.73004, 0.40507, 0.19311],
							"pivot": [5.51053, 2.15975, 1.17279],
							"rotation": [0, 0, -22.5],
							"uv": {
								"north": {"uv": [0, 138], "uv_size": [0.5, 0.5]},
								"east": {"uv": [4, 138], "uv_size": [0.5, 0.5]},
								"south": {"uv": [6, 138], "uv_size": [0.5, 0.5]},
								"west": {"uv": [8, 138], "uv_size": [0.5, 0.5]},
								"up": {"uv": [10, 138], "uv_size": [0.5, 0.5]},
								"down": {"uv": [12, 138.5], "uv_size": [0.5, -0.5]}
							}
						},
						{
							"origin": [14.218, 13.41734, 1.07623],
							"size": [0.73004, 0.40505, 0.19311],
							"uv": {
								"north": {"uv": [14, 138], "uv_size": [0.5, 0.5]},
								"east": {"uv": [16, 138], "uv_size": [0.5, 0.5]},
								"south": {"uv": [18, 138], "uv_size": [0.5, 0.5]},
								"west": {"uv": [20, 138], "uv_size": [0.5, 0.5]},
								"up": {"uv": [24, 138], "uv_size": [0.5, 0.5]},
								"down": {"uv": [26, 138.5], "uv_size": [0.5, -0.5]}
							}
						},
						{
							"origin": [5.6665, 16.56986, 1.07623],
							"size": [0.40507, 0.42859, 0.19311],
							"pivot": [7.32989, 3.82838, 1.17279],
							"rotation": [0, 0, 45],
							"uv": {
								"north": {"uv": [28, 138], "uv_size": [0.5, 0.5]},
								"east": {"uv": [36, 138], "uv_size": [0.5, 0.5]},
								"south": {"uv": [138, 40], "uv_size": [0.5, 0.5]},
								"west": {"uv": [138, 42], "uv_size": [0.5, 0.5]},
								"up": {"uv": [51, 138], "uv_size": [0.5, 0.5]},
								"down": {"uv": [53, 138.5], "uv_size": [0.5, -0.5]}
							}
						},
						{
							"origin": [12.79144, 15.72404, 0.62408],
							"size": [3.89518, 0.5558, 1.24815],
							"uv": {
								"north": {"uv": [131, 119], "uv_size": [4, 0.5]},
								"east": {"uv": [34, 137], "uv_size": [1, 0.5]},
								"south": {"uv": [131, 121], "uv_size": [4, 0.5]},
								"west": {"uv": [137, 34], "uv_size": [1, 0.5]},
								"up": {"uv": [75, 126], "uv_size": [4, 1]},
								"down": {"uv": [80, 127], "uv_size": [4, -1]}
							}
						},
						{
							"origin": [14.23203, 15.31657, -0.15073],
							"size": [1.48365, 3.57018, 2.94845],
							"pivot": [11.60323, 2.00188, 1.24815],
							"rotation": [0, 0, 22.5],
							"uv": {
								"north": {"uv": [41, 122], "uv_size": [1.5, 3.5]},
								"east": {"uv": [77, 93], "uv_size": [3, 3.5]},
								"south": {"uv": [44, 122], "uv_size": [1.5, 3.5]},
								"west": {"uv": [92, 95], "uv_size": [3, 3.5]},
								"up": {"uv": [89, 122], "uv_size": [1.5, 3]},
								"down": {"uv": [122, 110], "uv_size": [1.5, -3]}
							}
						},
						{
							"origin": [-3.30627, 15.89167, -0.15073],
							"size": [25.2974, 5.07737, 2.94845],
							"uv": {
								"north": {"uv": [36, 0], "uv_size": [25.5, 5]},
								"east": {"uv": [58, 87], "uv_size": [3, 5]},
								"south": {"uv": [36, 6], "uv_size": [25.5, 5]},
								"west": {"uv": [62, 87], "uv_size": [3, 5]},
								"up": {"uv": [36, 40], "uv_size": [25.5, 3]},
								"down": {"uv": [36, 47], "uv_size": [25.5, -3]}
							}
						},
						{
							"origin": [-8.2666, 16.59812, 0.30143],
							"size": [1.46009, 1.33292, 1.89344],
							"pivot": [-7.83965, 4.86556, 1.32351],
							"rotation": [0, 0, 22.5],
							"uv": {
								"north": {"uv": [129, 123], "uv_size": [1.5, 1.5]},
								"east": {"uv": [15, 97], "uv_size": [2, 1.5]},
								"south": {"uv": [130, 4], "uv_size": [1.5, 1.5]},
								"west": {"uv": [57, 104], "uv_size": [2, 1.5]},
								"up": {"uv": [37, 128], "uv_size": [1.5, 2]},
								"down": {"uv": [68, 130], "uv_size": [1.5, -2]}
							}
						},
						{
							"origin": [-3.72498, 14.86314, -3.43004],
							"size": [1.76154, 0.68766, 1.33292],
							"pivot": [-7.21508, 3.91492, 2.60459],
							"rotation": [-22.5, 0, 0],
							"uv": {
								"north": {"uv": [134, 23], "uv_size": [2, 0.5]},
								"east": {"uv": [136, 45], "uv_size": [1.5, 0.5]},
								"south": {"uv": [24, 134], "uv_size": [2, 0.5]},
								"west": {"uv": [136, 50], "uv_size": [1.5, 0.5]},
								"up": {"uv": [128, 73], "uv_size": [2, 1.5]},
								"down": {"uv": [75, 129.5], "uv_size": [2, -1.5]}
							}
						},
						{
							"origin": [-3.42355, 13.57376, 8.65357],
							"size": [1.76154, 0.68768, 1.33292],
							"pivot": [-7.36581, 4.64556, 1.96636],
							"rotation": [45, 0, 0],
							"uv": {
								"north": {"uv": [27, 134], "uv_size": [2, 0.5]},
								"east": {"uv": [52, 136], "uv_size": [1.5, 0.5]},
								"south": {"uv": [134, 39], "uv_size": [2, 0.5]},
								"west": {"uv": [136, 55], "uv_size": [1.5, 0.5]},
								"up": {"uv": [78, 128], "uv_size": [2, 1.5]},
								"down": {"uv": [81, 129.5], "uv_size": [2, -1.5]}
							}
						},
						{
							"origin": [-14.23645, 15.29583, -0.15073],
							"size": [1.46009, 2.08653, 2.94845],
							"inflate": 0.004,
							"pivot": [-7.5382, 4.56413, 1.32351],
							"rotation": [0, 0, 45],
							"uv": {
								"north": {"uv": [98, 128], "uv_size": [1.5, 2]},
								"east": {"uv": [18, 55], "uv_size": [3, 2]},
								"south": {"uv": [101, 128], "uv_size": [1.5, 2]},
								"west": {"uv": [89, 119], "uv_size": [3, 2]},
								"up": {"uv": [122, 120], "uv_size": [1.5, 3]},
								"down": {"uv": [123, 8], "uv_size": [1.5, -3]}
							}
						},
						{
							"origin": [-0.29069, 14.51811, -0.15073],
							"size": [2.23726, 1.46009, 2.94845],
							"inflate": 0.004,
							"pivot": [-8.59324, 4.71486, 1.32351],
							"rotation": [0, 0, -22.5],
							"uv": {
								"north": {"uv": [110, 128], "uv_size": [2, 1.5]},
								"east": {"uv": [123, 26], "uv_size": [3, 1.5]},
								"south": {"uv": [116, 128], "uv_size": [2, 1.5]},
								"west": {"uv": [123, 31], "uv_size": [3, 1.5]},
								"up": {"uv": [93, 119], "uv_size": [2, 3]},
								"down": {"uv": [119, 110], "uv_size": [2, -3]}
							}
						},
						{
							"origin": [-5.26564, 18.3032, -0.15073],
							"size": [2.38799, 2.51512, 2.94845],
							"uv": {
								"north": {"uv": [119, 84], "uv_size": [2.5, 2.5]},
								"east": {"uv": [101, 117], "uv_size": [3, 2.5]},
								"south": {"uv": [85, 119], "uv_size": [2.5, 2.5]},
								"west": {"uv": [105, 117], "uv_size": [3, 2.5]},
								"up": {"uv": [109, 117], "uv_size": [2.5, 3]},
								"down": {"uv": [113, 120], "uv_size": [2.5, -3]}
							}
						},
						{
							"origin": [0.31099, 16.1931, -0.45215],
							"size": [19.26862, 1.91227, 3.55134],
							"uv": {
								"north": {"uv": [68, 15], "uv_size": [19.5, 2]},
								"east": {"uv": [118, 26], "uv_size": [3.5, 2]},
								"south": {"uv": [44, 68], "uv_size": [19.5, 2]},
								"west": {"uv": [118, 36], "uv_size": [3.5, 2]},
								"up": {"uv": [22, 53], "uv_size": [19.5, 3.5]},
								"down": {"uv": [43, 56.5], "uv_size": [19.5, -3.5]}
							}
						},
						{
							"origin": [-0.59332, 18.60462, -0.45215],
							"size": [20.32365, 3.11803, 3.55134],
							"uv": {
								"north": {"uv": [36, 58], "uv_size": [20.5, 3]},
								"east": {"uv": [0, 96], "uv_size": [3.5, 3]},
								"south": {"uv": [58, 48], "uv_size": [20.5, 3]},
								"west": {"uv": [5, 96], "uv_size": [3.5, 3]},
								"up": {"uv": [36, 48], "uv_size": [20.5, 3.5]},
								"down": {"uv": [0, 53.5], "uv_size": [20.5, -3.5]}
							}
						},
						{
							"origin": [4.41755, 11.3322, -0.45215],
							"size": [1.33292, 2.36442, 3.55134],
							"inflate": -0.004,
							"pivot": [-6.78459, 9.01037, 1.32351],
							"rotation": [0, 0, -45],
							"uv": {
								"north": {"uv": [53, 126], "uv_size": [1.5, 2.5]},
								"east": {"uv": [114, 85], "uv_size": [3.5, 2.5]},
								"south": {"uv": [126, 84], "uv_size": [1.5, 2.5]},
								"west": {"uv": [114, 107], "uv_size": [3.5, 2.5]},
								"up": {"uv": [47, 122], "uv_size": [1.5, 3.5]},
								"down": {"uv": [50, 125.5], "uv_size": [1.5, -3.5]}
							}
						},
						{
							"origin": [-4.81349, 20.26254, -0.45215],
							"size": [24.39309, 1.91227, 3.55134],
							"inflate": 0.004,
							"uv": {
								"north": {"uv": [60, 37], "uv_size": [24.5, 2]},
								"east": {"uv": [48, 119], "uv_size": [3.5, 2]},
								"south": {"uv": [62, 20], "uv_size": [24.5, 2]},
								"west": {"uv": [53, 119], "uv_size": [3.5, 2]},
								"up": {"uv": [36, 20], "uv_size": [24.5, 3.5]},
								"down": {"uv": [36, 28.5], "uv_size": [24.5, -3.5]}
							}
						},
						{
							"origin": [13.98794, 19.99374, -0.45215],
							"size": [1.93581, 1.15866, 3.55134],
							"pivot": [9.041, 5.7699, 1.32351],
							"rotation": [0, 0, 22.5],
							"uv": {
								"north": {"uv": [29, 84], "uv_size": [2, 1]},
								"east": {"uv": [4, 127], "uv_size": [3.5, 1]},
								"south": {"uv": [35, 100], "uv_size": [2, 1]},
								"west": {"uv": [23, 127], "uv_size": [3.5, 1]},
								"up": {"uv": [75, 83], "uv_size": [2, 3.5]},
								"down": {"uv": [119, 59.5], "uv_size": [2, -3.5]}
							}
						},
						{
							"origin": [19.20264, 16.15121, -0.45215],
							"size": [1.93581, 1.15866, 3.55134],
							"uv": {
								"north": {"uv": [110, 131], "uv_size": [2, 1]},
								"east": {"uv": [127, 26], "uv_size": [3.5, 1]},
								"south": {"uv": [115, 131], "uv_size": [2, 1]},
								"west": {"uv": [28, 127], "uv_size": [3.5, 1]},
								"up": {"uv": [58, 119], "uv_size": [2, 3.5]},
								"down": {"uv": [61, 122.5], "uv_size": [2, -3.5]}
							}
						},
						{
							"origin": [-3.15555, 18.15247, -0.45215],
							"size": [23.03661, 0.55578, 3.55134],
							"uv": {
								"north": {"uv": [92, 12], "uv_size": [23, 0.5]},
								"east": {"uv": [132, 35], "uv_size": [3.5, 0.5]},
								"south": {"uv": [92, 30], "uv_size": [23, 0.5]},
								"west": {"uv": [132, 48], "uv_size": [3.5, 0.5]},
								"up": {"uv": [36, 30], "uv_size": [23, 3.5]},
								"down": {"uv": [36, 38.5], "uv_size": [23, -3.5]}
							}
						},
						{
							"origin": [20.20605, 18.4539, -0.45215],
							"size": [0.88077, 1.00796, 3.55134],
							"uv": {
								"north": {"uv": [24, 92], "uv_size": [1, 1]},
								"east": {"uv": [127, 31], "uv_size": [3.5, 1]},
								"south": {"uv": [120, 0], "uv_size": [1, 1]},
								"west": {"uv": [127, 33], "uv_size": [3.5, 1]},
								"up": {"uv": [33, 127], "uv_size": [1, 3.5]},
								"down": {"uv": [40, 130.5], "uv_size": [1, -3.5]}
							}
						},
						{
							"origin": [24.02806, 14.15602, -0.45215],
							"size": [0.88077, 1.00796, 3.55134],
							"inflate": 0.004,
							"pivot": [11.75396, 7.20173, 1.32351],
							"rotation": [0, 0, -22.5],
							"uv": {
								"north": {"uv": [56, 122], "uv_size": [1, 1]},
								"east": {"uv": [127, 35], "uv_size": [3.5, 1]},
								"south": {"uv": [134, 41], "uv_size": [1, 1]},
								"west": {"uv": [42, 127], "uv_size": [3.5, 1]},
								"up": {"uv": [127, 46], "uv_size": [1, 3.5]},
								"down": {"uv": [47, 130.5], "uv_size": [1, -3.5]}
							}
						},
						{
							"origin": [25.91437, 8.72267, -0.45215],
							"size": [0.88077, 1.00796, 3.55134],
							"pivot": [11.75396, 7.20173, 1.32351],
							"rotation": [0, 0, -45],
							"uv": {
								"north": {"uv": [134, 43], "uv_size": [1, 1]},
								"east": {"uv": [56, 127], "uv_size": [3.5, 1]},
								"south": {"uv": [134, 45], "uv_size": [1, 1]},
								"west": {"uv": [61, 127], "uv_size": [3.5, 1]},
								"up": {"uv": [49, 127], "uv_size": [1, 3.5]},
								"down": {"uv": [51, 130.5], "uv_size": [1, -3.5]}
							}
						},
						{
							"origin": [14.96667, 21.02564, -0.45215],
							"size": [1.00796, 0.88077, 3.55134],
							"pivot": [11.75396, 7.20173, 1.32351],
							"rotation": [0, 0, 22.5],
							"uv": {
								"north": {"uv": [134, 50], "uv_size": [1, 1]},
								"east": {"uv": [127, 69], "uv_size": [3.5, 1]},
								"south": {"uv": [52, 134], "uv_size": [1, 1]},
								"west": {"uv": [127, 71], "uv_size": [3.5, 1]},
								"up": {"uv": [66, 127], "uv_size": [1, 3.5]},
								"down": {"uv": [71, 130.5], "uv_size": [1, -3.5]}
							}
						},
						{
							"origin": [25.91437, 8.72267, -0.45215],
							"size": [0.88077, 1.00796, 3.55134],
							"pivot": [11.75396, 7.20173, 1.32351],
							"rotation": [0, 0, -45],
							"uv": {
								"north": {"uv": [134, 55], "uv_size": [1, 1]},
								"east": {"uv": [91, 127], "uv_size": [3.5, 1]},
								"south": {"uv": [134, 57], "uv_size": [1, 1]},
								"west": {"uv": [127, 111], "uv_size": [3.5, 1]},
								"up": {"uv": [73, 127], "uv_size": [1, 3.5]},
								"down": {"uv": [85, 130.5], "uv_size": [1, -3.5]}
							}
						},
						{
							"origin": [10.25852, 20.56399, -0.30143],
							"size": [10.67757, 2.21369, 0.23548],
							"uv": {
								"north": {"uv": [54, 80], "uv_size": [10.5, 2]},
								"east": {"uv": [134, 66], "uv_size": [0.5, 2]},
								"south": {"uv": [66, 80], "uv_size": [10.5, 2]},
								"west": {"uv": [70, 134], "uv_size": [0.5, 2]},
								"up": {"uv": [122, 41], "uv_size": [10.5, 0.5]},
								"down": {"uv": [122, 51.5], "uv_size": [10.5, -0.5]}
							}
						},
						{
							"origin": [1.51675, 16.07078, 2.64163],
							"size": [10.8283, 2.21372, 0.2355],
							"uv": {
								"north": {"uv": [22, 50], "uv_size": [11, 2]},
								"east": {"uv": [72, 134], "uv_size": [0.5, 2]},
								"south": {"uv": [44, 62], "uv_size": [11, 2]},
								"west": {"uv": [87, 134], "uv_size": [0.5, 2]},
								"up": {"uv": [122, 24], "uv_size": [11, 0.5]},
								"down": {"uv": [122, 39.5], "uv_size": [11, -0.5]}
							}
						},
						{
							"origin": [-1.49763, 20.56399, 2.71295],
							"size": [22.43372, 2.21369, 0.2355],
							"inflate": 0.004,
							"uv": {
								"north": {"uv": [64, 55], "uv_size": [22.5, 2]},
								"east": {"uv": [89, 134], "uv_size": [0.5, 2]},
								"south": {"uv": [44, 65], "uv_size": [22.5, 2]},
								"west": {"uv": [103, 134], "uv_size": [0.5, 2]},
								"up": {"uv": [92, 91], "uv_size": [22.5, 0.5]},
								"down": {"uv": [43, 93.5], "uv_size": [22.5, -0.5]}
							}
						},
						{
							"origin": [-3.30627, 16.07078, -0.37277],
							"size": [15.80205, 2.21372, 0.2355],
							"uv": {
								"north": {"uv": [0, 64], "uv_size": [16, 2]},
								"east": {"uv": [105, 134], "uv_size": [0.5, 2]},
								"south": {"uv": [70, 74], "uv_size": [16, 2]},
								"west": {"uv": [107, 134], "uv_size": [0.5, 2]},
								"up": {"uv": [114, 65], "uv_size": [16, 0.5]},
								"down": {"uv": [115, 14.5], "uv_size": [16, -0.5]}
							}
						},
						{
							"origin": [-1.49763, 21.8254, 6.22597],
							"size": [22.43372, 0.55578, 1.13984],
							"pivot": [0.82675, 11.04508, 2.8307],
							"rotation": [22.5, 0, 0],
							"uv": {
								"north": {"uv": [92, 93], "uv_size": [22.5, 0.5]},
								"east": {"uv": [137, 36], "uv_size": [1, 0.5]},
								"south": {"uv": [94, 2], "uv_size": [22.5, 0.5]},
								"west": {"uv": [137, 38], "uv_size": [1, 0.5]},
								"up": {"uv": [80, 33], "uv_size": [22.5, 1]},
								"down": {"uv": [80, 36], "uv_size": [22.5, -1]}
							}
						},
						{
							"origin": [-3.30627, 15.76598, 1.8216],
							"size": [15.80205, 0.55578, 1.13981],
							"pivot": [0.82675, 10.83322, 1.28784],
							"rotation": [22.5, 0, 0],
							"uv": {
								"north": {"uv": [62, 115], "uv_size": [16, 0.5]},
								"east": {"uv": [39, 137], "uv_size": [1, 0.5]},
								"south": {"uv": [79, 115], "uv_size": [16, 0.5]},
								"west": {"uv": [41, 137], "uv_size": [1, 0.5]},
								"up": {"uv": [83, 45], "uv_size": [16, 1]},
								"down": {"uv": [54, 84], "uv_size": [16, -1]}
							}
						},
						{
							"origin": [-1.49763, 21.80104, -2.49066],
							"size": [22.43372, 0.53693, 0.55578],
							"inflate": 0.004,
							"pivot": [0.82675, 11.19581, 2.67998],
							"rotation": [-22.5, 0, 0],
							"uv": {
								"north": {"uv": [94, 4], "uv_size": [22.5, 0.5]},
								"east": {"uv": [138, 57], "uv_size": [0.5, 0.5]},
								"south": {"uv": [18, 94], "uv_size": [22.5, 0.5]},
								"west": {"uv": [59, 138], "uv_size": [0.5, 0.5]},
								"up": {"uv": [94, 27], "uv_size": [22.5, 0.5]},
								"down": {"uv": [42, 95.5], "uv_size": [22.5, -0.5]}
							}
						},
						{
							"origin": [-3.30627, 14.69747, -1.82003],
							"size": [15.80205, 0.53695, 0.55578],
							"pivot": [0.82675, 10.83322, 1.28784],
							"rotation": [-22.5, 0, 0],
							"uv": {
								"north": {"uv": [96, 115], "uv_size": [16, 0.5]},
								"east": {"uv": [61, 138], "uv_size": [0.5, 0.5]},
								"south": {"uv": [113, 115], "uv_size": [16, 0.5]},
								"west": {"uv": [138, 66], "uv_size": [0.5, 0.5]},
								"up": {"uv": [0, 116], "uv_size": [16, 0.5]},
								"down": {"uv": [116, 12.5], "uv_size": [16, -0.5]}
							}
						},
						{
							"origin": [-1.49763, 22.38205, 0.44274],
							"size": [22.43372, 1.13981, 1.76154],
							"inflate": 0.004,
							"uv": {
								"north": {"uv": [80, 48], "uv_size": [22.5, 1]},
								"east": {"uv": [125, 131], "uv_size": [2, 1]},
								"south": {"uv": [80, 50], "uv_size": [22.5, 1]},
								"west": {"uv": [0, 132], "uv_size": [2, 1]},
								"up": {"uv": [0, 67], "uv_size": [22.5, 2]},
								"down": {"uv": [68, 14], "uv_size": [22.5, -2]}
							}
						},
						{
							"origin": [-1.49763, 22.38205, -0.16014],
							"size": [3.89515, 1.44126, 2.9673],
							"uv": {
								"north": {"uv": [119, 111], "uv_size": [4, 1.5]},
								"east": {"uv": [123, 34], "uv_size": [3, 1.5]},
								"south": {"uv": [120, 16], "uv_size": [4, 1.5]},
								"west": {"uv": [123, 47], "uv_size": [3, 1.5]},
								"up": {"uv": [90, 57], "uv_size": [4, 3]},
								"down": {"uv": [90, 73], "uv_size": [4, -3]}
							}
						},
						{
							"origin": [-0.44259, 22.38205, -0.16014],
							"size": [0.42861, 2.79773, 1.15866],
							"inflate": 0.004,
							"uv": {
								"north": {"uv": [57, 132], "uv_size": [0.5, 3]},
								"east": {"uv": [52, 89], "uv_size": [1, 3]},
								"south": {"uv": [66, 132], "uv_size": [0.5, 3]},
								"west": {"uv": [119, 128], "uv_size": [1, 3]},
								"up": {"uv": [43, 137], "uv_size": [0.5, 1]},
								"down": {"uv": [45, 138], "uv_size": [0.5, -1]}
							}
						},
						{
							"origin": [-0.44259, 22.38205, 1.64851],
							"size": [0.42861, 2.79773, 1.15866],
							"inflate": 0.004,
							"uv": {
								"north": {"uv": [85, 132], "uv_size": [0.5, 3]},
								"east": {"uv": [121, 128], "uv_size": [1, 3]},
								"south": {"uv": [95, 132], "uv_size": [0.5, 3]},
								"west": {"uv": [123, 128], "uv_size": [1, 3]},
								"up": {"uv": [47, 137], "uv_size": [0.5, 1]},
								"down": {"uv": [137, 48], "uv_size": [0.5, -1]}
							}
						},
						{
							"origin": [-0.44259, 22.38205, -0.16014],
							"size": [0.42861, 2.04415, 2.9673],
							"uv": {
								"north": {"uv": [117, 134], "uv_size": [0.5, 2]},
								"east": {"uv": [120, 44], "uv_size": [3, 2]},
								"south": {"uv": [119, 134], "uv_size": [0.5, 2]},
								"west": {"uv": [96, 120], "uv_size": [3, 2]},
								"up": {"uv": [123, 132], "uv_size": [0.5, 3]},
								"down": {"uv": [22, 136], "uv_size": [0.5, -3]}
							}
						},
						{
							"origin": [-3.30627, 15.32661, 0.3714],
							"size": [15.80205, 1.13984, 1.76154],
							"uv": {
								"north": {"uv": [54, 85], "uv_size": [16, 1]},
								"east": {"uv": [132, 14], "uv_size": [2, 1]},
								"south": {"uv": [85, 68], "uv_size": [16, 1]},
								"west": {"uv": [25, 132], "uv_size": [2, 1]},
								"up": {"uv": [44, 77], "uv_size": [16, 2]},
								"down": {"uv": [61, 79], "uv_size": [16, -2]}
							}
						},
						{
							"origin": [10.25852, 21.69826, -4.45365],
							"size": [10.67757, 0.55578, 0.53695],
							"pivot": [0.82675, 11.64796, 0.26848],
							"rotation": [-22.5, 0, 0],
							"uv": {
								"north": {"uv": [122, 56], "uv_size": [10.5, 0.5]},
								"east": {"uv": [73, 138], "uv_size": [0.5, 0.5]},
								"south": {"uv": [122, 58], "uv_size": [10.5, 0.5]},
								"west": {"uv": [75, 138], "uv_size": [0.5, 0.5]},
								"up": {"uv": [64, 122], "uv_size": [10.5, 0.5]},
								"down": {"uv": [122, 67.5], "uv_size": [10.5, -0.5]}
							}
						},
						{
							"origin": [-3.30627, 15.73867, 0.15125],
							"size": [15.80205, 0.55578, 0.53695],
							"pivot": [0.82675, 10.83322, 1.28784],
							"rotation": [-22.5, 0, 0],
							"uv": {
								"north": {"uv": [17, 116], "uv_size": [16, 0.5]},
								"east": {"uv": [77, 138], "uv_size": [0.5, 0.5]},
								"south": {"uv": [116, 29], "uv_size": [16, 0.5]},
								"west": {"uv": [138, 77], "uv_size": [0.5, 0.5]},
								"up": {"uv": [34, 116], "uv_size": [16, 0.5]},
								"down": {"uv": [116, 91.5], "uv_size": [16, -0.5]}
							}
						},
						{
							"origin": [-1.49763, 21.65031, 4.58191],
							"size": [22.43372, 0.68766, 0.55578],
							"pivot": [0.82675, 11.19581, -0.03298],
							"rotation": [22.5, 0, 0],
							"uv": {
								"north": {"uv": [95, 57], "uv_size": [22.5, 0.5]},
								"east": {"uv": [79, 138], "uv_size": [0.5, 0.5]},
								"south": {"uv": [95, 59], "uv_size": [22.5, 0.5]},
								"west": {"uv": [81, 138], "uv_size": [0.5, 0.5]},
								"up": {"uv": [95, 70], "uv_size": [22.5, 0.5]},
								"down": {"uv": [95, 72.5], "uv_size": [22.5, -0.5]}
							}
						},
						{
							"origin": [-3.30627, 14.72477, 3.77406],
							"size": [15.80205, 0.68766, 0.55578],
							"pivot": [0.82675, 10.83322, 1.28784],
							"rotation": [22.5, 0, 0],
							"uv": {
								"north": {"uv": [116, 93], "uv_size": [16, 0.5]},
								"east": {"uv": [83, 138], "uv_size": [0.5, 0.5]},
								"south": {"uv": [116, 99], "uv_size": [16, 0.5]},
								"west": {"uv": [90, 138], "uv_size": [0.5, 0.5]},
								"up": {"uv": [62, 117], "uv_size": [16, 0.5]},
								"down": {"uv": [79, 117.5], "uv_size": [16, -0.5]}
							}
						},
						{
							"origin": [22.05102, 15.90283, -0.15073],
							"size": [3.2923, 2.06299, 2.94845],
							"pivot": [10.98267, 9.47605, 1.32351],
							"rotation": [0, 0, -22.5],
							"uv": {
								"north": {"uv": [64, 119], "uv_size": [3.5, 2]},
								"east": {"uv": [121, 95], "uv_size": [3, 2]},
								"south": {"uv": [69, 119], "uv_size": [3.5, 2]},
								"west": {"uv": [100, 121], "uv_size": [3, 2]},
								"up": {"uv": [18, 96], "uv_size": [3.5, 3]},
								"down": {"uv": [23, 99], "uv_size": [3.5, -3]}
							}
						},
						{
							"origin": [23.34046, 16.16222, -0.45215],
							"size": [1.03147, 2.21369, 3.55134],
							"pivot": [12.20611, 8.10606, 1.24815],
							"rotation": [0, 0, -22.5],
							"uv": {
								"north": {"uv": [34, 50], "uv_size": [1, 2]},
								"east": {"uv": [119, 69], "uv_size": [3.5, 2]},
								"south": {"uv": [56, 62], "uv_size": [1, 2]},
								"west": {"uv": [119, 72], "uv_size": [3.5, 2]},
								"up": {"uv": [96, 127], "uv_size": [1, 3.5]},
								"down": {"uv": [35, 131.5], "uv_size": [1, -3.5]}
							}
						},
						{
							"origin": [23.75699, 5.49069, -0.15073],
							"size": [1.48365, 4.02234, 2.94845],
							"pivot": [11.60323, 2.90622, 1.24815],
							"rotation": [0, 0, -45],
							"uv": {
								"north": {"uv": [104, 121], "uv_size": [1.5, 4]},
								"east": {"uv": [84, 91], "uv_size": [3, 4]},
								"south": {"uv": [107, 121], "uv_size": [1.5, 4]},
								"west": {"uv": [88, 91], "uv_size": [3, 4]},
								"up": {"uv": [123, 84], "uv_size": [1.5, 3]},
								"down": {"uv": [85, 126], "uv_size": [1.5, -3]}
							}
						},
						{
							"origin": [23.06392, 0.08712, -0.15073],
							"size": [4.95021, 1.76154, 2.94845],
							"pivot": [12.80335, -6.123, 1.24815],
							"rotation": [0, 0, -22.5],
							"uv": {
								"north": {"uv": [96, 42], "uv_size": [5, 2]},
								"east": {"uv": [110, 121], "uv_size": [3, 2]},
								"south": {"uv": [96, 52], "uv_size": [5, 2]},
								"west": {"uv": [114, 121], "uv_size": [3, 2]},
								"up": {"uv": [88, 2], "uv_size": [5, 3]},
								"down": {"uv": [32, 91], "uv_size": [5, -3]}
							}
						},
						{
							"origin": [25.51551, -4.45754, -0.15073],
							"size": [3.89515, 1.76154, 2.94845],
							"pivot": [12.96351, -6.45431, 1.32351],
							"rotation": [0, 0, -45],
							"uv": {
								"north": {"uv": [51, 116], "uv_size": [4, 2]},
								"east": {"uv": [121, 117], "uv_size": [3, 2]},
								"south": {"uv": [96, 117], "uv_size": [4, 2]},
								"west": {"uv": [118, 121], "uv_size": [3, 2]},
								"up": {"uv": [0, 92], "uv_size": [4, 3]},
								"down": {"uv": [5, 95], "uv_size": [4, -3]}
							}
						}
					]
				},
				{
					"name": "group3",
					"parent": "group2",
					"pivot": [10.92501, 0.04254, 1.24815],
					"cubes": [
						{
							"origin": [9.24937, 6.20425, -0.15073],
							"size": [1.61081, 4.04588, 3.09918],
							"pivot": [12.96351, -6.45431, 1.24815],
							"rotation": [0, 0, 45],
							"uv": {
								"north": {"uv": [0, 122], "uv_size": [1.5, 4]},
								"east": {"uv": [10, 92], "uv_size": [3, 4]},
								"south": {"uv": [122, 0], "uv_size": [1.5, 4]},
								"west": {"uv": [14, 92], "uv_size": [3, 4]},
								"up": {"uv": [92, 123], "uv_size": [1.5, 3]},
								"down": {"uv": [95, 126], "uv_size": [1.5, -3]}
							}
						},
						{
							"origin": [23.21464, 0.23785, -0.30143],
							"size": [4.64876, 1.46009, 3.24988],
							"pivot": [12.80335, -6.123, 1.24815],
							"rotation": [0, 0, -22.5],
							"uv": {
								"north": {"uv": [79, 119], "uv_size": [4.5, 1.5]},
								"east": {"uv": [124, 43], "uv_size": [3, 1.5]},
								"south": {"uv": [119, 81], "uv_size": [4.5, 1.5]},
								"west": {"uv": [56, 124], "uv_size": [3, 1.5]},
								"up": {"uv": [46, 89], "uv_size": [4.5, 3]},
								"down": {"uv": [66, 92], "uv_size": [4.5, -3]}
							}
						},
						{
							"origin": [24.42041, 0.23785, -0.30143],
							"size": [3.443, 9.14682, 3.24988],
							"pivot": [12.80335, -6.123, 1.24815],
							"rotation": [0, 0, -22.5],
							"uv": {
								"north": {"uv": [10, 73], "uv_size": [3.5, 9]},
								"east": {"uv": [78, 79], "uv_size": [3, 9]},
								"south": {"uv": [15, 73], "uv_size": [3.5, 9]},
								"west": {"uv": [42, 80], "uv_size": [3, 9]},
								"up": {"uv": [28, 96], "uv_size": [3.5, 3]},
								"down": {"uv": [33, 99], "uv_size": [3.5, -3]}
							}
						},
						{
							"origin": [17.49307, 12.72656, -0.30143],
							"size": [3.59375, 1.91224, 3.24988],
							"uv": {
								"north": {"uv": [74, 119], "uv_size": [3.5, 2]},
								"east": {"uv": [3, 122], "uv_size": [3, 2]},
								"south": {"uv": [119, 78], "uv_size": [3.5, 2]},
								"west": {"uv": [7, 122], "uv_size": [3, 2]},
								"up": {"uv": [81, 96], "uv_size": [3.5, 3]},
								"down": {"uv": [86, 99], "uv_size": [3.5, -3]}
							}
						},
						{
							"origin": [17.49307, 14.83663, -0.30143],
							"size": [3.59375, 2.36442, 3.24988],
							"uv": {
								"north": {"uv": [114, 111], "uv_size": [3.5, 2.5]},
								"east": {"uv": [117, 117], "uv_size": [3, 2.5]},
								"south": {"uv": [57, 115], "uv_size": [3.5, 2.5]},
								"west": {"uv": [0, 118], "uv_size": [3, 2.5]},
								"up": {"uv": [96, 95], "uv_size": [3.5, 3]},
								"down": {"uv": [10, 100], "uv_size": [3.5, -3]}
							}
						}
					]
				},
				{
					"name": "group4",
					"parent": "group2",
					"pivot": [-9.34684, 5.9206, 1.32351],
					"cubes": [
						{
							"origin": [-2.23376, 14.50922, -0.30143],
							"size": [1.00796, 2.84014, 3.24988],
							"pivot": [-15.16567, 1.1989, 1.32351],
							"rotation": [0, 0, -22.5],
							"uv": {
								"north": {"uv": [128, 126], "uv_size": [1, 3]},
								"east": {"uv": [60, 102], "uv_size": [3, 3]},
								"south": {"uv": [4, 129], "uv_size": [1, 3]},
								"west": {"uv": [64, 102], "uv_size": [3, 3]},
								"up": {"uv": [6, 129], "uv_size": [1, 3]},
								"down": {"uv": [23, 132], "uv_size": [1, -3]}
							}
						},
						{
							"origin": [-13.57595, 20.2219, -0.30143],
							"size": [2.23726, 1.46011, 3.24988],
							"inflate": 0.004,
							"pivot": [-11.60684, 6.29552, 1.32351],
							"rotation": [0, 0, 22.5],
							"uv": {
								"north": {"uv": [25, 129], "uv_size": [2, 1.5]},
								"east": {"uv": [60, 124], "uv_size": [3, 1.5]},
								"south": {"uv": [28, 129], "uv_size": [2, 1.5]},
								"west": {"uv": [64, 124], "uv_size": [3, 1.5]},
								"up": {"uv": [11, 122], "uv_size": [2, 3]},
								"down": {"uv": [14, 125], "uv_size": [2, -3]}
							}
						},
						{
							"origin": [-2.51088, 15.49281, -0.30143],
							"size": [1.18222, 2.36442, 3.24988],
							"pivot": [-12.35968, 5.40758, 1.32351],
							"rotation": [0, 0, -22.5],
							"uv": {
								"north": {"uv": [89, 130], "uv_size": [1, 2.5]},
								"east": {"uv": [118, 2], "uv_size": [3, 2.5]},
								"south": {"uv": [104, 130], "uv_size": [1, 2.5]},
								"west": {"uv": [4, 118], "uv_size": [3, 2.5]},
								"up": {"uv": [31, 129], "uv_size": [1, 3]},
								"down": {"uv": [42, 132], "uv_size": [1, -3]}
							}
						},
						{
							"origin": [-8.50454, 18.54376, -0.30143],
							"size": [1.48365, 2.36442, 3.24988],
							"inflate": 0.004,
							"uv": {
								"north": {"uv": [88, 126], "uv_size": [1.5, 2.5]},
								"east": {"uv": [8, 118], "uv_size": [3, 2.5]},
								"south": {"uv": [104, 126], "uv_size": [1.5, 2.5]},
								"west": {"uv": [12, 118], "uv_size": [3, 2.5]},
								"up": {"uv": [68, 124], "uv_size": [1.5, 3]},
								"down": {"uv": [124, 72], "uv_size": [1.5, -3]}
							}
						},
						{
							"origin": [-4.22122, 15.0137, -0.30143],
							"size": [1.76154, 1.63438, 3.24988],
							"pivot": [-14.73583, 4.07406, 1.32351],
							"rotation": [0, 0, -22.5],
							"uv": {
								"north": {"uv": [44, 129], "uv_size": [2, 1.5]},
								"east": {"uv": [71, 124], "uv_size": [3, 1.5]},
								"south": {"uv": [129, 45], "uv_size": [2, 1.5]},
								"west": {"uv": [124, 73], "uv_size": [3, 1.5]},
								"up": {"uv": [17, 122], "uv_size": [2, 3]},
								"down": {"uv": [20, 125], "uv_size": [2, -3]}
							}
						},
						{
							"origin": [-12.56315, 13.47792, -0.30143],
							"size": [3.44302, 7.94105, 3.24988],
							"inflate": 0.004,
							"uv": {
								"north": {"uv": [32, 79], "uv_size": [3.5, 8]},
								"east": {"uv": [46, 80], "uv_size": [3, 8]},
								"south": {"uv": [37, 79], "uv_size": [3.5, 8]},
								"west": {"uv": [50, 80], "uv_size": [3, 8]},
								"up": {"uv": [38, 97], "uv_size": [3.5, 3]},
								"down": {"uv": [43, 100], "uv_size": [3.5, -3]}
							}
						},
						{
							"origin": [-12.111, 19.35599, -0.45215],
							"size": [2.84014, 0.40507, 3.55134],
							"uv": {
								"north": {"uv": [133, 28], "uv_size": [3, 0.5]},
								"east": {"uv": [132, 69], "uv_size": [3.5, 0.5]},
								"south": {"uv": [133, 37], "uv_size": [3, 0.5]},
								"west": {"uv": [70, 132], "uv_size": [3.5, 0.5]},
								"up": {"uv": [48, 97], "uv_size": [3, 3.5]},
								"down": {"uv": [52, 100.5], "uv_size": [3, -3.5]}
							}
						},
						{
							"origin": [-12.111, 18.15022, -0.45215],
							"size": [2.84014, 0.40507, 3.55134],
							"uv": {
								"north": {"uv": [133, 53], "uv_size": [3, 0.5]},
								"east": {"uv": [132, 71], "uv_size": [3.5, 0.5]},
								"south": {"uv": [59, 133], "uv_size": [3, 0.5]},
								"west": {"uv": [132, 110], "uv_size": [3.5, 0.5]},
								"up": {"uv": [56, 97], "uv_size": [3, 3.5]},
								"down": {"uv": [60, 100.5], "uv_size": [3, -3.5]}
							}
						},
						{
							"origin": [-12.111, 16.94446, -0.45215],
							"size": [2.84014, 0.40507, 3.55134],
							"uv": {
								"north": {"uv": [75, 133], "uv_size": [3, 0.5]},
								"east": {"uv": [118, 132], "uv_size": [3.5, 0.5]},
								"south": {"uv": [133, 75], "uv_size": [3, 0.5]},
								"west": {"uv": [132, 123], "uv_size": [3.5, 0.5]},
								"up": {"uv": [64, 97], "uv_size": [3, 3.5]},
								"down": {"uv": [68, 100.5], "uv_size": [3, -3.5]}
							}
						},
						{
							"origin": [-12.111, 15.73872, -0.45215],
							"size": [2.84014, 0.40505, 3.55134],
							"uv": {
								"north": {"uv": [133, 88], "uv_size": [3, 0.5]},
								"east": {"uv": [128, 132], "uv_size": [3.5, 0.5]},
								"south": {"uv": [133, 90], "uv_size": [3, 0.5]},
								"west": {"uv": [3, 133], "uv_size": [3.5, 0.5]},
								"up": {"uv": [72, 97], "uv_size": [3, 3.5]},
								"down": {"uv": [76, 101.5], "uv_size": [3, -3.5]}
							}
						},
						{
							"origin": [-16.32255, 17.25031, -0.30143],
							"size": [1.63438, 1.76154, 3.24988],
							"pivot": [-13.11326, 3.59894, 1.32351],
							"rotation": [0, 0, 22.5],
							"uv": {
								"north": {"uv": [129, 48], "uv_size": [1.5, 2]},
								"east": {"uv": [122, 21], "uv_size": [3, 2]},
								"south": {"uv": [56, 129], "uv_size": [1.5, 2]},
								"west": {"uv": [23, 122], "uv_size": [3, 2]},
								"up": {"uv": [98, 124], "uv_size": [1.5, 3]},
								"down": {"uv": [101, 127], "uv_size": [1.5, -3]}
							}
						},
						{
							"origin": [-5.64221, 11.59324, -0.30143],
							"size": [1.63438, 2.36442, 3.24988],
							"pivot": [-13.11326, 1.03671, 1.32351],
							"rotation": [0, 0, -22.5],
							"uv": {
								"north": {"uv": [107, 126], "uv_size": [1.5, 2.5]},
								"east": {"uv": [16, 118], "uv_size": [3, 2.5]},
								"south": {"uv": [113, 126], "uv_size": [1.5, 2.5]},
								"west": {"uv": [20, 118], "uv_size": [3, 2.5]},
								"up": {"uv": [110, 124], "uv_size": [1.5, 3]},
								"down": {"uv": [124, 114], "uv_size": [1.5, -3]}
							}
						},
						{
							"origin": [-18.1973, 14.14908, -0.30143],
							"size": [1.00796, 2.38799, 3.24988],
							"pivot": [-15.16567, 1.1989, 1.32351],
							"rotation": [0, 0, 22.5],
							"uv": {
								"north": {"uv": [106, 130], "uv_size": [1, 2.5]},
								"east": {"uv": [24, 118], "uv_size": [3, 2.5]},
								"south": {"uv": [108, 130], "uv_size": [1, 2.5]},
								"west": {"uv": [28, 118], "uv_size": [3, 2.5]},
								"up": {"uv": [59, 129], "uv_size": [1, 3]},
								"down": {"uv": [129, 63], "uv_size": [1, -3]}
							}
						},
						{
							"origin": [-13.16603, 13.47792, -0.30143],
							"size": [4.49806, 0.8572, 3.24988],
							"uv": {
								"north": {"uv": [0, 84], "uv_size": [4.5, 1]},
								"east": {"uv": [129, 37], "uv_size": [3, 1]},
								"south": {"uv": [23, 84], "uv_size": [4.5, 1]},
								"west": {"uv": [61, 129], "uv_size": [3, 1]},
								"up": {"uv": [72, 89], "uv_size": [4.5, 3]},
								"down": {"uv": [78, 92], "uv_size": [4.5, -3]}
							}
						},
						{
							"origin": [-9.25815, 19.4481, -0.30143],
							"size": [2.23726, 2.21369, 3.24988],
							"inflate": 0.004,
							"uv": {
								"north": {"uv": [43, 90], "uv_size": [2, 2]},
								"east": {"uv": [27, 122], "uv_size": [3, 2]},
								"south": {"uv": [81, 93], "uv_size": [2, 2]},
								"west": {"uv": [31, 122], "uv_size": [3, 2]},
								"up": {"uv": [35, 122], "uv_size": [2, 3]},
								"down": {"uv": [38, 125], "uv_size": [2, -3]}
							}
						},
						{
							"origin": [-7.78314, 20.41327, -0.30143],
							"size": [2.38799, 0.7277, 3.24988],
							"uv": {
								"north": {"uv": [133, 101], "uv_size": [2.5, 0.5]},
								"east": {"uv": [91, 133], "uv_size": [3, 0.5]},
								"south": {"uv": [133, 132], "uv_size": [2.5, 0.5]},
								"west": {"uv": [133, 92], "uv_size": [3, 0.5]},
								"up": {"uv": [32, 118], "uv_size": [2.5, 3]},
								"down": {"uv": [36, 121], "uv_size": [2.5, -3]}
							}
						}
					]
				},
				{
					"name": "group5",
					"parent": "group2",
					"pivot": [-27.65933, 9.10266, 1.46059],
					"cubes": [
						{
							"origin": [-29.68228, 19.83675, 1.03197],
							"size": [11.88334, 1.74269, 0.55578],
							"uv": {
								"north": {"uv": [10, 83], "uv_size": [12, 1.5]},
								"east": {"uv": [57, 136], "uv_size": [0.5, 1.5]},
								"south": {"uv": [83, 42], "uv_size": [12, 1.5]},
								"west": {"uv": [136, 57], "uv_size": [0.5, 1.5]},
								"up": {"uv": [120, 101], "uv_size": [12, 0.5]},
								"down": {"uv": [122, 10.5], "uv_size": [12, -0.5]}
							}
						},
						{
							"origin": [-29.73645, 18.98658, 0.88124],
							"size": [0.68766, 2.84014, 0.85723],
							"uv": {
								"north": {"uv": [31, 133], "uv_size": [0.5, 3]},
								"east": {"uv": [129, 84], "uv_size": [1, 3]},
								"south": {"uv": [35, 133], "uv_size": [0.5, 3]},
								"west": {"uv": [91, 129], "uv_size": [1, 3]},
								"up": {"uv": [49, 137], "uv_size": [0.5, 1]},
								"down": {"uv": [137, 53], "uv_size": [0.5, -1]}
							}
						},
						{
							"origin": [-26.47141, 14.91941, 0.88124],
							"size": [0.68766, 2.84014, 0.85723],
							"pivot": [-37.45613, 8.95193, 1.30986],
							"rotation": [0, 0, -22.5],
							"uv": {
								"north": {"uv": [41, 133], "uv_size": [0.5, 3]},
								"east": {"uv": [93, 129], "uv_size": [1, 3]},
								"south": {"uv": [63, 133], "uv_size": [0.5, 3]},
								"west": {"uv": [8, 130], "uv_size": [1, 3]},
								"up": {"uv": [55, 137], "uv_size": [0.5, 1]},
								"down": {"uv": [137, 61], "uv_size": [0.5, -1]}
							}
						}
					]
				},
				{
					"name": "group6",
					"parent": "group5",
					"pivot": [-27.65933, 9.10266, 1.46059],
					"cubes": [
						{
							"origin": [-36.01252, 22.70043, 1.03197],
							"size": [18.21358, 0.2355, 0.55578],
							"uv": {
								"north": {"uv": [103, 10], "uv_size": [18, 0.5]},
								"east": {"uv": [95, 138], "uv_size": [0.5, 0.5]},
								"south": {"uv": [103, 39], "uv_size": [18, 0.5]},
								"west": {"uv": [97, 138], "uv_size": [0.5, 0.5]},
								"up": {"uv": [68, 103], "uv_size": [18, 0.5]},
								"down": {"uv": [87, 103.5], "uv_size": [18, -0.5]}
							}
						},
						{
							"origin": [-36.01252, 21.63933, 0.18543],
							"size": [18.21358, 0.55578, 0.2355],
							"uv": {
								"north": {"uv": [0, 104], "uv_size": [18, 0.5]},
								"east": {"uv": [138, 102], "uv_size": [0.5, 0.5]},
								"south": {"uv": [19, 104], "uv_size": [18, 0.5]},
								"west": {"uv": [138, 111], "uv_size": [0.5, 0.5]},
								"up": {"uv": [104, 32], "uv_size": [18, 0.5]},
								"down": {"uv": [104, 34.5], "uv_size": [18, -0.5]}
							}
						},
						{
							"origin": [-36.01252, 20.31519, 5.16844],
							"size": [18.21358, 0.55578, 0.2355],
							"pivot": [-23.25076, 8.88231, 0.52742],
							"rotation": [22.5, 0, 0],
							"uv": {
								"north": {"uv": [38, 104], "uv_size": [18, 0.5]},
								"east": {"uv": [138, 113], "uv_size": [0.5, 0.5]},
								"south": {"uv": [104, 47], "uv_size": [18, 0.5]},
								"west": {"uv": [138, 115], "uv_size": [0.5, 0.5]},
								"up": {"uv": [104, 49], "uv_size": [18, 0.5]},
								"down": {"uv": [68, 105.5], "uv_size": [18, -0.5]}
							}
						},
						{
							"origin": [-36.01252, 21.31259, -4.78543],
							"size": [18.21358, 0.55578, 0.2355],
							"pivot": [-27.65933, 9.10603, -0.29971],
							"rotation": [-22.5, 0, 0],
							"uv": {
								"north": {"uv": [87, 105], "uv_size": [18, 0.5]},
								"east": {"uv": [138, 117], "uv_size": [0.5, 0.5]},
								"south": {"uv": [0, 106], "uv_size": [18, 0.5]},
								"west": {"uv": [138, 119], "uv_size": [0.5, 0.5]},
								"up": {"uv": [19, 106], "uv_size": [18, 0.5]},
								"down": {"uv": [38, 106.5], "uv_size": [18, -0.5]}
							}
						},
						{
							"origin": [-36.01252, 21.20886, 5.42661],
							"size": [18.21358, 0.2355, 0.5558],
							"pivot": [-27.65933, 9.70891, -0.14898],
							"rotation": [22.5, 0, 0],
							"uv": {
								"north": {"uv": [106, 103], "uv_size": [18, 0.5]},
								"east": {"uv": [123, 138], "uv_size": [0.5, 0.5]},
								"south": {"uv": [106, 105], "uv_size": [18, 0.5]},
								"west": {"uv": [138, 124], "uv_size": [0.5, 0.5]},
								"up": {"uv": [57, 107], "uv_size": [18, 0.5]},
								"down": {"uv": [76, 107.5], "uv_size": [18, -0.5]}
							}
						},
						{
							"origin": [-36.01252, 21.69192, -3.37437],
							"size": [18.21358, 0.25435, 0.53693],
							"pivot": [-27.65933, 10.15769, 1.46059],
							"rotation": [-22.5, 0, 0],
							"uv": {
								"north": {"uv": [95, 107], "uv_size": [18, 0.5]},
								"east": {"uv": [138, 126], "uv_size": [0.5, 0.5]},
								"south": {"uv": [0, 108], "uv_size": [18, 0.5]},
								"west": {"uv": [127, 138], "uv_size": [0.5, 0.5]},
								"up": {"uv": [19, 108], "uv_size": [18, 0.5]},
								"down": {"uv": [38, 108.5], "uv_size": [18, -0.5]}
							}
						},
						{
							"origin": [-36.01252, 20.88018, 6.85072],
							"size": [18.21358, 0.53693, 0.25435],
							"pivot": [-27.65933, 9.40411, 1.61129],
							"rotation": [22.5, 0, 0],
							"uv": {
								"north": {"uv": [57, 109], "uv_size": [18, 0.5]},
								"east": {"uv": [129, 138], "uv_size": [0.5, 0.5]},
								"south": {"uv": [76, 109], "uv_size": [18, 0.5]},
								"west": {"uv": [131, 138], "uv_size": [0.5, 0.5]},
								"up": {"uv": [95, 109], "uv_size": [18, 0.5]},
								"down": {"uv": [0, 110.5], "uv_size": [18, -0.5]}
							}
						},
						{
							"origin": [-36.01252, 21.64537, 2.08701],
							"size": [18.21358, 0.53695, 0.25435],
							"uv": {
								"north": {"uv": [19, 110], "uv_size": [18, 0.5]},
								"east": {"uv": [135, 138], "uv_size": [0.5, 0.5]},
								"south": {"uv": [38, 110], "uv_size": [18, 0.5]},
								"west": {"uv": [139, 0], "uv_size": [0.5, 0.5]},
								"up": {"uv": [110, 61], "uv_size": [18, 0.5]},
								"down": {"uv": [110, 63.5], "uv_size": [18, -0.5]}
							}
						},
						{
							"origin": [-36.01252, 20.53142, -2.84126],
							"size": [18.21358, 0.55578, 0.23548],
							"pivot": [-27.65933, 9.10266, 1.46059],
							"rotation": [-22.5, 0, 0],
							"uv": {
								"north": {"uv": [110, 76], "uv_size": [18, 0.5]},
								"east": {"uv": [2, 139], "uv_size": [0.5, 0.5]},
								"south": {"uv": [110, 89], "uv_size": [18, 0.5]},
								"west": {"uv": [139, 2], "uv_size": [0.5, 0.5]},
								"up": {"uv": [57, 111], "uv_size": [18, 0.5]},
								"down": {"uv": [76, 111.5], "uv_size": [18, -0.5]}
							}
						},
						{
							"origin": [-36.01252, 19.76715, 6.08723],
							"size": [18.21358, 0.23548, 0.55578],
							"pivot": [-27.65933, 8.80123, 0.8577],
							"rotation": [22.5, 0, 0],
							"uv": {
								"north": {"uv": [95, 111], "uv_size": [18, 0.5]},
								"east": {"uv": [139, 4], "uv_size": [0.5, 0.5]},
								"south": {"uv": [0, 112], "uv_size": [18, 0.5]},
								"west": {"uv": [139, 6], "uv_size": [0.5, 0.5]},
								"up": {"uv": [19, 112], "uv_size": [18, 0.5]},
								"down": {"uv": [38, 112.5], "uv_size": [18, -0.5]}
							}
						},
						{
							"origin": [-36.01252, 20.07879, -4.41588],
							"size": [18.21358, 0.2355, 0.55578],
							"pivot": [-27.65933, 8.34905, 0.70698],
							"rotation": [-22.5, 0, 0],
							"uv": {
								"north": {"uv": [57, 113], "uv_size": [18, 0.5]},
								"east": {"uv": [139, 8], "uv_size": [0.5, 0.5]},
								"south": {"uv": [76, 113], "uv_size": [18, 0.5]},
								"west": {"uv": [139, 10], "uv_size": [0.5, 0.5]},
								"up": {"uv": [95, 113], "uv_size": [18, 0.5]},
								"down": {"uv": [0, 114.5], "uv_size": [18, -0.5]}
							}
						},
						{
							"origin": [-36.01252, 20.89178, 1.03197],
							"size": [18.21358, 0.2355, 0.55578],
							"uv": {
								"north": {"uv": [19, 114], "uv_size": [18, 0.5]},
								"east": {"uv": [139, 12], "uv_size": [0.5, 0.5]},
								"south": {"uv": [114, 19], "uv_size": [18, 0.5]},
								"west": {"uv": [139, 14], "uv_size": [0.5, 0.5]},
								"up": {"uv": [38, 114], "uv_size": [18, 0.5]},
								"down": {"uv": [114, 54.5], "uv_size": [18, -0.5]}
							}
						}
					]
				},
				{
					"name": "group7",
					"parent": "group5",
					"pivot": [-27.65933, 9.10266, 1.46059],
					"cubes": [
						{
							"origin": [-33.21242, 22.5497, 0.88124],
							"size": [0.64292, 1.29054, 0.85723],
							"uv": {
								"north": {"uv": [65, 136], "uv_size": [0.5, 1.5]},
								"east": {"uv": [79, 133], "uv_size": [1, 1.5]},
								"south": {"uv": [136, 66], "uv_size": [0.5, 1.5]},
								"west": {"uv": [97, 133], "uv_size": [1, 1.5]},
								"up": {"uv": [137, 62], "uv_size": [0.5, 1]},
								"down": {"uv": [63, 138], "uv_size": [0.5, -1]}
							}
						},
						{
							"origin": [-35.47322, 22.39897, 0.88124],
							"size": [4.41091, 0.68766, 0.85723],
							"uv": {
								"north": {"uv": [130, 78], "uv_size": [4.5, 0.5]},
								"east": {"uv": [137, 64], "uv_size": [1, 0.5]},
								"south": {"uv": [130, 115], "uv_size": [4.5, 0.5]},
								"west": {"uv": [69, 137], "uv_size": [1, 0.5]},
								"up": {"uv": [18, 92], "uv_size": [4.5, 1]},
								"down": {"uv": [31, 93], "uv_size": [4.5, -1]}
							}
						},
						{
							"origin": [-33.21242, 23.60474, 0.42909],
							"size": [0.64292, 0.2355, 1.76154],
							"uv": {
								"north": {"uv": [139, 16], "uv_size": [0.5, 0.5]},
								"east": {"uv": [127, 134], "uv_size": [2, 0.5]},
								"south": {"uv": [139, 18], "uv_size": [0.5, 0.5]},
								"west": {"uv": [130, 134], "uv_size": [2, 0.5]},
								"up": {"uv": [121, 134], "uv_size": [0.5, 2]},
								"down": {"uv": [133, 136], "uv_size": [0.5, -2]}
							}
						},
						{
							"origin": [-33.21242, 25.26266, 0.42909],
							"size": [0.64292, 0.2355, 1.76154],
							"uv": {
								"north": {"uv": [139, 20], "uv_size": [0.5, 0.5]},
								"east": {"uv": [134, 130], "uv_size": [2, 0.5]},
								"south": {"uv": [22, 139], "uv_size": [0.5, 0.5]},
								"west": {"uv": [2, 135], "uv_size": [2, 0.5]},
								"up": {"uv": [5, 135], "uv_size": [0.5, 2]},
								"down": {"uv": [135, 11], "uv_size": [0.5, -2]}
							}
						},
						{
							"origin": [-33.21242, 23.74603, 1.94572],
							"size": [0.64292, 1.76154, 0.2355],
							"uv": {
								"north": {"uv": [10, 135], "uv_size": [0.5, 2]},
								"east": {"uv": [12, 135], "uv_size": [0.5, 2]},
								"south": {"uv": [14, 135], "uv_size": [0.5, 2]},
								"west": {"uv": [16, 135], "uv_size": [0.5, 2]},
								"up": {"uv": [139, 22], "uv_size": [0.5, 0.5]},
								"down": {"uv": [139, 24.5], "uv_size": [0.5, -0.5]}
							}
						},
						{
							"origin": [-33.21242, 23.74603, 0.4385],
							"size": [0.64292, 1.76154, 0.2355],
							"uv": {
								"north": {"uv": [18, 135], "uv_size": [0.5, 2]},
								"east": {"uv": [20, 135], "uv_size": [0.5, 2]},
								"south": {"uv": [135, 25], "uv_size": [0.5, 2]},
								"west": {"uv": [59, 135], "uv_size": [0.5, 2]},
								"up": {"uv": [139, 26], "uv_size": [0.5, 0.5]},
								"down": {"uv": [139, 28.5], "uv_size": [0.5, -0.5]}
							}
						},
						{
							"origin": [-33.21242, 22.85113, 1.1827],
							"size": [0.64292, 1.89342, 0.25432],
							"uv": {
								"north": {"uv": [61, 135], "uv_size": [0.5, 2]},
								"east": {"uv": [74, 135], "uv_size": [0.5, 2]},
								"south": {"uv": [76, 135], "uv_size": [0.5, 2]},
								"west": {"uv": [91, 135], "uv_size": [0.5, 2]},
								"up": {"uv": [30, 139], "uv_size": [0.5, 0.5]},
								"down": {"uv": [139, 30.5], "uv_size": [0.5, -0.5]}
							}
						},
						{
							"origin": [-35.47322, 21.4886, 0.0347],
							"size": [4.41091, 0.85723, 0.53695],
							"uv": {
								"north": {"uv": [0, 100], "uv_size": [4.5, 1]},
								"east": {"uv": [137, 69], "uv_size": [0.5, 1]},
								"south": {"uv": [123, 37], "uv_size": [4.5, 1]},
								"west": {"uv": [71, 137], "uv_size": [0.5, 1]},
								"up": {"uv": [130, 126], "uv_size": [4.5, 0.5]},
								"down": {"uv": [128, 130.5], "uv_size": [4.5, -0.5]}
							}
						},
						{
							"origin": [-35.47322, 20.16446, 5.01771],
							"size": [4.41091, 0.85723, 0.53695],
							"pivot": [-23.25076, 8.88231, 0.52742],
							"rotation": [22.5, 0, 0],
							"uv": {
								"north": {"uv": [124, 78], "uv_size": [4.5, 1]},
								"east": {"uv": [137, 71], "uv_size": [0.5, 1]},
								"south": {"uv": [113, 124], "uv_size": [4.5, 1]},
								"west": {"uv": [137, 73], "uv_size": [0.5, 1]},
								"up": {"uv": [130, 128], "uv_size": [4.5, 0.5]},
								"down": {"uv": [131, 0.5], "uv_size": [4.5, -0.5]}
							}
						},
						{
							"origin": [-35.47322, 21.16186, -4.93616],
							"size": [4.41091, 0.85723, 0.53695],
							"pivot": [-27.65933, 9.10603, -0.29971],
							"rotation": [-22.5, 0, 0],
							"uv": {
								"north": {"uv": [119, 124], "uv_size": [4.5, 1]},
								"east": {"uv": [137, 75], "uv_size": [0.5, 1]},
								"south": {"uv": [125, 0], "uv_size": [4.5, 1]},
								"west": {"uv": [137, 80], "uv_size": [0.5, 1]},
								"up": {"uv": [131, 2], "uv_size": [4.5, 0.5]},
								"down": {"uv": [131, 7.5], "uv_size": [4.5, -0.5]}
							}
						},
						{
							"origin": [-35.47322, 21.05814, 5.27591],
							"size": [4.41091, 0.53695, 0.8572],
							"pivot": [-27.65933, 9.70891, -0.14898],
							"rotation": [22.5, 0, 0],
							"uv": {
								"north": {"uv": [10, 131], "uv_size": [4.5, 0.5]},
								"east": {"uv": [137, 82], "uv_size": [1, 0.5]},
								"south": {"uv": [16, 131], "uv_size": [4.5, 0.5]},
								"west": {"uv": [137, 84], "uv_size": [1, 0.5]},
								"up": {"uv": [125, 2], "uv_size": [4.5, 1]},
								"down": {"uv": [3, 126], "uv_size": [4.5, -1]}
							}
						},
						{
							"origin": [-35.47322, 21.5412, -3.5251],
							"size": [4.41091, 0.55578, 0.83838],
							"pivot": [-27.65933, 10.15769, 1.46059],
							"rotation": [-22.5, 0, 0],
							"uv": {
								"north": {"uv": [131, 16], "uv_size": [4.5, 0.5]},
								"east": {"uv": [86, 137], "uv_size": [1, 0.5]},
								"south": {"uv": [131, 21], "uv_size": [4.5, 0.5]},
								"west": {"uv": [137, 86], "uv_size": [1, 0.5]},
								"up": {"uv": [125, 16], "uv_size": [4.5, 1]},
								"down": {"uv": [23, 126], "uv_size": [4.5, -1]}
							}
						},
						{
							"origin": [-35.47322, 20.72945, 6.70002],
							"size": [4.41091, 0.83838, 0.55578],
							"pivot": [-27.65933, 9.40411, 1.61129],
							"rotation": [22.5, 0, 0],
							"uv": {
								"north": {"uv": [29, 125], "uv_size": [4.5, 1]},
								"east": {"uv": [88, 137], "uv_size": [0.5, 1]},
								"south": {"uv": [125, 80], "uv_size": [4.5, 1]},
								"west": {"uv": [137, 88], "uv_size": [0.5, 1]},
								"up": {"uv": [131, 60], "uv_size": [4.5, 0.5]},
								"down": {"uv": [131, 62.5], "uv_size": [4.5, -0.5]}
							}
						},
						{
							"origin": [-35.47322, 21.49467, 1.93628],
							"size": [4.41091, 0.83838, 0.55578],
							"uv": {
								"north": {"uv": [125, 82], "uv_size": [4.5, 1]},
								"east": {"uv": [137, 90], "uv_size": [0.5, 1]},
								"south": {"uv": [125, 95], "uv_size": [4.5, 1]},
								"west": {"uv": [137, 92], "uv_size": [0.5, 1]},
								"up": {"uv": [131, 64], "uv_size": [4.5, 0.5]},
								"down": {"uv": [131, 73.5], "uv_size": [4.5, -0.5]}
							}
						},
						{
							"origin": [-35.47322, 20.38072, -2.99199],
							"size": [4.41091, 0.8572, 0.53693],
							"pivot": [-27.65933, 9.10266, 1.46059],
							"rotation": [-22.5, 0, 0],
							"uv": {
								"north": {"uv": [125, 97], "uv_size": [4.5, 1]},
								"east": {"uv": [93, 137], "uv_size": [0.5, 1]},
								"south": {"uv": [125, 103], "uv_size": [4.5, 1]},
								"west": {"uv": [137, 94], "uv_size": [0.5, 1]},
								"up": {"uv": [75, 131], "uv_size": [4.5, 0.5]},
								"down": {"uv": [131, 80.5], "uv_size": [4.5, -0.5]}
							}
						},
						{
							"origin": [-35.47322, 19.61642, 5.9365],
							"size": [4.41091, 0.53693, 0.85723],
							"pivot": [-27.65933, 8.80123, 0.8577],
							"rotation": [22.5, 0, 0],
							"uv": {
								"north": {"uv": [131, 82], "uv_size": [4.5, 0.5]},
								"east": {"uv": [137, 96], "uv_size": [1, 0.5]},
								"south": {"uv": [131, 84], "uv_size": [4.5, 0.5]},
								"west": {"uv": [137, 98], "uv_size": [1, 0.5]},
								"up": {"uv": [125, 105], "uv_size": [4.5, 1]},
								"down": {"uv": [125, 108], "uv_size": [4.5, -1]}
							}
						},
						{
							"origin": [-35.47322, 19.92806, -4.56661],
							"size": [4.41091, 0.53695, 0.85723],
							"pivot": [-27.65933, 8.34905, 0.70698],
							"rotation": [-22.5, 0, 0],
							"uv": {
								"north": {"uv": [131, 86], "uv_size": [4.5, 0.5]},
								"east": {"uv": [99, 137], "uv_size": [1, 0.5]},
								"south": {"uv": [131, 95], "uv_size": [4.5, 0.5]},
								"west": {"uv": [137, 100], "uv_size": [1, 0.5]},
								"up": {"uv": [125, 109], "uv_size": [4.5, 1]},
								"down": {"uv": [125, 118], "uv_size": [4.5, -1]}
							}
						},
						{
							"origin": [-35.47322, 20.74106, 0.88124],
							"size": [4.41091, 0.53695, 0.85723],
							"uv": {
								"north": {"uv": [131, 97], "uv_size": [4.5, 0.5]},
								"east": {"uv": [101, 137], "uv_size": [1, 0.5]},
								"south": {"uv": [98, 131], "uv_size": [4.5, 0.5]},
								"west": {"uv": [103, 137], "uv_size": [1, 0.5]},
								"up": {"uv": [125, 119], "uv_size": [4.5, 1]},
								"down": {"uv": [125, 122], "uv_size": [4.5, -1]}
							}
						}
					]
				},
				{
					"name": "group8",
					"parent": "group2",
					"pivot": [0.82675, 10.83322, 1.28784],
					"cubes": [
						{
							"origin": [-19.43332, 19.84821, 0.2207],
							"size": [18.96716, 2.64703, 1.76154],
							"uv": {
								"north": {"uv": [62, 23], "uv_size": [19, 2.5]},
								"east": {"uv": [53, 122], "uv_size": [2, 2.5]},
								"south": {"uv": [63, 0], "uv_size": [19, 2.5]},
								"west": {"uv": [76, 122], "uv_size": [2, 2.5]},
								"up": {"uv": [65, 68], "uv_size": [19, 2]},
								"down": {"uv": [68, 67], "uv_size": [19, -2]}
							}
						},
						{
							"origin": [-19.43332, 18.89567, -4.41745],
							"size": [18.96716, 2.647, 1.76154],
							"pivot": [-23.25076, 8.88231, 0.67814],
							"rotation": [-22.5, 0, 0],
							"uv": {
								"north": {"uv": [63, 4], "uv_size": [19, 2.5]},
								"east": {"uv": [79, 122], "uv_size": [2, 2.5]},
								"south": {"uv": [63, 8], "uv_size": [19, 2.5]},
								"west": {"uv": [82, 122], "uv_size": [2, 2.5]},
								"up": {"uv": [0, 70], "uv_size": [19, 2]},
								"down": {"uv": [44, 73], "uv_size": [19, -2]}
							}
						},
						{
							"origin": [-19.43332, 16.44907, -8.04802],
							"size": [18.96716, 2.4963, 0.7065],
							"pivot": [-23.25076, 8.88231, 0.52742],
							"rotation": [-45, 0, 0],
							"uv": {
								"north": {"uv": [63, 40], "uv_size": [19, 2.5]},
								"east": {"uv": [0, 134], "uv_size": [0.5, 2.5]},
								"south": {"uv": [63, 44], "uv_size": [19, 2.5]},
								"west": {"uv": [8, 134], "uv_size": [0.5, 2.5]},
								"up": {"uv": [96, 99], "uv_size": [19, 0.5]},
								"down": {"uv": [15, 100.5], "uv_size": [19, -0.5]}
							}
						},
						{
							"origin": [-19.43332, 18.98376, 5.70132],
							"size": [18.96716, 0.68766, 0.55578],
							"pivot": [0.82675, 10.83322, 1.28784],
							"rotation": [22.5, 0, 0],
							"uv": {
								"north": {"uv": [100, 17], "uv_size": [19, 0.5]},
								"east": {"uv": [32, 139], "uv_size": [0.5, 0.5]},
								"south": {"uv": [100, 45], "uv_size": [19, 0.5]},
								"west": {"uv": [139, 32], "uv_size": [0.5, 0.5]},
								"up": {"uv": [80, 101], "uv_size": [19, 0.5]},
								"down": {"uv": [101, 95.5], "uv_size": [19, -0.5]}
							}
						},
						{
							"origin": [-19.43332, 19.91608, -1.57908],
							"size": [18.96716, 0.55578, 0.53695],
							"pivot": [0.82675, 10.83322, 1.28784],
							"rotation": [-22.5, 0, 0],
							"uv": {
								"north": {"uv": [101, 97], "uv_size": [19, 0.5]},
								"east": {"uv": [34, 139], "uv_size": [0.5, 0.5]},
								"south": {"uv": [100, 101], "uv_size": [19, 0.5]},
								"west": {"uv": [139, 34], "uv_size": [0.5, 0.5]},
								"up": {"uv": [0, 102], "uv_size": [19, 0.5]},
								"down": {"uv": [20, 102.5], "uv_size": [19, -0.5]}
							}
						},
						{
							"origin": [-19.43332, 20.5924, 2.64163],
							"size": [18.96716, 1.00793, 0.2355],
							"uv": {
								"north": {"uv": [82, 23], "uv_size": [19, 1]},
								"east": {"uv": [105, 137], "uv_size": [0.5, 1]},
								"south": {"uv": [82, 25], "uv_size": [19, 1]},
								"west": {"uv": [137, 105], "uv_size": [0.5, 1]},
								"up": {"uv": [102, 22], "uv_size": [19, 0.5]},
								"down": {"uv": [102, 24.5], "uv_size": [19, -0.5]}
							}
						},
						{
							"origin": [-19.43332, 21.16688, -0.15073],
							"size": [30.57261, 1.61081, 3.09918],
							"inflate": 0.006,
							"uv": {
								"north": {"uv": [62, 27], "uv_size": [30.5, 1.5]},
								"east": {"uv": [125, 123], "uv_size": [3, 1.5]},
								"south": {"uv": [64, 52], "uv_size": [30.5, 1.5]},
								"west": {"uv": [126, 4], "uv_size": [3, 1.5]},
								"up": {"uv": [36, 12], "uv_size": [30.5, 3]},
								"down": {"uv": [36, 19], "uv_size": [30.5, -3]}
							}
						},
						{
							"origin": [-19.43332, 21.80104, -2.49066],
							"size": [30.57261, 0.53693, 0.55578],
							"pivot": [0.82675, 11.19581, 2.67998],
							"rotation": [-22.5, 0, 0],
							"uv": {
								"north": {"uv": [82, 85], "uv_size": [30.5, 0.5]},
								"east": {"uv": [139, 36], "uv_size": [0.5, 0.5]},
								"south": {"uv": [0, 86], "uv_size": [30.5, 0.5]},
								"west": {"uv": [38, 139], "uv_size": [0.5, 0.5]},
								"up": {"uv": [86, 37], "uv_size": [30.5, 0.5]},
								"down": {"uv": [87, 74.5], "uv_size": [30.5, -0.5]}
							}
						},
						{
							"origin": [-19.43332, 21.8254, 6.22597],
							"size": [30.57261, 0.55578, 1.13984],
							"inflate": 0.004,
							"pivot": [0.82675, 11.04508, 2.8307],
							"rotation": [22.5, 0, 0],
							"uv": {
								"north": {"uv": [87, 79], "uv_size": [30.5, 0.5]},
								"east": {"uv": [107, 137], "uv_size": [1, 0.5]},
								"south": {"uv": [87, 81], "uv_size": [30.5, 0.5]},
								"west": {"uv": [137, 107], "uv_size": [1, 0.5]},
								"up": {"uv": [68, 18], "uv_size": [30.5, 1]},
								"down": {"uv": [78, 62], "uv_size": [30.5, -1]}
							}
						},
						{
							"origin": [-19.43332, 22.38205, 0.44274],
							"size": [30.57261, 1.13981, 1.76154],
							"uv": {
								"north": {"uv": [78, 63], "uv_size": [30.5, 1]},
								"east": {"uv": [132, 26], "uv_size": [2, 1]},
								"south": {"uv": [78, 77], "uv_size": [30.5, 1]},
								"west": {"uv": [28, 132], "uv_size": [2, 1]},
								"up": {"uv": [58, 58], "uv_size": [30.5, 2]},
								"down": {"uv": [60, 32], "uv_size": [30.5, -2]}
							}
						},
						{
							"origin": [-19.43332, 21.65031, 4.58191],
							"size": [30.57261, 0.68766, 0.55578],
							"inflate": 0.004,
							"pivot": [0.82675, 11.19581, -0.03298],
							"rotation": [22.5, 0, 0],
							"uv": {
								"north": {"uv": [82, 87], "uv_size": [30.5, 0.5]},
								"east": {"uv": [139, 38], "uv_size": [0.5, 0.5]},
								"south": {"uv": [87, 83], "uv_size": [30.5, 0.5]},
								"west": {"uv": [40, 139], "uv_size": [0.5, 0.5]},
								"up": {"uv": [0, 88], "uv_size": [30.5, 0.5]},
								"down": {"uv": [88, 0.5], "uv_size": [30.5, -0.5]}
							}
						},
						{
							"origin": [-19.43332, 21.69826, -4.45365],
							"size": [24.99598, 0.55578, 0.53695],
							"pivot": [0.82675, 11.64796, 0.26848],
							"rotation": [-22.5, 0, 0],
							"uv": {
								"north": {"uv": [88, 20], "uv_size": [25, 0.5]},
								"east": {"uv": [42, 139], "uv_size": [0.5, 0.5]},
								"south": {"uv": [88, 55], "uv_size": [25, 0.5]},
								"west": {"uv": [44, 139], "uv_size": [0.5, 0.5]},
								"up": {"uv": [88, 65], "uv_size": [25, 0.5]},
								"down": {"uv": [89, 15.5], "uv_size": [25, -0.5]}
							}
						},
						{
							"origin": [-19.43332, 21.16688, -0.30143],
							"size": [24.99598, 1.61081, 0.23548],
							"uv": {
								"north": {"uv": [64, 71], "uv_size": [25, 1.5]},
								"east": {"uv": [67, 136], "uv_size": [0.5, 1.5]},
								"south": {"uv": [44, 74], "uv_size": [25, 1.5]},
								"west": {"uv": [136, 77], "uv_size": [0.5, 1.5]},
								"up": {"uv": [84, 89], "uv_size": [25, 0.5]},
								"down": {"uv": [0, 90.5], "uv_size": [25, -0.5]}
							}
						},
						{
							"origin": [-19.43332, 20.5924, -0.22205],
							"size": [18.96716, 1.00793, 2.94845],
							"uv": {
								"north": {"uv": [83, 6], "uv_size": [19, 1]},
								"east": {"uv": [129, 76], "uv_size": [3, 1]},
								"south": {"uv": [83, 8], "uv_size": [19, 1]},
								"west": {"uv": [129, 88], "uv_size": [3, 1]},
								"up": {"uv": [60, 33], "uv_size": [19, 3]},
								"down": {"uv": [58, 64], "uv_size": [19, -3]}
							}
						},
						{
							"origin": [-19.43332, 19.94339, 3.55194],
							"size": [18.96716, 0.55578, 1.13981],
							"pivot": [0.82675, 10.83322, 1.28784],
							"rotation": [22.5, 0, 0],
							"uv": {
								"north": {"uv": [40, 102], "uv_size": [19, 0.5]},
								"east": {"uv": [109, 137], "uv_size": [1, 0.5]},
								"south": {"uv": [102, 42], "uv_size": [19, 0.5]},
								"west": {"uv": [137, 109], "uv_size": [1, 0.5]},
								"up": {"uv": [83, 10], "uv_size": [19, 1]},
								"down": {"uv": [83, 41], "uv_size": [19, -1]}
							}
						},
						{
							"origin": [-19.43332, 18.87487, -3.55039],
							"size": [18.96716, 0.53695, 0.5558],
							"pivot": [0.82675, 10.83322, 1.28784],
							"rotation": [-22.5, 0, 0],
							"uv": {
								"north": {"uv": [102, 52], "uv_size": [19, 0.5]},
								"east": {"uv": [139, 44], "uv_size": [0.5, 0.5]},
								"south": {"uv": [102, 67], "uv_size": [19, 0.5]},
								"west": {"uv": [46, 139], "uv_size": [0.5, 0.5]},
								"up": {"uv": [103, 6], "uv_size": [19, 0.5]},
								"down": {"uv": [103, 8.5], "uv_size": [19, -0.5]}
							}
						}
					]
				},
				{
					"name": "crick",
					"parent": "group8",
					"pivot": [9.70981, 22.64112, 1.24815],
					"cubes": [
						{
							"origin": [8.75133, 22.22191, -2.11007],
							"size": [0.73004, 0.7065, 3.09918],
							"uv": {
								"north": {"uv": [139, 46], "uv_size": [0.5, 0.5]},
								"east": {"uv": [99, 133], "uv_size": [3, 0.5]},
								"south": {"uv": [48, 139], "uv_size": [0.5, 0.5]},
								"west": {"uv": [133, 99], "uv_size": [3, 0.5]},
								"up": {"uv": [133, 105], "uv_size": [0.5, 3]},
								"down": {"uv": [110, 136], "uv_size": [0.5, -3]}
							}
						},
						{
							"origin": [8.6006, 22.07119, -2.16007],
							"size": [1.0315, 1.00793, 0.58693],
							"uv": {
								"north": {"uv": [135, 14], "uv_size": [1, 1]},
								"east": {"uv": [111, 137], "uv_size": [0.5, 1]},
								"south": {"uv": [93, 135], "uv_size": [1, 1]},
								"west": {"uv": [113, 137], "uv_size": [0.5, 1]},
								"up": {"uv": [115, 137], "uv_size": [1, 0.5]},
								"down": {"uv": [117, 137.5], "uv_size": [1, -0.5]}
							}
						}
					]
				},
				{
					"name": "group",
					"parent": "group2",
					"pivot": [-0.9263, 8.8548, 0]
				},
				{
					"name": "bone",
					"parent": "main",
					"pivot": [19.0441, -11.1156, -19.9704]
				},
				{
					"name": "rightarm",
					"parent": "bone",
					"pivot": [-4.3, 8.8, 21.8],
					"rotation": [-101.81106, -12.40003, -2.46982],
					"cubes": [
						{"origin": [22.7, -19.2, 22.8], "size": [8, 24, 8], "pivot": [19.7, -9.2, 22.8], "rotation": [0, 0, 97.5], "uv": [32, 145]}
					]
				},
				{
					"name": "bone3",
					"parent": "bone",
					"pivot": [0.41044, 17.59185, -8.47084]
				},
				{
					"name": "chargeur",
					"parent": "bone3",
					"pivot": [-12.35968, 5.40758, 1.32351],
					"cubes": [
						{
							"origin": [-12.41243, 1.26959, 0.17192],
							"size": [2.99084, 15.77849, 2.30319],
							"uv": {
								"north": {"uv": [36, 62], "uv_size": [3, 16]},
								"east": {"uv": [24, 67], "uv_size": [2.5, 16]},
								"south": {"uv": [40, 62], "uv_size": [3, 16]},
								"west": {"uv": [28, 67], "uv_size": [2.5, 16]},
								"up": {"uv": [40, 118], "uv_size": [3, 2.5]},
								"down": {"uv": [44, 120.5], "uv_size": [3, -2.5]}
							}
						}
					]
				},
				{
					"name": "rr",
					"parent": "bone3",
					"pivot": [10.2, 2, 19.4],
					"rotation": [-118.95832, 6.70101, -29.35181]
				},
				{
					"name": "rr2",
					"parent": "bone",
					"pivot": [0.4104, 12.5993, -8.4708]
				},
				{
					"name": "leftarm",
					"parent": "bone",
					"pivot": [6.025, 2.725, -8.975],
					"rotation": [157.99648, -17.21908, -78.466],
					"cubes": [
						{"origin": [6.025, -19.275, -11.975], "size": [8, 24, 8], "uv": [0, 143]}
					]
				}
			]
		}
	]
}