{
	"format_version": "1.12.0",
	"minecraft:geometry": [
		{
			"description": {
				"identifier": "geometry.unknown",
				"texture_width": 420,
				"texture_height": 420,
				"visible_bounds_width": 11,
				"visible_bounds_height": 6,
				"visible_bounds_offset": [0, 1, 0]
			},
			"bones": [
				{
					"name": "main",
					"pivot": [0, 20, 0]
				},
				{
					"name": "gun",
					"parent": "main",
					"pivot": [1, 11, -1],
					"cubes": [
						{"origin": [-2, 19, -6.1], "size": [4, 3.75, 4], "inflate": 0.001, "pivot": [-0.75, 19, -2.1], "rotation": [-0.5, 0, 0], "uv": [78, 103]},
						{"origin": [-2, 19, -2.1], "size": [4, 1.5, 5], "inflate": 0.001, "pivot": [-0.75, 19, 2.9], "rotation": [-0.5, 0, 0], "uv": [86, 70]},
						{"origin": [-1.275, 17.975, -14.35], "size": [2.55, 1, 17.25], "inflate": 0.001, "pivot": [-0.025, 19, 2.9], "rotation": [-0.5, 0, 0], "uv": [34, 34]},
						{"origin": [-1.275, 17.525, 1.875], "size": [2.55, 1, 5], "inflate": 0.102, "pivot": [-1.375, 18.625, 5.875], "rotation": [-11.25, 0, 0], "uv": [53, 111]},
						{"origin": [-1.8, 17.9, -14.25], "size": [1, 1, 10.25], "inflate": 0.1, "pivot": [-1.9, 19, 3], "rotation": [-0.42859, -0.25752, -30.99904], "uv": [58, 67]},
						{"origin": [-1.9, 19.075, -13.35], "size": [1, 3.675, 7.25], "inflate": 0.001, "pivot": [0.65, 19, -6.1], "rotation": [-0.5, 0, 0], "uv": [64, 52]},
						{"origin": [0.9, 19.075, -13.35], "size": [1, 3.675, 7.25], "inflate": 0.001, "pivot": [-0.65, 19, -6.1], "rotation": [-0.5, 0, 0], "uv": [34, 34]},
						{"origin": [-1.9, 20.075, -14.35], "size": [3.8, 2, 1], "pivot": [1.9, 20.075, -14.35], "rotation": [-58, 0, 0], "uv": [0, 21]},
						{"origin": [-1.9, 19.075, -14.35], "size": [3.8, 1, 1], "inflate": 0.001, "pivot": [0.65, 19, -6.1], "rotation": [-0.5, 0, 0], "uv": [43, 39]},
						{"origin": [0.8, 17.9, -14.25], "size": [1, 1, 10.25], "inflate": 0.1, "pivot": [1.9, 19, 3], "rotation": [-0.42859, 0.25752, 30.99904], "uv": [15, 63]},
						{"origin": [0.9, 17.825, -4], "size": [1, 1, 7], "inflate": 0.1, "pivot": [2, 18.925, 13], "rotation": [-0.42859, 0.25752, 30.99904], "uv": [33, 97]},
						{"origin": [-1.9, 17.825, -4], "size": [1, 1, 7], "inflate": 0.1, "pivot": [-2, 18.925, 13], "rotation": [-0.42859, -0.25752, -30.99904], "uv": [42, 98]},
						{"origin": [0.9, 17.9, 2.9], "size": [1, 1, 4], "inflate": 0.1, "pivot": [2, 19, 3], "rotation": [-9.45952, 5.63978, 30.533], "uv": [35, 21]},
						{"origin": [-1.9, 17.9, 2.9], "size": [1, 1, 4], "inflate": 0.1, "pivot": [-2, 19, 3], "rotation": [-9.45952, -5.63978, -30.533], "uv": [35, 16]},
						{"origin": [-2, 19, 2], "size": [4, 1.6, 8], "inflate": 0.002, "pivot": [-0.75, 19, 2.9], "rotation": [-10.75, 0, 0], "uv": [0, 83]},
						{"origin": [-2, 19.625, 2.9], "size": [1, 1, 7.35], "inflate": 0.002, "pivot": [-2, 20.625, 2.9], "rotation": [-9.45034, -5.14727, -28.32426], "uv": [97, 19]},
						{"origin": [1, 19.625, 2.9], "size": [1, 1, 7.35], "inflate": 0.002, "pivot": [2, 20.625, 2.9], "rotation": [-9.45034, 5.14727, 28.32426], "uv": [87, 95]},
						{"origin": [-2, 17.625, 3.25], "size": [4, 2, 7.75], "inflate": 0.001, "pivot": [-0.75, 17.625, 4.9], "rotation": [-50.75, 0, 0], "uv": [86, 0]},
						{"origin": [-2, 13.6, 5.1], "size": [4, 3, 6], "inflate": 0.002, "pivot": [-0.75, 13.6, 8], "rotation": [-77.75, 0, 0], "uv": [86, 46]},
						{"origin": [-2, 14.125, 7.575], "size": [4, 5, 6], "inflate": 0.001, "pivot": [-0.75, 14.125, 10.475], "rotation": [-69, 0, 0], "uv": [78, 83]},
						{"origin": [-2, 13.275, 13.575], "size": [4, 7, 27], "inflate": 0.002, "pivot": [-0.75, 20.275, 13.575], "rotation": [-4, 0, 0], "uv": [0, 0]},
						{"origin": [-2, 13.275, 13.575], "size": [4, 7, 3], "pivot": [-0.75, 20.275, 13.575], "rotation": [-74.75, 0, 0], "uv": [35, 0]},
						{"origin": [-2, 6.075, 38.075], "size": [4, 7.2, 2.5], "inflate": 0.002, "pivot": [-0.75, 20.275, 13.575], "rotation": [-4, 0, 0], "uv": [15, 0]},
						{"origin": [-2, 14.425, 17.075], "size": [4, 5, 25], "inflate": 0.001, "pivot": [-0.75, 21.425, 15.075], "rotation": [-23.25, 0, 0], "uv": [0, 83]},
						{"origin": [-2, 19.425, 32.075], "size": [4, 3, 9], "inflate": -0.001, "pivot": [-0.75, 21.425, 15.075], "rotation": [-23.25, 0, 0], "uv": [55, 25]},
						{"origin": [-1, 20.275, 13.575], "size": [2, 1, 27], "pivot": [0.25, 21.275, 13.575], "rotation": [-4, 0, 0], "uv": [78, 83]},
						{"origin": [0, 19.85, 13.575], "size": [1, 1.425, 27], "inflate": -0.001, "pivot": [1, 21.275, 13.575], "rotation": [-2.85528, -2.80248, -44.43014], "uv": [0, 113]},
						{"origin": [-1, 19.85, 13.575], "size": [1, 1.425, 27], "inflate": -0.001, "pivot": [-1, 21.275, 13.575], "rotation": [-2.85528, 2.80248, 44.43014], "uv": [78, 111]},
						{"origin": [-1, 20.275, 9.575], "size": [2, 1, 4], "pivot": [0.25, 21.275, 13.575], "rotation": [16.25, 0, 0], "uv": [15, 19]},
						{"origin": [1, 20.275, 8.575], "size": [1.275, 1, 5], "pivot": [1, 21.275, 13.575], "rotation": [12.5419, -10.41661, 39.10222], "uv": [69, 6]},
						{"origin": [-2.275, 20.275, 8.575], "size": [1.275, 1, 5], "pivot": [-1, 21.275, 13.575], "rotation": [12.5419, 10.41661, -39.10222], "uv": [69, 0]},
						{"origin": [-1, 24.5, -7.1], "size": [2, 1, 1], "pivot": [-1, 25.5, -6.1], "rotation": [-5, 0, 0], "uv": [55, 45]},
						{"origin": [-0.5, 22.6, 0.4], "size": [1, 1, 3], "pivot": [-0.5, 23.6, 0.4], "rotation": [-21.75, 0, 0], "uv": [86, 56]},
						{"origin": [-1.6, 23.975, -3.95], "size": [1, 1, 2.8], "inflate": -0.2, "pivot": [-1.4, 24.775, -5.35], "rotation": [-12.25, 0, 0], "uv": [34, 55]},
						{"origin": [0.6, 23.975, -3.95], "size": [1, 1, 2.8], "inflate": -0.2, "pivot": [1.4, 24.775, -5.35], "rotation": [-12.25, 0, 0], "uv": [34, 47]},
						{"origin": [-1.4, 23.675, -5.25], "size": [2.8, 1, 3.85], "pivot": [1.4, 24.775, -5.35], "rotation": [-12.25, 0, 0], "uv": [15, 63]},
						{"origin": [-1.4, 23.775, -3.75], "size": [1, 1, 2.4], "pivot": [-1.4, 24.775, -5.35], "rotation": [-10.26248, 6.72527, 32.8954], "uv": [53, 52]},
						{"origin": [-1.35, 23.7, -4.55], "size": [1, 1, 1.5], "pivot": [-1.4, 24.775, -5.35], "rotation": [-10.26248, 6.72527, 32.8954], "uv": [21, 34]},
						{"origin": [0.35, 23.7, -4.55], "size": [1, 1, 1.5], "pivot": [1.4, 24.775, -5.35], "rotation": [-10.26248, -6.72527, -32.8954], "uv": [14, 34]},
						{"origin": [-1, 22.925, 3.55], "size": [2, 1, 8], "inflate": 0.001, "pivot": [-1, 23.925, -1.45], "rotation": [-17.5, 0, 0], "uv": [86, 37]},
						{"origin": [-1, 22.825, -1.5], "size": [2, 1, 8], "inflate": 0.001, "pivot": [-1, 23.925, -1.45], "rotation": [-17.5, 0, 0], "uv": [86, 28]},
						{"origin": [-1.6, 23.125, -1.65], "size": [1, 1, 13], "inflate": -0.2, "pivot": [-1.4, 23.925, -1.45], "rotation": [-17.51565, 2.38422, -0.7522], "uv": [86, 56]},
						{"origin": [0.6, 23.125, -1.65], "size": [1, 1, 13], "inflate": -0.2, "pivot": [1.4, 23.925, -1.45], "rotation": [-17.51565, -2.38422, 0.7522], "uv": [43, 67]},
						{"origin": [-1.4, 22.925, -1.45], "size": [1, 1, 13], "inflate": -0.001, "pivot": [-1.4, 23.925, -1.45], "rotation": [-12.93436, 12.14615, 34.23321], "uv": [48, 84]},
						{"origin": [-1.775, 20.65, 3.05], "size": [1, 1, 13], "inflate": -0.001, "pivot": [-1.775, 21.65, 3.05], "rotation": [-16.30172, 6.91794, 14.12314], "uv": [28, 63]},
						{"origin": [0.775, 20.65, 3.05], "size": [1, 1, 13], "inflate": -0.001, "pivot": [1.775, 21.65, 3.05], "rotation": [-16.30172, -6.91794, -14.12314], "uv": [0, 63]},
						{"origin": [0.4, 22.925, -1.45], "size": [1, 1, 13], "inflate": -0.001, "pivot": [1.4, 23.925, -1.45], "rotation": [-12.93436, -12.14615, -34.23321], "uv": [33, 83]},
						{"origin": [0.4, 23.775, -3.75], "size": [1, 1, 2.4], "pivot": [1.4, 24.775, -5.35], "rotation": [-10.26248, -6.72527, -32.8954], "uv": [45, 52]},
						{"origin": [-2, 22.675, -4], "size": [4, 1, 2.4], "pivot": [-2, 23.675, -6.6], "rotation": [-5, 0, 0], "uv": [55, 48]},
						{"origin": [-1.9, 22.675, -6.6], "size": [3.8, 1, 3], "inflate": 0.001, "pivot": [-1.9, 23.675, -6.6], "rotation": [-5, 0, 0], "uv": [70, 67]},
						{"origin": [-2.1, 23.575, -6.7], "size": [1, 1, 2.05], "inflate": -0.1, "pivot": [-2, 23.675, -6.6], "rotation": [-4.72175, 1.64659, 19.18211], "uv": [34, 52]},
						{"origin": [-2.025, 22.725, -7.625], "size": [1, 1.75, 1.05], "inflate": -0.1, "pivot": [-1.925, 22.825, -6.675], "rotation": [-4.92688, -37.03075, 10.74027], "uv": [23, 21]},
						{"origin": [1.025, 22.725, -7.625], "size": [1, 1.75, 1.05], "inflate": -0.1, "pivot": [1.925, 22.825, -6.675], "rotation": [-4.92688, 37.03075, -10.74027], "uv": [23, 19]},
						{"origin": [1.1, 23.575, -6.7], "size": [1, 1, 2.05], "inflate": -0.1, "pivot": [2, 23.675, -6.6], "rotation": [-4.72175, -1.64659, -19.18211], "uv": [49, 19]},
						{"origin": [-1.9, 21.675, -6.6], "size": [3.8, 2, 1], "pivot": [-2, 23.675, -6.6], "rotation": [-46.25, 0, 0], "uv": [43, 63]},
						{"origin": [-1.9, 21.675, -6.6], "size": [1, 2, 1], "pivot": [-1.9, 23.675, -6.6], "rotation": [-50.6291, 20.86428, -23.46277], "uv": [22, 13]},
						{"origin": [0.9, 21.675, -6.6], "size": [1, 2, 1], "pivot": [1.9, 23.675, -6.6], "rotation": [-50.6291, -20.86428, 23.46277], "uv": [15, 19]},
						{"origin": [-2, 21.475, -1.625], "size": [4, 1.75, 5], "inflate": -0.001, "pivot": [-2, 23.225, -1.625], "rotation": [-31.25, 0, 0], "uv": [51, 98]},
						{"origin": [-2.35, 22.625, -2.025], "size": [1, 1, 3.25], "inflate": -0.4, "pivot": [-2, 23.225, -1.625], "rotation": [-19.54545, 5.67421, 12.05726], "uv": [86, 64]},
						{"origin": [-2.2, 22.425, 0.575], "size": [1, 1, 3], "inflate": -0.2, "pivot": [-2, 23.225, -1.625], "rotation": [-9.06856, -30.03347, -72.31252], "uv": [33, 87]},
						{"origin": [-2.3, 22.525, 0.05], "size": [1, 1, 1.75], "inflate": -0.301, "pivot": [-2, 23.225, -1.625], "rotation": [-9.06856, -30.03347, -72.31252], "uv": [7, 34]},
						{"origin": [-2.4, 22.625, -0.725], "size": [1, 1, 2], "inflate": -0.4, "pivot": [-2, 23.225, -1.625], "rotation": [-9.06856, -30.03347, -72.31252], "uv": [49, 16]},
						{"origin": [1.3, 22.525, 0.05], "size": [1, 1, 1.75], "inflate": -0.301, "pivot": [2, 23.225, -1.625], "rotation": [-9.06856, 30.03347, 72.31252], "uv": [0, 34]},
						{"origin": [1.4, 22.625, -0.725], "size": [1, 1, 2], "inflate": -0.4, "pivot": [2, 23.225, -1.625], "rotation": [-9.06856, 30.03347, 72.31252], "uv": [44, 47]},
						{"origin": [1.35, 22.625, -2.025], "size": [1, 1, 3.25], "inflate": -0.4, "pivot": [2, 23.225, -1.625], "rotation": [-19.54545, -5.67421, -12.05726], "uv": [86, 60]},
						{"origin": [-2.9, 22.425, 0.575], "size": [1, 1, 3], "inflate": -0.201, "pivot": [-2, 23.225, -1.625], "rotation": [-8.1791, -16.43706, -74.55104], "uv": [0, 87]},
						{"origin": [1.9, 22.425, 0.575], "size": [1, 1, 3], "inflate": -0.201, "pivot": [2, 23.225, -1.625], "rotation": [-8.1791, 16.43706, 74.55104], "uv": [86, 77]},
						{"origin": [1.2, 22.425, 0.575], "size": [1, 1, 3], "inflate": -0.2, "pivot": [2, 23.225, -1.625], "rotation": [-9.06856, 30.03347, 72.31252], "uv": [16, 87]},
						{"origin": [-2, 20.225, -1.625], "size": [4, 1.25, 3], "pivot": [-2, 23.225, -1.625], "rotation": [-31.25, 0, 0], "uv": [64, 62]},
						{"origin": [1, 24.5, -7.1], "size": [1.425, 1, 2.5], "inflate": -0.001, "pivot": [1, 25.5, -6.1], "rotation": [-2.63591, 4.25026, 58.15217], "uv": [53, 55]},
						{"origin": [-2.425, 24.5, -7.1], "size": [1.425, 1, 2.5], "inflate": -0.001, "pivot": [-1, 25.5, -6.1], "rotation": [-2.63591, -4.25026, -58.15217], "uv": [45, 55]},
						{"origin": [-0.5, 15.125, -1.5], "size": [1, 4, 1], "inflate": -0.1, "pivot": [0, 15.125, -0.5], "rotation": [-17.25, 0, 0], "uv": [15, 13]},
						{"origin": [-1.5, 14.15, -3.8], "size": [3, 1, 4.5], "inflate": -0.2, "uv": [35, 10]},
						{"origin": [-1.5, 15.9, -8.3], "size": [3, 1, 3], "inflate": -0.199, "pivot": [1.5, 16.1, -5.5], "rotation": [-110.25, 0, 0], "uv": [70, 71]},
						{"origin": [-1.5, 14.15, -6.4], "size": [3, 1, 3], "inflate": -0.201, "pivot": [1.5, 14.35, -3.6], "rotation": [-42.5, 0, 0], "uv": [0, 77]},
						{"origin": [-1.5, 14.15, -0.3], "size": [3, 2, 1], "inflate": -0.201, "pivot": [1.5, 14.35, 0.5], "rotation": [-49, 0, 0], "uv": [51, 63]},
						{"origin": [-1.5, 15.2, 0.9], "size": [3, 3, 1], "inflate": -0.201, "pivot": [1.5, 15.4, 1.7], "rotation": [-5.75, 0, 0], "uv": [48, 88]}
					]
				},
				{
					"name": "bone",
					"parent": "gun",
					"pivot": [0, 25.2, -5.1],
					"cubes": [
						{"origin": [-0.5, 24.2, -6.1], "size": [1, 1, 5.75], "pivot": [-0.5, 25.2, -5.1], "rotation": [-9.25, 0, 0], "uv": [0, 69]},
						{"origin": [-0.5, 23.15, -1.75], "size": [1, 1.5, 2], "inflate": -0.001, "pivot": [-0.5, 24.65, -1.75], "rotation": [20.5, 0, 0], "uv": [44, 44]},
						{"origin": [-1, 24.2, -4.1], "size": [1, 1, 2.75], "inflate": -0.001, "pivot": [-0.5, 25.2, -5.1], "rotation": [-9.33931, 7.8953, -1.29414], "uv": [34, 44]},
						{"origin": [0, 24.2, -4.1], "size": [1, 1, 2.75], "inflate": -0.001, "pivot": [0.5, 25.2, -5.1], "rotation": [-9.33931, -7.8953, 1.29414], "uv": [34, 38]}
					]
				},
				{
					"name": "barrels",
					"parent": "gun",
					"pivot": [0, 19.5, -12],
					"cubes": [
						{"origin": [-1.8, 19.15, -20.5], "size": [3.6, 3.675, 7.25], "inflate": 0.001, "uv": [86, 9]},
						{"origin": [-2.05, 19.25, -41.5], "size": [4.1, 3.675, 26.25], "uv": [0, 34]},
						{"origin": [-2.05, 18.25, -41.5], "size": [4.1, 1, 1.25], "inflate": -0.002, "pivot": [2.05, 19.25, -41.5], "rotation": [42.5, 0, 0], "uv": [0, 8]},
						{"origin": [-1.05, 18, -25.5], "size": [2.1, 1.425, 10.25], "inflate": -0.001, "uv": [35, 16]},
						{"origin": [0.05, 18, -25.5], "size": [1, 1.625, 10.25], "inflate": -0.002, "pivot": [1.05, 18, -25.5], "rotation": [0, 0, 38.25], "uv": [59, 14]},
						{"origin": [-1.05, 18, -25.5], "size": [1, 1.625, 10.25], "inflate": -0.002, "pivot": [-1.05, 18, -25.5], "rotation": [0, 0, -38.25], "uv": [55, 37]},
						{"origin": [-1.05, 18, -37.5], "size": [1, 1.625, 12], "inflate": -0.002, "pivot": [-1.05, 18, -25.5], "rotation": [-3.9705, -3.04137, -37.39455], "uv": [0, 47]},
						{"origin": [0.05, 18, -37.5], "size": [1, 1.625, 12], "inflate": -0.002, "pivot": [1.05, 18, -25.5], "rotation": [-3.9705, 3.04137, 37.39455], "uv": [0, 34]},
						{"origin": [-1.05, 18, -40.5], "size": [2.1, 1.425, 15], "inflate": -0.002, "pivot": [1.05, 18, -25.5], "rotation": [-5, 0, 0], "uv": [35, 0]},
						{"origin": [-2.05, 21.25, -15.25], "size": [4.1, 1.675, 1], "uv": [15, 9]},
						{"origin": [-2.05, 22.925, -41.5], "size": [1.1, 1.675, 27.25], "inflate": -0.001, "pivot": [-2.05, 22.925, -41.5], "rotation": [0, 0, 31.25], "uv": [86, 28]},
						{"origin": [-1.925, 22.725, -14.5], "size": [1, 1.075, 7.55], "inflate": -0.1, "pivot": [-1.85, 22.8, -14.5], "rotation": [0, 0, 31.25], "uv": [9, 93]},
						{"origin": [0.925, 22.725, -14.5], "size": [1, 1.075, 7.55], "inflate": -0.1, "pivot": [1.85, 22.8, -14.5], "rotation": [0, 0, -31.25], "uv": [0, 92]},
						{"origin": [0.95, 22.925, -41.5], "size": [1.1, 1.675, 27.25], "inflate": -0.001, "pivot": [2.05, 22.925, -41.5], "rotation": [0, 0, -31.25], "uv": [86, 0]},
						{"origin": [-1.8, 17.9, -15.25], "size": [1, 1.1, 1.25], "pivot": [-1.8, 19, 2], "rotation": [-0.42859, -0.25752, -30.99904], "uv": [22, 16]},
						{"origin": [0.8, 17.9, -15.25], "size": [1, 1.1, 1.25], "pivot": [1.8, 19, 2], "rotation": [-0.42859, 0.25752, 30.99904], "uv": [7, 20]},
						{"origin": [-1.175, 18.075, -15.35], "size": [2.35, 1, 1.25], "inflate": 0.001, "pivot": [-0.125, 19.1, 1.9], "rotation": [-0.5, 0, 0], "uv": [49, 24]},
						{"origin": [-0.6, 24.625, -85.7], "size": [1.2, 2.25, 3], "inflate": -0.4, "pivot": [0.6, 25.875, -85.7], "rotation": [-35.75, 0, 0], "uv": [60, 16]},
						{"origin": [-0.6, 24.2, -87.125], "size": [1.2, 2.35, 2.5], "inflate": -0.4, "uv": [34, 34]},
						{"origin": [-0.6, 24.8, -85.8], "size": [1.2, 2.25, 3], "inflate": -0.4, "pivot": [0.6, 26.05, -85.8], "rotation": [-120.25, 0, 0], "uv": [43, 34]}
					]
				},
				{
					"name": "barrel1",
					"parent": "barrels",
					"pivot": [0.25, 25.14, -11.9],
					"cubes": [
						{"origin": [0.6, 23.45, -88.1], "size": [1, 1, 76.2], "inflate": -0.1, "pivot": [1.5, 23.35, -79], "rotation": [0, 0, -11], "uv": [234, 309]},
						{"origin": [0.425, 24.295, -88], "size": [1.2, 1, 76], "pivot": [0.075, 25.265, -79], "rotation": [0, 0, 37.75], "uv": [156, 308]},
						{"origin": [0.375, 23.55, -88], "size": [1.1, 1, 76], "pivot": [1.475, 23.55, -79], "rotation": [0, 0, -47.5], "uv": [78, 238]},
						{"origin": [-1.625, 24.295, -88], "size": [1.2, 1, 76], "inflate": -0.001, "pivot": [-0.075, 25.265, -79], "rotation": [0, 0, -37.75], "uv": [0, 237]},
						{"origin": [-0.6, 24.32, -88.25], "size": [1.2, 1, 76.5], "inflate": -0.25, "uv": [234, 232]},
						{"origin": [-0.75, 22.77, -88], "size": [1.5, 1, 76], "uv": [234, 155]},
						{"origin": [-1.6, 23.45, -88.1], "size": [1, 1, 76.2], "inflate": -0.1, "pivot": [-1.5, 23.35, -79], "rotation": [0, 0, 11], "uv": [234, 78]},
						{"origin": [-1.475, 23.55, -88], "size": [1.1, 1, 76], "pivot": [-1.475, 23.55, -79], "rotation": [0, 0, 47.5], "uv": [234, 1]},
						{"origin": [0.8, 23.15, -12.4], "size": [1.1, 1.6, 5.6], "inflate": -0.4, "pivot": [1.5, 23.35, -7.25], "rotation": [0, 0, -11], "uv": [43, 67]},
						{"origin": [-1.9, 23.15, -12.4], "size": [1.1, 1.6, 5.6], "inflate": -0.398, "pivot": [-1.5, 23.35, -7.25], "rotation": [0, 0, 11], "uv": [0, 63]},
						{"origin": [-2.025, 24.595, -12.4], "size": [2, 1.1, 5.6], "inflate": -0.399, "pivot": [-0.075, 25.265, -12], "rotation": [0, 0, -37.75], "uv": [109, 104]},
						{"origin": [-0.025, 23.15, -12.4], "size": [1.9, 1.05, 5.6], "inflate": -0.398, "pivot": [1.475, 23.55, -79], "rotation": [0, 0, -47.5], "uv": [54, 6]},
						{"origin": [-1.875, 23.15, -12.4], "size": [1.9, 1.2, 5.6], "inflate": -0.4, "pivot": [-1.475, 23.55, -79], "rotation": [0, 0, 47.5], "uv": [54, 0]},
						{"origin": [-1.8, 24.47, -13.3], "size": [2.525, 1.1, 6.6], "inflate": -0.497, "pivot": [0.25, 25.14, -11.9], "rotation": [0, 0, -30], "uv": [101, 56]},
						{"origin": [-1.725, 22.76, -14.3], "size": [2.525, 1.1, 7.6], "inflate": -0.499, "pivot": [0.25, 25.14, -11.9], "rotation": [0, 0, -30], "uv": [34, 52]},
						{"origin": [-1.975, 22.92, -13.3], "size": [1.15, 2.55, 6.6], "inflate": -0.499, "pivot": [0.25, 25.14, -11.9], "rotation": [0, 0, -30], "uv": [98, 37]},
						{"origin": [-0.225, 22.87, -13.3], "size": [1.175, 2.3, 6.6], "inflate": -0.499, "pivot": [0.25, 25.14, -11.9], "rotation": [0, 0, -30], "uv": [98, 28]},
						{"origin": [0.425, 24.595, -12.5], "size": [1.2, 1.2, 5.8], "inflate": -0.5, "pivot": [0.075, 25.265, -12], "rotation": [0, 0, 37.75], "uv": [14, 53]},
						{"origin": [-0.175, 24.595, -12.6], "size": [1.7, 1.3, 6], "inflate": -0.6, "pivot": [0.075, 25.265, -12], "rotation": [0, 0, 37.75], "uv": [109, 97]},
						{"origin": [-0.225, 23.97, -14.2], "size": [1.1, 1.5, 7.6], "inflate": -0.6, "pivot": [0.25, 25.14, -11.9], "rotation": [0, 0, -30], "uv": [78, 94]},
						{"origin": [0.725, 24.595, -12.4], "size": [1.3, 1.1, 5.6], "inflate": -0.401, "pivot": [0.075, 25.265, -12], "rotation": [0, 0, 37.75], "uv": [0, 53]},
						{"origin": [-0.95, 24.37, -12.6], "size": [1.9, 1.3, 6], "inflate": -0.598, "uv": [109, 90]},
						{"origin": [-1.35, 24.47, -20.6], "size": [2.7, 1.675, 14.05], "inflate": -0.597, "pivot": [0.35, 25.55, -7.2], "rotation": [3.75, 0, 0], "uv": [46, 52]},
						{"origin": [-1.45, 24.495, -88.7], "size": [2.9, 1.775, 82.3], "inflate": -0.7, "uv": [0, 0]},
						{"origin": [-1.45, 23.945, -88.7], "size": [2.9, 2.025, 11.3], "inflate": -0.701, "uv": [0, 13]},
						{"origin": [-1.45, 23.945, -76.3], "size": [2.9, 2.025, 2.5], "inflate": -0.701, "uv": [86, 32]},
						{"origin": [-1.45, 23.945, -70.8], "size": [2.9, 2.025, 2.5], "inflate": -0.701, "uv": [86, 28]},
						{"origin": [-1.45, 23.945, -59.7], "size": [2.9, 2.025, 2.5], "inflate": -0.701, "uv": [48, 83]},
						{"origin": [-1.45, 23.945, -65.2], "size": [2.9, 2.025, 2.5], "inflate": -0.701, "uv": [63, 83]},
						{"origin": [-1.45, 23.945, -48.6], "size": [2.9, 2.025, 2.5], "inflate": -0.701, "uv": [16, 83]},
						{"origin": [-1.45, 23.945, -54.1], "size": [2.9, 2.025, 2.5], "inflate": -0.701, "uv": [33, 83]},
						{"origin": [-1.45, 23.945, -37.4], "size": [2.9, 2.025, 2.5], "inflate": -0.701, "uv": [71, 78]},
						{"origin": [-1.45, 23.945, -42.9], "size": [2.9, 2.025, 2.5], "inflate": -0.701, "uv": [0, 83]},
						{"origin": [-1.45, 21.445, -48.6], "size": [2.9, 2.025, 2.5], "inflate": -0.701, "uv": [71, 14]},
						{"origin": [-1.45, 21.445, -42.9], "size": [2.9, 2.025, 2.5], "inflate": -0.701, "uv": [71, 18]},
						{"origin": [-1.45, 21.445, -54.1], "size": [2.9, 2.025, 2.5], "inflate": -0.701, "uv": [72, 25]},
						{"origin": [-1.45, 21.445, -59.7], "size": [2.9, 2.025, 2.5], "inflate": -0.701, "uv": [72, 29]},
						{"origin": [-1.45, 21.445, -65.2], "size": [2.9, 2.025, 2.5], "inflate": -0.701, "uv": [72, 48]},
						{"origin": [-1.45, 21.445, -70.8], "size": [2.9, 2.025, 2.5], "inflate": -0.701, "uv": [58, 72]},
						{"origin": [-1.45, 21.445, -76.3], "size": [2.9, 2.025, 2.5], "inflate": -0.701, "uv": [73, 52]},
						{"origin": [-1.45, 21.445, -88.7], "size": [2.9, 2.025, 11.3], "inflate": -0.701, "uv": [0, 0]},
						{"origin": [-1.45, 23.945, -26.175], "size": [2.9, 2.025, 2.5], "inflate": -0.701, "uv": [20, 77]},
						{"origin": [-1.45, 23.945, -20.5], "size": [2.9, 2.025, 2.5], "inflate": -0.701, "uv": [12, 77]},
						{"origin": [-1.45, 23.945, -31.675], "size": [2.9, 2.025, 2.5], "inflate": -0.701, "uv": [28, 77]},
						{"origin": [0.05, 24.595, -20.6], "size": [1.55, 1.375, 13.95], "inflate": -0.599, "pivot": [0.35, 25.55, -7.2], "rotation": [2.77761, -2.52039, 42.18889], "uv": [54, 0]},
						{"origin": [-1.35, 24.17, -10.1], "size": [1.65, 1.5, 3.45], "inflate": -0.598, "pivot": [-0.35, 25.55, -7.2], "rotation": [3.75, 0, 0], "uv": [38, 84]},
						{"origin": [0, 24.17, -12.4], "size": [1.35, 1.5, 5.85], "inflate": -0.598, "pivot": [0.35, 25.55, -7.2], "rotation": [3.75, 0, 0], "uv": [15, 13]},
						{"origin": [-1.35, 24.17, -12.4], "size": [1.35, 1.5, 3.55], "inflate": -0.598, "pivot": [-0.35, 25.55, -7.2], "rotation": [3.75, 0, 0], "uv": [33, 78]},
						{"origin": [-1.025, 24.57, -13.3], "size": [1.575, 1.1, 6.6], "inflate": -0.5, "pivot": [0.25, 25.14, -11.9], "rotation": [0, 0, -30], "uv": [109, 83]},
						{"origin": [-0.95, 24.545, -13.3], "size": [1.375, 1.1, 6.6], "inflate": -0.501, "pivot": [0.25, 25.14, -11.9], "rotation": [0, 0, -16.5], "uv": [108, 64]},
						{"origin": [-2.125, 22.995, -10.3], "size": [1.15, 2.475, 3.6], "inflate": -0.501, "pivot": [0.25, 25.14, -11.9], "rotation": [0, 0, -30], "uv": [58, 67]},
						{"origin": [-1.85, 21.77, -12.6], "size": [3.7, 1.7, 6], "inflate": -0.597, "uv": [86, 19]},
						{"origin": [0.125, 21.195, -12.6], "size": [1.725, 1.775, 6], "inflate": -0.597, "uv": [58, 104]},
						{"origin": [-1.85, 21.17, -12.6], "size": [1.7, 1.8, 6], "inflate": -0.597, "uv": [99, 9]},
						{"origin": [-1.45, 21.57, -12.6], "size": [1.7, 1.5, 6], "inflate": -0.596, "uv": [45, 52]},
						{"origin": [-1.55, 22.66, -10.3], "size": [2.25, 1.1, 3.6], "inflate": -0.5, "pivot": [0.25, 25.14, -11.9], "rotation": [0, 0, -30], "uv": [55, 41]},
						{"origin": [-1.375, 22.56, -10.3], "size": [1.675, 1.1, 3.6], "inflate": -0.5, "pivot": [0.25, 25.14, -11.9], "rotation": [0, 0, -30], "uv": [86, 41]},
						{"origin": [-1.2, 22.46, -10.3], "size": [1.15, 1.1, 3.6], "inflate": -0.5, "pivot": [0.25, 25.14, -11.9], "rotation": [0, 0, -30], "uv": [86, 37]}
					]
				},
				{
					"name": "shell",
					"parent": "barrel1",
					"pivot": [0, 24.075, -6.95],
					"cubes": [
						{"origin": [-1.3, 19.275, -7.95], "size": [2, 6, 2], "inflate": -0.2, "pivot": [-1.3, 24.275, -7.95], "rotation": [-90, 0, -30], "uv": [0, 13]}
					]
				},
				{
					"name": "barrel2",
					"parent": "barrels",
					"pivot": [0.25, 22.54, -11.9],
					"cubes": [
						{"origin": [0.6, 20.85, -88.1], "size": [1, 1, 76.2], "inflate": -0.1, "pivot": [1.5, 20.75, -79], "rotation": [0, 0, -11], "uv": [156, 231]},
						{"origin": [0.425, 21.695, -88], "size": [1.2, 1, 76], "pivot": [0.075, 22.665, -79], "rotation": [0, 0, 37.75], "uv": [78, 161]},
						{"origin": [0.375, 20.95, -88], "size": [1.1, 1, 76], "pivot": [1.475, 20.95, -79], "rotation": [0, 0, -47.5], "uv": [0, 160]},
						{"origin": [-1.625, 21.695, -88], "size": [1.2, 1, 76], "inflate": -0.001, "pivot": [-0.075, 22.665, -79], "rotation": [0, 0, -37.75], "uv": [156, 154]},
						{"origin": [-0.6, 21.72, -88.25], "size": [1.2, 1, 76.5], "inflate": -0.25, "uv": [156, 77]},
						{"origin": [-0.75, 20.17, -88], "size": [1.5, 1, 76], "uv": [86, 0]},
						{"origin": [-1.6, 20.85, -88.1], "size": [1, 1, 76.2], "inflate": -0.1, "pivot": [-1.5, 20.75, -79], "rotation": [0, 0, 11], "uv": [78, 84]},
						{"origin": [-1.475, 20.95, -88], "size": [1.1, 1, 76], "pivot": [-1.475, 20.95, -79], "rotation": [0, 0, 47.5], "uv": [0, 83]},
						{"origin": [0.8, 20.55, -12.4], "size": [1.1, 1.6, 5.6], "inflate": -0.4, "pivot": [1.5, 20.75, -7.25], "rotation": [0, 0, -11], "uv": [14, 47]},
						{"origin": [-1.9, 20.55, -12.4], "size": [1.1, 1.6, 5.6], "inflate": -0.398, "pivot": [-1.5, 20.75, -7.25], "rotation": [0, 0, 11], "uv": [0, 47]},
						{"origin": [-2.025, 21.995, -12.4], "size": [2.25, 1.1, 5.6], "inflate": -0.399, "pivot": [-0.075, 22.665, -12], "rotation": [0, 0, -37.75], "uv": [10, 101]},
						{"origin": [-0.025, 20.55, -12.4], "size": [1.9, 1.05, 5.6], "inflate": -0.398, "pivot": [1.475, 20.95, -79], "rotation": [0, 0, -47.5], "uv": [14, 40]},
						{"origin": [-1.875, 20.55, -12.4], "size": [1.9, 1.2, 5.6], "inflate": -0.4, "pivot": [-1.475, 20.95, -79], "rotation": [0, 0, 47.5], "uv": [0, 40]},
						{"origin": [-1.8, 21.87, -13.3], "size": [2.525, 1.2, 6.6], "inflate": -0.498, "pivot": [0.25, 22.54, -11.9], "rotation": [0, 0, -30], "uv": [0, 101]},
						{"origin": [-1.725, 20.16, -14.3], "size": [2.525, 1.1, 7.6], "inflate": -0.499, "pivot": [0.25, 22.54, -11.9], "rotation": [0, 0, -30], "uv": [49, 16]},
						{"origin": [-1.975, 20.32, -13.3], "size": [1.15, 2.55, 6.6], "inflate": -0.499, "pivot": [0.25, 22.54, -11.9], "rotation": [0, 0, -30], "uv": [67, 37]},
						{"origin": [-0.225, 20.27, -13.3], "size": [1.3, 2.55, 6.6], "inflate": -0.499, "pivot": [0.25, 22.54, -11.9], "rotation": [0, 0, -30], "uv": [27, 63]},
						{"origin": [0.425, 21.995, -12.5], "size": [1.2, 1.2, 5.8], "inflate": -0.5, "pivot": [0.075, 22.665, -12], "rotation": [0, 0, 37.75], "uv": [14, 34]},
						{"origin": [0.725, 21.995, -12.4], "size": [1.3, 1.1, 5.6], "inflate": -0.401, "pivot": [0.075, 22.665, -12], "rotation": [0, 0, 37.75], "uv": [0, 34]},
						{"origin": [-2.125, 20.395, -10.3], "size": [1.15, 2.475, 3.6], "inflate": -0.501, "pivot": [0.25, 22.54, -11.9], "rotation": [0, 0, -30], "uv": [15, 67]},
						{"origin": [-1.35, 19.57, -12.6], "size": [2.7, 1.3, 6], "inflate": -0.597, "uv": [34, 44]},
						{"origin": [-1.55, 20.06, -10.3], "size": [2.25, 1.1, 3.6], "inflate": -0.5, "pivot": [0.25, 22.54, -11.9], "rotation": [0, 0, -30], "uv": [55, 37]},
						{"origin": [-1.375, 19.96, -10.3], "size": [1.675, 1.1, 3.6], "inflate": -0.5, "pivot": [0.25, 22.54, -11.9], "rotation": [0, 0, -30], "uv": [68, 84]},
						{"origin": [-1.2, 19.86, -10.3], "size": [1.15, 1.1, 3.6], "inflate": -0.5, "pivot": [0.25, 22.54, -11.9], "rotation": [0, 0, -30], "uv": [53, 84]}
					]
				},
				{
					"name": "shell2",
					"parent": "barrel2",
					"pivot": [0, 21.475, -6.95],
					"cubes": [
						{"origin": [-1.3, 16.675, -7.95], "size": [2, 6, 2], "inflate": -0.2, "pivot": [-1.3, 21.675, -7.95], "rotation": [-90, 0, -30], "uv": [0, 0]}
					]
				},
				{
					"name": "rightarm",
					"parent": "main",
					"pivot": [-10, 9.2, 23.05],
					"rotation": [-108.9483, -25.5098, -14.585],
					"cubes": [
						{"origin": [-14, -14.8, 19.05], "size": [8, 24, 8], "uv": [156, 115]}
					]
				},
				{
					"name": "leftarm",
					"parent": "main",
					"pivot": [10.125, 5.05, -10.5],
					"rotation": [-133.5072, -4.09688, -36.20222],
					"cubes": [
						{"origin": [6.125, -18.95, -14.5], "size": [8, 24, 8], "uv": [156, 83]}
					]
				},
				{
					"name": "muzzleflash",
					"parent": "main",
					"pivot": [0, 23.775, -88.65],
					"cubes": [
						{"origin": [-0.5, 23.275, -88.95], "size": [1, 1, 1], "inflate": -0.4, "uv": [6, 13]}
					]
				},
				{
					"name": "scope",
					"parent": "main",
					"pivot": [0, 26.175, 2.45],
					"cubes": [
						{"origin": [-0.5, 25.675, 2.15], "size": [1, 1, 1], "inflate": -0.4, "uv": [6, 0]}
					]
				}
			]
		}
	]
}