{
	"format_version": "1.12.0",
	"minecraft:geometry": [
		{
			"description": {
				"identifier": "geometry.unknown",
				"texture_width": 128,
				"texture_height": 128,
				"visible_bounds_width": 8,
				"visible_bounds_height": 4,
				"visible_bounds_offset": [0, 1, 0]
			},
			"bones": [
				{
					"name": "main",
					"pivot": [0, 20, 0]
				},
				{
					"name": "gun",
					"parent": "main",
					"pivot": [-12, 11, -1]
				},
				{
					"name": "bone5",
					"parent": "gun",
					"pivot": [1.5295, 16.7697, -9.54127],
					"rotation": [0, 0, -29.75],
					"cubes": [
						{
							"origin": [1.4449, 16.3025, -8.86113],
							"size": [0.9344, 6.7204, 0.63972],
							"pivot": [1.9121, 20.4002, -8.82877],
							"rotation": [0, 0, 31.25],
							"uv": {
								"north": {"uv": [36, 52], "uv_size": [1, 6.75]},
								"east": {"uv": [19, 59], "uv_size": [0.75, 6.75]},
								"south": {"uv": [14, 53], "uv_size": [1, 6.75]},
								"west": {"uv": [36, 59], "uv_size": [0.75, 6.75]},
								"up": {"uv": [65, 30], "uv_size": [1, 0.75]},
								"down": {"uv": [65, 31.75], "uv_size": [1, -0.75]}
							}
						}
					]
				},
				{
					"name": "chamber",
					"parent": "main",
					"pivot": [1.325, 14.225, -12.225]
				},
				{
					"name": "rotatey",
					"parent": "chamber",
					"pivot": [-0.3902, 19.7354, -2.113],
					"cubes": [
						{
							"origin": [-0.737, 19.683, -8.438],
							"size": [1.308, 1.308, 6.243],
							"inflate": 0.05,
							"pivot": [0.557, 19.697, -9.793],
							"rotation": [0, 0, -45],
							"uv": {
								"north": {"uv": [63, 59], "uv_size": [1.25, 1.25]},
								"east": {"uv": [50, 0], "uv_size": [6.25, 1.25]},
								"south": {"uv": [61, 63], "uv_size": [1.25, 1.25]},
								"west": {"uv": [50, 2], "uv_size": [6.25, 1.25]},
								"up": {"uv": [20, 50], "uv_size": [1.25, 6.25]},
								"down": {"uv": [22, 56.25], "uv_size": [1.25, -6.25]}
							}
						},
						{
							"origin": [-1.37444, 21.70156, -8.46744],
							"size": [1.87888, 1.11088, 6.30188],
							"inflate": -0.302,
							"uv": {
								"north": {"uv": [38, 34], "uv_size": [2, 1]},
								"east": {"uv": [53, 6], "uv_size": [6.25, 1]},
								"south": {"uv": [41, 19], "uv_size": [2, 1]},
								"west": {"uv": [53, 7], "uv_size": [6.25, 1]},
								"up": {"uv": [38, 27], "uv_size": [2, 6.25]},
								"down": {"uv": [38, 43.25], "uv_size": [2, -6.25]}
							}
						},
						{
							"origin": [-1.37388, 18.18852, -8.46688],
							"size": [2.00576, 3.09376, 6.30076],
							"inflate": -0.304,
							"uv": {
								"north": {"uv": [56, 21], "uv_size": [2, 3]},
								"east": {"uv": [31, 12], "uv_size": [6.25, 3]},
								"south": {"uv": [56, 24], "uv_size": [2, 3]},
								"west": {"uv": [31, 15], "uv_size": [6.25, 3]},
								"up": {"uv": [40, 27], "uv_size": [2, 6.25]},
								"down": {"uv": [40, 40.25], "uv_size": [2, -6.25]}
							}
						},
						{
							"origin": [-1.69416, 20.67784, -8.46716],
							"size": [1.11032, 1.65432, 6.30132],
							"inflate": -0.303,
							"uv": {
								"north": {"uv": [30, 48], "uv_size": [1, 1.75]},
								"east": {"uv": [42, 22], "uv_size": [6.25, 1.75]},
								"south": {"uv": [34, 50], "uv_size": [1, 1.75]},
								"west": {"uv": [42, 24], "uv_size": [6.25, 1.75]},
								"up": {"uv": [15, 53], "uv_size": [1, 6.25]},
								"down": {"uv": [16, 59.25], "uv_size": [1, -6.25]}
							}
						},
						{
							"origin": [-1.78988, 20.88932, -8.46688],
							"size": [1.10976, 1.74976, 6.30076],
							"inflate": -0.304,
							"pivot": [-0.979, 21.2202, -9.793],
							"rotation": [0, 0, -60],
							"uv": {
								"north": {"uv": [54, 25], "uv_size": [1, 1.75]},
								"east": {"uv": [42, 27], "uv_size": [6.25, 1.75]},
								"south": {"uv": [63, 16], "uv_size": [1, 1.75]},
								"west": {"uv": [42, 29], "uv_size": [6.25, 1.75]},
								"up": {"uv": [24, 53], "uv_size": [1, 6.25]},
								"down": {"uv": [25, 59.25], "uv_size": [1, -6.25]}
							}
						},
						{
							"origin": [-2.81444, 21.91916, -8.46744],
							"size": [1.65488, 1.11088, 6.30188],
							"inflate": -0.302,
							"pivot": [-0.979, 21.2202, -9.793],
							"rotation": [0, 0, -60],
							"uv": {
								"north": {"uv": [56, 27], "uv_size": [1.75, 1]},
								"east": {"uv": [53, 13], "uv_size": [6.25, 1]},
								"south": {"uv": [58, 36], "uv_size": [1.75, 1]},
								"west": {"uv": [53, 14], "uv_size": [6.25, 1]},
								"up": {"uv": [15, 42], "uv_size": [1.75, 6.25]},
								"down": {"uv": [42, 37.25], "uv_size": [1.75, -6.25]}
							}
						},
						{
							"origin": [-3.07044, 18.36716, -8.46744],
							"size": [2.16688, 3.15888, 6.30188],
							"inflate": -0.302,
							"pivot": [-0.979, 21.2202, -9.793],
							"rotation": [0, 0, -60],
							"uv": {
								"north": {"uv": [6, 52], "uv_size": [2.25, 3.25]},
								"east": {"uv": [30, 0], "uv_size": [6.25, 3.25]},
								"south": {"uv": [9, 52], "uv_size": [2.25, 3.25]},
								"west": {"uv": [30, 4], "uv_size": [6.25, 3.25]},
								"up": {"uv": [26, 37], "uv_size": [2.25, 6.25]},
								"down": {"uv": [29, 43.25], "uv_size": [2.25, -6.25]}
							}
						},
						{
							"origin": [-3.31336, 20.88904, -8.46716],
							"size": [1.11032, 1.75032, 6.30132],
							"inflate": -0.303,
							"pivot": [-0.979, 21.2202, -9.793],
							"rotation": [0, 0, -60],
							"uv": {
								"north": {"uv": [63, 18], "uv_size": [1, 1.75]},
								"east": {"uv": [42, 38], "uv_size": [6.25, 1.75]},
								"south": {"uv": [63, 20], "uv_size": [1, 1.75]},
								"west": {"uv": [43, 0], "uv_size": [6.25, 1.75]},
								"up": {"uv": [26, 53], "uv_size": [1, 6.25]},
								"down": {"uv": [27, 59.25], "uv_size": [1, -6.25]}
							}
						},
						{
							"origin": [-1.78988, 16.78692, -8.46688],
							"size": [1.10976, 1.74976, 6.30076],
							"inflate": -0.304,
							"pivot": [-0.979, 18.2058, -9.793],
							"rotation": [0, 0, 60],
							"uv": {
								"north": {"uv": [63, 22], "uv_size": [1, 1.75]},
								"east": {"uv": [43, 2], "uv_size": [6.25, 1.75]},
								"south": {"uv": [24, 63], "uv_size": [1, 1.75]},
								"west": {"uv": [43, 4], "uv_size": [6.25, 1.75]},
								"up": {"uv": [28, 53], "uv_size": [1, 6.25]},
								"down": {"uv": [29, 59.25], "uv_size": [1, -6.25]}
							}
						},
						{
							"origin": [-2.81444, 16.39596, -8.46744],
							"size": [1.65488, 1.11088, 6.30188],
							"inflate": -0.302,
							"pivot": [-0.979, 18.2058, -9.793],
							"rotation": [0, 0, 60],
							"uv": {
								"north": {"uv": [63, 24], "uv_size": [1.75, 1]},
								"east": {"uv": [53, 15], "uv_size": [6.25, 1]},
								"south": {"uv": [25, 63], "uv_size": [1.75, 1]},
								"west": {"uv": [53, 16], "uv_size": [6.25, 1]},
								"up": {"uv": [0, 44], "uv_size": [1.75, 6.25]},
								"down": {"uv": [2, 50.25], "uv_size": [1.75, -6.25]}
							}
						},
						{
							"origin": [-3.31364, 16.78636, -8.46744],
							"size": [1.11088, 1.75088, 6.30188],
							"inflate": -0.302,
							"pivot": [-0.979, 18.2058, -9.793],
							"rotation": [0, 0, 60],
							"uv": {
								"north": {"uv": [27, 63], "uv_size": [1, 1.75]},
								"east": {"uv": [43, 19], "uv_size": [6.25, 1.75]},
								"south": {"uv": [28, 63], "uv_size": [1, 1.75]},
								"west": {"uv": [23, 44], "uv_size": [6.25, 1.75]},
								"up": {"uv": [30, 53], "uv_size": [1, 6.25]},
								"down": {"uv": [31, 59.25], "uv_size": [1, -6.25]}
							}
						},
						{
							"origin": [1.46076, 16.78636, -8.46744],
							"size": [1.11088, 1.75088, 6.30188],
							"inflate": -0.302,
							"pivot": [0.237, 18.2058, -9.793],
							"rotation": [0, 0, -60],
							"uv": {
								"north": {"uv": [29, 63], "uv_size": [1, 1.75]},
								"east": {"uv": [30, 44], "uv_size": [6.25, 1.75]},
								"south": {"uv": [30, 63], "uv_size": [1, 1.75]},
								"west": {"uv": [44, 31], "uv_size": [6.25, 1.75]},
								"up": {"uv": [32, 53], "uv_size": [1, 6.25]},
								"down": {"uv": [33, 59.25], "uv_size": [1, -6.25]}
							}
						},
						{
							"origin": [0.41756, 16.39596, -8.46744],
							"size": [1.65488, 1.11088, 6.30188],
							"inflate": -0.302,
							"pivot": [0.237, 18.2058, -9.793],
							"rotation": [0, 0, -60],
							"uv": {
								"north": {"uv": [63, 25], "uv_size": [1.75, 1]},
								"east": {"uv": [53, 17], "uv_size": [6.25, 1]},
								"south": {"uv": [31, 63], "uv_size": [1.75, 1]},
								"west": {"uv": [53, 18], "uv_size": [6.25, 1]},
								"up": {"uv": [4, 44], "uv_size": [1.75, 6.25]},
								"down": {"uv": [37, 50.25], "uv_size": [1.75, -6.25]}
							}
						},
						{
							"origin": [-0.06188, 16.78692, -8.46688],
							"size": [1.10976, 1.74976, 6.30076],
							"inflate": -0.304,
							"pivot": [0.237, 18.2058, -9.793],
							"rotation": [0, 0, -60],
							"uv": {
								"north": {"uv": [63, 31], "uv_size": [1, 1.75]},
								"east": {"uv": [44, 33], "uv_size": [6.25, 1.75]},
								"south": {"uv": [34, 63], "uv_size": [1, 1.75]},
								"west": {"uv": [44, 35], "uv_size": [6.25, 1.75]},
								"up": {"uv": [37, 53], "uv_size": [1, 6.25]},
								"down": {"uv": [38, 59.25], "uv_size": [1, -6.25]}
							}
						},
						{
							"origin": [-0.06188, 20.88932, -8.46688],
							"size": [1.10976, 1.74976, 6.30076],
							"inflate": -0.304,
							"pivot": [0.237, 21.2202, -9.793],
							"rotation": [0, 0, 60],
							"uv": {
								"north": {"uv": [35, 63], "uv_size": [1, 1.75]},
								"east": {"uv": [39, 44], "uv_size": [6.25, 1.75]},
								"south": {"uv": [63, 37], "uv_size": [1, 1.75]},
								"west": {"uv": [45, 40], "uv_size": [6.25, 1.75]},
								"up": {"uv": [39, 53], "uv_size": [1, 6.25]},
								"down": {"uv": [40, 59.25], "uv_size": [1, -6.25]}
							}
						},
						{
							"origin": [0.41756, 21.91916, -8.46744],
							"size": [1.65488, 1.11088, 6.30188],
							"inflate": -0.302,
							"pivot": [0.237, 21.2202, -9.793],
							"rotation": [0, 0, 60],
							"uv": {
								"north": {"uv": [63, 33], "uv_size": [1.75, 1]},
								"east": {"uv": [53, 37], "uv_size": [6.25, 1]},
								"south": {"uv": [63, 50], "uv_size": [1.75, 1]},
								"west": {"uv": [53, 38], "uv_size": [6.25, 1]},
								"up": {"uv": [10, 45], "uv_size": [1.75, 6.25]},
								"down": {"uv": [12, 51.25], "uv_size": [1.75, -6.25]}
							}
						},
						{
							"origin": [0.1624, 18.368, -8.4666],
							"size": [2.1652, 3.1572, 6.3002],
							"inflate": -0.305,
							"pivot": [0.237, 21.2202, -9.793],
							"rotation": [0, 0, 60],
							"uv": {
								"north": {"uv": [17, 52], "uv_size": [2.25, 3.25]},
								"east": {"uv": [7, 31], "uv_size": [6.25, 3.25]},
								"south": {"uv": [52, 21], "uv_size": [2.25, 3.25]},
								"west": {"uv": [31, 8], "uv_size": [6.25, 3.25]},
								"up": {"uv": [32, 37], "uv_size": [2.25, 6.25]},
								"down": {"uv": [35, 43.25], "uv_size": [2.25, -6.25]}
							}
						},
						{
							"origin": [1.46104, 20.88904, -8.46716],
							"size": [1.11032, 1.75032, 6.30132],
							"inflate": -0.303,
							"pivot": [0.237, 21.2202, -9.793],
							"rotation": [0, 0, 60],
							"uv": {
								"north": {"uv": [63, 51], "uv_size": [1, 1.75]},
								"east": {"uv": [45, 42], "uv_size": [6.25, 1.75]},
								"south": {"uv": [53, 63], "uv_size": [1, 1.75]},
								"west": {"uv": [46, 6], "uv_size": [6.25, 1.75]},
								"up": {"uv": [41, 53], "uv_size": [1, 6.25]},
								"down": {"uv": [42, 59.25], "uv_size": [1, -6.25]}
							}
						},
						{
							"origin": [-0.15816, 20.67784, -8.46716],
							"size": [1.11032, 1.65432, 6.30132],
							"inflate": -0.303,
							"uv": {
								"north": {"uv": [63, 53], "uv_size": [1, 1.75]},
								"east": {"uv": [46, 13], "uv_size": [6.25, 1.75]},
								"south": {"uv": [54, 63], "uv_size": [1, 1.75]},
								"west": {"uv": [46, 15], "uv_size": [6.25, 1.75]},
								"up": {"uv": [43, 53], "uv_size": [1, 6.25]},
								"down": {"uv": [44, 59.25], "uv_size": [1, -6.25]}
							}
						},
						{
							"origin": [-0.2536, 21.1904, -8.4666],
							"size": [1.1092, 1.1412, 6.3002],
							"inflate": -0.305,
							"pivot": [0.141, 20.977, -9.793],
							"rotation": [0, 0, 36.25],
							"uv": {
								"north": {"uv": [64, 26], "uv_size": [1, 1.25]},
								"east": {"uv": [50, 4], "uv_size": [6.25, 1.25]},
								"south": {"uv": [64, 29], "uv_size": [1, 1.25]},
								"west": {"uv": [50, 19], "uv_size": [6.25, 1.25]},
								"up": {"uv": [45, 53], "uv_size": [1, 6.25]},
								"down": {"uv": [46, 59.25], "uv_size": [1, -6.25]}
							}
						},
						{
							"origin": [-1.5976, 21.1904, -8.4666],
							"size": [1.1092, 1.1412, 6.3002],
							"inflate": -0.305,
							"pivot": [-0.883, 20.977, -9.793],
							"rotation": [0, 0, -36.25],
							"uv": {
								"north": {"uv": [31, 64], "uv_size": [1, 1.25]},
								"east": {"uv": [50, 44], "uv_size": [6.25, 1.25]},
								"south": {"uv": [64, 31], "uv_size": [1, 1.25]},
								"west": {"uv": [50, 46], "uv_size": [6.25, 1.25]},
								"up": {"uv": [47, 53], "uv_size": [1, 6.25]},
								"down": {"uv": [48, 59.25], "uv_size": [1, -6.25]}
							}
						},
						{
							"origin": [-3.0696, 19.0784, -8.4666],
							"size": [1.1092, 1.1412, 6.3002],
							"inflate": -0.305,
							"uv": {
								"north": {"uv": [32, 64], "uv_size": [1, 1.25]},
								"east": {"uv": [51, 8], "uv_size": [6.25, 1.25]},
								"south": {"uv": [33, 64], "uv_size": [1, 1.25]},
								"west": {"uv": [51, 10], "uv_size": [6.25, 1.25]},
								"up": {"uv": [49, 53], "uv_size": [1, 6.25]},
								"down": {"uv": [50, 59.25], "uv_size": [1, -6.25]}
							}
						},
						{
							"origin": [1.2184, 19.0784, -8.4666],
							"size": [1.1092, 1.1412, 6.3002],
							"inflate": -0.305,
							"uv": {
								"north": {"uv": [64, 34], "uv_size": [1, 1.25]},
								"east": {"uv": [24, 51], "uv_size": [6.25, 1.25]},
								"south": {"uv": [37, 64], "uv_size": [1, 1.25]},
								"west": {"uv": [51, 31], "uv_size": [6.25, 1.25]},
								"up": {"uv": [0, 54], "uv_size": [1, 6.25]},
								"down": {"uv": [1, 60.25], "uv_size": [1, -6.25]}
							}
						},
						{
							"origin": [-1.5976, 16.9344, -8.4666],
							"size": [1.1092, 1.1412, 6.3002],
							"inflate": -0.305,
							"pivot": [-0.883, 18.289, -9.793],
							"rotation": [0, 0, 36.25],
							"uv": {
								"north": {"uv": [64, 37], "uv_size": [1, 1.25]},
								"east": {"uv": [51, 33], "uv_size": [6.25, 1.25]},
								"south": {"uv": [38, 64], "uv_size": [1, 1.25]},
								"west": {"uv": [51, 35], "uv_size": [6.25, 1.25]},
								"up": {"uv": [2, 54], "uv_size": [1, 6.25]},
								"down": {"uv": [3, 60.25], "uv_size": [1, -6.25]}
							}
						},
						{
							"origin": [-0.2536, 16.9344, -8.4666],
							"size": [1.1092, 1.1412, 6.3002],
							"inflate": -0.305,
							"pivot": [0.141, 18.289, -9.793],
							"rotation": [0, 0, -36.25],
							"uv": {
								"north": {"uv": [39, 64], "uv_size": [1, 1.25]},
								"east": {"uv": [37, 51], "uv_size": [6.25, 1.25]},
								"south": {"uv": [40, 64], "uv_size": [1, 1.25]},
								"west": {"uv": [44, 51], "uv_size": [6.25, 1.25]},
								"up": {"uv": [4, 54], "uv_size": [1, 6.25]},
								"down": {"uv": [5, 60.25], "uv_size": [1, -6.25]}
							}
						},
						{
							"origin": [-1.69416, 17.12584, -8.46716],
							"size": [1.11032, 1.68632, 6.30132],
							"inflate": -0.303,
							"uv": {
								"north": {"uv": [55, 63], "uv_size": [1, 1.75]},
								"east": {"uv": [17, 46], "uv_size": [6.25, 1.75]},
								"south": {"uv": [63, 55], "uv_size": [1, 1.75]},
								"west": {"uv": [46, 17], "uv_size": [6.25, 1.75]},
								"up": {"uv": [54, 48], "uv_size": [1, 6.25]},
								"down": {"uv": [55, 27.25], "uv_size": [1, -6.25]}
							}
						},
						{
							"origin": [-1.37444, 16.64556, -8.46744],
							"size": [1.87888, 1.11088, 6.30188],
							"inflate": -0.302,
							"uv": {
								"north": {"uv": [47, 21], "uv_size": [2, 1]},
								"east": {"uv": [53, 39], "uv_size": [6.25, 1]},
								"south": {"uv": [47, 37], "uv_size": [2, 1]},
								"west": {"uv": [54, 28], "uv_size": [6.25, 1]},
								"up": {"uv": [6, 41], "uv_size": [2, 6.25]},
								"down": {"uv": [8, 47.25], "uv_size": [2, -6.25]}
							}
						},
						{
							"origin": [-0.15816, 17.12584, -8.46716],
							"size": [1.11032, 1.68632, 6.30132],
							"inflate": -0.303,
							"uv": {
								"north": {"uv": [63, 57], "uv_size": [1, 1.75]},
								"east": {"uv": [24, 46], "uv_size": [6.25, 1.75]},
								"south": {"uv": [58, 63], "uv_size": [1, 1.75]},
								"west": {"uv": [39, 46], "uv_size": [6.25, 1.75]},
								"up": {"uv": [55, 48], "uv_size": [1, 6.25]},
								"down": {"uv": [51, 61.25], "uv_size": [1, -6.25]}
							}
						}
					]
				},
				{
					"name": "bone",
					"parent": "rotatey",
					"pivot": [2.381, 18.129, -9.793],
					"cubes": [
						{
							"origin": [1.569, 17.829, -8.468],
							"size": [1.112, 3.8, 6.303],
							"inflate": -0.3,
							"uv": {
								"north": {"uv": [46, 60], "uv_size": [1, 3.75]},
								"east": {"uv": [8, 19], "uv_size": [6.25, 3.75]},
								"south": {"uv": [47, 60], "uv_size": [1, 3.75]},
								"west": {"uv": [15, 20], "uv_size": [6.25, 3.75]},
								"up": {"uv": [52, 55], "uv_size": [1, 6.25]},
								"down": {"uv": [53, 61.25], "uv_size": [1, -6.25]}
							}
						},
						{
							"origin": [1.56928, 21.02928, -8.46772],
							"size": [1.11144, 3.79944, 6.30244],
							"inflate": -0.301,
							"pivot": [2.381, 21.329, -9.793],
							"rotation": [0, 0, -60],
							"uv": {
								"north": {"uv": [48, 60], "uv_size": [1, 3.75]},
								"east": {"uv": [22, 20], "uv_size": [6.25, 3.75]},
								"south": {"uv": [49, 60], "uv_size": [1, 3.75]},
								"west": {"uv": [8, 23], "uv_size": [6.25, 3.75]},
								"up": {"uv": [54, 55], "uv_size": [1, 6.25]},
								"down": {"uv": [55, 61.25], "uv_size": [1, -6.25]}
							}
						}
					]
				},
				{
					"name": "bone4",
					"parent": "rotatey",
					"pivot": [2.381, 18.129, -9.793],
					"rotation": [0, 0, 60],
					"cubes": [
						{
							"origin": [1.56928, 14.62928, -8.46772],
							"size": [1.11144, 3.79944, 6.30244],
							"inflate": -0.301,
							"uv": {
								"north": {"uv": [50, 60], "uv_size": [1, 3.75]},
								"east": {"uv": [24, 8], "uv_size": [6.25, 3.75]},
								"south": {"uv": [60, 58], "uv_size": [1, 3.75]},
								"west": {"uv": [24, 12], "uv_size": [6.25, 3.75]},
								"up": {"uv": [6, 56], "uv_size": [1, 6.25]},
								"down": {"uv": [7, 62.25], "uv_size": [1, -6.25]}
							}
						},
						{
							"origin": [1.569, 11.429, -8.468],
							"size": [1.112, 3.8, 6.303],
							"inflate": -0.3,
							"pivot": [2.381, 14.929, -9.793],
							"rotation": [0, 0, 60],
							"uv": {
								"north": {"uv": [0, 61], "uv_size": [1, 3.75]},
								"east": {"uv": [15, 24], "uv_size": [6.25, 3.75]},
								"south": {"uv": [1, 61], "uv_size": [1, 3.75]},
								"west": {"uv": [24, 16], "uv_size": [6.25, 3.75]},
								"up": {"uv": [8, 56], "uv_size": [1, 6.25]},
								"down": {"uv": [9, 62.25], "uv_size": [1, -6.25]}
							}
						}
					]
				},
				{
					"name": "bone2",
					"parent": "rotatey",
					"pivot": [-3.155, 18.129, -9.793],
					"rotation": [0, 0, -180],
					"cubes": [
						{
							"origin": [-3.96672, 14.62928, -8.46772],
							"size": [1.11144, 3.79944, 6.30244],
							"inflate": -0.301,
							"uv": {
								"north": {"uv": [2, 61], "uv_size": [1, 3.75]},
								"east": {"uv": [22, 24], "uv_size": [6.25, 3.75]},
								"south": {"uv": [3, 61], "uv_size": [1, 3.75]},
								"west": {"uv": [8, 27], "uv_size": [6.25, 3.75]},
								"up": {"uv": [10, 56], "uv_size": [1, 6.25]},
								"down": {"uv": [11, 62.25], "uv_size": [1, -6.25]}
							}
						},
						{
							"origin": [-3.967, 11.429, -8.468],
							"size": [1.112, 3.8, 6.303],
							"inflate": -0.3,
							"pivot": [-3.155, 14.929, -9.793],
							"rotation": [0, 0, 60],
							"uv": {
								"north": {"uv": [4, 61], "uv_size": [1, 3.75]},
								"east": {"uv": [0, 28], "uv_size": [6.25, 3.75]},
								"south": {"uv": [5, 61], "uv_size": [1, 3.75]},
								"west": {"uv": [15, 28], "uv_size": [6.25, 3.75]},
								"up": {"uv": [12, 56], "uv_size": [1, 6.25]},
								"down": {"uv": [13, 62.25], "uv_size": [1, -6.25]}
							}
						}
					]
				},
				{
					"name": "speedloader",
					"parent": "rotatey",
					"pivot": [0.077, 21.105, -6.977]
				},
				{
					"name": "bullets",
					"parent": "speedloader",
					"pivot": [-2.003, 18.321, -6.977],
					"cubes": [
						{
							"origin": [-0.983, 20.877, -6.604],
							"size": [1.224, 1.224, 4.367],
							"inflate": -0.1,
							"uv": {
								"north": {"uv": [63, 61], "uv_size": [1.25, 1.25]},
								"east": {"uv": [56, 50], "uv_size": [4.25, 1.25]},
								"south": {"uv": [63, 63], "uv_size": [1.25, 1.25]},
								"west": {"uv": [56, 52], "uv_size": [4.25, 1.25]},
								"up": {"uv": [34, 56], "uv_size": [1.25, 4.25]},
								"down": {"uv": [56, 58.25], "uv_size": [1.25, -4.25]}
							}
						},
						{
							"origin": [-0.983, 17.357, -6.604],
							"size": [1.224, 1.224, 4.367],
							"inflate": -0.1,
							"uv": {
								"north": {"uv": [64, 0], "uv_size": [1.25, 1.25]},
								"east": {"uv": [57, 0], "uv_size": [4.25, 1.25]},
								"south": {"uv": [8, 64], "uv_size": [1.25, 1.25]},
								"west": {"uv": [57, 2], "uv_size": [4.25, 1.25]},
								"up": {"uv": [20, 57], "uv_size": [1.25, 4.25]},
								"down": {"uv": [22, 61.25], "uv_size": [1.25, -4.25]}
							}
						},
						{
							"origin": [0.297, 20.109, -6.604],
							"size": [1.224, 1.224, 4.367],
							"inflate": -0.1,
							"pivot": [1.261, 21.137, -6.977],
							"rotation": [0, 0, -30],
							"uv": {
								"north": {"uv": [64, 8], "uv_size": [1.25, 1.25]},
								"east": {"uv": [57, 4], "uv_size": [4.25, 1.25]},
								"south": {"uv": [10, 64], "uv_size": [1.25, 1.25]},
								"west": {"uv": [57, 19], "uv_size": [4.25, 1.25]},
								"up": {"uv": [57, 40], "uv_size": [1.25, 4.25]},
								"down": {"uv": [58, 12.25], "uv_size": [1.25, -4.25]}
							}
						},
						{
							"origin": [-2.263, 20.109, -6.604],
							"size": [1.224, 1.224, 4.367],
							"inflate": -0.1,
							"pivot": [-2.003, 21.137, -6.977],
							"rotation": [0, 0, 30],
							"uv": {
								"north": {"uv": [64, 10], "uv_size": [1.25, 1.25]},
								"east": {"uv": [57, 45], "uv_size": [4.25, 1.25]},
								"south": {"uv": [12, 64], "uv_size": [1.25, 1.25]},
								"west": {"uv": [58, 21], "uv_size": [4.25, 1.25]},
								"up": {"uv": [58, 23], "uv_size": [1.25, 4.25]},
								"down": {"uv": [58, 35.25], "uv_size": [1.25, -4.25]}
							}
						},
						{
							"origin": [0.297, 18.125, -6.604],
							"size": [1.224, 1.224, 4.367],
							"inflate": -0.1,
							"pivot": [1.261, 18.321, -6.977],
							"rotation": [0, 0, 30],
							"uv": {
								"north": {"uv": [64, 12], "uv_size": [1.25, 1.25]},
								"east": {"uv": [58, 54], "uv_size": [4.25, 1.25]},
								"south": {"uv": [14, 64], "uv_size": [1.25, 1.25]},
								"west": {"uv": [58, 56], "uv_size": [4.25, 1.25]},
								"up": {"uv": [58, 58], "uv_size": [1.25, 4.25]},
								"down": {"uv": [17, 63.25], "uv_size": [1.25, -4.25]}
							}
						},
						{
							"origin": [-2.263, 18.125, -6.604],
							"size": [1.224, 1.224, 4.367],
							"inflate": -0.1,
							"pivot": [-2.003, 18.321, -6.977],
							"rotation": [0, 0, -30],
							"uv": {
								"north": {"uv": [64, 14], "uv_size": [1.25, 1.25]},
								"east": {"uv": [59, 40], "uv_size": [4.25, 1.25]},
								"south": {"uv": [16, 64], "uv_size": [1.25, 1.25]},
								"west": {"uv": [59, 42], "uv_size": [4.25, 1.25]},
								"up": {"uv": [56, 59], "uv_size": [1.25, 4.25]},
								"down": {"uv": [60, 10.25], "uv_size": [1.25, -4.25]}
							}
						}
					]
				},
				{
					"name": "loader",
					"parent": "speedloader",
					"pivot": [-2.291, 7.249, 6.591],
					"cubes": [
						{
							"origin": [-5.619, 7.121, 5.311],
							"size": [4.736, 4.736, 2.56],
							"pivot": [-2.291, 7.249, 6.591],
							"rotation": [0, 0, 25],
							"uv": {
								"north": {"uv": [22, 28], "uv_size": [4.75, 4.75]},
								"east": {"uv": [17, 41], "uv_size": [2.5, 4.75]},
								"south": {"uv": [27, 28], "uv_size": [4.75, 4.75]},
								"west": {"uv": [20, 41], "uv_size": [2.5, 4.75]},
								"up": {"uv": [41, 16], "uv_size": [4.75, 2.5]},
								"down": {"uv": [40, 43.5], "uv_size": [4.75, -2.5]}
							}
						},
						{
							"origin": [-4.339, 8.401, 6.271],
							"size": [2.176, 2.176, 3.84],
							"pivot": [-2.291, 7.249, 7.551],
							"rotation": [0, 0, 25],
							"uv": {
								"north": {"uv": [60, 11], "uv_size": [2.25, 2.25]},
								"east": {"uv": [43, 48], "uv_size": [3.75, 2.25]},
								"south": {"uv": [14, 60], "uv_size": [2.25, 2.25]},
								"west": {"uv": [47, 48], "uv_size": [3.75, 2.25]},
								"up": {"uv": [14, 49], "uv_size": [2.25, 3.75]},
								"down": {"uv": [49, 24.75], "uv_size": [2.25, -3.75]}
							}
						},
						{
							"origin": [-4.659, 8.081, 9.151],
							"size": [2.816, 2.816, 1.28],
							"pivot": [-2.291, 7.249, 7.871],
							"rotation": [0, 0, 25],
							"uv": {
								"north": {"uv": [31, 50], "uv_size": [2.75, 2.75]},
								"east": {"uv": [61, 60], "uv_size": [1.25, 2.75]},
								"south": {"uv": [0, 51], "uv_size": [2.75, 2.75]},
								"west": {"uv": [62, 0], "uv_size": [1.25, 2.75]},
								"up": {"uv": [62, 3], "uv_size": [2.75, 1.25]},
								"down": {"uv": [62, 6.25], "uv_size": [2.75, -1.25]}
							}
						}
					]
				},
				{
					"name": "rightarm",
					"parent": "main",
					"pivot": [-4.8, 8.525, 20.9],
					"rotation": [-104.56106, -12.40003, -2.46982],
					"cubes": [
						{
							"origin": [-8.8, -15.475, 16.9],
							"size": [8, 24, 8],
							"uv": {
								"north": {"uv": [52, 74.25], "uv_size": [8, 24]},
								"east": {"uv": [52, 74.25], "uv_size": [8, 24]},
								"south": {"uv": [52, 74.25], "uv_size": [8, 24]},
								"west": {"uv": [52, 74.25], "uv_size": [8, 24]},
								"up": {"uv": [60, 98.25], "uv_size": [-8, -24]},
								"down": {"uv": [60, 98.25], "uv_size": [-8, -24]}
							}
						}
					]
				},
				{
					"name": "leftarm",
					"parent": "main",
					"pivot": [10.2, 2, 19.4],
					"rotation": [-118.95832, 6.70101, -29.35181],
					"cubes": [
						{
							"origin": [6.2, -22, 15.4],
							"size": [8, 24, 8],
							"uv": {
								"north": {"uv": [52, 74.25], "uv_size": [8, 24]},
								"east": {"uv": [52, 74.25], "uv_size": [8, 24]},
								"south": {"uv": [52, 74.25], "uv_size": [8, 24]},
								"west": {"uv": [52, 74.25], "uv_size": [8, 24]},
								"up": {"uv": [60, 98.25], "uv_size": [-8, -24]},
								"down": {"uv": [60, 98.25], "uv_size": [-8, -24]}
							}
						}
					]
				},
				{
					"name": "muzzleflash",
					"parent": "main",
					"pivot": [0, 19.15, -30.45],
					"cubes": [
						{
							"origin": [-0.5, 18.65, -30.75],
							"size": [1, 1, 1],
							"inflate": -0.4,
							"uv": {
								"north": {"uv": [17, 8], "uv_size": [1, 1]},
								"east": {"uv": [7, 30], "uv_size": [1, 1]},
								"south": {"uv": [14, 31], "uv_size": [1, 1]},
								"west": {"uv": [13, 37], "uv_size": [1, 1]},
								"up": {"uv": [6, 40], "uv_size": [1, 1]},
								"down": {"uv": [17, 41], "uv_size": [1, -1]}
							}
						}
					]
				},
				{
					"name": "scope",
					"parent": "main",
					"pivot": [0, 24.65, 22.75],
					"cubes": [
						{
							"origin": [-0.5, 24.15, 22.45],
							"size": [1, 1, 1],
							"inflate": -0.4,
							"uv": {
								"north": {"uv": [48, 26], "uv_size": [1, 1]},
								"east": {"uv": [30, 50], "uv_size": [1, 1]},
								"south": {"uv": [54, 27], "uv_size": [1, 1]},
								"west": {"uv": [57, 12], "uv_size": [1, 1]},
								"up": {"uv": [61, 30], "uv_size": [1, 1]},
								"down": {"uv": [64, 44], "uv_size": [1, -1]}
							}
						}
					]
				},
				{
					"name": "group",
					"parent": "main",
					"pivot": [-0.09761, 19.84385, -5.61692],
					"rotation": [0, 90, 0],
					"cubes": [
						{
							"origin": [-3.2707, 17.18992, -6.95756],
							"size": [6.11325, 6.11325, 2.53422],
							"uv": {
								"east": {"uv": [4, 32], "uv_size": [2.5, 6]},
								"west": {"uv": [7, 35], "uv_size": [2.5, 6]},
								"up": {"uv": [37, 0], "uv_size": [6, 2.5]},
								"down": {"uv": [37, 5.5], "uv_size": [6, -2.5]}
							}
						},
						{
							"origin": [-3.54857, 21.35804, -6.52408],
							"size": [0.27787, 1.66725, 1.66725],
							"uv": {
								"north": {"uv": [57, 65], "uv_size": [0.25, 1.75]},
								"south": {"uv": [58, 65], "uv_size": [0.25, 1.75]},
								"up": {"uv": [59, 65], "uv_size": [0.25, 1.75]},
								"down": {"uv": [65, 60.75], "uv_size": [0.25, -1.75]}
							}
						},
						{
							"origin": [8.40005, 22.19167, -4.57673],
							"size": [5.00175, 0.83362, 0],
							"uv": {
								"south": {"uv": [12, 8], "uv_size": [5, 0.75]}
							}
						},
						{
							"origin": [-7.43882, 17.46779, -6.5263],
							"size": [1.66725, 1.66725, 1.6717],
							"uv": {
								"north": {"uv": [20, 62], "uv_size": [1.75, 1.75]},
								"south": {"uv": [22, 62], "uv_size": [1.75, 1.75]}
							}
						},
						{
							"origin": [-11.32907, 14.96692, -7.35993],
							"size": [1.66725, 1.66725, 3.33895],
							"uv": {
								"north": {"uv": [62, 26], "uv_size": [1.75, 1.75]},
								"south": {"uv": [62, 29], "uv_size": [1.75, 1.75]}
							}
						},
						{
							"origin": [5.41012, 21.08017, -6.80195],
							"size": [17.71731, 2.223, 2.223],
							"uv": {
								"north": {"uv": [0, 9], "uv_size": [17.75, 2.25]},
								"south": {"uv": [0, 12], "uv_size": [17.75, 2.25]},
								"west": {"uv": [60, 14], "uv_size": [2.25, 2.25]},
								"up": {"uv": [12, 0], "uv_size": [17.75, 2.25]},
								"down": {"uv": [12, 5.25], "uv_size": [17.75, -2.25]}
							}
						},
						{
							"origin": [23.12743, 21.22466, -6.66857],
							"size": [0.27787, 1.94513, 1.94512],
							"uv": {
								"north": {"uv": [35, 65], "uv_size": [0.25, 2]},
								"south": {"uv": [65, 35], "uv_size": [0.25, 2]},
								"west": {"uv": [38, 16], "uv_size": [2, 2]},
								"up": {"uv": [65, 37], "uv_size": [0.25, 2]},
								"down": {"uv": [41, 67], "uv_size": [0.25, -2]}
							}
						},
						{
							"origin": [2.84255, 21.22466, -6.66857],
							"size": [0.27788, 1.94513, 1.94512],
							"uv": {
								"north": {"uv": [65, 41], "uv_size": [0.25, 2]},
								"south": {"uv": [42, 65], "uv_size": [0.25, 2]},
								"up": {"uv": [44, 65], "uv_size": [0.25, 2]},
								"down": {"uv": [65, 47], "uv_size": [0.25, -2]}
							}
						},
						{
							"origin": [5.41012, 19.41292, -6.52408],
							"size": [17.71731, 1.66725, 1.66725],
							"uv": {
								"north": {"uv": [12, 6], "uv_size": [17.75, 1.75]},
								"south": {"uv": [0, 15], "uv_size": [17.75, 1.75]},
								"west": {"uv": [62, 34], "uv_size": [1.75, 1.75]},
								"down": {"uv": [0, 18.75], "uv_size": [17.75, -1.75]}
							}
						},
						{
							"origin": [14.23543, 24.13679, -6.11282],
							"size": [8.61412, 0.27788, 0.83362],
							"uv": {
								"north": {"uv": [63, 7], "uv_size": [8.5, 0.25]},
								"east": {"uv": [8, 66], "uv_size": [0.75, 0.25]},
								"south": {"uv": [8, 63], "uv_size": [8.5, 0.25]},
								"west": {"uv": [66, 8], "uv_size": [0.75, 0.25]},
								"up": {"uv": [52, 30], "uv_size": [8.5, 0.75]}
							}
						},
						{
							"origin": [6.7328, 23.85892, -6.2462],
							"size": [15.00525, 0.27788, 1.1115],
							"uv": {
								"north": {"uv": [57, 47], "uv_size": [15, 0.25]},
								"south": {"uv": [59, 44], "uv_size": [15, 0.25]},
								"up": {"uv": [33, 26], "uv_size": [15, 1]},
								"down": {"uv": [24, 36], "uv_size": [15, -1]}
							}
						},
						{
							"origin": [21.73805, 23.30317, -6.2462],
							"size": [1.38938, 0.83362, 1.1115],
							"uv": {
								"north": {"uv": [64, 40], "uv_size": [1.5, 0.75]},
								"east": {"uv": [57, 64], "uv_size": [1, 0.75]},
								"south": {"uv": [41, 64], "uv_size": [1.5, 0.75]},
								"west": {"uv": [6, 65], "uv_size": [1, 0.75]},
								"up": {"uv": [64, 2], "uv_size": [1.5, 1]}
							}
						},
						{
							"origin": [15.6248, 23.58104, -6.2462],
							"size": [3.3345, 0.27787, 1.1115],
							"uv": {
								"north": {"uv": [65, 5], "uv_size": [3.25, 0.25]},
								"east": {"uv": [65, 64], "uv_size": [1, 0.25]},
								"south": {"uv": [65, 6], "uv_size": [3.25, 0.25]},
								"west": {"uv": [65, 65], "uv_size": [1, 0.25]}
							}
						},
						{
							"origin": [9.51155, 23.58104, -6.2462],
							"size": [3.3345, 0.27787, 1.1115],
							"uv": {
								"north": {"uv": [65, 16], "uv_size": [3.25, 0.25]},
								"east": {"uv": [0, 66], "uv_size": [1, 0.25]},
								"south": {"uv": [65, 17], "uv_size": [3.25, 0.25]},
								"west": {"uv": [66, 0], "uv_size": [1, 0.25]}
							}
						},
						{
							"origin": [6.7328, 23.30317, -6.2462],
							"size": [15.00525, 0.27787, 1.1115],
							"uv": {
								"north": {"uv": [60, 39], "uv_size": [15, 0.25]},
								"south": {"uv": [60, 48], "uv_size": [15, 0.25]},
								"up": {"uv": [24, 36], "uv_size": [15, 1]}
							}
						},
						{
							"origin": [5.41012, 23.30317, -6.2462],
							"size": [1.32268, 0.83362, 1.1115],
							"uv": {
								"north": {"uv": [49, 64], "uv_size": [1.25, 0.75]},
								"south": {"uv": [51, 64], "uv_size": [1.25, 0.75]},
								"west": {"uv": [7, 65], "uv_size": [1, 0.75]},
								"up": {"uv": [64, 23], "uv_size": [1.25, 1]}
							}
						},
						{
							"origin": [21.73805, 24.41467, -5.96611],
							"size": [1.1115, 0.55575, 0.5513],
							"uv": {
								"north": {"uv": [65, 43], "uv_size": [1, 0.5]},
								"south": {"uv": [46, 65], "uv_size": [1, 0.5]},
								"west": {"uv": [1, 66], "uv_size": [0.5, 0.5]},
								"up": {"uv": [47, 65], "uv_size": [1, 0.5]}
							}
						},
						{
							"origin": [19.88852, 17.97241, -5.96833],
							"size": [1.66725, 0.51129, 0.55575],
							"pivot": [5.34343, 22.19167, -5.69045],
							"rotation": [0, 0, -22.5],
							"uv": {
								"north": {"uv": [64, 51], "uv_size": [1.75, 0.5]},
								"south": {"uv": [64, 52], "uv_size": [1.75, 0.5]},
								"up": {"uv": [64, 53], "uv_size": [1.75, 0.5]}
							}
						},
						{
							"origin": [-4.66007, 23.30317, -6.52408],
							"size": [9.16988, 0.83362, 1.66725],
							"uv": {
								"north": {"uv": [47, 12], "uv_size": [9.25, 0.75]},
								"south": {"uv": [52, 29], "uv_size": [9.25, 0.75]},
								"up": {"uv": [31, 18], "uv_size": [9.25, 1.75]},
								"down": {"uv": [33, 21.75], "uv_size": [9.25, -1.75]}
							}
						},
						{
							"origin": [3.37607, 22.37618, -6.52186],
							"size": [1.17819, 0.60021, 1.6628],
							"pivot": [5.34343, 22.19167, -5.69045],
							"rotation": [0, 0, 45],
							"uv": {
								"north": {"uv": [65, 32], "uv_size": [1.25, 0.5]},
								"south": {"uv": [65, 33], "uv_size": [1.25, 0.5]},
								"up": {"uv": [6, 63], "uv_size": [1.25, 1.75]}
							}
						},
						{
							"origin": [4.5098, 23.30317, -6.2462],
							"size": [0.90032, 0.83362, 1.1115],
							"uv": {
								"north": {"uv": [20, 65], "uv_size": [1, 0.75]},
								"south": {"uv": [21, 65], "uv_size": [1, 0.75]},
								"up": {"uv": [44, 64], "uv_size": [1, 1]}
							}
						},
						{
							"origin": [-5.77157, 23.30317, -6.52408],
							"size": [1.1115, 0.55575, 1.66725],
							"uv": {
								"north": {"uv": [48, 65], "uv_size": [1, 0.5]},
								"south": {"uv": [49, 65], "uv_size": [1, 0.5]},
								"up": {"uv": [7, 28], "uv_size": [1, 1.75]}
							}
						},
						{
							"origin": [3.12043, 21.08017, -6.80195],
							"size": [2.28969, 2.223, 2.223],
							"uv": {
								"north": {"uv": [60, 23], "uv_size": [2.25, 2.25]},
								"east": {"uv": [24, 60], "uv_size": [2.25, 2.25]},
								"south": {"uv": [27, 60], "uv_size": [2.25, 2.25]},
								"up": {"uv": [30, 60], "uv_size": [2.25, 2.25]},
								"down": {"uv": [60, 33.25], "uv_size": [2.25, -2.25]}
							}
						},
						{
							"origin": [3.12043, 19.41292, -6.52408],
							"size": [2.28969, 1.66725, 1.66725],
							"uv": {
								"north": {"uv": [37, 60], "uv_size": [2.25, 1.75]},
								"east": {"uv": [37, 62], "uv_size": [1.75, 1.75]},
								"south": {"uv": [60, 37], "uv_size": [2.25, 1.75]},
								"down": {"uv": [40, 61.75], "uv_size": [2.25, -1.75]}
							}
						},
						{
							"origin": [3.12043, 17.74567, -6.2462],
							"size": [1.66725, 1.66725, 1.1115],
							"uv": {
								"north": {"uv": [39, 62], "uv_size": [1.75, 1.75]},
								"east": {"uv": [13, 35], "uv_size": [1, 1.75]},
								"south": {"uv": [41, 62], "uv_size": [1.75, 1.75]},
								"west": {"uv": [6, 38], "uv_size": [1, 1.75]}
							}
						},
						{
							"origin": [5.85472, 17.95685, -6.24398],
							"size": [0.55575, 1.66725, 1.10705],
							"pivot": [5.34343, 22.19167, -5.69045],
							"rotation": [0, 0, 22.5],
							"uv": {
								"north": {"uv": [64, 54], "uv_size": [0.5, 1.75]},
								"south": {"uv": [56, 64], "uv_size": [0.5, 1.75]},
								"west": {"uv": [17, 38], "uv_size": [1, 1.75]}
							}
						},
						{
							"origin": [3.12043, 15.80054, -6.52408],
							"size": [1.66725, 1.94513, 1.94512],
							"uv": {
								"north": {"uv": [34, 61], "uv_size": [1.75, 2]},
								"east": {"uv": [60, 17], "uv_size": [2, 2]},
								"south": {"uv": [61, 50], "uv_size": [1.75, 2]},
								"west": {"uv": [60, 26], "uv_size": [2, 2]},
								"up": {"uv": [61, 52], "uv_size": [1.75, 2]},
								"down": {"uv": [61, 60], "uv_size": [1.75, -2]}
							}
						},
						{
							"origin": [-5.77157, 15.80054, -6.52408],
							"size": [8.892, 1.38938, 1.66725],
							"uv": {
								"north": {"uv": [37, 6], "uv_size": [9, 1.5]},
								"south": {"uv": [38, 8], "uv_size": [9, 1.5]},
								"up": {"uv": [33, 22], "uv_size": [9, 1.75]},
								"down": {"uv": [33, 25.75], "uv_size": [9, -1.75]}
							}
						},
						{
							"origin": [1.45318, 15.52267, -6.52408],
							"size": [3.3345, 0.27787, 1.66725],
							"uv": {
								"north": {"uv": [65, 21], "uv_size": [3.25, 0.25]},
								"south": {"uv": [65, 22], "uv_size": [3.25, 0.25]},
								"west": {"uv": [54, 65], "uv_size": [1.75, 0.25]},
								"down": {"uv": [56, 49.75], "uv_size": [3.25, -1.75]}
							}
						},
						{
							"origin": [-3.82645, 15.80054, -4.85683],
							"size": [0.55575, 1.38938, 0.27787],
							"uv": {
								"east": {"uv": [61, 65], "uv_size": [0.25, 1.5]},
								"south": {"uv": [22, 65], "uv_size": [0.5, 1.5]},
								"west": {"uv": [65, 61], "uv_size": [0.25, 1.5]},
								"up": {"uv": [9, 66], "uv_size": [0.5, 0.25]},
								"down": {"uv": [66, 9.25], "uv_size": [0.5, -0.25]}
							}
						},
						{
							"origin": [2.84255, 15.80054, -4.85683],
							"size": [0.27788, 1.38938, 0.27787],
							"uv": {
								"east": {"uv": [62, 65], "uv_size": [0.25, 1.5]},
								"south": {"uv": [63, 65], "uv_size": [0.25, 1.5]},
								"up": {"uv": [13, 66], "uv_size": [0.25, 0.25]},
								"down": {"uv": [66, 13.25], "uv_size": [0.25, -0.25]}
							}
						},
						{
							"origin": [-5.77157, 17.18992, -6.52408],
							"size": [2.223, 6.11325, 1.66725],
							"uv": {
								"north": {"uv": [0, 38], "uv_size": [2.25, 6]},
								"south": {"uv": [3, 38], "uv_size": [2.25, 6]},
								"west": {"uv": [35, 46], "uv_size": [1.75, 6]}
							}
						},
						{
							"origin": [-5.56261, 17.81236, -6.52408],
							"size": [1.1115, 1.66725, 1.66725],
							"pivot": [5.34343, 22.19167, -5.69045],
							"rotation": [0, 0, 22.5],
							"uv": {
								"north": {"uv": [39, 35], "uv_size": [1, 1.75]},
								"east": {"uv": [43, 62], "uv_size": [1.75, 1.75]},
								"south": {"uv": [40, 16], "uv_size": [1, 1.75]}
							}
						},
						{
							"origin": [-3.05729, 11.5435, -6.52408],
							"size": [2.223, 2.77875, 1.66725],
							"pivot": [5.34343, 22.19167, -5.69045],
							"rotation": [0, 0, 45],
							"uv": {
								"north": {"uv": [54, 40], "uv_size": [2.25, 2.75]},
								"east": {"uv": [60, 34], "uv_size": [1.75, 2.75]},
								"south": {"uv": [17, 56], "uv_size": [2.25, 2.75]}
							}
						},
						{
							"origin": [-9.37283, 24.77035, -6.52408],
							"size": [2.223, 1.1115, 1.66725],
							"pivot": [5.34343, 22.19167, -5.69045],
							"rotation": [0, 0, -22.5],
							"uv": {
								"north": {"uv": [42, 40], "uv_size": [2.25, 1]},
								"south": {"uv": [44, 37], "uv_size": [2.25, 1]},
								"up": {"uv": [43, 60], "uv_size": [2.25, 1.75]}
							}
						},
						{
							"origin": [-11.32907, 14.41117, -6.52408],
							"size": [5.5575, 5.5575, 1.66725],
							"uv": {
								"north": {"uv": [18, 8], "uv_size": [5.5, 5.5]},
								"south": {"uv": [18, 14], "uv_size": [5.5, 5.5]},
								"up": {"uv": [20, 48], "uv_size": [5.5, 1.75]}
							}
						},
						{
							"origin": [0.89743, 11.91029, -6.52408],
							"size": [0.55575, 3.89025, 1.66725],
							"uv": {
								"north": {"uv": [45, 62], "uv_size": [0.5, 4]},
								"east": {"uv": [12, 52], "uv_size": [1.75, 4]},
								"south": {"uv": [60, 62], "uv_size": [0.5, 4]},
								"west": {"uv": [52, 25], "uv_size": [1.75, 4]}
							}
						},
						{
							"origin": [-5.77157, 11.35454, -6.52408],
							"size": [7.22475, 0.55575, 1.66725],
							"uv": {
								"north": {"uv": [60, 49], "uv_size": [7.25, 0.5]},
								"east": {"uv": [64, 56], "uv_size": [1.75, 0.5]},
								"south": {"uv": [61, 28], "uv_size": [7.25, 0.5]},
								"west": {"uv": [64, 57], "uv_size": [1.75, 0.5]},
								"up": {"uv": [24, 33], "uv_size": [7.25, 1.75]},
								"down": {"uv": [38, 15.75], "uv_size": [7.25, -1.75]}
							}
						},
						{
							"origin": [-5.77157, 11.91029, -6.52408],
							"size": [0.55575, 3.89025, 1.66725],
							"uv": {
								"north": {"uv": [63, 8], "uv_size": [0.5, 4]},
								"east": {"uv": [34, 52], "uv_size": [1.75, 4]},
								"south": {"uv": [63, 12], "uv_size": [0.5, 4]},
								"west": {"uv": [52, 40], "uv_size": [1.75, 4]}
							}
						},
						{
							"origin": [-4.66007, 18.30142, -7.3577],
							"size": [1.1115, 3.89025, 3.3345],
							"uv": {
								"north": {"uv": [14, 45], "uv_size": [1, 4]},
								"east": {"uv": [38, 10], "uv_size": [3.25, 4]},
								"south": {"uv": [33, 60], "uv_size": [1, 4]},
								"west": {"uv": [13, 38], "uv_size": [3.25, 4]},
								"up": {"uv": [62, 7], "uv_size": [1, 3.25]},
								"down": {"uv": [62, 20.25], "uv_size": [1, -3.25]}
							}
						},
						{
							"origin": [-5.77157, 19.69079, -4.85683],
							"size": [1.1115, 1.1115, 0.55575],
							"uv": {
								"south": {"uv": [64, 45], "uv_size": [1, 1]},
								"up": {"uv": [50, 65], "uv_size": [1, 0.5]},
								"down": {"uv": [65, 50.5], "uv_size": [1, -0.5]}
							}
						},
						{
							"origin": [-6.6052, 19.41292, -4.85683],
							"size": [0.83362, 1.66725, 0.83362],
							"uv": {
								"east": {"uv": [64, 21], "uv_size": [0.75, 1.75]},
								"south": {"uv": [23, 64], "uv_size": [0.75, 1.75]},
								"west": {"uv": [25, 64], "uv_size": [0.75, 1.75]},
								"up": {"uv": [34, 65], "uv_size": [0.75, 0.75]},
								"down": {"uv": [65, 34.75], "uv_size": [0.75, -0.75]}
							}
						},
						{
							"origin": [-4.10432, 14.68904, -6.2462],
							"size": [2.223, 1.1115, 1.1115],
							"uv": {
								"north": {"uv": [54, 43], "uv_size": [2.25, 1]},
								"east": {"uv": [46, 64], "uv_size": [1, 1]},
								"south": {"uv": [62, 36], "uv_size": [2.25, 1]},
								"west": {"uv": [64, 46], "uv_size": [1, 1]},
								"down": {"uv": [53, 63], "uv_size": [2.25, -1]}
							}
						},
						{
							"origin": [-2.71495, 13.57754, -6.2462],
							"size": [0.55575, 1.1115, 1.1115],
							"uv": {
								"north": {"uv": [51, 65], "uv_size": [0.5, 1]},
								"east": {"uv": [47, 64], "uv_size": [1, 1]},
								"south": {"uv": [52, 65], "uv_size": [0.5, 1]},
								"west": {"uv": [48, 64], "uv_size": [1, 1]}
							}
						},
						{
							"origin": [-5.39811, 15.92725, -6.2462],
							"size": [0.55575, 1.38937, 1.1115],
							"pivot": [5.34343, 22.19167, -5.69045],
							"rotation": [0, 0, -22.5],
							"uv": {
								"north": {"uv": [24, 65], "uv_size": [0.5, 1.5]},
								"east": {"uv": [59, 63], "uv_size": [1, 1.5]},
								"south": {"uv": [65, 24], "uv_size": [0.5, 1.5]},
								"west": {"uv": [64, 16], "uv_size": [1, 1.5]},
								"down": {"uv": [53, 66], "uv_size": [0.5, -1]}
							}
						},
						{
							"origin": [-8.79485, 20.79118, -6.2462],
							"size": [1.44495, 0.55575, 1.1115],
							"pivot": [-7.99457, 22.19167, -5.69045],
							"rotation": [0, 0, -22.5],
							"uv": {
								"north": {"uv": [27, 65], "uv_size": [1.5, 0.5]},
								"south": {"uv": [65, 27], "uv_size": [1.5, 0.5]},
								"up": {"uv": [64, 18], "uv_size": [1.5, 1]}
							}
						},
						{
							"origin": [-10.54658, 21.16242, -6.2462],
							"size": [1.48941, 0.55575, 1.1115],
							"pivot": [-7.99457, 22.19167, -5.69045],
							"rotation": [0, 0, -45],
							"uv": {
								"north": {"uv": [29, 65], "uv_size": [1.5, 0.5]},
								"south": {"uv": [65, 29], "uv_size": [1.5, 0.5]},
								"up": {"uv": [64, 19], "uv_size": [1.5, 1]}
							}
						},
						{
							"origin": [-5.32697, 24.69254, -5.41258],
							"size": [0.27787, 0.27787, 0.27787],
							"uv": {
								"north": {"uv": [14, 66], "uv_size": [0.25, 0.25]},
								"east": {"uv": [66, 14], "uv_size": [0.25, 0.25]},
								"west": {"uv": [15, 66], "uv_size": [0.25, 0.25]},
								"up": {"uv": [66, 15], "uv_size": [0.25, 0.25]}
							}
						},
						{
							"origin": [-5.32697, 24.69254, -6.2462],
							"size": [0.27787, 0.27787, 0.27787],
							"uv": {
								"east": {"uv": [16, 66], "uv_size": [0.25, 0.25]},
								"south": {"uv": [17, 66], "uv_size": [0.25, 0.25]},
								"west": {"uv": [18, 66], "uv_size": [0.25, 0.25]},
								"up": {"uv": [66, 18], "uv_size": [0.25, 0.25]}
							}
						},
						{
							"origin": [-5.32697, 24.41467, -6.2462],
							"size": [0.27787, 0.27788, 1.1115],
							"uv": {
								"east": {"uv": [66, 1], "uv_size": [1, 0.25]},
								"west": {"uv": [2, 66], "uv_size": [1, 0.25]},
								"up": {"uv": [66, 2], "uv_size": [0.25, 1]}
							}
						},
						{
							"origin": [-5.4937, 23.85892, -6.52408],
							"size": [0.83362, 0.55575, 1.66725],
							"uv": {
								"north": {"uv": [65, 63], "uv_size": [0.75, 0.5]},
								"east": {"uv": [4, 65], "uv_size": [1.75, 0.5]},
								"south": {"uv": [64, 65], "uv_size": [0.75, 0.5]},
								"west": {"uv": [65, 4], "uv_size": [1.75, 0.5]},
								"up": {"uv": [26, 64], "uv_size": [0.75, 1.75]}
							}
						},
						{
							"origin": [-4.66007, 24.13679, -6.2462],
							"size": [1.66725, 0.27788, 1.1115],
							"uv": {
								"north": {"uv": [65, 54], "uv_size": [1.75, 0.25]},
								"south": {"uv": [65, 55], "uv_size": [1.75, 0.25]},
								"west": {"uv": [3, 66], "uv_size": [1, 0.25]},
								"up": {"uv": [24, 50], "uv_size": [1.75, 1]}
							}
						},
						{
							"origin": [-5.4937, 24.41467, -6.52408],
							"size": [0.55575, 0.55575, 0.27787],
							"uv": {
								"north": {"uv": [4, 66], "uv_size": [0.5, 0.5]},
								"east": {"uv": [10, 66], "uv_size": [0.25, 0.5]},
								"south": {"uv": [5, 66], "uv_size": [0.5, 0.5]},
								"west": {"uv": [66, 10], "uv_size": [0.25, 0.5]},
								"up": {"uv": [11, 66], "uv_size": [0.5, 0.25]}
							}
						},
						{
							"origin": [-5.4937, 24.41467, -5.1347],
							"size": [0.55575, 0.55575, 0.27787],
							"uv": {
								"north": {"uv": [6, 66], "uv_size": [0.5, 0.5]},
								"east": {"uv": [66, 11], "uv_size": [0.25, 0.5]},
								"south": {"uv": [7, 66], "uv_size": [0.5, 0.5]},
								"west": {"uv": [12, 66], "uv_size": [0.25, 0.5]},
								"up": {"uv": [66, 12], "uv_size": [0.5, 0.25]}
							}
						},
						{
							"origin": [-9.20833, 11.09001, -7.34881],
							"size": [2.96326, 2.6676, 3.31672],
							"pivot": [5.34343, 22.19167, -5.69045],
							"rotation": [0, 0, 22.5],
							"uv": {
								"north": {"uv": [49, 25], "uv_size": [3, 2.75]},
								"east": {"uv": [26, 48], "uv_size": [3.25, 2.75]},
								"south": {"uv": [49, 28], "uv_size": [3, 2.75]},
								"up": {"uv": [17, 48], "uv_size": [3, 3.25]}
							}
						},
						{
							"origin": [-9.66182, 27.01113, -7.35103],
							"size": [2.77875, 2.65871, 3.32116],
							"pivot": [5.34343, 22.19167, -5.69045],
							"rotation": [0, 0, -45],
							"uv": {
								"north": {"uv": [3, 51], "uv_size": [2.75, 2.75]},
								"south": {"uv": [51, 48], "uv_size": [2.75, 2.75]},
								"west": {"uv": [39, 48], "uv_size": [3.25, 2.75]}
							}
						},
						{
							"origin": [-12.24273, 19.51295, -7.35326],
							"size": [4.446, 2.45419, 3.32561],
							"pivot": [5.34343, 22.19167, -5.69045],
							"rotation": [0, 0, -22.5],
							"uv": {
								"north": {"uv": [10, 42], "uv_size": [4.5, 2.5]},
								"south": {"uv": [42, 10], "uv_size": [4.5, 2.5]},
								"west": {"uv": [49, 37], "uv_size": [3.25, 2.5]},
								"down": {"uv": [18, 40.25], "uv_size": [4.5, -3.25]}
							}
						},
						{
							"origin": [-9.10607, 13.85542, -7.35103],
							"size": [3.3345, 0.83362, 3.32116],
							"uv": {
								"north": {"uv": [18, 32], "uv_size": [3.25, 0.75]},
								"south": {"uv": [42, 13], "uv_size": [3.25, 0.75]},
								"west": {"uv": [43, 21], "uv_size": [3.25, 0.75]},
								"down": {"uv": [31, 49.25], "uv_size": [3.25, -3.25]}
							}
						},
						{
							"origin": [-12.89184, 25.99077, -7.35548],
							"size": [3.3345, 5.7798, 3.33005],
							"pivot": [5.34343, 22.19167, -5.69045],
							"rotation": [0, 0, -45],
							"uv": {
								"north": {"uv": [0, 32], "uv_size": [3.25, 5.75]},
								"south": {"uv": [14, 32], "uv_size": [3.25, 5.75]},
								"up": {"uv": [46, 44], "uv_size": [3.25, 3.25]},
								"down": {"uv": [47, 11.25], "uv_size": [3.25, -3.25]}
							}
						},
						{
							"origin": [-10.48433, -0.0161, -7.3577],
							"size": [5.82426, 9.0276, 3.3345],
							"pivot": [5.34343, 22.19167, -5.69045],
							"rotation": [0, 0, 22.5],
							"uv": {
								"north": {"uv": [0, 0], "uv_size": [5.75, 9]},
								"east": {"uv": [0, 19], "uv_size": [3.25, 9]},
								"south": {"uv": [6, 0], "uv_size": [5.75, 9]},
								"west": {"uv": [4, 19], "uv_size": [3.25, 9]}
							}
						},
						{
							"origin": [-17.77577, 4.40767, -7.35993],
							"size": [5.3352, 3.3345, 3.33895],
							"uv": {
								"north": {"uv": [32, 27], "uv_size": [5.25, 3.25]},
								"east": {"uv": [6, 48], "uv_size": [3.25, 3.25]},
								"south": {"uv": [32, 31], "uv_size": [5.25, 3.25]},
								"down": {"uv": [18, 36.25], "uv_size": [5.25, -3.25]}
							}
						},
						{
							"origin": [-12.44057, 4.40767, -7.35993],
							"size": [2.223, 6.35778, 3.33895],
							"uv": {
								"north": {"uv": [10, 35], "uv_size": [2.25, 6.25]},
								"south": {"uv": [23, 37], "uv_size": [2.25, 6.25]},
								"west": {"uv": [29, 20], "uv_size": [3.25, 6.25]},
								"down": {"uv": [51, 54.25], "uv_size": [2.25, -3.25]}
							}
						}
					]
				},
				{
					"name": "bone3",
					"parent": "group",
					"pivot": [-7.09855, 22.02681, -5.69045],
					"cubes": [
						{
							"origin": [-4.8793, 13.02179, -6.2462],
							"size": [2.63648, 0.55575, 1.1115],
							"pivot": [6.09343, 22.19167, -5.69045],
							"rotation": [0, 0, 45],
							"uv": {
								"north": {"uv": [20, 64], "uv_size": [2.75, 0.5]},
								"south": {"uv": [64, 20], "uv_size": [2.75, 0.5]},
								"up": {"uv": [15, 19], "uv_size": [2.75, 1]},
								"down": {"uv": [29, 28], "uv_size": [2.75, -1]}
							}
						},
						{
							"origin": [-6.9667, 23.00751, -6.2462],
							"size": [0.83363, 1.38938, 1.1115],
							"pivot": [-7.24457, 22.19167, -5.69045],
							"rotation": [0, 0, 45],
							"uv": {
								"north": {"uv": [64, 41], "uv_size": [0.75, 1.5]},
								"east": {"uv": [18, 64], "uv_size": [1, 1.5]},
								"south": {"uv": [43, 64], "uv_size": [0.75, 1.5]},
								"up": {"uv": [65, 26], "uv_size": [0.75, 1]}
							}
						},
						{
							"origin": [-9.42311, 23.30317, -6.52408],
							"size": [1.66725, 0.55575, 1.66725],
							"uv": {
								"north": {"uv": [64, 58], "uv_size": [1.75, 0.5]},
								"east": {"uv": [0, 65], "uv_size": [1.75, 0.5]},
								"south": {"uv": [2, 65], "uv_size": [1.75, 0.5]},
								"west": {"uv": [65, 3], "uv_size": [1.75, 0.5]},
								"up": {"uv": [62, 45], "uv_size": [1.75, 1.75]},
								"down": {"uv": [51, 63.75], "uv_size": [1.75, -1.75]}
							}
						}
					]
				}
			]
		}
	]
}