{
	"format_version": "1.12.0",
	"minecraft:geometry": [
		{
			"description": {
				"identifier": "geometry.thunder_gun_clip",
				"texture_width": 32,
				"texture_height": 32,
				"visible_bounds_width": 8,
				"visible_bounds_height": 7,
				"visible_bounds_offset": [0, 0.5, 0]
			},
			"bones": [
				{
					"name": "root",
					"pivot": [0, 0, 0]
				},
				{
					"name": "clip",
					"parent": "root",
					"pivot": [0, 1.1, -0.05],
					"rotation": [90, 0, 0],
					"cubes": [
						{
							"origin": [-2, 5.1, -1.15],
							"size": [4, 1, 2],
							"uv": {
								"north": {"uv": [20, 19], "uv_size": [-4, -2]},
								"east": {"uv": [20, 19], "uv_size": [-4, -2]},
								"south": {"uv": [20, 19], "uv_size": [-4, -2]},
								"west": {"uv": [20, 19], "uv_size": [-4, -2]},
								"up": {"uv": [16, 17], "uv_size": [4, 2]},
								"down": {"uv": [16, 17], "uv_size": [4, 2]}
							}
						},
						{
							"origin": [-2, -3.9, -1.15],
							"size": [4, 1, 2],
							"uv": {
								"north": {"uv": [20, 19], "uv_size": [-4, -2]},
								"east": {"uv": [20, 19], "uv_size": [-4, -2]},
								"south": {"uv": [20, 19], "uv_size": [-4, -2]},
								"west": {"uv": [20, 19], "uv_size": [-4, -2]},
								"up": {"uv": [16, 17], "uv_size": [4, 2]},
								"down": {"uv": [16, 17], "uv_size": [4, 2]}
							}
						},
						{
							"origin": [-4, -2.9, -1.15],
							"size": [8, 8, 2],
							"uv": {
								"north": {"uv": [12, 12], "uv_size": [8, 8]},
								"east": {"uv": [8, 16], "uv_size": [2, 8]},
								"south": {"uv": [0, 8], "uv_size": [8, 8]},
								"west": {"uv": [16, 8], "uv_size": [2, 8]},
								"up": {"uv": [10, 16], "uv_size": [8, 2]},
								"down": {"uv": [18, 10], "uv_size": [6, -2]}
							}
						},
						{
							"origin": [4, -0.9, -1.15],
							"size": [1, 4, 2],
							"uv": {
								"north": {"uv": [20, 19], "uv_size": [-4, -2]},
								"east": {"uv": [20, 19], "uv_size": [-4, -2]},
								"south": {"uv": [20, 19], "uv_size": [-4, -2]},
								"west": {"uv": [20, 19], "uv_size": [-4, -2]},
								"up": {"uv": [16, 17], "uv_size": [4, 2]},
								"down": {"uv": [16, 17], "uv_size": [4, 2]}
							}
						},
						{
							"origin": [-5, -0.9, -1.15],
							"size": [1, 4, 2],
							"uv": {
								"north": {"uv": [20, 19], "uv_size": [-4, -2]},
								"east": {"uv": [12, 22], "uv_size": [2, 4]},
								"south": {"uv": [20, 19], "uv_size": [-4, -2]},
								"west": {"uv": [20, 19], "uv_size": [-4, -2]},
								"up": {"uv": [16, 17], "uv_size": [4, 2]},
								"down": {"uv": [16, 17], "uv_size": [4, 2]}
							}
						},
						{
							"origin": [-5, -0.9, 1.1],
							"size": [1, 4, 2],
							"uv": {
								"north": {"uv": [20, 19], "uv_size": [-4, -2]},
								"east": {"uv": [16, 22], "uv_size": [2, 4]},
								"south": {"uv": [20, 19], "uv_size": [-4, -2]},
								"west": {"uv": [20, 19], "uv_size": [-4, -2]},
								"up": {"uv": [16, 17], "uv_size": [4, 2]},
								"down": {"uv": [16, 17], "uv_size": [4, 2]}
							}
						},
						{
							"origin": [4, -0.9, 1.1],
							"size": [1, 4, 2],
							"uv": {
								"north": {"uv": [20, 19], "uv_size": [-4, -2]},
								"east": {"uv": [20, 19], "uv_size": [-4, -2]},
								"south": {"uv": [20, 19], "uv_size": [-4, -2]},
								"west": {"uv": [20, 19], "uv_size": [-4, -2]},
								"up": {"uv": [16, 17], "uv_size": [4, 2]},
								"down": {"uv": [16, 17], "uv_size": [4, 2]}
							}
						},
						{
							"origin": [-4, -2.9, 1.1],
							"size": [8, 8, 2],
							"uv": {
								"north": {"uv": [12, 12], "uv_size": [8, 8]},
								"east": {"uv": [10, 18], "uv_size": [2, 6]},
								"south": {"uv": [24, 23], "uv_size": [-16, -14]},
								"west": {"uv": [20, 19], "uv_size": [-4, -2]},
								"up": {"uv": [16, 17], "uv_size": [4, 2]},
								"down": {"uv": [20, 12], "uv_size": [4, -2]}
							}
						},
						{
							"origin": [-3.75, -2.65, 0.6],
							"size": [7.5, 7.5, 0.75],
							"uv": {
								"north": {"uv": [0, 16], "uv_size": [8, 8]},
								"east": {"uv": [0, 24], "uv_size": [1, 8]},
								"south": {"uv": [16, 0], "uv_size": [8, 8]},
								"west": {"uv": [24, 0], "uv_size": [1, 8]},
								"up": {"uv": [1, 24], "uv_size": [8, 1]},
								"down": {"uv": [24, 13], "uv_size": [8, -1]}
							}
						},
						{
							"origin": [3, -0.65, 0.6],
							"size": [1.75, 3.5, 0.75],
							"uv": {
								"north": {"uv": [24, 13], "uv_size": [2, 4]},
								"east": {"uv": [3, 27], "uv_size": [1, 4]},
								"south": {"uv": [24, 17], "uv_size": [2, 4]},
								"west": {"uv": [4, 27], "uv_size": [1, 4]},
								"up": {"uv": [8, 28], "uv_size": [2, 1]},
								"down": {"uv": [10, 29], "uv_size": [2, -1]}
							}
						},
						{
							"origin": [-4.75, -0.65, 0.6],
							"size": [1.75, 3.5, 0.75],
							"uv": {
								"north": {"uv": [20, 24], "uv_size": [2, 4]},
								"east": {"uv": [5, 27], "uv_size": [1, 4]},
								"south": {"uv": [24, 21], "uv_size": [2, 4]},
								"west": {"uv": [6, 27], "uv_size": [1, 4]},
								"up": {"uv": [28, 10], "uv_size": [2, 1]},
								"down": {"uv": [28, 12], "uv_size": [2, -1]}
							}
						},
						{
							"origin": [-1.75, 4.35, 0.6],
							"size": [3.5, 1.5, 0.75],
							"uv": {
								"north": {"uv": [25, 0], "uv_size": [4, 2]},
								"east": {"uv": [12, 28], "uv_size": [1, 2]},
								"south": {"uv": [1, 25], "uv_size": [4, 2]},
								"west": {"uv": [13, 28], "uv_size": [1, 2]},
								"up": {"uv": [7, 27], "uv_size": [4, 1]},
								"down": {"uv": [11, 28], "uv_size": [4, -1]}
							}
						},
						{
							"origin": [-1.75, -3.65, 0.6],
							"size": [3.5, 1.5, 0.75],
							"uv": {
								"north": {"uv": [25, 2], "uv_size": [4, 2]},
								"east": {"uv": [14, 28], "uv_size": [1, 2]},
								"south": {"uv": [25, 4], "uv_size": [4, 2]},
								"west": {"uv": [15, 28], "uv_size": [1, 2]},
								"up": {"uv": [27, 15], "uv_size": [4, 1]},
								"down": {"uv": [27, 17], "uv_size": [4, -1]}
							}
						},
						{
							"origin": [-2, -3.9, 1.1],
							"size": [4, 1, 2],
							"uv": {
								"north": {"uv": [20, 19], "uv_size": [-4, -2]},
								"east": {"uv": [20, 19], "uv_size": [-4, -2]},
								"south": {"uv": [20, 19], "uv_size": [-4, -2]},
								"west": {"uv": [20, 19], "uv_size": [-4, -2]},
								"up": {"uv": [16, 17], "uv_size": [4, 2]},
								"down": {"uv": [16, 17], "uv_size": [4, 2]}
							}
						},
						{
							"origin": [-2, 5.1, 1.1],
							"size": [4, 1, 2],
							"uv": {
								"north": {"uv": [20, 19], "uv_size": [-4, -2]},
								"east": {"uv": [20, 19], "uv_size": [-4, -2]},
								"south": {"uv": [20, 19], "uv_size": [-4, -2]},
								"west": {"uv": [20, 19], "uv_size": [-4, -2]},
								"up": {"uv": [16, 17], "uv_size": [4, 2]},
								"down": {"uv": [16, 17], "uv_size": [4, 2]}
							}
						}
					]
				}
			]
		}
	]
}