{
	"format_version": "1.12.0",
	"minecraft:geometry": [
		{
			"description": {
				"identifier": "geometry.unknown",
				"texture_width": 256,
				"texture_height": 256,
				"visible_bounds_width": 3,
				"visible_bounds_height": 2.5,
				"visible_bounds_offset": [0, 0.75, 0]
			},
			"bones": [
				{
					"name": "main",
					"pivot": [0, 0, 10]
				},
				{
					"name": "magazineBody100",
					"parent": "main",
					"pivot": [-8.15, 12.6, 0.25],
					"cubes": [
						{"origin": [2.35, 17.1, -2.3], "size": [1.75, 1.25, 5.1], "inflate": -0.5, "uv": [0, 127]},
						{"origin": [-2.65, 17.35, -2.3], "size": [7.25, 1.15, 5.1], "inflate": -0.5, "uv": [24, 39]},
						{"origin": [-1.9, 17.1, -2.05], "size": [5.25, 1.25, 4.6], "inflate": -0.5, "uv": [24, 65]},
						{"origin": [-2.9, 3.6, -3.25], "size": [8.75, 14.5, 7], "inflate": -0.5, "uv": [138, 0]},
						{"origin": [4.85, 3.6, -3.25], "size": [2.25, 14.5, 1.25], "inflate": -0.5, "uv": [16, 24]},
						{"origin": [4.85, 3.6, 2.5], "size": [2.25, 14.5, 1.25], "inflate": -0.5, "uv": [16, 0]},
						{"origin": [4.85, 3.6, -3], "size": [2.25, 14.25, 6.5], "inflate": -0.5, "uv": [0, 24]},
						{"origin": [6.1, 3.35, -3.5], "size": [1.75, 15, 7.5], "inflate": -0.5, "uv": [0, 0]},
						{"origin": [-8.65, 3.6, -3.25], "size": [6.75, 9.5, 7], "inflate": -0.5, "uv": [146, 39]},
						{"origin": [-8.65, 6.1, -3.25], "size": [8.625, 7, 7], "inflate": -0.501, "pivot": [-8.15, 12.6, 0.25], "rotation": [0, 0, -41], "uv": [17, 139]}
					]
				},
				{
					"name": "_ca_cgm249Magazine",
					"parent": "main",
					"pivot": [0, 20, 10],
					"cubes": [
						{"origin": [-0.5, 17.25, -0.25], "size": [1, 1, 1], "uv": [2, 1]}
					]
				}
			]
		}
	]
}