{
	"format_version": "1.12.0",
	"minecraft:geometry": [
		{
			"description": {
				"identifier": "geometry.unknown",
				"texture_width": 256,
				"texture_height": 256,
				"visible_bounds_width": 8,
				"visible_bounds_height": 3,
				"visible_bounds_offset": [0, -0.5, 0]
			},
			"bones": [
				{
					"name": "bb_main",
					"pivot": [0, 0, 0]
				},
				{
					"name": "main",
					"pivot": [0, 20, 0]
				},
				{
					"name": "gun",
					"parent": "main",
					"pivot": [0, 0, 0]
				},
				{
					"name": "gunMain",
					"parent": "gun",
					"pivot": [0, 0, 0]
				},
				{
					"name": "topCover",
					"parent": "gunMain",
					"pivot": [0, 24.85, -13.1207],
					"cubes": [
						{"origin": [0.5, 23.85, -13.5], "size": [1.25, 2, 1.25], "inflate": -0.5, "uv": [98, 87]},
						{"origin": [0.5, 23.85, -13.25], "size": [2.75, 1.75, 1.25], "inflate": -0.5, "uv": [90, 76]},
						{"origin": [1.75, 23.85, -7.75], "size": [1.5, 1.75, 1.25], "inflate": -0.5, "uv": [124, 53]},
						{"origin": [2.25, 23.85, -13.25], "size": [1.25, 2, 6.75], "inflate": -0.5, "uv": [97, 19]},
						{"origin": [2.5, 24.1, -13.25], "size": [1.25, 1.5, 6.75], "inflate": -0.499, "uv": [105, 112]},
						{"origin": [2.575, 24.45, -13.25], "size": [1.175, 1.15, 6.75], "inflate": -0.5, "pivot": [3.25, 25.1, -9.875], "rotation": [0, 0, 60], "uv": [81, 112]},
						{"origin": [2.25, 24.65, -13.25], "size": [1.25, 1.2, 6.75], "inflate": -0.501, "pivot": [3, 25.35, -9.875], "rotation": [0, 0, -60], "uv": [97, 111]},
						{"origin": [2.575, 24.1, -13.25], "size": [1.175, 1.15, 6.75], "inflate": -0.5, "pivot": [3.25, 24.6, -9.875], "rotation": [0, 0, -60], "uv": [94, 45]},
						{"origin": [2.25, 23.85, -13.25], "size": [1.25, 1.2, 6.75], "inflate": -0.501, "pivot": [3, 24.35, -9.875], "rotation": [0, 0, 60], "uv": [51, 110]},
						{"origin": [-2, 24.6, -13.25], "size": [4, 1.25, 22.5], "inflate": -0.5, "uv": [43, 97]},
						{"origin": [-1.25, 24.9, -12.5], "size": [2.5, 1.2, 18.5], "inflate": -0.5, "uv": [124, 39]},
						{"origin": [-1.5, 24.65, -12.5], "size": [3, 1.25, 18.5], "inflate": -0.5, "uv": [52, 72]},
						{"origin": [-2.25, 24.65, -10.75], "size": [1.75, 1.25, 3.75], "inflate": -0.5, "uv": [123, 133]},
						{"origin": [0.5, 24.65, -10.75], "size": [2.5, 1.25, 3.75], "inflate": -0.5, "uv": [111, 82]},
						{"origin": [-1.5, 25.1, -12.5], "size": [3, 1.25, 18.5], "inflate": -0.5, "uv": [123, 120]},
						{"origin": [-1.75, 24.85, 5], "size": [3.5, 1.25, 5], "inflate": -0.5, "uv": [76, 64]},
						{"origin": [-1, 25.1, 6], "size": [2, 1.25, 3.5], "inflate": -0.5, "uv": [85, 86]},
						{"origin": [-0.15, 25.35, 5], "size": [1.15, 1.4, 4.5], "inflate": -0.5, "uv": [98, 87]},
						{"origin": [-0.3, 25.35, 7.975], "size": [1.15, 1.95, 1.25], "inflate": -0.5, "uv": [0, 83]},
						{"origin": [-0.85, 25.35, 7.975], "size": [1.15, 1.95, 1.25], "inflate": -0.5, "uv": [66, 82]},
						{"origin": [-0.49731, 26.32345, 7.975], "size": [1.3, 1.15, 1.25], "inflate": -0.5001, "pivot": [0.00269, 26.79845, 8.6], "rotation": [0, 0, 30], "uv": [107, 107]},
						{"origin": [-0.59019, 26.3, 7.975], "size": [1.18, 1.15, 1.25], "inflate": -0.5, "uv": [107, 107]},
						{"origin": [-0.7625, 26.17345, 7.975], "size": [1.3, 1.15, 1.25], "inflate": -0.5001, "pivot": [-0.2625, 26.64845, 8.6], "rotation": [0, 0, -30], "uv": [107, 107]},
						{"origin": [-0.46728, 25.81311, 7.975], "size": [1.3, 1.15, 1.25], "inflate": -0.5001, "pivot": [0.18272, 26.38811, 8.6], "rotation": [0, 0, -30], "uv": [107, 107]},
						{"origin": [-0.83272, 25.81311, 7.975], "size": [1.3, 1.15, 1.25], "inflate": -0.5001, "pivot": [-0.18272, 26.38811, 8.6], "rotation": [0, 0, 30], "uv": [107, 107]},
						{"origin": [-0.70216, 25.73981, 7.975], "size": [1.4, 1.175, 1.25], "inflate": -0.5, "uv": [107, 107]},
						{"origin": [-1, 25.35, 5], "size": [1.15, 1.4, 4.5], "inflate": -0.5, "uv": [98, 82]},
						{"origin": [-1.75, 25.1, 5], "size": [1.25, 1.25, 5], "inflate": -0.5, "uv": [128, 100]},
						{"origin": [-1.75, 25.6, 5], "size": [1.25, 1.25, 3.6], "inflate": -0.5, "pivot": [-1.125, 26.35, 5.5], "rotation": [15, 0, 0], "uv": [132, 130]},
						{"origin": [-1.75, 25.35, 5], "size": [1.25, 1.5, 1.95], "inflate": -0.501, "uv": [105, 122]},
						{"origin": [-1.75, 25.35, 5.95], "size": [1.25, 1.75, 1.8], "inflate": -0.501, "uv": [96, 122]},
						{"origin": [-1.75, 26.1, 6.75], "size": [1.25, 1.2, 1.75], "inflate": -0.501, "uv": [121, 107]},
						{"origin": [-1.75, 25.525, 8], "size": [1.25, 2, 1.65], "inflate": -0.5, "pivot": [-1.125, 27.025, 8.5], "rotation": [-30, 0, 0], "uv": [91, 25]},
						{"origin": [-1.75, 24.4, 9], "size": [1.25, 1.95, 1.9], "inflate": -0.501, "pivot": [-1.125, 25.85, 9.5], "rotation": [-152.5, 0, 0], "uv": [121, 105]},
						{"origin": [-1.75, 25.35, 7.5], "size": [1.25, 2.175, 1.5], "inflate": -0.499, "uv": [40, 90]},
						{"origin": [0.5, 25.1, 5], "size": [1.25, 1.25, 5], "inflate": -0.5, "uv": [19, 128]},
						{"origin": [0.5, 24.4, 9], "size": [1.25, 1.95, 1.9], "inflate": -0.501, "pivot": [1.125, 25.85, 9.5], "rotation": [-152.5, 0, 0], "uv": [54, 120]},
						{"origin": [0.5, 25.525, 8], "size": [1.25, 2, 1.65], "inflate": -0.5, "pivot": [1.125, 27.025, 8.5], "rotation": [-30, 0, 0], "uv": [84, 15]},
						{"origin": [0.5, 25.35, 7.5], "size": [1.25, 2.175, 1.5], "inflate": -0.499, "uv": [90, 15]},
						{"origin": [0.25, 25.35, 7.85], "size": [1.75, 1.5, 1.5], "inflate": -0.499, "pivot": [1.125, 26.1, 8.6], "rotation": [-20, 0, 0], "uv": [116, 29]},
						{"origin": [-1.5, 25.35, 7.85], "size": [3, 1.5, 1.5], "inflate": -0.65, "pivot": [1.125, 26.1, 8.6], "rotation": [-20, 0, 0], "uv": [35, 76]},
						{"origin": [-2, 25.35, 7.85], "size": [1.75, 1.5, 1.5], "inflate": -0.499, "pivot": [-1.125, 26.1, 8.6], "rotation": [-20, 0, 0], "uv": [114, 100]},
						{"origin": [-2.15, 25.25, 5.2], "size": [4.15, 1.375, 1.375], "inflate": -0.499, "pivot": [1.125, 26, 5.825], "rotation": [20, 0, 0], "uv": [37, 9]},
						{"origin": [0.5, 25.6, 5], "size": [1.25, 1.25, 3.6], "inflate": -0.5, "pivot": [1.125, 26.35, 5.5], "rotation": [15, 0, 0], "uv": [112, 129]},
						{"origin": [0.5, 26.1, 6.75], "size": [1.25, 1.2, 1.75], "inflate": -0.501, "uv": [67, 120]},
						{"origin": [0.5, 25.35, 5.95], "size": [1.25, 1.75, 1.8], "inflate": -0.501, "uv": [121, 97]},
						{"origin": [0.5, 25.35, 5], "size": [1.25, 1.5, 1.95], "inflate": -0.501, "uv": [121, 99]},
						{"origin": [-2, 24.6, 8.25], "size": [4, 1.25, 2.825], "inflate": -0.499, "pivot": [0, 25.35, 8.75], "rotation": [-16, 0, 0], "uv": [97, 39]},
						{"origin": [1, 24.6, -13.25], "size": [2.25, 1.25, 6.75], "inflate": -0.5, "uv": [73, 97]},
						{"origin": [-2.75, 24.6, -11.25], "size": [1.75, 1.25, 4.75], "inflate": -0.5, "uv": [111, 57]},
						{"origin": [0.5, 23.85, -13.75], "size": [1.25, 1.25, 1.25], "inflate": -0.499, "uv": [105, 129]},
						{"origin": [0.5, 23.85, -13.75], "size": [1.25, 1.2, 1.25], "inflate": -0.501, "pivot": [1.0625, 24.35, -13.25], "rotation": [58, 0, 0], "uv": [26, 131]},
						{"origin": [0.5, 24.1, -14], "size": [1.25, 1.25, 1.175], "inflate": -0.5, "pivot": [1.0625, 24.6, -13.5], "rotation": [-60, 0, 0], "uv": [117, 130]},
						{"origin": [0.5, 24.1, -14], "size": [1.25, 1.5, 1.5], "inflate": -0.499, "uv": [123, 129]},
						{"origin": [0.5, 24.35, -14], "size": [1.25, 1.25, 1.175], "inflate": -0.5, "pivot": [1.0625, 25.1, -13.5], "rotation": [60, 0, 0], "uv": [130, 35]},
						{"origin": [0.5, 24.65, -13.75], "size": [1.25, 1.2, 1.25], "inflate": -0.501, "pivot": [1.0625, 25.35, -13.25], "rotation": [-58, 0, 0], "uv": [130, 27]},
						{"origin": [0.5, 24.6, -13.75], "size": [1.25, 1.25, 1.25], "inflate": -0.499, "uv": [130, 25]},
						{"origin": [1.75, 23.85, -13.5], "size": [1.5, 2, 1.25], "inflate": -0.5, "uv": [83, 97]},
						{"origin": [1.75, 23.85, -13.75], "size": [1.5, 1.25, 1.25], "inflate": -0.499, "uv": [124, 60]},
						{"origin": [1.75, 23.9968, -13.65174], "size": [1.5, 1.25, 1.175], "inflate": -0.5, "pivot": [2.5, 24.85, -13.2365], "rotation": [-60, 0, 0], "uv": [124, 64]},
						{"origin": [1.75, 24.09649, -14.16768], "size": [1.5, 1.2, 1.25], "inflate": -0.501, "pivot": [2.5, 24.85, -13.2365], "rotation": [58, 0, 0], "uv": [124, 66]},
						{"origin": [1.75, 24.1, -14], "size": [1.5, 1.5, 1.5], "inflate": -0.499, "uv": [124, 70]},
						{"origin": [1.75, 24.4532, -13.65174], "size": [1.5, 1.25, 1.175], "inflate": -0.5, "pivot": [2.5, 24.85, -13.2365], "rotation": [60, 0, 0], "uv": [124, 72]},
						{"origin": [1.75, 24.40351, -14.16768], "size": [1.5, 1.2, 1.25], "inflate": -0.501, "pivot": [2.5, 24.85, -13.2365], "rotation": [-58, 0, 0], "uv": [124, 76]},
						{"origin": [1.75, 24.6, -13.75], "size": [1.5, 1.25, 1.25], "inflate": -0.499, "uv": [124, 78]},
						{"origin": [-2, 23.85, -13.5], "size": [1.5, 2, 1.25], "inflate": -0.5, "uv": [98, 82]},
						{"origin": [-2, 23.85, -13.25], "size": [1.5, 1.75, 3.25], "inflate": -0.5, "uv": [138, 21]},
						{"origin": [-2, 22.85, -12.75], "size": [1.5, 2, 2.75], "inflate": -0.5, "uv": [90, 50]},
						{"origin": [-2.75, 22.85, -11.25], "size": [1.75, 2.75, 1.25], "inflate": -0.5, "uv": [98, 76]},
						{"origin": [-2.75, 23.85, -11], "size": [1.25, 1.75, 4.25], "inflate": -0.5, "uv": [98, 76]},
						{"origin": [-2.5, 24.1, -9.25], "size": [3.25, 1.5, 2.25], "inflate": -0.5, "uv": [131, 40]},
						{"origin": [-2.5, 24.1, -10.75], "size": [3.25, 1.5, 2.25], "inflate": -0.5, "uv": [130, 120]},
						{"origin": [1, 24.1, -10.75], "size": [2.25, 1.5, 1.5], "inflate": -0.5, "uv": [76, 83]},
						{"origin": [0.25, 24.35, -10.25], "size": [2.25, 1.25, 1.25], "inflate": -0.5, "uv": [21, 76]},
						{"origin": [0.25, 24.35, -9.5], "size": [2.25, 1.25, 1.25], "inflate": -0.5, "uv": [52, 37]},
						{"origin": [0, 24.1, -10.25], "size": [1.25, 1.5, 2], "inflate": -0.5, "uv": [59, 104]},
						{"origin": [1, 24.1, -9.25], "size": [2.25, 1.5, 1.5], "inflate": -0.5, "uv": [76, 76]},
						{"origin": [-2.75, 22.85, -7.75], "size": [1.75, 2.75, 1.25], "inflate": -0.5, "uv": [90, 97]},
						{"origin": [-2, 22.85, -7.75], "size": [1.5, 2.75, 17], "inflate": -0.5, "uv": [97, 0]},
						{"origin": [-1.25, 23.6, -2.75], "size": [1.25, 2, 12], "inflate": -0.5, "uv": [152, 145]},
						{"origin": [0, 23.6, -2.75], "size": [1.25, 2, 12], "inflate": -0.5, "uv": [71, 149]},
						{"origin": [0, 23.6, -7.5], "size": [1.25, 2, 5.75], "inflate": -0.501, "pivot": [0.5, 24.6, -2.25], "rotation": [0, -10, 0], "uv": [105, 122]},
						{"origin": [-1, 24.35, -7.5], "size": [2, 1.25, 6], "inflate": -0.501, "pivot": [0.5, 24.6, -2.25], "rotation": [0, -10, 0], "uv": [97, 8]},
						{"origin": [-1.23101, 23.6, -7.50794], "size": [1.25, 2, 5.975], "inflate": -0.501, "pivot": [0.5, 24.6, -2.25], "rotation": [0, -10, 0], "uv": [27, 122]},
						{"origin": [-1, 24.35, -2.75], "size": [2, 1.25, 12], "inflate": -0.5, "uv": [110, 145]},
						{"origin": [-2.1, 22.6, -5.25], "size": [1.1, 2.5, 14], "inflate": -0.5, "uv": [145, 91]},
						{"origin": [0.5, 22.6, -2.9], "size": [1.5, 3, 12.15], "inflate": -0.5, "uv": [147, 118]},
						{"origin": [0.5, 22.6, 8.25], "size": [1.5, 2.75, 2.75], "inflate": -0.5, "uv": [89, 33]},
						{"origin": [-2.25, 23.85, 8.5], "size": [4.5, 1.5, 2], "inflate": -0.5, "uv": [52, 91]},
						{"origin": [0.5, 24.35, 8.25], "size": [1.5, 1.25, 1.85], "inflate": -0.5, "uv": [123, 120]},
						{"origin": [-2, 22.85, 8.25], "size": [1.5, 2.5, 2.75], "inflate": -0.5, "uv": [89, 0]},
						{"origin": [-2, 24.35, 8.25], "size": [1.5, 1.25, 1.85], "inflate": -0.5, "uv": [117, 122]},
						{"origin": [1.75, 22.6, -7.5], "size": [1.5, 3, 5.9], "inflate": -0.501, "pivot": [2.75, 24.225, -7], "rotation": [0, -15, 0], "uv": [82, 33]},
						{"origin": [0.75, 24.6, -7.5], "size": [2.5, 1.25, 5.85], "inflate": -0.501, "pivot": [2.75, 24.225, -7], "rotation": [0, -15, 0], "uv": [116, 26]},
						{"origin": [-2, 23.85, -13.75], "size": [1.5, 1.25, 1.25], "inflate": -0.499, "uv": [43, 126]},
						{"origin": [-2, 24.1, -14], "size": [1.5, 1.25, 1.175], "inflate": -0.5, "pivot": [-1.0625, 24.6, -13.5], "rotation": [-60, 0, 0], "uv": [123, 127]},
						{"origin": [-2, 23.85, -13.75], "size": [1.5, 1.2, 1.25], "inflate": -0.501, "pivot": [-1.0625, 24.35, -13.25], "rotation": [58, 0, 0], "uv": [19, 127]},
						{"origin": [-2, 24.1, -14], "size": [1.5, 1.5, 1.5], "inflate": -0.499, "uv": [80, 126]},
						{"origin": [-2, 24.35, -14], "size": [1.5, 1.25, 1.175], "inflate": -0.5, "pivot": [-1.0625, 25.1, -13.5], "rotation": [60, 0, 0], "uv": [117, 126]},
						{"origin": [-2, 24.65, -13.75], "size": [1.5, 1.2, 1.25], "inflate": -0.501, "pivot": [-1.0625, 25.35, -13.25], "rotation": [-58, 0, 0], "uv": [0, 127]},
						{"origin": [-2, 24.6, -13.75], "size": [1.5, 1.25, 1.25], "inflate": -0.499, "uv": [105, 124]}
					]
				},
				{
					"name": "gunBody",
					"parent": "gunMain",
					"pivot": [0, 0, 0]
				},
				{
					"name": "chargingHandle",
					"parent": "gunBody",
					"pivot": [0, 0, 0],
					"cubes": [
						{"origin": [-2.9, 20.45, -12.25], "size": [1.2, 2.35, 5.75], "inflate": -0.5, "uv": [123, 120]},
						{"origin": [-3.4, 20.7, -12.25], "size": [1.5, 1.85, 7.5], "inflate": -0.5, "uv": [77, 25]},
						{"origin": [-3.4, 21.55, -6.75], "size": [1.25, 2, 2], "inflate": -0.5, "uv": [76, 79]},
						{"origin": [-3.4, 22.55, -6.75], "size": [4.5, 1.25, 2], "inflate": -0.5, "uv": [64, 91]},
						{"origin": [-3.4, 20.45, -14.75], "size": [1.25, 2.35, 3.5], "inflate": -0.5, "uv": [52, 0]},
						{"origin": [-5.4, 20.7, -14], "size": [3, 1.85, 2], "inflate": -0.5, "uv": [131, 70]},
						{"origin": [-5.65, 20.7, -14], "size": [1.25, 1.85, 2], "inflate": -0.45, "uv": [97, 111]}
					]
				},
				{
					"name": "bulletFunnel",
					"parent": "gunBody",
					"pivot": [0, 24.85, -13.1207],
					"cubes": [
						{"origin": [-1.5, 23.75, -13], "size": [3, 1.85, 1.125], "inflate": -0.5, "uv": [43, 107]},
						{"origin": [-2, 22.625, -13], "size": [5.75, 2.125, 1.125], "inflate": -0.5, "uv": [109, 39]},
						{"origin": [2.65, 22.625, -13.15], "size": [1.5, 2.125, 1.125], "inflate": -0.5, "pivot": [3.4, 23.8125, -12.5875], "rotation": [0, 40, 0], "uv": [90, 103]},
						{"origin": [2.65, 22.625, -7.6], "size": [1.5, 2.125, 1.125], "inflate": -0.5, "pivot": [3.4, 23.8125, -7.0375], "rotation": [0, -40, 0], "uv": [37, 103]},
						{"origin": [0, 22.5, -13], "size": [3.625, 1.125, 6.375], "inflate": -0.5, "uv": [21, 81]},
						{"origin": [1.25, 22, -13], "size": [2.5, 1.5, 6.375], "inflate": -0.5, "uv": [97, 97]},
						{"origin": [2.75, 21.75, -13], "size": [1.125, 1.625, 6.375], "inflate": -0.5, "uv": [116, 19]},
						{"origin": [2.725, 22.325, -13], "size": [1.125, 1.175, 6.375], "inflate": -0.502, "pivot": [3.2875, 22.8875, -9.8125], "rotation": [0, 0, -30], "uv": [116, 7]},
						{"origin": [2.575, 22.475, -13], "size": [1.2, 1.125, 6.375], "inflate": -0.501, "pivot": [3.1375, 23.0375, -9.8125], "rotation": [0, 0, 30], "uv": [116, 0]},
						{"origin": [-2, 22.5, -13], "size": [2, 1.125, 6.375], "inflate": -0.5, "uv": [73, 104]},
						{"origin": [-1.875, 22.625, -12.625], "size": [1.75, 1.125, 2.625], "inflate": -0.5, "uv": [116, 3]},
						{"origin": [-1.75, 22.625, -11.625], "size": [1.5, 1.225, 1.5], "inflate": -0.5, "pivot": [-1, 23.1125, -10.875], "rotation": [0, 20, 0], "uv": [86, 131]},
						{"origin": [-1.75, 22.625, -12.5], "size": [1.5, 1.225, 1.5], "inflate": -0.5, "pivot": [-1, 23.1125, -11.75], "rotation": [0, -20, 0], "uv": [54, 131]},
						{"origin": [-2.5, 22.5, -10], "size": [1.5, 1.125, 2.875], "inflate": -0.5, "uv": [116, 10]},
						{"origin": [-2.625, 22, -10], "size": [1.125, 1.625, 2.875], "inflate": -0.5, "uv": [116, 7]},
						{"origin": [-1.25, 22.625, -7.75], "size": [5, 2.125, 1.125], "inflate": -0.5, "uv": [52, 97]},
						{"origin": [-2, 22.625, -7.75], "size": [1.75, 1.125, 1.125], "inflate": -0.5, "uv": [124, 82]},
						{"origin": [-1.5, 24.1, -14], "size": [1.125, 1.5, 1.5], "inflate": -0.499, "uv": [105, 131]},
						{"origin": [-1.5, 23.85, -13.5], "size": [1.125, 1.75, 1.5], "inflate": -0.5, "uv": [132, 64]},
						{"origin": [-1.5, 24.375, -13.6], "size": [1.125, 1.225, 1.35], "inflate": -0.501, "pivot": [-0.9375, 25.1, -12.75], "rotation": [-45.5, 0, 0], "uv": [53, 133]},
						{"origin": [0.375, 24.375, -13.6], "size": [1.125, 1.225, 1.35], "inflate": -0.501, "pivot": [0.9375, 25.1, -12.75], "rotation": [-45.5, 0, 0], "uv": [124, 84]},
						{"origin": [-1.5, 24.35, -14], "size": [1.125, 1.25, 1.175], "inflate": -0.5, "pivot": [-0.9375, 25.1, -13.5], "rotation": [60, 0, 0], "uv": [37, 134]},
						{"origin": [-1.5, 24.65, -13.75], "size": [1.125, 1.2, 1.25], "inflate": -0.501, "pivot": [-0.9375, 25.35, -13.25], "rotation": [-58, 0, 0], "uv": [111, 135]},
						{"origin": [-1.5, 24.1, -14], "size": [1.125, 1.25, 1.175], "inflate": -0.5, "pivot": [-0.9375, 24.6, -13.5], "rotation": [-60, 0, 0], "uv": [137, 130]},
						{"origin": [-1.5, 23.85, -13.75], "size": [1.125, 1.2, 1.25], "inflate": -0.501, "pivot": [-0.9375, 24.35, -13.25], "rotation": [58, 0, 0], "uv": [10, 139]},
						{"origin": [-1.5, 24.6, -13.75], "size": [1.125, 1.25, 1.25], "inflate": -0.499, "uv": [71, 139]},
						{"origin": [-1.5, 23.85, -13.75], "size": [1.125, 1.25, 1.25], "inflate": -0.499, "uv": [139, 110]},
						{"origin": [0.375, 23.85, -13.5], "size": [1.125, 1.75, 1.5], "inflate": -0.5, "uv": [43, 128]},
						{"origin": [0.375, 23.85, -13.75], "size": [1.125, 1.25, 1.25], "inflate": -0.499, "uv": [128, 100]},
						{"origin": [0.375, 23.85, -13.75], "size": [1.125, 1.2, 1.25], "inflate": -0.501, "pivot": [0.9375, 24.35, -13.25], "rotation": [58, 0, 0], "uv": [128, 108]},
						{"origin": [0.375, 24.1, -14], "size": [1.125, 1.25, 1.175], "inflate": -0.5, "pivot": [0.9375, 24.6, -13.5], "rotation": [-60, 0, 0], "uv": [117, 128]},
						{"origin": [0.375, 24.1, -14], "size": [1.125, 1.5, 1.5], "inflate": -0.499, "uv": [0, 129]},
						{"origin": [0.375, 24.35, -14], "size": [1.125, 1.25, 1.175], "inflate": -0.5, "pivot": [0.9375, 25.1, -13.5], "rotation": [60, 0, 0], "uv": [19, 129]},
						{"origin": [0.375, 24.65, -13.75], "size": [1.125, 1.2, 1.25], "inflate": -0.501, "pivot": [0.9375, 25.35, -13.25], "rotation": [-58, 0, 0], "uv": [26, 129]},
						{"origin": [0.375, 24.6, -13.75], "size": [1.125, 1.25, 1.25], "inflate": -0.499, "uv": [86, 129]}
					]
				},
				{
					"name": "magWell",
					"parent": "gunBody",
					"pivot": [2, 22, -9.75],
					"rotation": [0, 0, -10],
					"cubes": [
						{"origin": [1.5, 21.25, -12.75], "size": [4, 1.25, 6.5], "inflate": -0.5, "pivot": [2, 22, -9.75], "rotation": [0, 0, 40], "uv": [76, 72]},
						{"origin": [1.5, 19, -7.25], "size": [4.75, 3.5, 1.25], "inflate": -0.5, "pivot": [2, 22, -9.5], "rotation": [0, 0, 40], "uv": [124, 7]},
						{"origin": [1.5, 19, -12.75], "size": [4.75, 1.25, 6.5], "inflate": -0.5, "pivot": [2, 22, -9.75], "rotation": [0, 0, 40], "uv": [76, 79]},
						{"origin": [1.5, 19, -13], "size": [4.75, 3.5, 1.25], "inflate": -0.5, "pivot": [2, 22, -9.75], "rotation": [0, 0, 40], "uv": [124, 0]}
					]
				},
				{
					"name": "magWellDoor",
					"parent": "magWell",
					"pivot": [4.4151, 19.893, -9.75],
					"rotation": [0, 0, 90],
					"cubes": [
						{"origin": [3.66511, 19.14303, -13.1], "size": [1.5, 1.5, 7.2], "inflate": -0.5, "uv": [24, 95]},
						{"origin": [4.6, 19.35, -12.65], "size": [1.25, 2.65, 6.3], "inflate": -0.5, "pivot": [2.5, 21.5, -9.75], "rotation": [0, 0, 40], "uv": [51, 101]},
						{"origin": [4.6, 20.85, -11.9], "size": [1.25, 1.4, 2.3], "inflate": -0.501, "pivot": [2.5, 21.5, -9.75], "rotation": [0, 0, 40], "uv": [123, 139]},
						{"origin": [4.6, 20.85, -9.4], "size": [1.25, 1.4, 2.3], "inflate": -0.501, "pivot": [2.5, 21.5, -9.25], "rotation": [0, 0, 40], "uv": [114, 139]},
						{"origin": [4.13018, 19.49655, -9.4], "size": [1.25, 1.25, 2.3], "inflate": -0.499, "pivot": [4.63018, 20.07155, -8.25], "rotation": [0, 0, 80], "uv": [108, 139]},
						{"origin": [3.475, 21.15, -9.4], "size": [2.2, 1.25, 2.3], "inflate": -0.5, "pivot": [2.5, 21.5, -9.25], "rotation": [0, 0, 40], "uv": [0, 77]}
					]
				},
				{
					"name": "boltGroup",
					"parent": "gunBody",
					"pivot": [0, 0, 0]
				},
				{
					"name": "bolt",
					"parent": "boltGroup",
					"pivot": [0, 21.75, -5],
					"cubes": [
						{"origin": [-1, 20.75, -4.75], "size": [2, 2, 10.5], "inflate": -0.5, "pivot": [0, 21.75, 2], "rotation": [0, 0, -45], "uv": [98, 45]},
						{"origin": [-1, 20.75, -6.25], "size": [2, 2, 2.5], "inflate": -0.3, "uv": [65, 139]},
						{"origin": [-1.5, 21.25, -6.25], "size": [1.25, 1.15, 2.5], "inflate": -0.301, "uv": [138, 3]},
						{"origin": [-0.25, 22, -6.25], "size": [1, 1, 1], "inflate": -0.301, "uv": [112, 139]},
						{"origin": [-0.25, 21.825, -5.925], "size": [1, 1, 2], "inflate": -0.302, "pivot": [0.25, 22.325, -4.8], "rotation": [-12.5, 0, 0], "uv": [138, 0]}
					]
				},
				{
					"name": "boltCarrier",
					"parent": "boltGroup",
					"pivot": [0, 21.75, -5],
					"cubes": [
						{"origin": [-1.5, 21.25, 0.25], "size": [3, 1.25, 7.5], "inflate": -0.3, "uv": [52, 62]},
						{"origin": [-0.75, 19.5, -1.75], "size": [1.5, 3.25, 9.75], "inflate": -0.3, "uv": [52, 50]},
						{"origin": [-0.25, 21.5, 6.1], "size": [1.75, 1.5, 2.05], "inflate": -0.5, "uv": [135, 110]},
						{"origin": [-0.25, 22, 6.1], "size": [2, 1.25, 2.05], "inflate": -0.5, "uv": [0, 56]},
						{"origin": [-0.25, 22, 6.1], "size": [2, 1.25, 2.05], "inflate": -0.501, "pivot": [1.25, 22.75, 7.125], "rotation": [0, 0, 17.5], "uv": [52, 5]},
						{"origin": [-0.75, 20.75, 6.25], "size": [1.5, 3, 1.75], "inflate": -0.299, "uv": [24, 65]},
						{"origin": [-0.68954, 23, 6.64112], "size": [1.3, 1.25, 1.3], "inflate": -0.299, "pivot": [-0.03954, 23.625, 7.29112], "rotation": [0, -25, 0], "uv": [124, 58]}
					]
				},
				{
					"name": "bipod",
					"parent": "gunBody",
					"pivot": [0, 19.5, -34.25],
					"cubes": [
						{"origin": [-1, 18, -35.525], "size": [2, 3, 2.5], "inflate": -0.5, "uv": [11, 50]},
						{"origin": [0, 18.5, -35.525], "size": [1.5, 2, 2.5], "inflate": -0.5, "uv": [76, 72]},
						{"origin": [0, 16.75, -35.025], "size": [1.25, 2.75, 2], "inflate": -0.5, "uv": [21, 72]},
						{"origin": [0, 16.75, -35.525], "size": [1.25, 1.5, 1.5], "inflate": -0.5, "uv": [83, 107]},
						{"origin": [0, 17.75, -35.525], "size": [1.25, 1.75, 1.5], "inflate": -0.5, "uv": [90, 100]},
						{"origin": [-1.25, 16.75, -35.525], "size": [1.25, 1.5, 1.5], "inflate": -0.5, "uv": [83, 100]},
						{"origin": [-1.25, 16.75, -35.025], "size": [1.25, 2.75, 2], "inflate": -0.5, "uv": [67, 34]},
						{"origin": [-1.25, 17.75, -35.525], "size": [1.25, 1.75, 1.5], "inflate": -0.5, "uv": [43, 98]},
						{"origin": [0, 15.5, -35.025], "size": [1.25, 2.25, 2], "inflate": -0.5, "uv": [65, 62]},
						{"origin": [-1.25, 15.5, -35.025], "size": [1.25, 2.25, 2], "inflate": -0.5, "uv": [38, 65]},
						{"origin": [-1.35, 15.75, -34.775], "size": [2.7, 1.5, 1.5], "inflate": -0.5, "pivot": [0, 16.5, -34.025], "rotation": [-45, 0, 0], "uv": [21, 85]},
						{"origin": [0, 15.5, -35.025], "size": [1.25, 2.35, 1.5], "inflate": -0.501, "pivot": [0, 16, -34.525], "rotation": [21.25, 0, 0], "uv": [15, 76]},
						{"origin": [-1.25, 15.5, -35.025], "size": [1.25, 2.35, 1.5], "inflate": -0.501, "pivot": [0, 16, -34.525], "rotation": [21.25, 0, 0], "uv": [66, 72]},
						{"origin": [-1.55, 18.65, -35.525], "size": [3.1, 1.7, 2.5], "inflate": -0.501, "pivot": [0, 19.5, -34.25], "rotation": [0, 0, -45], "uv": [131, 51]},
						{"origin": [-1.5, 18.5, -35.525], "size": [1.5, 2, 2.5], "inflate": -0.5, "uv": [52, 62]},
						{"origin": [-1.55, 18.65, -35.525], "size": [3.1, 1.7, 2.5], "inflate": -0.501, "pivot": [0, 19.5, -34.25], "rotation": [0, 0, 45], "uv": [131, 45]}
					]
				},
				{
					"name": "bipodLegs",
					"parent": "bipod",
					"pivot": [0, 16.625, -34.025],
					"cubes": [
						{"origin": [-1, 15.5, -35.025], "size": [2, 2, 2.25], "inflate": -0.5, "uv": [49, 139]},
						{"origin": [-1, 16.5, -35.275], "size": [2, 1.25, 3.75], "inflate": -0.5, "uv": [60, 120]},
						{"origin": [-1, 15.25, -35.275], "size": [2, 1.25, 3.75], "inflate": -0.5, "uv": [112, 49]},
						{"origin": [0, 15.25, -33.525], "size": [1.5, 1.25, 2], "inflate": -0.5, "uv": [115, 133]},
						{"origin": [0, 15.05, -33.275], "size": [1.5, 2.9, 1.5], "inflate": -0.6, "uv": [104, 82]},
						{"origin": [0, 16.5, -33.525], "size": [1.5, 1.25, 2], "inflate": -0.5, "uv": [128, 30]},
						{"origin": [-1.5, 16.5, -33.525], "size": [1.5, 1.25, 2], "inflate": -0.5, "uv": [116, 22]},
						{"origin": [-1.5, 15.25, -33.525], "size": [1.5, 1.25, 2], "inflate": -0.5, "uv": [34, 122]},
						{"origin": [-1.5, 15.05, -33.275], "size": [1.5, 2.9, 1.5], "inflate": -0.6, "uv": [104, 76]}
					]
				},
				{
					"name": "rightLeg",
					"parent": "bipodLegs",
					"pivot": [-0.75, 16.5, -32.525],
					"cubes": [
						{"origin": [-2.75, 15, -14.525], "size": [3.2, 3, 1.25], "inflate": -0.5, "uv": [138, 29]},
						{"origin": [-2.75, 15, -14.775], "size": [3.2, 1.25, 1.25], "inflate": -0.5, "uv": [126, 14]},
						{"origin": [-2.75, 16.75, -14.775], "size": [3.2, 1.25, 1.25], "inflate": -0.5, "uv": [16, 134]},
						{"origin": [-2.75, 15, -14.275], "size": [1.25, 3, 1.5], "inflate": -0.5, "uv": [24, 39]},
						{"origin": [-1.75, 15.5, -33.775], "size": [2, 2, 20.25], "inflate": -0.5, "uv": [0, 50]}
					]
				},
				{
					"name": "leftLeg",
					"parent": "bipodLegs",
					"pivot": [0.75, 16.5, -32.525],
					"cubes": [
						{"origin": [-0.45, 15, -14.525], "size": [3.2, 3, 1.25], "inflate": -0.5, "uv": [0, 139]},
						{"origin": [-0.45, 15, -14.775], "size": [3.2, 1.25, 1.25], "inflate": -0.5, "uv": [134, 91]},
						{"origin": [-0.45, 16.75, -14.775], "size": [3.2, 1.25, 1.25], "inflate": -0.5, "uv": [75, 134]},
						{"origin": [1.5, 15, -14.275], "size": [1.25, 3, 1.5], "inflate": -0.5, "uv": [43, 39]},
						{"origin": [-0.25, 15.5, -33.775], "size": [2, 2, 20.25], "inflate": -0.5, "uv": [52, 50]}
					]
				},
				{
					"name": "mainBody",
					"parent": "gunBody",
					"pivot": [0, 0, 0],
					"cubes": [
						{"origin": [-1, 18.5, -35.25], "size": [2, 2, 43.5], "inflate": -0.3, "pivot": [0, 19.5, -37.75], "rotation": [0, 0, -20], "uv": [5, 5]},
						{"origin": [-2.15, 16.725, 8.6], "size": [4.3, 1.65, 1.65], "inflate": -0.5, "pivot": [0, 17.5, 9.475], "rotation": [-45, 0, 0], "uv": [112, 53]},
						{"origin": [-2.4, 18.05, 8.725], "size": [4.8, 1.5, 1.5], "inflate": -0.5, "pivot": [0, 18.675, 9.6], "rotation": [-45, 0, 0], "uv": [111, 79]},
						{"origin": [-2.4, 18.35, 7.775], "size": [4.8, 1.5, 1.5], "inflate": -0.5, "pivot": [0, 18.975, 8.65], "rotation": [-45, 0, 0], "uv": [86, 91]},
						{"origin": [-2.4, 18.65, 6.85], "size": [4.8, 1.5, 1.5], "inflate": -0.5, "pivot": [0, 19.275, 7.725], "rotation": [-45, 0, 0], "uv": [67, 32]},
						{"origin": [-2.65, 21.225, 8.55], "size": [5.3, 1.5, 1.5], "inflate": -0.5, "pivot": [0, 21.85, 9.425], "rotation": [-45, 0, 0], "uv": [52, 41]},
						{"origin": [-2.75, 20.975, 9.55], "size": [5.5, 1.75, 1.75], "inflate": -0.5, "pivot": [0, 21.6, 10.675], "rotation": [-45, 0, 0], "uv": [0, 44]},
						{"origin": [1, 22, -13], "size": [1.25, 1.5, 22.25], "inflate": -0.5, "uv": [0, 24]},
						{"origin": [1, 22.5, 8.25], "size": [1.125, 2.25, 4], "inflate": -0.5, "uv": [84, 15]},
						{"origin": [-2.25, 17.75, -33.5], "size": [4.5, 1.5, 44.25], "inflate": -0.5, "uv": [0, 50]},
						{"origin": [-2.25, 16.5, -29], "size": [4.5, 1.25, 2], "inflate": -0.5, "uv": [76, 86]},
						{"origin": [1.25, 16.25, -29.5], "size": [1.25, 1.5, 3], "inflate": -0.5, "uv": [93, 129]},
						{"origin": [1.25, 17.75, -29], "size": [1.25, 1.5, 2], "inflate": -0.5, "uv": [65, 66]},
						{"origin": [1.25, 16.75, -29.5], "size": [1.25, 2.5, 1.5], "inflate": -0.5, "uv": [40, 72]},
						{"origin": [1.25, 16.75, -28], "size": [1.25, 2.5, 1.5], "inflate": -0.5, "uv": [15, 72]},
						{"origin": [-2.5, 16.25, -29.5], "size": [1.25, 1.5, 3], "inflate": -0.5, "uv": [33, 129]},
						{"origin": [-2.5, 16.75, -29.5], "size": [1.25, 2.5, 1.5], "inflate": -0.5, "uv": [68, 50]},
						{"origin": [-2.5, 17.75, -29], "size": [1.25, 1.5, 2], "inflate": -0.5, "uv": [52, 66]},
						{"origin": [-2.5, 16.75, -28], "size": [1.25, 2.5, 1.5], "inflate": -0.5, "uv": [68, 55]},
						{"origin": [-2.25, 16.5, -29.25], "size": [4.5, 2.25, 1.25], "inflate": -0.5, "uv": [73, 130]},
						{"origin": [-2.25, 16.5, -28], "size": [4.5, 2.25, 1.25], "inflate": -0.5, "uv": [128, 97]},
						{"origin": [-2.35, 17.65, 9.75], "size": [4.7, 3.6, 1.25], "inflate": -0.499, "pivot": [0, 18.25, 10.25], "rotation": [-16, 0, 0], "uv": [111, 86]},
						{"origin": [-2.1, 17, 9.75], "size": [4.2, 1.675, 1.25], "inflate": -0.499, "pivot": [0, 18.25, 10.25], "rotation": [-16, 0, 0], "uv": [124, 23]},
						{"origin": [-2.6, 20.25, 9.75], "size": [5.2, 3.55, 1.25], "inflate": -0.499, "pivot": [0, 18.25, 10.25], "rotation": [-16, 0, 0], "uv": [0, 66]},
						{"origin": [-2.125, 22.8, 9.75], "size": [4.25, 2.4, 1.25], "inflate": -0.499, "pivot": [0, 18.25, 10.25], "rotation": [-16, 0, 0], "uv": [131, 76]},
						{"origin": [-2.125, 24.05, 8.2], "size": [4.25, 1.15, 2.55], "inflate": -0.499, "pivot": [0, 18.25, 10.25], "rotation": [-16, 0, 0], "uv": [76, 91]},
						{"origin": [1, 23.05, 8.2], "size": [1.125, 2, 2.55], "inflate": -0.501, "pivot": [0, 18.25, 10.25], "rotation": [-16, 0, 0], "uv": [12, 83]},
						{"origin": [0.75, 18.25, -31], "size": [1.5, 3, 41.75], "inflate": -0.5, "uv": [0, 95]},
						{"origin": [0.75, 18.25, -31.75], "size": [1.5, 1.75, 1.75], "inflate": -0.5, "uv": [144, 76]},
						{"origin": [0.75, 19.75, -31.75], "size": [1.5, 1.5, 1.75], "inflate": -0.5, "uv": [144, 74]},
						{"origin": [0.75, 18.25, -32.25], "size": [1.5, 3, 1.5], "inflate": -0.5, "uv": [82, 33]},
						{"origin": [0.75, 19, -33], "size": [1.5, 2.25, 1.75], "inflate": -0.5, "uv": [37, 111]},
						{"origin": [0.75, 18.25, -33.5], "size": [1.5, 3, 1.5], "inflate": -0.5, "uv": [76, 64]},
						{"origin": [1.25, 17.25, -34], "size": [1.25, 3.75, 2], "inflate": -0.5, "uv": [38, 50]},
						{"origin": [-2.5, 17.25, -34], "size": [1.25, 3.75, 2], "inflate": -0.5, "uv": [24, 50]},
						{"origin": [-2.25, 17.25, -34], "size": [4.5, 3.75, 1.25], "inflate": -0.5, "uv": [124, 19]},
						{"origin": [-1.5, 20, -34], "size": [3, 1.75, 1.25], "inflate": -0.5, "uv": [86, 135]},
						{"origin": [1, 20.25, -32], "size": [1.5, 2.75, 43.25], "inflate": -0.5, "uv": [53, 52]},
						{"origin": [1.5, 20.25, 8.25], "size": [1.1, 3.25, 3.475], "inflate": -0.5, "uv": [0, 50]},
						{"origin": [1.5, 21.125, 10.725], "size": [1.1, 2.375, 1.25], "inflate": -0.5, "uv": [43, 95]},
						{"origin": [1.5, 21.975, 10.975], "size": [1.1, 1.525, 1.15], "inflate": -0.5, "uv": [124, 47]},
						{"origin": [1.25, 17.75, 8.25], "size": [1.1, 3.5, 2.75], "inflate": -0.5, "uv": [10, 24]},
						{"origin": [1, 17, 8.25], "size": [1.1, 1.75, 2.5], "inflate": -0.5, "uv": [105, 114]},
						{"origin": [1, 16.5, 8.25], "size": [1.1, 1.5, 2], "inflate": -0.5, "uv": [113, 113]},
						{"origin": [-2.1, 17, 8.25], "size": [1.1, 1.75, 2.5], "inflate": -0.5, "uv": [89, 113]},
						{"origin": [-2.1, 16.5, 8.25], "size": [1.1, 1.5, 2], "inflate": -0.5, "uv": [113, 110]},
						{"origin": [1.25, 18.5, 10], "size": [1.1, 2.75, 1.225], "inflate": -0.5, "uv": [97, 27]},
						{"origin": [1.25, 19.4, 10.225], "size": [1.1, 1.85, 1.25], "inflate": -0.5, "uv": [124, 51]},
						{"origin": [1.25, 18, 6.75], "size": [1.1, 3, 2.5], "inflate": -0.5, "uv": [0, 24]},
						{"origin": [1.1, 17.65, 8.25], "size": [1.25, 1.1, 2.5], "inflate": -0.5, "uv": [116, 0]},
						{"origin": [1.35, 20.15, 8.25], "size": [1.25, 1.1, 3.225], "inflate": -0.5, "uv": [135, 106]},
						{"origin": [1.125, 22.5, 8.25], "size": [1.475, 1.1, 3.9], "inflate": -0.5, "uv": [135, 97]},
						{"origin": [-2.125, 22.5, 8.25], "size": [1.125, 2.25, 4], "inflate": -0.5, "uv": [12, 40]},
						{"origin": [-2.6, 22.5, 8.25], "size": [1.475, 1.1, 3.9], "inflate": -0.5, "uv": [128, 134]},
						{"origin": [-2.125, 23.05, 8.2], "size": [1.125, 2, 2.55], "inflate": -0.501, "pivot": [0, 18.25, 10.25], "rotation": [-16, 0, 0], "uv": [21, 81]},
						{"origin": [-2.35, 17.65, 8.25], "size": [1.25, 1.1, 2.5], "inflate": -0.5, "uv": [97, 114]},
						{"origin": [-2.35, 17.75, 8.25], "size": [1.1, 3.5, 2.75], "inflate": -0.5, "uv": [9, 0]},
						{"origin": [-2.35, 18, 6.75], "size": [1.1, 3, 2.5], "inflate": -0.5, "uv": [16, 15]},
						{"origin": [-2.35, 18.5, 10], "size": [1.1, 2.75, 1.225], "inflate": -0.5, "uv": [92, 65]},
						{"origin": [-2.35, 19.4, 10.225], "size": [1.1, 1.85, 1.25], "inflate": -0.5, "uv": [123, 122]},
						{"origin": [-2.6, 20.25, 8.25], "size": [1.1, 3.25, 3.475], "inflate": -0.5, "uv": [40, 24]},
						{"origin": [-2.6, 20.15, 8.25], "size": [1.25, 1.1, 3.225], "inflate": -0.5, "uv": [135, 101]},
						{"origin": [-2.6, 21.125, 10.725], "size": [1.1, 2.375, 1.25], "inflate": -0.5, "uv": [92, 86]},
						{"origin": [-2.6, 21.975, 10.975], "size": [1.1, 1.525, 1.15], "inflate": -0.5, "uv": [124, 45]},
						{"origin": [0.5, 21.75, -13], "size": [1.5, 1.25, 24.25], "inflate": -0.5, "uv": [98, 45]},
						{"origin": [-2, 20.75, -13], "size": [1.5, 1.25, 24.25], "inflate": -0.5, "uv": [71, 97]},
						{"origin": [1, 20.25, -33], "size": [1.5, 2.25, 1.25], "inflate": -0.5, "uv": [53, 109]},
						{"origin": [1, 20.25, -33.5], "size": [1.5, 2, 1.5], "inflate": -0.5, "uv": [43, 109]},
						{"origin": [1, 20.75, -33.5], "size": [1.5, 1.5, 1.55], "inflate": -0.501, "pivot": [1.75, 21.75, -33], "rotation": [60, 0, 0], "uv": [40, 144]},
						{"origin": [1, 21.45, -32.75], "size": [1.5, 1.55, 1.45], "inflate": -0.502, "pivot": [1.75, 22.5, -32.25], "rotation": [-60, 0, 0], "uv": [144, 34]},
						{"origin": [1, 20.25, -32.75], "size": [1.5, 1.5, 1.75], "inflate": -0.5, "uv": [144, 70]},
						{"origin": [1, 21.5, -32.75], "size": [1.5, 1.5, 1.75], "inflate": -0.5, "uv": [144, 58]},
						{"origin": [-2.25, 18.25, -31], "size": [1.5, 3, 19], "inflate": -0.5, "uv": [0, 72]},
						{"origin": [-2.25, 18.25, -7.25], "size": [1.5, 3, 18], "inflate": -0.5, "uv": [124, 70]},
						{"origin": [-2.5, 20.25, -32], "size": [1.5, 2.75, 43.25], "inflate": -0.5, "uv": [52, 0]},
						{"origin": [-2.65, 20.25, -13.75], "size": [1.15, 2.75, 22.25], "inflate": -0.5, "uv": [0, 0]},
						{"origin": [-2.65, 17.6, -11.5], "size": [6, 1.15, 3.5], "inflate": -0.5, "uv": [24, 18]},
						{"origin": [-0.9, 17.6, -12.5], "size": [4.25, 1.15, 2], "inflate": -0.5, "uv": [124, 91]},
						{"origin": [-0.9, 17.2, -12.5], "size": [4.25, 1.4, 1.15], "inflate": -0.5, "uv": [0, 133]},
						{"origin": [-0.9, 17.2, -8.15], "size": [4.25, 1.4, 1.15], "inflate": -0.5, "uv": [131, 114]},
						{"origin": [-0.9, 17.2, -8.4], "size": [4.25, 1.15, 1.25], "inflate": -0.5, "uv": [131, 85]},
						{"origin": [-0.9, 17.2, -12.35], "size": [4.25, 1.15, 1.25], "inflate": -0.5, "uv": [131, 79]},
						{"origin": [-0.9, 17.6, -9], "size": [4.25, 1.15, 2], "inflate": -0.5, "uv": [121, 114]},
						{"origin": [2.275, 17.65, -11.5], "size": [1.4, 1.15, 3.5], "inflate": -0.5, "pivot": [2.975, 18.225, -9.75], "rotation": [0, 0, -20], "uv": [73, 139]},
						{"origin": [-2.925, 21.85, -13.75], "size": [1.275, 1.15, 22.25], "inflate": -0.5, "uv": [62, 122]},
						{"origin": [-2.925, 20.25, -13.75], "size": [1.275, 1.15, 22.25], "inflate": -0.5, "uv": [121, 95]},
						{"origin": [-3.075, 20.25, -13.75], "size": [1.15, 1.4, 22.25], "inflate": -0.5, "uv": [99, 120]},
						{"origin": [-3.075, 21.6, -13.75], "size": [1.15, 1.4, 22.25], "inflate": -0.5, "uv": [97, 97]},
						{"origin": [-2.25, 18.25, -31.75], "size": [1.5, 1.75, 1.75], "inflate": -0.5, "uv": [135, 143]},
						{"origin": [-2.25, 19.75, -31.75], "size": [1.5, 1.5, 1.75], "inflate": -0.5, "uv": [139, 143]},
						{"origin": [-2.5, 20.25, -32.75], "size": [1.5, 1.5, 1.75], "inflate": -0.5, "uv": [5, 144]},
						{"origin": [-2.5, 21.5, -32.75], "size": [1.5, 1.5, 1.75], "inflate": -0.5, "uv": [9, 144]},
						{"origin": [-2.25, 18.25, -32.25], "size": [1.5, 3, 1.5], "inflate": -0.5, "uv": [52, 72]},
						{"origin": [-2.25, 19, -33], "size": [1.5, 2.25, 1.75], "inflate": -0.5, "uv": [37, 107]},
						{"origin": [-2.25, 18.25, -33.5], "size": [1.5, 3, 1.5], "inflate": -0.5, "uv": [76, 0]},
						{"origin": [-2.5, 20.25, -33.5], "size": [1.5, 2, 1.5], "inflate": -0.5, "uv": [107, 97]},
						{"origin": [-2.5, 20.25, -33], "size": [1.5, 2.25, 1.25], "inflate": -0.5, "uv": [107, 104]},
						{"origin": [-2.5, 20.75, -33.5], "size": [1.5, 1.5, 1.55], "inflate": -0.501, "pivot": [-1.75, 21.75, -33], "rotation": [60, 0, 0], "uv": [17, 144]},
						{"origin": [-2.5, 21.45, -32.75], "size": [1.5, 1.55, 1.45], "inflate": -0.502, "pivot": [-1.75, 22.5, -32.25], "rotation": [-60, 0, 0], "uv": [144, 25]},
						{"origin": [-2, 20.25, -15.75], "size": [4, 3.5, 3], "inflate": -0.5, "uv": [43, 120]},
						{"origin": [0, 20.25, -13.75], "size": [2, 3.5, 1.75], "inflate": -0.5, "uv": [90, 79]},
						{"origin": [-2, 20.25, -13.75], "size": [2, 3.5, 1.75], "inflate": -0.5, "uv": [90, 72]},
						{"origin": [-1, 20.25, -13.75], "size": [2, 1.75, 1.75], "inflate": -0.5, "uv": [97, 4]},
						{"origin": [-1.75, 18.25, -13.75], "size": [3.5, 3, 1.75], "inflate": -0.5, "uv": [57, 139]},
						{"origin": [-1, 22, -13.75], "size": [2, 1.75, 1.75], "inflate": -0.5, "uv": [90, 83]},
						{"origin": [-2, 22.5, -15.75], "size": [1.8, 1.25, 3.75], "inflate": -0.501, "pivot": [-1.5, 23.25, -13.875], "rotation": [0, 0, -17.5], "uv": [91, 140]},
						{"origin": [0.2, 22.5, -15.75], "size": [1.8, 1.25, 3.75], "inflate": -0.501, "pivot": [1.5, 23.25, -13.875], "rotation": [0, 0, 17.5], "uv": [5, 140]},
						{"origin": [-1, 22.75, -15.75], "size": [2, 2.75, 2], "inflate": -0.5, "uv": [49, 143]},
						{"origin": [-1, 24.5, -15.5], "size": [3.5, 1.25, 1.75], "inflate": -0.5, "uv": [40, 30]},
						{"origin": [1.5, 24.5, -15.5], "size": [1.7, 1.25, 1.75], "inflate": -0.499, "pivot": [2, 25.25, -14.625], "rotation": [0, 0, 45], "uv": [62, 91]},
						{"origin": [1.75, 23.25, -15.5], "size": [1.25, 2, 1.75], "inflate": -0.5, "uv": [57, 50]},
						{"origin": [1.75, 21.6, -15.5], "size": [1.25, 2.65, 1.75], "inflate": -0.499, "pivot": [2.375, 23.75, -14.25], "rotation": [-30, 0, 0], "uv": [16, 55]},
						{"origin": [1.75, 21.1972, -16.22075], "size": [1.25, 2, 1.275], "inflate": -0.501, "uv": [5, 50]},
						{"origin": [1.75, 20.75, -15], "size": [1.25, 1.85, 1.25], "inflate": -0.5, "pivot": [2.375, 23.75, -14.25], "rotation": [-30, 0, 0], "uv": [88, 50]},
						{"origin": [1.75, 20, -15], "size": [1.5, 1.85, 1.25], "inflate": -0.499, "pivot": [2.375, 23.75, -14.25], "rotation": [-30, 0, 0], "uv": [43, 0]},
						{"origin": [1.75, 21.25, -15.25], "size": [1.25, 1.35, 1.25], "inflate": -0.5, "pivot": [2.375, 23.75, -14.25], "rotation": [-30, 0, 0], "uv": [76, 45]},
						{"origin": [0, 22.75, -15.5], "size": [1.25, 2.5, 2.25], "inflate": -0.5, "uv": [97, 0]},
						{"origin": [0, 22.75, -15.75], "size": [1.25, 2.25, 1.25], "inflate": -0.5, "uv": [111, 62]},
						{"origin": [0, 23.75, -15.75], "size": [1.25, 1.25, 1.2], "inflate": -0.501, "pivot": [0.625, 24.5, -15.25], "rotation": [60, 0, 0], "uv": [144, 82]},
						{"origin": [0, 24.075, -15.5], "size": [1.25, 1.175, 1.25], "inflate": -0.502, "pivot": [0.625, 24.75, -15], "rotation": [-62, 0, 0], "uv": [144, 84]},
						{"origin": [-1, 24.575, -15.5], "size": [2, 1.175, 1.25], "inflate": -0.502, "pivot": [0.375, 25.25, -15], "rotation": [-62, 0, 0], "uv": [9, 5]},
						{"origin": [-1, 24.25, -15.75], "size": [2, 1.25, 1.2], "inflate": -0.501, "pivot": [0.375, 25, -15.25], "rotation": [60, 0, 0], "uv": [16, 20]},
						{"origin": [-1.25, 23.75, -15.75], "size": [1.25, 1.25, 1.2], "inflate": -0.501, "pivot": [-0.625, 24.5, -15.25], "rotation": [60, 0, 0], "uv": [144, 78]},
						{"origin": [-1.25, 22.75, -15.5], "size": [1.25, 2.5, 2.25], "inflate": -0.5, "uv": [24, 95]},
						{"origin": [-1.25, 22.75, -15.75], "size": [1.25, 2.25, 1.25], "inflate": -0.5, "uv": [111, 57]},
						{"origin": [-1.3, 23.55, -15.55], "size": [2.6, 1.5, 1.5], "inflate": -0.5, "pivot": [-0.7, 24.3, -14.8], "rotation": [-45, 0, 0], "uv": [97, 12]},
						{"origin": [-2.55, 21.3, -14.55], "size": [5.1, 1.5, 1.5], "inflate": -0.5, "pivot": [-0.7, 22.05, -13.8], "rotation": [-45, 0, 0], "uv": [43, 117]},
						{"origin": [-1.25, 24.075, -15.5], "size": [1.25, 1.175, 1.25], "inflate": -0.502, "pivot": [-0.625, 24.75, -15], "rotation": [-62, 0, 0], "uv": [144, 80]},
						{"origin": [-1.375, 22.75, -14.25], "size": [2.75, 2.5, 2], "inflate": -0.5, "uv": [142, 61]},
						{"origin": [-1.375, 24.25, -13.75], "size": [2.75, 1.6, 1.5], "inflate": -0.5, "uv": [73, 101]},
						{"origin": [-2.125, 24.15, -13.82071], "size": [5.5, 1.4, 1.4], "inflate": -0.5, "pivot": [0.625, 24.85, -13.12071], "rotation": [-45, 0, 0], "uv": [31, 88]},
						{"origin": [-1.375, 24.05, -13.75], "size": [2.75, 1.8, 1.5], "inflate": -0.501, "pivot": [0, 25.35, -13.25], "rotation": [-40, 0, 0], "uv": [97, 23]},
						{"origin": [-1.375, 22.75, -13.25], "size": [2.75, 1.5, 1.25], "inflate": -0.5, "uv": [97, 101]},
						{"origin": [-2.5, 22, -13], "size": [1.5, 1.5, 24.25], "inflate": -0.5, "uv": [98, 70]}
					]
				},
				{
					"name": "dustCover",
					"parent": "mainBody",
					"pivot": [-1.75, 20.75, -9.25],
					"cubes": [
						{"origin": [-2.4, 18.1, -13.5], "size": [1.15, 3.15, 8.5], "inflate": -0.5, "uv": [0, 72]}
					]
				},
				{
					"name": "barrelCover",
					"parent": "gunMain",
					"pivot": [0, 0, 5]
				},
				{
					"name": "leftSide",
					"parent": "barrelCover",
					"pivot": [0.5, 3, -1],
					"cubes": [
						{"origin": [1.5, 15.5, -26.5], "size": [1.25, 7.5, 9.75], "inflate": -0.5, "uv": [0, 50]},
						{"origin": [1.75, 16.1, -26.5], "size": [1.6, 1.4, 12.5], "inflate": -0.5, "uv": [111, 159]},
						{"origin": [2.35, 16.075, -25.75], "size": [1.525, 1.425, 11.75], "inflate": -0.501, "pivot": [2.85, 17, -19], "rotation": [0, 0, 150], "uv": [60, 122]},
						{"origin": [1.75, 15.075, -26.5], "size": [1.375, 1.425, 12.5], "inflate": -0.501, "pivot": [2.25, 16, -19], "rotation": [0, 0, -120], "uv": [85, 159]},
						{"origin": [1.325, 16.65, -25.75], "size": [1.425, 1.45, 11.75], "inflate": -0.5, "pivot": [2.25, 17.6, -19], "rotation": [0, 0, -60], "uv": [98, 82]},
						{"origin": [1.825, 15.65, -26.5], "size": [1.525, 1.45, 12.5], "inflate": -0.501, "pivot": [2.85, 16.6, -19], "rotation": [0, 0, 30], "uv": [126, 157]},
						{"origin": [1.5, 15.5, -17.75], "size": [1.25, 5.25, 3.75], "inflate": -0.499, "uv": [24, 24]},
						{"origin": [1.5, 19.75, -17.75], "size": [1.25, 1.5, 2.325], "inflate": -0.499, "uv": [140, 58]},
						{"origin": [1.5, 19.25, -31.25], "size": [1.25, 3, 5.75], "inflate": -0.5, "uv": [121, 105]},
						{"origin": [1.5, 21.25, -30.5], "size": [1.25, 1.75, 5], "inflate": -0.5, "uv": [105, 129]},
						{"origin": [1.5, 20.925, -30.5], "size": [1.25, 2.075, 1.75], "inflate": -0.501, "pivot": [2.125, 22.5, -30], "rotation": [-45, 0, 0], "uv": [114, 106]},
						{"origin": [1.75, 19.25, -31.25], "size": [1.25, 1.75, 4.8], "inflate": -0.5, "uv": [111, 70]},
						{"origin": [1.75, 19, -15.625], "size": [1.25, 1.75, 1.625], "inflate": -0.501, "uv": [88, 145]},
						{"origin": [1.75, 21.525, -18.5], "size": [1.25, 1.475, 1.75], "inflate": -0.5, "uv": [84, 145]},
						{"origin": [1.75, 16.5, -26.5], "size": [1.25, 2.8, 1.75], "inflate": -0.5, "uv": [117, 70]},
						{"origin": [1.6, 16.425, -26.5], "size": [1.5, 2.4, 1.75], "inflate": -0.501, "pivot": [2.475, 17.925, -25.625], "rotation": [0, 0, -15], "uv": [117, 62]},
						{"origin": [1.5, 18.75, -27.85], "size": [1.25, 2, 2.95], "inflate": -0.501, "pivot": [2.125, 19.625, -26.375], "rotation": [-45, 0, 0], "uv": [73, 104]},
						{"origin": [1.75, 18.5, -28.075], "size": [1.25, 1.75, 3.4], "inflate": -0.501, "pivot": [2.125, 19.375, -26.375], "rotation": [-45, 0, 0], "uv": [110, 143]},
						{"origin": [1.25, 19.25, -31.25], "size": [1.25, 2, 1.75], "inflate": -0.5, "uv": [118, 82]},
						{"origin": [1.25, 15.5, -15.75], "size": [1.25, 5.25, 1.75], "inflate": -0.5, "uv": [92, 58]},
						{"origin": [1.5, 20, -17.5], "size": [1.25, 1.75, 3.25], "inflate": -0.5, "pivot": [2.125, 20.875, -16.75], "rotation": [-30, 0, 0], "uv": [126, 143]},
						{"origin": [1.75, 20, -17.6], "size": [1.25, 1.75, 3.45], "inflate": -0.5, "pivot": [2.125, 20.875, -16.75], "rotation": [-30, 0, 0], "uv": [143, 30]},
						{"origin": [1.5, 19.75, -19], "size": [1.25, 1.75, 2.5], "inflate": -0.501, "pivot": [2.125, 20.625, -16.75], "rotation": [-60, 0, 0], "uv": [140, 91]},
						{"origin": [1.75, 19.75, -19.1], "size": [1.25, 1.75, 2.525], "inflate": -0.501, "pivot": [2.125, 20.625, -16.75], "rotation": [-60, 0, 0], "uv": [135, 139]},
						{"origin": [-2.5, 16.5, -26.5], "size": [5, 2.25, 1.75], "inflate": -0.5, "uv": [121, 39]}
					]
				},
				{
					"name": "rightSide",
					"parent": "barrelCover",
					"pivot": [-0.5, 3, -1],
					"cubes": [
						{"origin": [-2.75, 15.5, -26.5], "size": [1.25, 7.5, 11.5], "inflate": -0.5, "uv": [24, 0]},
						{"origin": [-3.35, 16.1, -26.5], "size": [1.6, 1.4, 12.5], "inflate": -0.5, "uv": [26, 156]},
						{"origin": [-3.875, 16.075, -25.75], "size": [1.525, 1.425, 11.75], "inflate": -0.501, "pivot": [-2.85, 17, -19], "rotation": [0, 0, -150], "uv": [98, 70]},
						{"origin": [-3.125, 15.075, -26.5], "size": [1.375, 1.425, 12.5], "inflate": -0.501, "pivot": [-2.25, 16, -19], "rotation": [0, 0, 120], "uv": [0, 156]},
						{"origin": [-2.75, 16.65, -25.75], "size": [1.425, 1.45, 11.75], "inflate": -0.5, "pivot": [-2.25, 17.6, -19], "rotation": [0, 0, 60], "uv": [98, 57]},
						{"origin": [-3.35, 15.65, -26.5], "size": [1.525, 1.45, 12.5], "inflate": -0.501, "pivot": [-2.85, 16.6, -19], "rotation": [0, 0, -30], "uv": [155, 21]},
						{"origin": [-2.75, 15.5, -16], "size": [1.25, 5.75, 2], "inflate": -0.499, "uv": [0, 0]},
						{"origin": [-3, 19.25, -31.25], "size": [1.25, 1.75, 4.8], "inflate": -0.5, "uv": [111, 62]},
						{"origin": [-3, 16.5, -26.5], "size": [1.25, 2.8, 1.75], "inflate": -0.5, "uv": [117, 57]},
						{"origin": [-3.1, 16.425, -26.5], "size": [1.5, 2.4, 1.75], "inflate": -0.501, "pivot": [-2.475, 17.925, -25.625], "rotation": [0, 0, 15], "uv": [116, 26]},
						{"origin": [-2.75, 18.75, -27.85], "size": [1.25, 2, 2.95], "inflate": -0.501, "pivot": [-2.125, 19.625, -26.375], "rotation": [-45, 0, 0], "uv": [102, 45]},
						{"origin": [-3, 18.5, -28.075], "size": [1.25, 1.75, 3.4], "inflate": -0.501, "pivot": [-2.125, 19.375, -26.375], "rotation": [-45, 0, 0], "uv": [142, 65]},
						{"origin": [-2.5, 19.25, -31.25], "size": [1.25, 2, 1.75], "inflate": -0.5, "uv": [37, 115]},
						{"origin": [-2.5, 15.5, -15.75], "size": [1.25, 5.75, 1.75], "inflate": -0.5, "uv": [66, 76]},
						{"origin": [-2.75, 21.25, -30.5], "size": [1.25, 1.75, 5], "inflate": -0.5, "uv": [86, 129]},
						{"origin": [-2.75, 19.25, -31.25], "size": [1.25, 3, 5.75], "inflate": -0.5, "uv": [121, 97]},
						{"origin": [-2.75, 20.925, -30.5], "size": [1.25, 2.075, 1.75], "inflate": -0.501, "pivot": [-2.125, 22.5, -30], "rotation": [-45, 0, 0], "uv": [114, 103]},
						{"origin": [-2.25, 16.5, -15.75], "size": [4.5, 2.25, 1.75], "inflate": -0.5, "uv": [43, 132]}
					]
				},
				{
					"name": "pistolGrip",
					"parent": "gunMain",
					"pivot": [0, -0.25, 0.75],
					"cubes": [
						{"origin": [-2.25, 13.75, -0.75], "size": [4.5, 3.25, 6], "inflate": -0.499, "uv": [21, 72]},
						{"origin": [-2.15, 16.5, 1], "size": [4.3, 1.75, 1.75], "inflate": -0.5, "pivot": [0, 17.375, 1.875], "rotation": [-45, 0, 0], "uv": [131, 48]},
						{"origin": [-2.05, 17, -1], "size": [4.1, 1.5, 1.5], "inflate": -0.5, "uv": [130, 123]},
						{"origin": [-2.05, 16.25, -1], "size": [4.1, 1.5, 1.5], "inflate": -0.5, "uv": [128, 106]},
						{"origin": [-1.25, 12.75, -1], "size": [2.5, 2.75, 1.25], "inflate": -0.5, "uv": [102, 139]},
						{"origin": [-1.25, 12.75, -4.75], "size": [2.5, 1.25, 4.75], "inflate": -0.5, "uv": [124, 64]},
						{"origin": [-1.25, 12.75, -4.75], "size": [2.5, 2.425, 1.25], "inflate": -0.5, "pivot": [0, 13.25, -4.25], "rotation": [45, 0, 0], "uv": [96, 139]},
						{"origin": [-1.25, 13.75, -5.75], "size": [2.5, 3.25, 1.25], "inflate": -0.5, "uv": [90, 54]},
						{"origin": [-1, 14.625, -2.5], "size": [2, 2.625, 1.25], "inflate": -0.5, "pivot": [0, 15.625, -1.875], "rotation": [-7.5, 0, 0], "uv": [59, 112]},
						{"origin": [-1, 13.625, -2.625], "size": [2, 2.1, 1.25], "inflate": -0.5, "pivot": [0, 15.1, -2], "rotation": [-40, 0, 0], "uv": [105, 111]},
						{"origin": [-2.25, 13.75, 4.25], "size": [4.5, 3.25, 1.5], "inflate": -0.5, "uv": [73, 122]},
						{"origin": [-2.25, 15.5, 4.75], "size": [4.5, 1.5, 2.25], "inflate": -0.5, "uv": [116, 14]},
						{"origin": [-2.25, 14.75, 4.5], "size": [4.5, 1.775, 1.5], "inflate": -0.502, "pivot": [0, 15.875, 5], "rotation": [-22.5, 0, 0], "uv": [131, 73]},
						{"origin": [-2.25, 15.25, 4.375], "size": [4.5, 2.25, 1.375], "inflate": -0.501, "pivot": [0, 15.875, 5], "rotation": [-67.5, 0, 0], "uv": [131, 82]},
						{"origin": [-2.25, 5, -0.75], "size": [4.5, 9.75, 6], "inflate": -0.5, "pivot": [-0.125, 14.25, -0.25], "rotation": [25, 0, 0], "uv": [24, 50]},
						{"origin": [-2.25, 7.79161, 5.25384], "size": [4.5, 6.25, 1.6], "inflate": -0.501, "pivot": [0, 12.21661, 6.62884], "rotation": [30, 0, 0], "uv": [84, 8]},
						{"origin": [-2.25, 5, -1.5], "size": [4.5, 2.5, 1.75], "inflate": -0.5, "pivot": [-0.125, 14.25, -0.25], "rotation": [25, 0, 0], "uv": [131, 127]},
						{"origin": [-1.5, 17, 6.75], "size": [3, 1.25, 3], "uv": [52, 86]},
						{"origin": [-2, 17, 9.25], "size": [4, 1.75, 1.5], "inflate": -0.5, "uv": [124, 11]},
						{"origin": [-2.1, 16.5, 9.25], "size": [4.2, 1.5, 1.375], "inflate": -0.502, "pivot": [0, 17, 9.75], "rotation": [30, 0, 0], "uv": [124, 4]},
						{"origin": [-2.1, 17, 9.75], "size": [4.2, 1.375, 1.65], "inflate": -0.501, "pivot": [0, 17.5, 10.25], "rotation": [150, 0, 0], "uv": [55, 117]},
						{"origin": [-2, 16, -4.75], "size": [4, 2.75, 12], "inflate": -0.5, "uv": [144, 74]},
						{"origin": [0.25, 16, -6], "size": [1.75, 2.75, 1.5], "inflate": -0.5, "uv": [105, 70]},
						{"origin": [-2, 16, -6], "size": [1.75, 2.75, 1.5], "inflate": -0.5, "uv": [105, 57]},
						{"origin": [-1.25, 16, -5.75], "size": [2.5, 2.75, 1.25], "inflate": -0.5, "uv": [40, 139]},
						{"origin": [-1.25, 16.25, -6], "size": [2.5, 2.5, 1.25], "inflate": -0.5, "uv": [17, 139]},
						{"origin": [-2, 16, -5.5], "size": [4, 1.5, 1.75], "inflate": -0.5, "uv": [60, 131]},
						{"origin": [-2, 17.25, -5.5], "size": [4, 1.5, 1.75], "inflate": -0.5, "uv": [131, 54]},
						{"origin": [-2.5, 16.25, -4.75], "size": [1.5, 2.75, 1.5], "inflate": -0.5, "uv": [107, 27]},
						{"origin": [-2.5, 16.25, -6], "size": [1.5, 2.75, 1.5], "inflate": -0.5, "uv": [90, 106]},
						{"origin": [-2.5, 16.25, -5.5], "size": [1.5, 1.25, 1.75], "inflate": -0.5, "uv": [121, 143]},
						{"origin": [-2.5, 17.25, -5.5], "size": [1.5, 1.75, 1.75], "inflate": -0.5, "uv": [143, 118]},
						{"origin": [-2.5, 16, -5.75], "size": [1.5, 1.25, 2.25], "inflate": -0.5, "uv": [78, 139]},
						{"origin": [-2.5, 16, -5.75], "size": [1.5, 1.35, 1.25], "inflate": -0.501, "pivot": [-1.75, 16.5, -5.25], "rotation": [45, 0, 0], "uv": [131, 143]},
						{"origin": [-2.5, 17.25, -6.5], "size": [5, 1.35, 1.25], "inflate": -0.501, "pivot": [-1.75, 17.75, -6], "rotation": [45, 0, 0], "uv": [88, 45]},
						{"origin": [-2.5, 16, -4.75], "size": [1.5, 1.35, 1.25], "inflate": -0.501, "pivot": [-1.75, 16.5, -4], "rotation": [-45, 0, 0], "uv": [125, 143]},
						{"origin": [1, 16.25, -6], "size": [1.5, 2.75, 1.5], "inflate": -0.5, "uv": [83, 104]},
						{"origin": [1, 17.25, -5.5], "size": [1.5, 1.75, 1.75], "inflate": -0.5, "uv": [127, 139]},
						{"origin": [1, 16.25, -4.75], "size": [1.5, 2.75, 1.5], "inflate": -0.5, "uv": [104, 87]},
						{"origin": [1, 16, -4.75], "size": [1.5, 1.35, 1.25], "inflate": -0.501, "pivot": [1.75, 16.5, -4], "rotation": [-45, 0, 0], "uv": [133, 139]},
						{"origin": [1, 16, -5.75], "size": [1.5, 1.25, 2.25], "inflate": -0.5, "uv": [138, 33]},
						{"origin": [1, 16.25, -5.5], "size": [1.5, 1.25, 1.75], "inflate": -0.5, "uv": [10, 141]},
						{"origin": [1, 16, -5.75], "size": [1.5, 1.35, 1.25], "inflate": -0.501, "pivot": [1.75, 16.5, -5.25], "rotation": [45, 0, 0], "uv": [80, 142]},
						{"origin": [-2.5, 17.25, -6.5], "size": [5, 1.75, 1.5], "inflate": -0.5, "uv": [116, 32]},
						{"origin": [-2.5, 17.5, -6.75], "size": [5, 1.5, 1.25], "inflate": -0.5, "uv": [97, 15]}
					]
				},
				{
					"name": "barrelAssembly",
					"parent": "gun",
					"pivot": [0, 0, 0]
				},
				{
					"name": "top",
					"parent": "barrelAssembly",
					"pivot": [2.5, 1.375, 5],
					"cubes": [
						{"origin": [-1.75, 23.375, -31.75], "size": [1.85, 1.5, 15], "inflate": -0.5, "uv": [144, 58]},
						{"origin": [-0.1, 23.375, -31.75], "size": [1.85, 1.5, 15], "inflate": -0.5, "uv": [138, 21]},
						{"origin": [-1.15, 23.375, -37], "size": [2.3, 1.25, 6.25], "inflate": -0.5, "pivot": [0, 24.125, -31.25], "rotation": [10, 0, 0], "uv": [97, 104]},
						{"origin": [-0.9, 23.375, -31.75], "size": [1.8, 1.5, 2.25], "inflate": -0.5, "uv": [116, 19]},
						{"origin": [-0.9, 23.375, -29.75], "size": [1.8, 1.5, 1.5], "inflate": -0.5, "uv": [80, 145]},
						{"origin": [-0.9, 23.375, -28.5], "size": [1.8, 1.5, 1.5], "inflate": -0.5, "uv": [76, 145]},
						{"origin": [-0.9, 23.375, -27.25], "size": [1.8, 1.5, 1.5], "inflate": -0.5, "uv": [72, 145]},
						{"origin": [-0.9, 23.375, -26], "size": [1.8, 1.5, 2.75], "inflate": -0.5, "uv": [129, 139]},
						{"origin": [-0.9, 23.375, -23.5], "size": [1.8, 1.5, 1.5], "inflate": -0.5, "uv": [57, 145]},
						{"origin": [-0.9, 23.375, -22.25], "size": [1.8, 1.5, 1.5], "inflate": -0.5, "uv": [145, 28]},
						{"origin": [-0.9, 23.375, -21], "size": [1.8, 1.5, 1.5], "inflate": -0.5, "uv": [144, 91]},
						{"origin": [-0.9, 23.375, -19.75], "size": [1.8, 1.5, 3], "inflate": -0.5, "uv": [0, 143]},
						{"origin": [0.75, 23.375, -31.75], "size": [2.25, 1.5, 2.25], "inflate": -0.501, "pivot": [1.25, 24.375, -23], "rotation": [0, 0, 45], "uv": [133, 134]},
						{"origin": [0.75, 23.375, -19.75], "size": [2.25, 1.5, 3], "inflate": -0.501, "pivot": [1.25, 24.375, -8.5], "rotation": [0, 0, 45], "uv": [7, 127]},
						{"origin": [0.75, 23.375, -29.75], "size": [2.25, 1.5, 1.5], "inflate": -0.501, "pivot": [1.25, 24.375, -20.75], "rotation": [0, 0, 45], "uv": [115, 143]},
						{"origin": [0.75, 23.375, -28.5], "size": [2.25, 1.5, 1.5], "inflate": -0.501, "pivot": [1.25, 24.375, -19.5], "rotation": [0, 0, 45], "uv": [55, 143]},
						{"origin": [0.75, 23.375, -27.25], "size": [2.25, 1.5, 1.5], "inflate": -0.501, "pivot": [1.25, 24.375, -17.75], "rotation": [0, 0, 45], "uv": [143, 21]},
						{"origin": [0.75, 23.375, -23.5], "size": [2.25, 1.5, 1.5], "inflate": -0.501, "pivot": [1.25, 24.375, -13.5], "rotation": [0, 0, 45], "uv": [40, 142]},
						{"origin": [0.75, 23.375, -22.25], "size": [2.25, 1.5, 1.5], "inflate": -0.501, "pivot": [1.25, 24.375, -12], "rotation": [0, 0, 45], "uv": [17, 142]},
						{"origin": [0.75, 23.375, -21], "size": [2.25, 1.5, 1.5], "inflate": -0.501, "pivot": [1.25, 24.375, -10.5], "rotation": [0, 0, 45], "uv": [139, 139]},
						{"origin": [0.75, 23.375, -26], "size": [2.25, 1.5, 2.75], "inflate": -0.501, "pivot": [1.25, 24.375, -16.75], "rotation": [0, 0, 45], "uv": [8, 133]},
						{"origin": [1.5, 23.375, -31.75], "size": [1.5, 1.5, 15], "inflate": -0.502, "pivot": [1.25, 24.375, -20.5], "rotation": [0, 0, 45], "uv": [93, 143]},
						{"origin": [1.125, 22, -31.75], "size": [1.5, 2, 15], "inflate": -0.5, "uv": [32, 139]},
						{"origin": [-3, 23.375, -19.75], "size": [2.25, 1.5, 3], "inflate": -0.501, "pivot": [-1.25, 24.375, -8.5], "rotation": [0, 0, -45], "uv": [73, 126]},
						{"origin": [-2.625, 22, -31.75], "size": [1.5, 2, 15], "inflate": -0.5, "uv": [0, 139]},
						{"origin": [1.125, 22.25, -36.25], "size": [1.25, 1.75, 5.5], "inflate": -0.501, "pivot": [1.875, 23.25, -31.25], "rotation": [3.5, 15, 0], "uv": [26, 129]},
						{"origin": [-2.375, 22.25, -36.25], "size": [1.25, 1.75, 5.5], "inflate": -0.501, "pivot": [-1.875, 23.25, -31.25], "rotation": [3.5, -15, 0], "uv": [128, 108]},
						{"origin": [-3, 23.375, -31.75], "size": [1.5, 1.5, 15], "inflate": -0.502, "pivot": [-1.25, 24.375, -20.5], "rotation": [0, 0, -45], "uv": [43, 120]},
						{"origin": [-3, 23.375, -29.75], "size": [2.25, 1.5, 1.5], "inflate": -0.501, "pivot": [-1.25, 24.375, -20.75], "rotation": [0, 0, -45], "uv": [89, 116]},
						{"origin": [-3, 23.375, -31.75], "size": [2.25, 1.5, 2.25], "inflate": -0.501, "pivot": [-1.25, 24.375, -23], "rotation": [0, 0, -45], "uv": [33, 99]},
						{"origin": [-3, 23.375, -28.5], "size": [2.25, 1.5, 1.5], "inflate": -0.501, "pivot": [-1.25, 24.375, -19.5], "rotation": [0, 0, -45], "uv": [113, 116]},
						{"origin": [-3, 23.375, -27.25], "size": [2.25, 1.5, 1.5], "inflate": -0.501, "pivot": [-1.25, 24.375, -17.75], "rotation": [0, 0, -45], "uv": [34, 125]},
						{"origin": [-3, 23.375, -26], "size": [2.25, 1.5, 2.75], "inflate": -0.501, "pivot": [-1.25, 24.375, -16.75], "rotation": [0, 0, -45], "uv": [32, 119]},
						{"origin": [-3, 23.375, -23.5], "size": [2.25, 1.5, 1.5], "inflate": -0.501, "pivot": [-1.25, 24.375, -13.5], "rotation": [0, 0, -45], "uv": [94, 135]},
						{"origin": [-3, 23.375, -22.25], "size": [2.25, 1.5, 1.5], "inflate": -0.501, "pivot": [-1.25, 24.375, -12], "rotation": [0, 0, -45], "uv": [105, 135]},
						{"origin": [-3, 23.375, -21], "size": [2.25, 1.5, 1.5], "inflate": -0.501, "pivot": [-1.25, 24.375, -10.5], "rotation": [0, 0, -45], "uv": [135, 125]}
					]
				},
				{
					"name": "barrel",
					"parent": "barrelAssembly",
					"pivot": [0, 0, -21.25],
					"cubes": [
						{"origin": [-1, 20.75, -52.5], "size": [2, 2, 37.25], "inflate": -0.1, "pivot": [0, 21.75, -37.75], "rotation": [0, 0, -20], "uv": [97, 0]},
						{"origin": [-1, 18.5, -40.25], "size": [2, 2, 6.5], "inflate": -0.3, "pivot": [0, 19.5, -37.75], "rotation": [0, 0, -20], "uv": [42, 42]},
						{"origin": [-1, 18.5, -38.275], "size": [2, 2, 2.275], "uv": [86, 139]},
						{"origin": [-1, 18.5, -40.275], "size": [2, 2, 1.025], "uv": [24, 99]},
						{"origin": [-1, 20.75, -58.5], "size": [2, 2, 6], "inflate": 0.1, "pivot": [0, 21.75, -50.625], "rotation": [0, 0, -20], "uv": [97, 0]},
						{"origin": [-1, 20, -16.5], "size": [2, 3.5, 1.5], "inflate": -0.5, "uv": [59, 100]},
						{"origin": [-1.25, 20, -16], "size": [2.5, 4, 1.25], "inflate": -0.5, "uv": [52, 32]},
						{"origin": [-0.3, 22.475, -16], "size": [2.075, 1.9, 1.25], "inflate": -0.501, "pivot": [0.025, 23.025, -15.625], "rotation": [0, 0, 45], "uv": [73, 108]},
						{"origin": [-1.775, 22.475, -16], "size": [2.075, 1.9, 1.25], "inflate": -0.501, "pivot": [-0.025, 23.025, -15.625], "rotation": [0, 0, -45], "uv": [102, 49]},
						{"origin": [0, 20, -16], "size": [2, 3.25, 1.25], "inflate": -0.5, "uv": [97, 19]},
						{"origin": [-2, 20, -16], "size": [2, 3.25, 1.25], "inflate": -0.5, "uv": [97, 8]},
						{"origin": [0, 20.75, -16.5], "size": [1.75, 2, 1.5], "inflate": -0.5, "uv": [114, 97]},
						{"origin": [-1.75, 20.75, -16.5], "size": [1.75, 2, 1.5], "inflate": -0.5, "uv": [111, 70]},
						{"origin": [-1.75, 20.725, -16.5], "size": [3.5, 2.05, 1.5], "inflate": -0.501, "pivot": [0, 21.75, -15.25], "rotation": [0, 0, 45], "uv": [61, 86]},
						{"origin": [-1.75, 20.725, -16.5], "size": [3.5, 2.05, 1.5], "inflate": -0.501, "pivot": [0, 21.75, -15.25], "rotation": [0, 0, -45], "uv": [86, 29]},
						{"origin": [-1.75, 20.75, -17.75], "size": [1.75, 2, 2.225], "inflate": -0.5, "uv": [73, 97]},
						{"origin": [-1.75, 20.725, -17.75], "size": [3.5, 2.05, 2.225], "inflate": -0.501, "pivot": [0, 21.75, -16.75], "rotation": [0, 0, 45], "uv": [84, 21]},
						{"origin": [-1, 20, -17.75], "size": [2, 3.5, 2.225], "inflate": -0.5, "uv": [0, 72]},
						{"origin": [-1.75, 20.725, -17.75], "size": [3.5, 2.05, 2.225], "inflate": -0.501, "pivot": [0, 21.75, -16.75], "rotation": [0, 0, -45], "uv": [60, 124]},
						{"origin": [0, 20.75, -17.75], "size": [1.75, 2, 2.225], "inflate": -0.5, "uv": [97, 97]},
						{"origin": [0, 20.75, -38.775], "size": [1.75, 2, 3.75], "inflate": -0.5, "uv": [52, 50]},
						{"origin": [-1.75, 20.725, -38.775], "size": [3.5, 2.05, 3.75], "inflate": -0.501, "pivot": [0, 21.75, -36], "rotation": [0, 0, -45], "uv": [131, 58]},
						{"origin": [-1, 20, -38.775], "size": [2, 3.5, 3.75], "inflate": -0.5, "uv": [98, 70]},
						{"origin": [-1.25, 22, -38.775], "size": [2.5, 1.75, 3.75], "inflate": -0.499, "uv": [112, 45]},
						{"origin": [-1.15, 22.5, -38.675], "size": [2.3, 2.6, 2.65], "inflate": -0.5, "uv": [138, 25]},
						{"origin": [-1.15, 24.1, -38.675], "size": [2.3, 1.5, 2.15], "inflate": -0.5, "uv": [39, 18]},
						{"origin": [-1.15, 24.1, -37.525], "size": [2.3, 1.7, 1.5], "inflate": -0.501, "pivot": [0, 24.6, -36.525], "rotation": [45, 0, 0], "uv": [89, 41]},
						{"origin": [-0.825, 24.6, -38.675], "size": [1.65, 1.875, 2.15], "inflate": -0.5, "uv": [89, 110]},
						{"origin": [-0.575, 25.35, -38.425], "size": [1.15, 1.725, 1.65], "inflate": -0.5, "uv": [107, 100]},
						{"origin": [-0.95, 24.475, -38.675], "size": [1.325, 1.7, 2.15], "inflate": -0.501, "pivot": [-0.2875, 25.4375, -37.6], "rotation": [0, 0, 27.5], "uv": [105, 19]},
						{"origin": [-0.375, 24.475, -38.675], "size": [1.325, 1.7, 2.15], "inflate": -0.501, "pivot": [0.2875, 25.4375, -37.6], "rotation": [0, 0, -27.5], "uv": [97, 104]},
						{"origin": [-0.825, 26.7, -38.675], "size": [1.65, 1.15, 2.15], "inflate": -0.5, "uv": [59, 109]},
						{"origin": [-1.25, 25.775, -38.675], "size": [1.15, 1.65, 2.15], "inflate": -0.5, "uv": [97, 107]},
						{"origin": [-0.825, 26.25, -38.675], "size": [1.15, 1.6, 2.15], "inflate": -0.501, "pivot": [-0.325, 27.35, -37.6], "rotation": [0, 0, 45], "uv": [107, 8]},
						{"origin": [-1.25, 25.175, -38.675], "size": [1.15, 1.6, 2.15], "inflate": -0.501, "pivot": [-0.75, 26.275, -37.6], "rotation": [0, 0, -45], "uv": [107, 3]},
						{"origin": [0.1, 25.175, -38.675], "size": [1.15, 1.6, 2.15], "inflate": -0.501, "pivot": [0.75, 26.275, -37.6], "rotation": [0, 0, 45], "uv": [105, 22]},
						{"origin": [-0.325, 26.25, -38.675], "size": [1.15, 1.6, 2.15], "inflate": -0.501, "pivot": [0.325, 27.35, -37.6], "rotation": [0, 0, -45], "uv": [107, 0]},
						{"origin": [0.1, 25.775, -38.675], "size": [1.15, 1.65, 2.15], "inflate": -0.5, "uv": [107, 11]},
						{"origin": [-1.25, 19, -38.775], "size": [2.5, 3, 3.075], "inflate": -0.502, "uv": [98, 57]},
						{"origin": [-1.75, 20.725, -38.775], "size": [3.5, 2.05, 3.75], "inflate": -0.501, "pivot": [0, 21.75, -36], "rotation": [0, 0, 45], "uv": [133, 63]},
						{"origin": [-1.75, 20.75, -38.775], "size": [1.75, 2, 3.75], "inflate": -0.5, "uv": [63, 50]}
					]
				},
				{
					"name": "carryHandle",
					"parent": "barrel",
					"pivot": [-3.75, 26.225, -20.15],
					"cubes": [
						{"origin": [-6.475, 21.225, -17.25], "size": [6.475, 2.05, 1.725], "inflate": -0.5, "pivot": [0, 21.75, -16.75], "rotation": [0, 0, 45], "uv": [52, 45]},
						{"origin": [-4.75, 25.225, -18.775], "size": [2, 2, 4], "inflate": -0.5, "uv": [123, 127]}
					]
				},
				{
					"name": "handle",
					"parent": "carryHandle",
					"pivot": [-3.75, 26.225, -20.15],
					"cubes": [
						{"origin": [-4.625, 25.35, -23.525], "size": [1.75, 1.75, 5.75], "inflate": -0.5, "uv": [12, 127]},
						{"origin": [-4.625, 21.85, -24.275], "size": [1.75, 4.5, 1.75], "inflate": -0.5, "uv": [18, 39]},
						{"origin": [-4.625, 21.1, -24.275], "size": [1.75, 1.75, 1.75], "inflate": -0.501, "pivot": [-3.75, 22.35, -23.775], "rotation": [60, 0, 0], "uv": [74, 91]},
						{"origin": [-4.875, 15.1, -24.525], "size": [2.25, 7, 2.25], "inflate": -0.5, "pivot": [-3.75, 22.35, -23.775], "rotation": [60, 0, 0], "uv": [37, 0]},
						{"origin": [-4.625, 25.025, -23.525], "size": [1.75, 2.075, 1.75], "inflate": -0.499, "pivot": [-3.75, 26.6, -23.025], "rotation": [-45, 0, 0], "uv": [57, 55]}
					]
				},
				{
					"name": "stock",
					"parent": "gun",
					"pivot": [0, 0, 0],
					"cubes": [
						{"origin": [-2.25, 16.775, 10.5], "size": [4.5, 5.475, 11.975], "inflate": -0.499, "pivot": [0, 20.75, 17.125], "rotation": [-12, 0, 0], "uv": [53, 145]},
						{"origin": [-2.25, 18.20431, 22.02975], "size": [4.5, 4.375, 3.325], "inflate": -0.501, "pivot": [0, 20.54181, 23.61725], "rotation": [-59.5, 0, 0], "uv": [73, 111]},
						{"origin": [-2.25, 12.025, 20.65], "size": [4.5, 7.225, 11.65], "inflate": -0.5, "pivot": [0, 20.75, 17.125], "rotation": [-4, 0, 0], "uv": [134, 139]},
						{"origin": [-2.25, 18.25, 20.65], "size": [4.5, 3.25, 5.4], "inflate": -0.5, "pivot": [0, 20.75, 17.125], "rotation": [-4, 0, 0], "uv": [76, 0]},
						{"origin": [-2.25, 11.83406, 19.85691], "size": [4.5, 3.425, 1.9], "inflate": -0.501, "pivot": [0, 13.88406, 20.73191], "rotation": [-24, 0, 0], "uv": [111, 75]},
						{"origin": [-2.25, 15.86167, 19.42302], "size": [4.5, 1.475, 2.525], "inflate": -0.501, "pivot": [0, 16.27417, 20.37302], "rotation": [-41.5, 0, 0], "uv": [21, 88]},
						{"origin": [-2.25, 15.025, 23.975], "size": [4.5, 7.225, 8.325], "inflate": -0.499, "pivot": [0, 20.75, 17.125], "rotation": [4, 0, 0], "uv": [24, 24]},
						{"origin": [-2.5, 10.775, 30.475], "size": [5, 12.725, 2.325], "inflate": -0.5, "uv": [76, 50]},
						{"origin": [-2, 17.025, 9.8], "size": [4, 2.625, 7.8], "inflate": -0.5, "uv": [52, 32]},
						{"origin": [-2, 20.29775, 10.51283], "size": [4, 2.75, 7.5], "inflate": -0.5, "pivot": [0, 21.34775, 14.31283], "rotation": [-32, 0, 0], "uv": [67, 34]}
					]
				},
				{
					"name": "magazine2",
					"parent": "main",
					"pivot": [6.625, 17.88999, -9.6741],
					"rotation": [0, 0, -60],
					"cubes": [
						{"origin": [5.625, 17.925, -12.25], "size": [2, 7, 5.5], "uv": [43, 95]},
						{"origin": [5.625, 8.925, -12.25], "size": [2, 9, 5.5], "inflate": 0.001, "pivot": [7.375, 17.925, -5.25], "rotation": [-12, 0, 0], "uv": [52, 72]}
					]
				},
				{
					"name": "bullet",
					"parent": "magazine2",
					"pivot": [-10.375, 24.675, -11.725],
					"cubes": [
						{"origin": [6.125, 24.175, -11.975], "size": [1, 1, 5], "pivot": [6.625, 24.675, -11.725], "rotation": [0, 0, 21], "uv": [83, 97]}
					]
				},
				{
					"name": "rightarm",
					"parent": "main",
					"pivot": [-4.3, 8.8, 21.8],
					"rotation": [-101.81106, -12.40003, -2.46982],
					"cubes": [
						{"origin": [-8.3, -15.2, 17.8], "size": [8, 24, 8], "uv": [0, 95]}
					]
				},
				{
					"name": "leftarm",
					"parent": "main",
					"pivot": [12.95, 6.55, -11.6],
					"rotation": [-134.82729, 5.23049, -41.83694],
					"cubes": [
						{"origin": [8.95, -17.45, -15.6], "size": [8, 24, 8], "uv": [52, 0]}
					]
				},
				{
					"name": "muzzleflash",
					"parent": "main",
					"pivot": [0, 21.35, -59.25],
					"cubes": [
						{"origin": [-0.5, 21.35, -59.55], "size": [1, 1, 1], "inflate": -0.4, "uv": [145, 95]}
					]
				},
				{
					"name": "scope",
					"parent": "main",
					"pivot": [0, 26.6, 11.45],
					"cubes": [
						{
							"origin": [-0.5, 26.1, 10.95],
							"size": [1, 1, 1],
							"inflate": -0.4,
							"uv": {
								"north": {"uv": [83, 108], "uv_size": [1, 1]},
								"east": {"uv": [73, 112], "uv_size": [1, 1]},
								"south": {"uv": [121, 73], "uv_size": [1, 1]},
								"west": {"uv": [85, 121], "uv_size": [1, 1]},
								"up": {"uv": [121, 85], "uv_size": [1, 1]},
								"down": {"uv": [86, 122], "uv_size": [1, -1]}
							}
						}
					]
				}
			]
		}
	]
}