{
	"format_version": "1.12.0",
	"minecraft:geometry": [
		{
			"description": {
				"identifier": "geometry.unknown",
				"texture_width": 256,
				"texture_height": 256,
				"visible_bounds_width": 3,
				"visible_bounds_height": 2.5,
				"visible_bounds_offset": [0, 0.75, 0]
			},
			"bones": [
				{
					"name": "main",
					"pivot": [0, 0, 0]
				},
				{
					"name": "body",
					"parent": "main",
					"pivot": [0, 0.25, 20],
					"cubes": [
						{"origin": [-2.5, 17.5, -6.5], "size": [5, 3.5, 12.5], "inflate": -0.5, "uv": [0, 179]}
					]
				},
				{
					"name": "rails",
					"parent": "body",
					"pivot": [0, 2, 20],
					"cubes": [
						{"origin": [-1.5, 17, -6], "size": [3, 1.25, 11.5], "inflate": -0.5, "pivot": [0, 17.625, -0.25], "rotation": [0, 0, -180], "uv": [130, 127]},
						{"origin": [0.875, 18.75, -6], "size": [3, 1.25, 11.5], "inflate": -0.5, "pivot": [2.375, 19.375, -0.25], "rotation": [0, 0, 90], "uv": [130, 127]},
						{"origin": [-3.875, 18.75, -6], "size": [3, 1.25, 11.5], "inflate": -0.5, "pivot": [-2.375, 19.375, -0.25], "rotation": [0, 0, -90], "uv": [130, 127], "mirror": true},
						{"origin": [-1.25, 17.25, -6], "size": [2.5, 1.25, 11.5], "inflate": -0.5, "pivot": [0, 17.875, -0.25], "rotation": [0, 0, -180], "uv": [131, 46]},
						{"origin": [0.875, 18.75, -6], "size": [2.5, 1.25, 11.5], "inflate": -0.5, "pivot": [2.125, 19.375, -0.25], "rotation": [0, 0, 90], "uv": [131, 46]},
						{"origin": [-3.375, 18.75, -6], "size": [2.5, 1.25, 11.5], "inflate": -0.5, "pivot": [-2.125, 19.375, -0.25], "rotation": [0, 0, -90], "uv": [131, 46], "mirror": true}
					]
				},
				{
					"name": "_ca_cgm249Rail",
					"parent": "main",
					"pivot": [0, 20, 20],
					"cubes": [
						{"origin": [-0.5, 17.25, 5.5], "size": [1, 1, 1], "uv": [240, 113]}
					]
				},
				{
					"name": "_cb_grip",
					"parent": "main",
					"pivot": [0, 0, 20],
					"cubes": [
						{"origin": [-0.5, 17, -1], "size": [1, 1, 1], "uv": [2, 1]}
					]
				},
				{
					"name": "_cb_launcher",
					"parent": "main",
					"pivot": [0, 0, 20],
					"cubes": [
						{"origin": [-0.5, 16.45, -4.4], "size": [1, 1, 1], "uv": [240, 113]}
					]
				}
			]
		}
	]
}