{
	"format_version": "1.12.0",
	"minecraft:geometry": [
		{
			"description": {
				"identifier": "geometry.unknown",
				"texture_width": 256,
				"texture_height": 256,
				"visible_bounds_width": 4,
				"visible_bounds_height": 2.5,
				"visible_bounds_offset": [0, 0.75, 0]
			},
			"bones": [
				{
					"name": "main",
					"pivot": [0, 0, 0]
				},
				{
					"name": "bipod",
					"parent": "main",
					"pivot": [0, 19.5, 0.75],
					"cubes": [
						{"origin": [-1, 18, -0.525], "size": [2, 3, 2.5], "inflate": -0.5, "uv": [11, 50]},
						{"origin": [0, 18.5, -0.525], "size": [1.5, 2, 2.5], "inflate": -0.5, "uv": [76, 72]},
						{"origin": [0, 16.75, -0.025], "size": [1.25, 2.75, 2], "inflate": -0.5, "uv": [21, 72]},
						{"origin": [0, 16.75, -0.525], "size": [1.25, 1.5, 1.5], "inflate": -0.5, "uv": [83, 107]},
						{"origin": [0, 17.75, -0.525], "size": [1.25, 1.75, 1.5], "inflate": -0.5, "uv": [90, 100]},
						{"origin": [-1.25, 16.75, -0.525], "size": [1.25, 1.5, 1.5], "inflate": -0.5, "uv": [83, 100]},
						{"origin": [-1.25, 16.75, -0.025], "size": [1.25, 2.75, 2], "inflate": -0.5, "uv": [67, 34]},
						{"origin": [-1.25, 17.75, -0.525], "size": [1.25, 1.75, 1.5], "inflate": -0.5, "uv": [43, 98]},
						{"origin": [0, 15.5, -0.025], "size": [1.25, 2.25, 2], "inflate": -0.5, "uv": [65, 62]},
						{"origin": [-1.25, 15.5, -0.025], "size": [1.25, 2.25, 2], "inflate": -0.5, "uv": [38, 65]},
						{"origin": [-1.35, 15.75, 0.225], "size": [2.7, 1.5, 1.5], "inflate": -0.5, "pivot": [0, 16.5, 0.975], "rotation": [-45, 0, 0], "uv": [21, 85]},
						{"origin": [0, 15.5, -0.025], "size": [1.25, 2.35, 1.5], "inflate": -0.501, "pivot": [0, 16, 0.475], "rotation": [21.25, 0, 0], "uv": [15, 76]},
						{"origin": [-1.25, 15.5, -0.025], "size": [1.25, 2.35, 1.5], "inflate": -0.501, "pivot": [0, 16, 0.475], "rotation": [21.25, 0, 0], "uv": [66, 72]},
						{"origin": [-1.55, 18.65, -0.525], "size": [3.1, 1.7, 2.5], "inflate": -0.501, "pivot": [0, 19.5, 0.75], "rotation": [0, 0, -45], "uv": [131, 51]},
						{"origin": [-1.5, 18.5, -0.525], "size": [1.5, 2, 2.5], "inflate": -0.5, "uv": [52, 62]},
						{"origin": [-1.55, 18.65, -0.525], "size": [3.1, 1.7, 2.5], "inflate": -0.501, "pivot": [0, 19.5, 0.75], "rotation": [0, 0, 45], "uv": [131, 45]}
					]
				},
				{
					"name": "bipodLegs",
					"parent": "bipod",
					"pivot": [0, 16.625, 0.975],
					"rotation": [-90, 0, 0],
					"cubes": [
						{"origin": [-1, 15.5, -0.025], "size": [2, 2, 2.25], "inflate": -0.5, "uv": [49, 139]},
						{"origin": [-1, 16.5, -0.275], "size": [2, 1.25, 3.75], "inflate": -0.5, "uv": [60, 120]},
						{"origin": [-1, 15.25, -0.275], "size": [2, 1.25, 3.75], "inflate": -0.5, "uv": [112, 49]},
						{"origin": [0, 15.25, 1.475], "size": [1.5, 1.25, 2], "inflate": -0.5, "uv": [115, 133]},
						{"origin": [0, 15.05, 1.725], "size": [1.5, 2.9, 1.5], "inflate": -0.6, "uv": [104, 82]},
						{"origin": [0, 16.5, 1.475], "size": [1.5, 1.25, 2], "inflate": -0.5, "uv": [128, 30]},
						{"origin": [-1.5, 16.5, 1.475], "size": [1.5, 1.25, 2], "inflate": -0.5, "uv": [116, 22]},
						{"origin": [-1.5, 15.25, 1.475], "size": [1.5, 1.25, 2], "inflate": -0.5, "uv": [34, 122]},
						{"origin": [-1.5, 15.05, 1.725], "size": [1.5, 2.9, 1.5], "inflate": -0.6, "uv": [104, 76]}
					]
				},
				{
					"name": "rightLeg",
					"parent": "bipodLegs",
					"pivot": [-0.75, 16.5, 2.475],
					"rotation": [0, -30, 0],
					"cubes": [
						{"origin": [-2.75, 15, 20.475], "size": [3.2, 3, 1.25], "inflate": -0.5, "uv": [138, 29]},
						{"origin": [-2.75, 15, 20.225], "size": [3.2, 1.25, 1.25], "inflate": -0.5, "uv": [126, 14]},
						{"origin": [-2.75, 16.75, 20.225], "size": [3.2, 1.25, 1.25], "inflate": -0.5, "uv": [16, 134]},
						{"origin": [-2.75, 15, 20.725], "size": [1.25, 3, 1.5], "inflate": -0.5, "uv": [24, 39]},
						{"origin": [-1.75, 15.5, 1.225], "size": [2, 2, 20.25], "inflate": -0.5, "uv": [0, 50]}
					]
				},
				{
					"name": "leftLeg",
					"parent": "bipodLegs",
					"pivot": [0.75, 16.5, 2.475],
					"rotation": [0, 30, 0],
					"cubes": [
						{"origin": [-0.45, 15, 20.475], "size": [3.2, 3, 1.25], "inflate": -0.5, "uv": [0, 139]},
						{"origin": [-0.45, 15, 20.225], "size": [3.2, 1.25, 1.25], "inflate": -0.5, "uv": [134, 91]},
						{"origin": [-0.45, 16.75, 20.225], "size": [3.2, 1.25, 1.25], "inflate": -0.5, "uv": [75, 134]},
						{"origin": [1.5, 15, 20.725], "size": [1.25, 3, 1.5], "inflate": -0.5, "uv": [43, 39]},
						{"origin": [-0.25, 15.5, 1.225], "size": [2, 2, 20.25], "inflate": -0.5, "uv": [52, 50]}
					]
				},
				{
					"name": "_ca_cgm249Rail",
					"parent": "main",
					"pivot": [0, 20, 35],
					"cubes": [
						{"origin": [-0.5, 17.25, 20.5], "size": [1, 1, 1], "uv": [240, 113]}
					]
				}
			]
		}
	]
}