{
	"format_version": "1.12.0",
	"minecraft:geometry": [
		{
			"description": {
				"identifier": "geometry.unknown",
				"texture_width": 16,
				"texture_height": 16,
				"visible_bounds_width": 3,
				"visible_bounds_height": 2.5,
				"visible_bounds_offset": [0, 0.75, 0]
			},
			"bones": [
				{
					"name": "main",
					"pivot": [-3.36182, 9.03958, -4.93292],
					"cubes": [
						{
							"origin": [-3.716, 1.59088, -0.99104],
							"size": [0.70835, 14.59735, 0.70835],
							"pivot": [-3.36182, 8.88956, -0.63686],
							"rotation": [91.4145, 1.41407, 135.01746],
							"uv": {
								"north": {"uv": [3.75, 6], "uv_size": [0.125, 2.125]},
								"east": {"uv": [3.875, 6], "uv_size": [0.125, 2.125]},
								"south": {"uv": [6, 4.75], "uv_size": [0.125, 2.125]},
								"west": {"uv": [6.125, 4.75], "uv_size": [0.125, 2.125]},
								"up": {"uv": [5.625, 11], "uv_size": [0.125, 0.125]},
								"down": {"uv": [11, 5.75], "uv_size": [0.125, -0.125]}
							}
						},
						{
							"origin": [-5.366, 8.99093, -11.23315],
							"size": [4.00835, 19.09735, 4.00835],
							"pivot": [-3.36182, 9.1896, -9.22897],
							"rotation": [91.4145, 1.41407, 135.01746],
							"uv": {
								"north": {"uv": [0.1, 0], "uv_size": [2.975, 16]},
								"east": {"uv": [3.075, 0], "uv_size": [2.975, 16]},
								"south": {"uv": [6.05, 0], "uv_size": [2.975, 16]},
								"west": {"uv": [9.025, 0], "uv_size": [2.975, 16]},
								"up": {"uv": [12, 0], "uv_size": [2.975, 3]},
								"down": {"uv": [12, 6], "uv_size": [2.975, -3]}
							}
						},
						{
							"origin": [-3.616, 7.89093, -9.48315],
							"size": [0.50835, 2.59735, 0.50835],
							"pivot": [-3.36182, 9.1896, -9.22897],
							"rotation": [91.4145, 1.41407, 135.01746],
							"uv": {
								"north": {"uv": [3.75, 6], "uv_size": [0.125, 2.125]},
								"east": {"uv": [3.875, 6], "uv_size": [0.125, 2.125]},
								"south": {"uv": [6, 4.75], "uv_size": [0.125, 2.125]},
								"west": {"uv": [6.125, 4.75], "uv_size": [0.125, 2.125]},
								"up": {"uv": [5.625, 11], "uv_size": [0.125, 0.125]},
								"down": {"uv": [11, 5.75], "uv_size": [0.125, -0.125]}
							}
						}
					]
				},
				{
					"name": "_ca_barrel",
					"parent": "main",
					"pivot": [-3.35765, 8.66588, 6.28396],
					"rotation": [-1.4141, 0, 0],
					"cubes": [
						{
							"origin": [-3.85765, 8.16588, 5.78396],
							"size": [1, 1, 1],
							"uv": {
								"north": {"uv": [3.75, 6], "uv_size": [0.125, 2.125]},
								"east": {"uv": [3.875, 6], "uv_size": [0.125, 2.125]},
								"south": {"uv": [6, 4.75], "uv_size": [0.125, 2.125]},
								"west": {"uv": [6.125, 4.75], "uv_size": [0.125, 2.125]},
								"up": {"uv": [5.625, 11], "uv_size": [0.125, 0.125]},
								"down": {"uv": [11, 5.75], "uv_size": [0.125, -0.125]}
							}
						}
					]
				}
			]
		}
	]
}