{
	"format_version": "1.12.0",
	"minecraft:geometry": [
		{
			"description": {
				"identifier": "geometry.unknown",
				"texture_width": 64,
				"texture_height": 64,
				"visible_bounds_width": 4,
				"visible_bounds_height": 2.5,
				"visible_bounds_offset": [0, 0.75, 0]
			},
			"bones": [
				{
					"name": "rail",
					"pivot": [3.5, 12, 16]
				},
				{
					"name": "_cb_scope",
					"parent": "rail",
					"pivot": [3.62118, 13.0997, 13.22305],
					"cubes": [
						{
							"origin": [3.12118, 12.3497, 12.72305],
							"size": [1, 1, 1],
							"uv": {
								"north": {"uv": [26, 0], "uv_size": [1, 1]},
								"east": {"uv": [1, 26], "uv_size": [1, 1]},
								"south": {"uv": [26, 1], "uv_size": [1, 1]},
								"west": {"uv": [2, 26], "uv_size": [1, 1]},
								"up": {"uv": [26, 2], "uv_size": [1, 1]},
								"down": {"uv": [3, 27], "uv_size": [1, -1]}
							}
						}
					]
				},
				{
					"name": "_cb_canted",
					"parent": "rail",
					"pivot": [3.62118, 13.09973, 7.97305],
					"cubes": [
						{
							"origin": [3.12118, 12.34973, 7.47305],
							"size": [1, 1, 1],
							"uv": {
								"north": {"uv": [26, 0], "uv_size": [1, 1]},
								"east": {"uv": [1, 26], "uv_size": [1, 1]},
								"south": {"uv": [26, 1], "uv_size": [1, 1]},
								"west": {"uv": [2, 26], "uv_size": [1, 1]},
								"up": {"uv": [26, 2], "uv_size": [1, 1]},
								"down": {"uv": [3, 27], "uv_size": [1, -1]}
							}
						}
					]
				},
				{
					"name": "_ca_raillaser",
					"parent": "rail",
					"pivot": [3.62118, 11.59973, 15.97305],
					"cubes": [
						{
							"origin": [3.12118, 11.09973, 15.47305],
							"size": [1, 1, 1],
							"uv": {
								"north": {"uv": [31, 117], "uv_size": [1, 1]},
								"east": {"uv": [102, 46], "uv_size": [1, 1]},
								"south": {"uv": [32, 117], "uv_size": [1, 1]},
								"west": {"uv": [102, 47], "uv_size": [1, 1]},
								"up": {"uv": [33, 117], "uv_size": [1, 1]},
								"down": {"uv": [102, 49], "uv_size": [1, -1]}
							}
						}
					]
				},
				{
					"name": "base",
					"parent": "rail",
					"pivot": [3.63137, 12.44685, 15.69699],
					"cubes": [
						{
							"origin": [4.80504, 11.99818, -1.39412],
							"size": [2.36319, 0.62065, 18.20082],
							"pivot": [4.80974, 1.13128, 10.20427],
							"rotation": [-180, 0, 180],
							"uv": {
								"north": {"uv": [11, 19], "uv_size": [3, 1]},
								"east": {"uv": [9, 8], "uv_size": [12, 1]},
								"south": {"uv": [14, 19], "uv_size": [3, 1]},
								"west": {"uv": [9, 9], "uv_size": [12, 1]},
								"up": {"uv": [0, 0], "uv_size": [3, 12]},
								"down": {"uv": [3, 12], "uv_size": [3, -12]}
							}
						},
						{
							"origin": [2.07224, 11.88437, 11.60182],
							"size": [0.40249, 0.40935, 8.20082],
							"pivot": [2.27348, 12.63905, 15.70224],
							"rotation": [-180, 0, -157.5],
							"uv": {
								"north": {"uv": [4, 22], "uv_size": [0.40249, 0.40935]},
								"east": {"uv": [9, 4], "uv_size": [8.20082, 0.40935]},
								"south": {"uv": [5, 22], "uv_size": [0.40249, 0.40935]},
								"west": {"uv": [9, 6], "uv_size": [8.20082, 0.40935]},
								"up": {"uv": [9, 19], "uv_size": [0.40249, 8.20082]},
								"down": {"uv": [10, 27.20082], "uv_size": [0.40249, -8.20082]}
							}
						},
						{
							"origin": [4.75713, 11.88437, 11.60182],
							"size": [0.40249, 0.40935, 8.20082],
							"pivot": [4.95837, 12.63905, 15.70224],
							"rotation": [-180, 0, 157.5],
							"uv": {
								"north": {"uv": [4.40249, 22], "uv_size": [-0.40249, 0.40935]},
								"east": {"uv": [17.20082, 6], "uv_size": [-8.20082, 0.40935]},
								"south": {"uv": [5.40249, 22], "uv_size": [-0.40249, 0.40935]},
								"west": {"uv": [17.20082, 4], "uv_size": [-8.20082, 0.40935]},
								"up": {"uv": [9.40249, 19], "uv_size": [-0.40249, 8.20082]},
								"down": {"uv": [10.40249, 27.20082], "uv_size": [-0.40249, -8.20082]}
							}
						},
						{
							"origin": [4.80504, 11.39818, 0.60588],
							"size": [2.36319, 0.62065, 8.20082],
							"pivot": [4.80974, 0.53128, 10.20427],
							"rotation": [-180, 0, 180],
							"uv": {
								"north": {"uv": [19, 19], "uv_size": [3, 1]},
								"east": {"uv": [19, 17], "uv_size": [8, 1]},
								"south": {"uv": [20, 0], "uv_size": [3, 1]},
								"west": {"uv": [19, 18], "uv_size": [8, 1]},
								"up": {"uv": [6, 0], "uv_size": [3, 8]},
								"down": {"uv": [6, 16], "uv_size": [3, -8]}
							}
						},
						{
							"origin": [1.98015, 11.90447, 7.60182],
							"size": [0.61319, 0.62065, 18.20082],
							"pivot": [2.28675, 12.2148, 14.70224],
							"rotation": [-180, 0, 157.5],
							"uv": {
								"north": {"uv": [26, 3], "uv_size": [1, 1]},
								"east": {"uv": [9, 10], "uv_size": [12, 1]},
								"south": {"uv": [4, 26], "uv_size": [1, 1]},
								"west": {"uv": [9, 11], "uv_size": [12, 1]},
								"up": {"uv": [0, 12], "uv_size": [1, 12]},
								"down": {"uv": [1, 24], "uv_size": [1, -12]}
							}
						},
						{
							"origin": [4.67235, 11.90447, 7.60182],
							"size": [0.61319, 0.62065, 18.20082],
							"pivot": [4.97894, 12.2148, 14.70224],
							"rotation": [-180, 0, -157.5],
							"uv": {
								"north": {"uv": [26, 4], "uv_size": [1, 1]},
								"east": {"uv": [9, 12], "uv_size": [12, 1]},
								"south": {"uv": [5, 26], "uv_size": [1, 1]},
								"west": {"uv": [9, 13], "uv_size": [12, 1]},
								"up": {"uv": [2, 12], "uv_size": [1, 12]},
								"down": {"uv": [3, 24], "uv_size": [1, -12]}
							}
						},
						{
							"origin": [5.25504, 12.59818, -1.64412],
							"size": [1.46319, 0.22065, 0.45082],
							"pivot": [4.80974, 1.73128, 9.95427],
							"rotation": [-180, 0, 180],
							"uv": {
								"north": {"uv": [20, 1], "uv_size": [3, 1]},
								"east": {"uv": [26, 5], "uv_size": [1, 1]},
								"south": {"uv": [20, 2], "uv_size": [3, 1]},
								"west": {"uv": [6, 26], "uv_size": [1, 1]},
								"up": {"uv": [20, 3], "uv_size": [3, 1]},
								"down": {"uv": [20, 5], "uv_size": [3, -1]}
							}
						},
						{
							"origin": [5.25504, 12.59818, -2.39412],
							"size": [1.46319, 0.22065, 0.45082],
							"pivot": [4.80974, 1.73128, 9.20427],
							"rotation": [-180, 0, 180],
							"uv": {
								"north": {"uv": [20, 5], "uv_size": [3, 1]},
								"east": {"uv": [26, 6], "uv_size": [1, 1]},
								"south": {"uv": [20, 6], "uv_size": [3, 1]},
								"west": {"uv": [7, 26], "uv_size": [1, 1]},
								"up": {"uv": [20, 7], "uv_size": [3, 1]},
								"down": {"uv": [11, 21], "uv_size": [3, -1]}
							}
						},
						{
							"origin": [5.25504, 12.59818, -3.89412],
							"size": [1.46319, 0.22065, 0.45082],
							"pivot": [4.80974, 1.73128, 7.70427],
							"rotation": [-180, 0, 180],
							"uv": {
								"north": {"uv": [14, 20], "uv_size": [3, 1]},
								"east": {"uv": [26, 7], "uv_size": [1, 1]},
								"south": {"uv": [19, 20], "uv_size": [3, 1]},
								"west": {"uv": [8, 26], "uv_size": [1, 1]},
								"up": {"uv": [21, 8], "uv_size": [3, 1]},
								"down": {"uv": [21, 10], "uv_size": [3, -1]}
							}
						},
						{
							"origin": [5.25504, 12.59818, -3.14412],
							"size": [1.46319, 0.22065, 0.45082],
							"pivot": [4.80974, 1.73128, 8.45427],
							"rotation": [-180, 0, 180],
							"uv": {
								"north": {"uv": [21, 10], "uv_size": [3, 1]},
								"east": {"uv": [11, 26], "uv_size": [1, 1]},
								"south": {"uv": [11, 21], "uv_size": [3, 1]},
								"west": {"uv": [12, 26], "uv_size": [1, 1]},
								"up": {"uv": [21, 11], "uv_size": [3, 1]},
								"down": {"uv": [21, 13], "uv_size": [3, -1]}
							}
						},
						{
							"origin": [5.25504, 12.59818, -5.39412],
							"size": [1.46319, 0.22065, 0.45082],
							"pivot": [4.80974, 1.73128, 6.20427],
							"rotation": [-180, 0, 180],
							"uv": {
								"north": {"uv": [21, 13], "uv_size": [3, 1]},
								"east": {"uv": [13, 26], "uv_size": [1, 1]},
								"south": {"uv": [14, 21], "uv_size": [3, 1]},
								"west": {"uv": [14, 26], "uv_size": [1, 1]},
								"up": {"uv": [19, 21], "uv_size": [3, 1]},
								"down": {"uv": [11, 23], "uv_size": [3, -1]}
							}
						},
						{
							"origin": [5.25504, 12.59818, -4.64412],
							"size": [1.46319, 0.22065, 0.45082],
							"pivot": [4.80974, 1.73128, 6.95427],
							"rotation": [-180, 0, 180],
							"uv": {
								"north": {"uv": [14, 22], "uv_size": [3, 1]},
								"east": {"uv": [15, 26], "uv_size": [1, 1]},
								"south": {"uv": [19, 22], "uv_size": [3, 1]},
								"west": {"uv": [16, 26], "uv_size": [1, 1]},
								"up": {"uv": [22, 19], "uv_size": [3, 1]},
								"down": {"uv": [22, 21], "uv_size": [3, -1]}
							}
						},
						{
							"origin": [5.25504, 12.59818, -6.14412],
							"size": [1.46319, 0.22065, 0.45082],
							"pivot": [4.80974, 1.73128, 5.45427],
							"rotation": [-180, 0, 180],
							"uv": {
								"north": {"uv": [22, 21], "uv_size": [3, 1]},
								"east": {"uv": [17, 26], "uv_size": [1, 1]},
								"south": {"uv": [22, 22], "uv_size": [3, 1]},
								"west": {"uv": [18, 26], "uv_size": [1, 1]},
								"up": {"uv": [23, 0], "uv_size": [3, 1]},
								"down": {"uv": [23, 2], "uv_size": [3, -1]}
							}
						},
						{
							"origin": [5.25504, 12.59818, -6.89412],
							"size": [1.46319, 0.22065, 0.45082],
							"pivot": [4.80974, 1.73128, 4.70427],
							"rotation": [-180, 0, 180],
							"uv": {
								"north": {"uv": [23, 2], "uv_size": [3, 1]},
								"east": {"uv": [19, 26], "uv_size": [1, 1]},
								"south": {"uv": [23, 3], "uv_size": [3, 1]},
								"west": {"uv": [20, 26], "uv_size": [1, 1]},
								"up": {"uv": [23, 4], "uv_size": [3, 1]},
								"down": {"uv": [23, 6], "uv_size": [3, -1]}
							}
						},
						{
							"origin": [5.25504, 12.59818, -7.64412],
							"size": [1.46319, 0.22065, 0.45082],
							"pivot": [4.80974, 1.73128, 3.95427],
							"rotation": [-180, 0, 180],
							"uv": {
								"north": {"uv": [23, 6], "uv_size": [3, 1]},
								"east": {"uv": [21, 26], "uv_size": [1, 1]},
								"south": {"uv": [23, 7], "uv_size": [3, 1]},
								"west": {"uv": [22, 26], "uv_size": [1, 1]},
								"up": {"uv": [11, 23], "uv_size": [3, 1]},
								"down": {"uv": [14, 24], "uv_size": [3, -1]}
							}
						},
						{
							"origin": [5.25504, 12.59818, -8.39412],
							"size": [1.46319, 0.22065, 0.45082],
							"pivot": [4.80974, 1.73128, 3.20427],
							"rotation": [-180, 0, 180],
							"uv": {
								"north": {"uv": [19, 23], "uv_size": [3, 1]},
								"east": {"uv": [23, 26], "uv_size": [1, 1]},
								"south": {"uv": [22, 23], "uv_size": [3, 1]},
								"west": {"uv": [26, 23], "uv_size": [1, 1]},
								"up": {"uv": [0, 24], "uv_size": [3, 1]},
								"down": {"uv": [3, 25], "uv_size": [3, -1]}
							}
						},
						{
							"origin": [5.25504, 12.59818, -9.89412],
							"size": [1.46319, 0.22065, 0.45082],
							"pivot": [4.80974, 1.73128, 1.70427],
							"rotation": [-180, 0, 180],
							"uv": {
								"north": {"uv": [24, 8], "uv_size": [3, 1]},
								"east": {"uv": [24, 26], "uv_size": [1, 1]},
								"south": {"uv": [24, 9], "uv_size": [3, 1]},
								"west": {"uv": [26, 24], "uv_size": [1, 1]},
								"up": {"uv": [24, 10], "uv_size": [3, 1]},
								"down": {"uv": [11, 25], "uv_size": [3, -1]}
							}
						},
						{
							"origin": [5.25504, 12.59818, -9.14412],
							"size": [1.46319, 0.22065, 0.45082],
							"pivot": [4.80974, 1.73128, 2.45427],
							"rotation": [-180, 0, 180],
							"uv": {
								"north": {"uv": [24, 11], "uv_size": [3, 1]},
								"east": {"uv": [25, 26], "uv_size": [1, 1]},
								"south": {"uv": [24, 12], "uv_size": [3, 1]},
								"west": {"uv": [26, 25], "uv_size": [1, 1]},
								"up": {"uv": [24, 13], "uv_size": [3, 1]},
								"down": {"uv": [14, 25], "uv_size": [3, -1]}
							}
						},
						{
							"origin": [5.25504, 12.59818, -10.64412],
							"size": [1.46319, 0.22065, 0.45082],
							"pivot": [4.80974, 1.73128, 0.95427],
							"rotation": [-180, 0, 180],
							"uv": {
								"north": {"uv": [24, 16], "uv_size": [3, 1]},
								"east": {"uv": [26, 26], "uv_size": [1, 1]},
								"south": {"uv": [19, 24], "uv_size": [3, 1]},
								"west": {"uv": [0, 27], "uv_size": [1, 1]},
								"up": {"uv": [22, 24], "uv_size": [3, 1]},
								"down": {"uv": [0, 26], "uv_size": [3, -1]}
							}
						},
						{
							"origin": [5.25504, 12.59818, -11.39412],
							"size": [1.46319, 0.22065, 0.45082],
							"pivot": [4.80974, 1.73128, 0.20427],
							"rotation": [-180, 0, 180],
							"uv": {
								"north": {"uv": [3, 25], "uv_size": [3, 1]},
								"east": {"uv": [27, 0], "uv_size": [1, 1]},
								"south": {"uv": [6, 25], "uv_size": [3, 1]},
								"west": {"uv": [1, 27], "uv_size": [1, 1]},
								"up": {"uv": [11, 25], "uv_size": [3, 1]},
								"down": {"uv": [14, 26], "uv_size": [3, -1]}
							}
						},
						{
							"origin": [5.25504, 12.59818, -12.14412],
							"size": [1.46319, 0.22065, 0.45082],
							"pivot": [4.80974, 1.73128, -0.54573],
							"rotation": [-180, 0, 180],
							"uv": {
								"north": {"uv": [25, 14], "uv_size": [3, 1]},
								"east": {"uv": [27, 1], "uv_size": [1, 1]},
								"south": {"uv": [25, 15], "uv_size": [3, 1]},
								"west": {"uv": [2, 27], "uv_size": [1, 1]},
								"up": {"uv": [17, 25], "uv_size": [3, 1]},
								"down": {"uv": [25, 20], "uv_size": [3, -1]}
							}
						},
						{
							"origin": [5.25504, 12.59818, -12.89412],
							"size": [1.46319, 0.22065, 0.45082],
							"pivot": [4.80974, 1.73128, -1.29573],
							"rotation": [-180, 0, 180],
							"uv": {
								"north": {"uv": [20, 25], "uv_size": [3, 1]},
								"east": {"uv": [27, 2], "uv_size": [1, 1]},
								"south": {"uv": [25, 20], "uv_size": [3, 1]},
								"west": {"uv": [3, 27], "uv_size": [1, 1]},
								"up": {"uv": [25, 21], "uv_size": [3, 1]},
								"down": {"uv": [25, 23], "uv_size": [3, -1]}
							}
						},
						{
							"origin": [0.18925, 12.05873, 9.85182],
							"size": [0.33819, 0.22065, 0.45082],
							"pivot": [1.62084, 12.16906, 15.70224],
							"rotation": [-180, 0, 157.5],
							"uv": {
								"north": {"uv": [27, 3], "uv_size": [1, 1]},
								"east": {"uv": [4, 27], "uv_size": [1, 1]},
								"south": {"uv": [27, 4], "uv_size": [1, 1]},
								"west": {"uv": [5, 27], "uv_size": [1, 1]},
								"up": {"uv": [27, 5], "uv_size": [1, 1]},
								"down": {"uv": [6, 28], "uv_size": [1, -1]}
							}
						},
						{
							"origin": [0.18925, 12.05873, 10.60182],
							"size": [0.33819, 0.22065, 0.45082],
							"pivot": [1.62084, 12.16906, 15.70224],
							"rotation": [-180, 0, 157.5],
							"uv": {
								"north": {"uv": [27, 6], "uv_size": [1, 1]},
								"east": {"uv": [7, 27], "uv_size": [1, 1]},
								"south": {"uv": [27, 7], "uv_size": [1, 1]},
								"west": {"uv": [8, 27], "uv_size": [1, 1]},
								"up": {"uv": [27, 8], "uv_size": [1, 1]},
								"down": {"uv": [9, 28], "uv_size": [1, -1]}
							}
						},
						{
							"origin": [0.18925, 12.05873, 11.35182],
							"size": [0.33819, 0.22065, 0.45082],
							"pivot": [1.62084, 12.16906, 15.70224],
							"rotation": [-180, 0, 157.5],
							"uv": {
								"north": {"uv": [27, 9], "uv_size": [1, 1]},
								"east": {"uv": [10, 27], "uv_size": [1, 1]},
								"south": {"uv": [27, 10], "uv_size": [1, 1]},
								"west": {"uv": [11, 27], "uv_size": [1, 1]},
								"up": {"uv": [27, 11], "uv_size": [1, 1]},
								"down": {"uv": [12, 28], "uv_size": [1, -1]}
							}
						},
						{
							"origin": [0.18925, 12.05873, 12.10182],
							"size": [0.33819, 0.22065, 0.45082],
							"pivot": [1.62084, 12.16906, 15.70224],
							"rotation": [-180, 0, 157.5],
							"uv": {
								"north": {"uv": [27, 12], "uv_size": [1, 1]},
								"east": {"uv": [13, 27], "uv_size": [1, 1]},
								"south": {"uv": [27, 13], "uv_size": [1, 1]},
								"west": {"uv": [14, 27], "uv_size": [1, 1]},
								"up": {"uv": [15, 27], "uv_size": [1, 1]},
								"down": {"uv": [16, 28], "uv_size": [1, -1]}
							}
						},
						{
							"origin": [0.18925, 12.05873, 12.85182],
							"size": [0.33819, 0.22065, 0.45082],
							"pivot": [1.62084, 12.16906, 15.70224],
							"rotation": [-180, 0, 157.5],
							"uv": {
								"north": {"uv": [27, 16], "uv_size": [1, 1]},
								"east": {"uv": [17, 27], "uv_size": [1, 1]},
								"south": {"uv": [27, 17], "uv_size": [1, 1]},
								"west": {"uv": [18, 27], "uv_size": [1, 1]},
								"up": {"uv": [27, 18], "uv_size": [1, 1]},
								"down": {"uv": [19, 28], "uv_size": [1, -1]}
							}
						},
						{
							"origin": [0.18925, 12.05873, 13.60182],
							"size": [0.33819, 0.22065, 0.45082],
							"pivot": [1.62084, 12.16906, 15.70224],
							"rotation": [-180, 0, 157.5],
							"uv": {
								"north": {"uv": [20, 27], "uv_size": [1, 1]},
								"east": {"uv": [21, 27], "uv_size": [1, 1]},
								"south": {"uv": [22, 27], "uv_size": [1, 1]},
								"west": {"uv": [23, 27], "uv_size": [1, 1]},
								"up": {"uv": [27, 23], "uv_size": [1, 1]},
								"down": {"uv": [24, 28], "uv_size": [1, -1]}
							}
						},
						{
							"origin": [0.18925, 12.05873, 14.35182],
							"size": [0.33819, 0.22065, 0.45082],
							"pivot": [1.62084, 12.16906, 15.70224],
							"rotation": [-180, 0, 157.5],
							"uv": {
								"north": {"uv": [27, 24], "uv_size": [1, 1]},
								"east": {"uv": [25, 27], "uv_size": [1, 1]},
								"south": {"uv": [27, 25], "uv_size": [1, 1]},
								"west": {"uv": [26, 27], "uv_size": [1, 1]},
								"up": {"uv": [27, 26], "uv_size": [1, 1]},
								"down": {"uv": [27, 28], "uv_size": [1, -1]}
							}
						},
						{
							"origin": [0.18925, 12.05873, 15.10182],
							"size": [0.33819, 0.22065, 0.45082],
							"pivot": [1.62084, 12.16906, 15.70224],
							"rotation": [-180, 0, 157.5],
							"uv": {
								"north": {"uv": [0, 28], "uv_size": [1, 1]},
								"east": {"uv": [28, 0], "uv_size": [1, 1]},
								"south": {"uv": [1, 28], "uv_size": [1, 1]},
								"west": {"uv": [28, 1], "uv_size": [1, 1]},
								"up": {"uv": [2, 28], "uv_size": [1, 1]},
								"down": {"uv": [28, 3], "uv_size": [1, -1]}
							}
						},
						{
							"origin": [0.18925, 12.05873, 15.85182],
							"size": [0.33819, 0.22065, 0.45082],
							"pivot": [1.62084, 12.16906, 15.70224],
							"rotation": [-180, 0, 157.5],
							"uv": {
								"north": {"uv": [3, 28], "uv_size": [1, 1]},
								"east": {"uv": [28, 3], "uv_size": [1, 1]},
								"south": {"uv": [4, 28], "uv_size": [1, 1]},
								"west": {"uv": [28, 4], "uv_size": [1, 1]},
								"up": {"uv": [5, 28], "uv_size": [1, 1]},
								"down": {"uv": [28, 6], "uv_size": [1, -1]}
							}
						},
						{
							"origin": [0.18925, 12.05873, 16.60182],
							"size": [0.33819, 0.22065, 0.45082],
							"pivot": [1.62084, 12.16906, 15.70224],
							"rotation": [-180, 0, 157.5],
							"uv": {
								"north": {"uv": [6, 28], "uv_size": [1, 1]},
								"east": {"uv": [28, 6], "uv_size": [1, 1]},
								"south": {"uv": [7, 28], "uv_size": [1, 1]},
								"west": {"uv": [28, 7], "uv_size": [1, 1]},
								"up": {"uv": [8, 28], "uv_size": [1, 1]},
								"down": {"uv": [28, 9], "uv_size": [1, -1]}
							}
						},
						{
							"origin": [0.18925, 12.05873, 21.10182],
							"size": [0.33819, 0.22065, 0.45082],
							"pivot": [1.62084, 12.16906, 15.70224],
							"rotation": [-180, 0, 157.5],
							"uv": {
								"north": {"uv": [9, 28], "uv_size": [1, 1]},
								"east": {"uv": [28, 9], "uv_size": [1, 1]},
								"south": {"uv": [10, 28], "uv_size": [1, 1]},
								"west": {"uv": [28, 10], "uv_size": [1, 1]},
								"up": {"uv": [11, 28], "uv_size": [1, 1]},
								"down": {"uv": [28, 12], "uv_size": [1, -1]}
							}
						},
						{
							"origin": [0.18925, 12.05873, 20.35182],
							"size": [0.33819, 0.22065, 0.45082],
							"pivot": [1.62084, 12.16906, 15.70224],
							"rotation": [-180, 0, 157.5],
							"uv": {
								"north": {"uv": [12, 28], "uv_size": [1, 1]},
								"east": {"uv": [28, 12], "uv_size": [1, 1]},
								"south": {"uv": [13, 28], "uv_size": [1, 1]},
								"west": {"uv": [28, 13], "uv_size": [1, 1]},
								"up": {"uv": [14, 28], "uv_size": [1, 1]},
								"down": {"uv": [28, 15], "uv_size": [1, -1]}
							}
						},
						{
							"origin": [0.18925, 12.05873, 19.60182],
							"size": [0.33819, 0.22065, 0.45082],
							"pivot": [1.62084, 12.16906, 15.70224],
							"rotation": [-180, 0, 157.5],
							"uv": {
								"north": {"uv": [15, 28], "uv_size": [1, 1]},
								"east": {"uv": [28, 15], "uv_size": [1, 1]},
								"south": {"uv": [16, 28], "uv_size": [1, 1]},
								"west": {"uv": [28, 16], "uv_size": [1, 1]},
								"up": {"uv": [17, 28], "uv_size": [1, 1]},
								"down": {"uv": [28, 18], "uv_size": [1, -1]}
							}
						},
						{
							"origin": [0.18925, 12.05873, 18.85182],
							"size": [0.33819, 0.22065, 0.45082],
							"pivot": [1.62084, 12.16906, 15.70224],
							"rotation": [-180, 0, 157.5],
							"uv": {
								"north": {"uv": [18, 28], "uv_size": [1, 1]},
								"east": {"uv": [28, 18], "uv_size": [1, 1]},
								"south": {"uv": [19, 28], "uv_size": [1, 1]},
								"west": {"uv": [28, 19], "uv_size": [1, 1]},
								"up": {"uv": [20, 28], "uv_size": [1, 1]},
								"down": {"uv": [28, 21], "uv_size": [1, -1]}
							}
						},
						{
							"origin": [0.18925, 12.05873, 17.35182],
							"size": [0.33819, 0.22065, 0.45082],
							"pivot": [1.62084, 12.16906, 15.70224],
							"rotation": [-180, 0, 157.5],
							"uv": {
								"north": {"uv": [21, 28], "uv_size": [1, 1]},
								"east": {"uv": [28, 21], "uv_size": [1, 1]},
								"south": {"uv": [22, 28], "uv_size": [1, 1]},
								"west": {"uv": [28, 22], "uv_size": [1, 1]},
								"up": {"uv": [23, 28], "uv_size": [1, 1]},
								"down": {"uv": [28, 24], "uv_size": [1, -1]}
							}
						},
						{
							"origin": [0.18925, 12.05873, 18.10182],
							"size": [0.33819, 0.22065, 0.45082],
							"pivot": [1.62084, 12.16906, 15.70224],
							"rotation": [-180, 0, 157.5],
							"uv": {
								"north": {"uv": [24, 28], "uv_size": [1, 1]},
								"east": {"uv": [28, 24], "uv_size": [1, 1]},
								"south": {"uv": [25, 28], "uv_size": [1, 1]},
								"west": {"uv": [28, 25], "uv_size": [1, 1]},
								"up": {"uv": [26, 28], "uv_size": [1, 1]},
								"down": {"uv": [28, 27], "uv_size": [1, -1]}
							}
						},
						{
							"origin": [6.73825, 12.05873, 18.10182],
							"size": [0.33819, 0.22065, 0.45082],
							"pivot": [5.64484, 12.16906, 15.70224],
							"rotation": [-180, 0, -157.5],
							"uv": {
								"north": {"uv": [27, 28], "uv_size": [1, 1]},
								"east": {"uv": [28, 27], "uv_size": [1, 1]},
								"south": {"uv": [28, 28], "uv_size": [1, 1]},
								"west": {"uv": [0, 29], "uv_size": [1, 1]},
								"up": {"uv": [29, 0], "uv_size": [1, 1]},
								"down": {"uv": [1, 30], "uv_size": [1, -1]}
							}
						},
						{
							"origin": [6.73825, 12.05873, 17.35182],
							"size": [0.33819, 0.22065, 0.45082],
							"pivot": [5.64484, 12.16906, 15.70224],
							"rotation": [-180, 0, -157.5],
							"uv": {
								"north": {"uv": [29, 1], "uv_size": [1, 1]},
								"east": {"uv": [2, 29], "uv_size": [1, 1]},
								"south": {"uv": [29, 2], "uv_size": [1, 1]},
								"west": {"uv": [3, 29], "uv_size": [1, 1]},
								"up": {"uv": [29, 3], "uv_size": [1, 1]},
								"down": {"uv": [4, 30], "uv_size": [1, -1]}
							}
						},
						{
							"origin": [6.73825, 12.05873, 18.85182],
							"size": [0.33819, 0.22065, 0.45082],
							"pivot": [5.64484, 12.16906, 15.70224],
							"rotation": [-180, 0, -157.5],
							"uv": {
								"north": {"uv": [29, 4], "uv_size": [1, 1]},
								"east": {"uv": [5, 29], "uv_size": [1, 1]},
								"south": {"uv": [29, 5], "uv_size": [1, 1]},
								"west": {"uv": [6, 29], "uv_size": [1, 1]},
								"up": {"uv": [29, 6], "uv_size": [1, 1]},
								"down": {"uv": [7, 30], "uv_size": [1, -1]}
							}
						},
						{
							"origin": [6.73825, 12.05873, 19.60182],
							"size": [0.33819, 0.22065, 0.45082],
							"pivot": [5.64484, 12.16906, 15.70224],
							"rotation": [-180, 0, -157.5],
							"uv": {
								"north": {"uv": [29, 7], "uv_size": [1, 1]},
								"east": {"uv": [8, 29], "uv_size": [1, 1]},
								"south": {"uv": [29, 8], "uv_size": [1, 1]},
								"west": {"uv": [9, 29], "uv_size": [1, 1]},
								"up": {"uv": [29, 9], "uv_size": [1, 1]},
								"down": {"uv": [10, 30], "uv_size": [1, -1]}
							}
						},
						{
							"origin": [6.73825, 12.05873, 20.35182],
							"size": [0.33819, 0.22065, 0.45082],
							"pivot": [5.64484, 12.16906, 15.70224],
							"rotation": [-180, 0, -157.5],
							"uv": {
								"north": {"uv": [29, 10], "uv_size": [1, 1]},
								"east": {"uv": [11, 29], "uv_size": [1, 1]},
								"south": {"uv": [29, 11], "uv_size": [1, 1]},
								"west": {"uv": [12, 29], "uv_size": [1, 1]},
								"up": {"uv": [29, 12], "uv_size": [1, 1]},
								"down": {"uv": [13, 30], "uv_size": [1, -1]}
							}
						},
						{
							"origin": [6.73825, 12.05873, 21.10182],
							"size": [0.33819, 0.22065, 0.45082],
							"pivot": [5.64484, 12.16906, 15.70224],
							"rotation": [-180, 0, -157.5],
							"uv": {
								"north": {"uv": [29, 13], "uv_size": [1, 1]},
								"east": {"uv": [14, 29], "uv_size": [1, 1]},
								"south": {"uv": [29, 14], "uv_size": [1, 1]},
								"west": {"uv": [15, 29], "uv_size": [1, 1]},
								"up": {"uv": [29, 15], "uv_size": [1, 1]},
								"down": {"uv": [16, 30], "uv_size": [1, -1]}
							}
						},
						{
							"origin": [6.73825, 12.05873, 16.60182],
							"size": [0.33819, 0.22065, 0.45082],
							"pivot": [5.64484, 12.16906, 15.70224],
							"rotation": [-180, 0, -157.5],
							"uv": {
								"north": {"uv": [29, 16], "uv_size": [1, 1]},
								"east": {"uv": [17, 29], "uv_size": [1, 1]},
								"south": {"uv": [29, 17], "uv_size": [1, 1]},
								"west": {"uv": [18, 29], "uv_size": [1, 1]},
								"up": {"uv": [29, 18], "uv_size": [1, 1]},
								"down": {"uv": [19, 30], "uv_size": [1, -1]}
							}
						},
						{
							"origin": [6.73825, 12.05873, 15.85182],
							"size": [0.33819, 0.22065, 0.45082],
							"pivot": [5.64484, 12.16906, 15.70224],
							"rotation": [-180, 0, -157.5],
							"uv": {
								"north": {"uv": [29, 19], "uv_size": [1, 1]},
								"east": {"uv": [20, 29], "uv_size": [1, 1]},
								"south": {"uv": [29, 20], "uv_size": [1, 1]},
								"west": {"uv": [21, 29], "uv_size": [1, 1]},
								"up": {"uv": [29, 21], "uv_size": [1, 1]},
								"down": {"uv": [22, 30], "uv_size": [1, -1]}
							}
						},
						{
							"origin": [6.73825, 12.05873, 15.10182],
							"size": [0.33819, 0.22065, 0.45082],
							"pivot": [5.64484, 12.16906, 15.70224],
							"rotation": [-180, 0, -157.5],
							"uv": {
								"north": {"uv": [29, 22], "uv_size": [1, 1]},
								"east": {"uv": [23, 29], "uv_size": [1, 1]},
								"south": {"uv": [29, 23], "uv_size": [1, 1]},
								"west": {"uv": [24, 29], "uv_size": [1, 1]},
								"up": {"uv": [29, 24], "uv_size": [1, 1]},
								"down": {"uv": [25, 30], "uv_size": [1, -1]}
							}
						},
						{
							"origin": [6.73825, 12.05873, 14.35182],
							"size": [0.33819, 0.22065, 0.45082],
							"pivot": [5.64484, 12.16906, 15.70224],
							"rotation": [-180, 0, -157.5],
							"uv": {
								"north": {"uv": [29, 25], "uv_size": [1, 1]},
								"east": {"uv": [26, 29], "uv_size": [1, 1]},
								"south": {"uv": [29, 26], "uv_size": [1, 1]},
								"west": {"uv": [27, 29], "uv_size": [1, 1]},
								"up": {"uv": [29, 27], "uv_size": [1, 1]},
								"down": {"uv": [28, 30], "uv_size": [1, -1]}
							}
						},
						{
							"origin": [6.73825, 12.05873, 13.60182],
							"size": [0.33819, 0.22065, 0.45082],
							"pivot": [5.64484, 12.16906, 15.70224],
							"rotation": [-180, 0, -157.5],
							"uv": {
								"north": {"uv": [29, 28], "uv_size": [1, 1]},
								"east": {"uv": [29, 29], "uv_size": [1, 1]},
								"south": {"uv": [0, 30], "uv_size": [1, 1]},
								"west": {"uv": [30, 0], "uv_size": [1, 1]},
								"up": {"uv": [1, 30], "uv_size": [1, 1]},
								"down": {"uv": [30, 2], "uv_size": [1, -1]}
							}
						},
						{
							"origin": [6.73825, 12.05873, 12.85182],
							"size": [0.33819, 0.22065, 0.45082],
							"pivot": [5.64484, 12.16906, 15.70224],
							"rotation": [-180, 0, -157.5],
							"uv": {
								"north": {"uv": [2, 30], "uv_size": [1, 1]},
								"east": {"uv": [30, 2], "uv_size": [1, 1]},
								"south": {"uv": [3, 30], "uv_size": [1, 1]},
								"west": {"uv": [30, 3], "uv_size": [1, 1]},
								"up": {"uv": [4, 30], "uv_size": [1, 1]},
								"down": {"uv": [30, 5], "uv_size": [1, -1]}
							}
						},
						{
							"origin": [6.73825, 12.05873, 12.10182],
							"size": [0.33819, 0.22065, 0.45082],
							"pivot": [5.64484, 12.16906, 15.70224],
							"rotation": [-180, 0, -157.5],
							"uv": {
								"north": {"uv": [5, 30], "uv_size": [1, 1]},
								"east": {"uv": [30, 5], "uv_size": [1, 1]},
								"south": {"uv": [6, 30], "uv_size": [1, 1]},
								"west": {"uv": [30, 6], "uv_size": [1, 1]},
								"up": {"uv": [7, 30], "uv_size": [1, 1]},
								"down": {"uv": [30, 8], "uv_size": [1, -1]}
							}
						},
						{
							"origin": [6.73825, 12.05873, 11.35182],
							"size": [0.33819, 0.22065, 0.45082],
							"pivot": [5.64484, 12.16906, 15.70224],
							"rotation": [-180, 0, -157.5],
							"uv": {
								"north": {"uv": [8, 30], "uv_size": [1, 1]},
								"east": {"uv": [30, 8], "uv_size": [1, 1]},
								"south": {"uv": [9, 30], "uv_size": [1, 1]},
								"west": {"uv": [30, 9], "uv_size": [1, 1]},
								"up": {"uv": [10, 30], "uv_size": [1, 1]},
								"down": {"uv": [30, 11], "uv_size": [1, -1]}
							}
						},
						{
							"origin": [6.73825, 12.05873, 10.60182],
							"size": [0.33819, 0.22065, 0.45082],
							"pivot": [5.64484, 12.16906, 15.70224],
							"rotation": [-180, 0, -157.5],
							"uv": {
								"north": {"uv": [11, 30], "uv_size": [1, 1]},
								"east": {"uv": [30, 11], "uv_size": [1, 1]},
								"south": {"uv": [12, 30], "uv_size": [1, 1]},
								"west": {"uv": [30, 12], "uv_size": [1, 1]},
								"up": {"uv": [13, 30], "uv_size": [1, 1]},
								"down": {"uv": [30, 14], "uv_size": [1, -1]}
							}
						},
						{
							"origin": [6.73825, 12.05873, 9.85182],
							"size": [0.33819, 0.22065, 0.45082],
							"pivot": [5.64484, 12.16906, 15.70224],
							"rotation": [-180, 0, -157.5],
							"uv": {
								"north": {"uv": [14, 30], "uv_size": [1, 1]},
								"east": {"uv": [30, 14], "uv_size": [1, 1]},
								"south": {"uv": [15, 30], "uv_size": [1, 1]},
								"west": {"uv": [30, 15], "uv_size": [1, 1]},
								"up": {"uv": [16, 30], "uv_size": [1, 1]},
								"down": {"uv": [30, 17], "uv_size": [1, -1]}
							}
						},
						{
							"origin": [4.50384, 12.37722, 18.10182],
							"size": [0.33819, 0.22065, 0.45082],
							"pivot": [4.67294, 12.48755, 15.70224],
							"rotation": [-180, 0, -122],
							"uv": {
								"north": {"uv": [17, 30], "uv_size": [1, 1]},
								"east": {"uv": [30, 17], "uv_size": [1, 1]},
								"south": {"uv": [18, 30], "uv_size": [1, 1]},
								"west": {"uv": [30, 18], "uv_size": [1, 1]},
								"up": {"uv": [19, 30], "uv_size": [1, 1]},
								"down": {"uv": [30, 20], "uv_size": [1, -1]}
							}
						},
						{
							"origin": [4.50384, 12.37722, 17.35182],
							"size": [0.33819, 0.22065, 0.45082],
							"pivot": [4.67294, 12.48755, 15.70224],
							"rotation": [-180, 0, -122],
							"uv": {
								"north": {"uv": [20, 30], "uv_size": [1, 1]},
								"east": {"uv": [30, 20], "uv_size": [1, 1]},
								"south": {"uv": [21, 30], "uv_size": [1, 1]},
								"west": {"uv": [30, 21], "uv_size": [1, 1]},
								"up": {"uv": [22, 30], "uv_size": [1, 1]},
								"down": {"uv": [30, 23], "uv_size": [1, -1]}
							}
						},
						{
							"origin": [4.50384, 12.37722, 18.85182],
							"size": [0.33819, 0.22065, 0.45082],
							"pivot": [4.67294, 12.48755, 15.70224],
							"rotation": [-180, 0, -122],
							"uv": {
								"north": {"uv": [23, 30], "uv_size": [1, 1]},
								"east": {"uv": [30, 23], "uv_size": [1, 1]},
								"south": {"uv": [24, 30], "uv_size": [1, 1]},
								"west": {"uv": [30, 24], "uv_size": [1, 1]},
								"up": {"uv": [25, 30], "uv_size": [1, 1]},
								"down": {"uv": [30, 26], "uv_size": [1, -1]}
							}
						},
						{
							"origin": [4.50384, 12.37722, 19.60182],
							"size": [0.33819, 0.22065, 0.45082],
							"pivot": [4.67294, 12.48755, 15.70224],
							"rotation": [-180, 0, -122],
							"uv": {
								"north": {"uv": [26, 30], "uv_size": [1, 1]},
								"east": {"uv": [30, 26], "uv_size": [1, 1]},
								"south": {"uv": [27, 30], "uv_size": [1, 1]},
								"west": {"uv": [30, 27], "uv_size": [1, 1]},
								"up": {"uv": [28, 30], "uv_size": [1, 1]},
								"down": {"uv": [30, 29], "uv_size": [1, -1]}
							}
						},
						{
							"origin": [4.50384, 12.37722, 20.35182],
							"size": [0.33819, 0.22065, 0.45082],
							"pivot": [4.67294, 12.48755, 15.70224],
							"rotation": [-180, 0, -122],
							"uv": {
								"north": {"uv": [29, 30], "uv_size": [1, 1]},
								"east": {"uv": [30, 29], "uv_size": [1, 1]},
								"south": {"uv": [30, 30], "uv_size": [1, 1]},
								"west": {"uv": [0, 31], "uv_size": [1, 1]},
								"up": {"uv": [31, 0], "uv_size": [1, 1]},
								"down": {"uv": [1, 32], "uv_size": [1, -1]}
							}
						},
						{
							"origin": [4.50384, 12.37722, 21.10182],
							"size": [0.33819, 0.22065, 0.45082],
							"pivot": [4.67294, 12.48755, 15.70224],
							"rotation": [-180, 0, -122],
							"uv": {
								"north": {"uv": [31, 1], "uv_size": [1, 1]},
								"east": {"uv": [2, 31], "uv_size": [1, 1]},
								"south": {"uv": [31, 2], "uv_size": [1, 1]},
								"west": {"uv": [3, 31], "uv_size": [1, 1]},
								"up": {"uv": [31, 3], "uv_size": [1, 1]},
								"down": {"uv": [4, 32], "uv_size": [1, -1]}
							}
						},
						{
							"origin": [4.50384, 12.37722, 16.60182],
							"size": [0.33819, 0.22065, 0.45082],
							"pivot": [4.67294, 12.48755, 15.70224],
							"rotation": [-180, 0, -122],
							"uv": {
								"north": {"uv": [31, 4], "uv_size": [1, 1]},
								"east": {"uv": [5, 31], "uv_size": [1, 1]},
								"south": {"uv": [31, 5], "uv_size": [1, 1]},
								"west": {"uv": [6, 31], "uv_size": [1, 1]},
								"up": {"uv": [31, 6], "uv_size": [1, 1]},
								"down": {"uv": [7, 32], "uv_size": [1, -1]}
							}
						},
						{
							"origin": [4.50384, 12.37722, 15.85182],
							"size": [0.33819, 0.22065, 0.45082],
							"pivot": [4.67294, 12.48755, 15.70224],
							"rotation": [-180, 0, -122],
							"uv": {
								"north": {"uv": [31, 7], "uv_size": [1, 1]},
								"east": {"uv": [8, 31], "uv_size": [1, 1]},
								"south": {"uv": [31, 8], "uv_size": [1, 1]},
								"west": {"uv": [9, 31], "uv_size": [1, 1]},
								"up": {"uv": [31, 9], "uv_size": [1, 1]},
								"down": {"uv": [10, 32], "uv_size": [1, -1]}
							}
						},
						{
							"origin": [4.50384, 12.37722, 15.10182],
							"size": [0.33819, 0.22065, 0.45082],
							"pivot": [4.67294, 12.48755, 15.70224],
							"rotation": [-180, 0, -122],
							"uv": {
								"north": {"uv": [31, 10], "uv_size": [1, 1]},
								"east": {"uv": [11, 31], "uv_size": [1, 1]},
								"south": {"uv": [31, 11], "uv_size": [1, 1]},
								"west": {"uv": [12, 31], "uv_size": [1, 1]},
								"up": {"uv": [31, 12], "uv_size": [1, 1]},
								"down": {"uv": [13, 32], "uv_size": [1, -1]}
							}
						},
						{
							"origin": [4.50384, 12.37722, 14.35182],
							"size": [0.33819, 0.22065, 0.45082],
							"pivot": [4.67294, 12.48755, 15.70224],
							"rotation": [-180, 0, -122],
							"uv": {
								"north": {"uv": [31, 13], "uv_size": [1, 1]},
								"east": {"uv": [14, 31], "uv_size": [1, 1]},
								"south": {"uv": [31, 14], "uv_size": [1, 1]},
								"west": {"uv": [15, 31], "uv_size": [1, 1]},
								"up": {"uv": [31, 15], "uv_size": [1, 1]},
								"down": {"uv": [16, 32], "uv_size": [1, -1]}
							}
						},
						{
							"origin": [4.50384, 12.37722, 13.60182],
							"size": [0.33819, 0.22065, 0.45082],
							"pivot": [4.67294, 12.48755, 15.70224],
							"rotation": [-180, 0, -122],
							"uv": {
								"north": {"uv": [31, 16], "uv_size": [1, 1]},
								"east": {"uv": [17, 31], "uv_size": [1, 1]},
								"south": {"uv": [31, 17], "uv_size": [1, 1]},
								"west": {"uv": [18, 31], "uv_size": [1, 1]},
								"up": {"uv": [31, 18], "uv_size": [1, 1]},
								"down": {"uv": [19, 32], "uv_size": [1, -1]}
							}
						},
						{
							"origin": [4.50384, 12.37722, 12.85182],
							"size": [0.33819, 0.22065, 0.45082],
							"pivot": [4.67294, 12.48755, 15.70224],
							"rotation": [-180, 0, -122],
							"uv": {
								"north": {"uv": [31, 19], "uv_size": [1, 1]},
								"east": {"uv": [20, 31], "uv_size": [1, 1]},
								"south": {"uv": [31, 20], "uv_size": [1, 1]},
								"west": {"uv": [21, 31], "uv_size": [1, 1]},
								"up": {"uv": [31, 21], "uv_size": [1, 1]},
								"down": {"uv": [22, 32], "uv_size": [1, -1]}
							}
						},
						{
							"origin": [4.50384, 12.37722, 12.10182],
							"size": [0.33819, 0.22065, 0.45082],
							"pivot": [4.67294, 12.48755, 15.70224],
							"rotation": [-180, 0, -122],
							"uv": {
								"north": {"uv": [31, 22], "uv_size": [1, 1]},
								"east": {"uv": [23, 31], "uv_size": [1, 1]},
								"south": {"uv": [31, 23], "uv_size": [1, 1]},
								"west": {"uv": [24, 31], "uv_size": [1, 1]},
								"up": {"uv": [31, 24], "uv_size": [1, 1]},
								"down": {"uv": [25, 32], "uv_size": [1, -1]}
							}
						},
						{
							"origin": [4.50384, 12.37722, 11.35182],
							"size": [0.33819, 0.22065, 0.45082],
							"pivot": [4.67294, 12.48755, 15.70224],
							"rotation": [-180, 0, -122],
							"uv": {
								"north": {"uv": [31, 25], "uv_size": [1, 1]},
								"east": {"uv": [26, 31], "uv_size": [1, 1]},
								"south": {"uv": [31, 26], "uv_size": [1, 1]},
								"west": {"uv": [27, 31], "uv_size": [1, 1]},
								"up": {"uv": [31, 27], "uv_size": [1, 1]},
								"down": {"uv": [28, 32], "uv_size": [1, -1]}
							}
						},
						{
							"origin": [4.50384, 12.37722, 10.60182],
							"size": [0.33819, 0.22065, 0.45082],
							"pivot": [4.67294, 12.48755, 15.70224],
							"rotation": [-180, 0, -122],
							"uv": {
								"north": {"uv": [31, 28], "uv_size": [1, 1]},
								"east": {"uv": [29, 31], "uv_size": [1, 1]},
								"south": {"uv": [31, 29], "uv_size": [1, 1]},
								"west": {"uv": [30, 31], "uv_size": [1, 1]},
								"up": {"uv": [31, 30], "uv_size": [1, 1]},
								"down": {"uv": [31, 32], "uv_size": [1, -1]}
							}
						},
						{
							"origin": [4.50384, 12.37722, 9.85182],
							"size": [0.33819, 0.22065, 0.45082],
							"pivot": [4.67294, 12.48755, 15.70224],
							"rotation": [-180, 0, -122],
							"uv": {
								"north": {"uv": [0, 32], "uv_size": [1, 1]},
								"east": {"uv": [32, 0], "uv_size": [1, 1]},
								"south": {"uv": [1, 32], "uv_size": [1, 1]},
								"west": {"uv": [32, 1], "uv_size": [1, 1]},
								"up": {"uv": [2, 32], "uv_size": [1, 1]},
								"down": {"uv": [32, 3], "uv_size": [1, -1]}
							}
						},
						{
							"origin": [2.42366, 12.37722, 21.10182],
							"size": [0.33819, 0.22065, 0.45082],
							"pivot": [2.59275, 12.48755, 15.70224],
							"rotation": [-180, 0, 122],
							"uv": {
								"north": {"uv": [3, 32], "uv_size": [1, 1]},
								"east": {"uv": [32, 3], "uv_size": [1, 1]},
								"south": {"uv": [4, 32], "uv_size": [1, 1]},
								"west": {"uv": [32, 4], "uv_size": [1, 1]},
								"up": {"uv": [5, 32], "uv_size": [1, 1]},
								"down": {"uv": [32, 6], "uv_size": [1, -1]}
							}
						},
						{
							"origin": [5.25504, 12.59818, -13.64412],
							"size": [1.46319, 0.22065, 0.45082],
							"pivot": [4.80974, 1.73128, -2.04573],
							"rotation": [-180, 0, 180],
							"uv": {
								"north": {"uv": [20, 25], "uv_size": [3, 1]},
								"east": {"uv": [27, 2], "uv_size": [1, 1]},
								"south": {"uv": [25, 20], "uv_size": [3, 1]},
								"west": {"uv": [3, 27], "uv_size": [1, 1]},
								"up": {"uv": [25, 21], "uv_size": [3, 1]},
								"down": {"uv": [25, 23], "uv_size": [3, -1]}
							}
						},
						{
							"origin": [0.18925, 12.05873, 20.35182],
							"size": [0.33819, 0.22065, 0.45082],
							"pivot": [1.62084, 12.16906, 14.95224],
							"rotation": [-180, 0, 157.5],
							"uv": {
								"north": {"uv": [9, 28], "uv_size": [1, 1]},
								"east": {"uv": [28, 9], "uv_size": [1, 1]},
								"south": {"uv": [10, 28], "uv_size": [1, 1]},
								"west": {"uv": [28, 10], "uv_size": [1, 1]},
								"up": {"uv": [11, 28], "uv_size": [1, 1]},
								"down": {"uv": [28, 12], "uv_size": [1, -1]}
							}
						},
						{
							"origin": [6.73825, 12.05873, 20.35182],
							"size": [0.33819, 0.22065, 0.45082],
							"pivot": [5.64484, 12.16906, 14.95224],
							"rotation": [-180, 0, -157.5],
							"uv": {
								"north": {"uv": [29, 13], "uv_size": [1, 1]},
								"east": {"uv": [14, 29], "uv_size": [1, 1]},
								"south": {"uv": [29, 14], "uv_size": [1, 1]},
								"west": {"uv": [15, 29], "uv_size": [1, 1]},
								"up": {"uv": [29, 15], "uv_size": [1, 1]},
								"down": {"uv": [16, 30], "uv_size": [1, -1]}
							}
						},
						{
							"origin": [4.50384, 12.37722, 20.35182],
							"size": [0.33819, 0.22065, 0.45082],
							"pivot": [4.67294, 12.48755, 14.95224],
							"rotation": [-180, 0, -122],
							"uv": {
								"north": {"uv": [31, 1], "uv_size": [1, 1]},
								"east": {"uv": [2, 31], "uv_size": [1, 1]},
								"south": {"uv": [31, 2], "uv_size": [1, 1]},
								"west": {"uv": [3, 31], "uv_size": [1, 1]},
								"up": {"uv": [31, 3], "uv_size": [1, 1]},
								"down": {"uv": [4, 32], "uv_size": [1, -1]}
							}
						},
						{
							"origin": [2.42366, 12.37722, 20.35182],
							"size": [0.33819, 0.22065, 0.45082],
							"pivot": [2.59275, 12.48755, 14.95224],
							"rotation": [-180, 0, 122],
							"uv": {
								"north": {"uv": [3, 32], "uv_size": [1, 1]},
								"east": {"uv": [32, 3], "uv_size": [1, 1]},
								"south": {"uv": [4, 32], "uv_size": [1, 1]},
								"west": {"uv": [32, 4], "uv_size": [1, 1]},
								"up": {"uv": [5, 32], "uv_size": [1, 1]},
								"down": {"uv": [32, 6], "uv_size": [1, -1]}
							}
						},
						{
							"origin": [5.25504, 12.59818, -14.39412],
							"size": [1.46319, 0.22065, 0.45082],
							"pivot": [4.80974, 1.73128, -2.79573],
							"rotation": [-180, 0, 180],
							"uv": {
								"north": {"uv": [20, 25], "uv_size": [3, 1]},
								"east": {"uv": [27, 2], "uv_size": [1, 1]},
								"south": {"uv": [25, 20], "uv_size": [3, 1]},
								"west": {"uv": [3, 27], "uv_size": [1, 1]},
								"up": {"uv": [25, 21], "uv_size": [3, 1]},
								"down": {"uv": [25, 23], "uv_size": [3, -1]}
							}
						},
						{
							"origin": [0.18925, 12.05873, 19.60182],
							"size": [0.33819, 0.22065, 0.45082],
							"pivot": [1.62084, 12.16906, 14.20224],
							"rotation": [-180, 0, 157.5],
							"uv": {
								"north": {"uv": [9, 28], "uv_size": [1, 1]},
								"east": {"uv": [28, 9], "uv_size": [1, 1]},
								"south": {"uv": [10, 28], "uv_size": [1, 1]},
								"west": {"uv": [28, 10], "uv_size": [1, 1]},
								"up": {"uv": [11, 28], "uv_size": [1, 1]},
								"down": {"uv": [28, 12], "uv_size": [1, -1]}
							}
						},
						{
							"origin": [6.73825, 12.05873, 19.60182],
							"size": [0.33819, 0.22065, 0.45082],
							"pivot": [5.64484, 12.16906, 14.20224],
							"rotation": [-180, 0, -157.5],
							"uv": {
								"north": {"uv": [29, 13], "uv_size": [1, 1]},
								"east": {"uv": [14, 29], "uv_size": [1, 1]},
								"south": {"uv": [29, 14], "uv_size": [1, 1]},
								"west": {"uv": [15, 29], "uv_size": [1, 1]},
								"up": {"uv": [29, 15], "uv_size": [1, 1]},
								"down": {"uv": [16, 30], "uv_size": [1, -1]}
							}
						},
						{
							"origin": [4.50384, 12.37722, 19.60182],
							"size": [0.33819, 0.22065, 0.45082],
							"pivot": [4.67294, 12.48755, 14.20224],
							"rotation": [-180, 0, -122],
							"uv": {
								"north": {"uv": [31, 1], "uv_size": [1, 1]},
								"east": {"uv": [2, 31], "uv_size": [1, 1]},
								"south": {"uv": [31, 2], "uv_size": [1, 1]},
								"west": {"uv": [3, 31], "uv_size": [1, 1]},
								"up": {"uv": [31, 3], "uv_size": [1, 1]},
								"down": {"uv": [4, 32], "uv_size": [1, -1]}
							}
						},
						{
							"origin": [2.42366, 12.37722, 19.60182],
							"size": [0.33819, 0.22065, 0.45082],
							"pivot": [2.59275, 12.48755, 14.20224],
							"rotation": [-180, 0, 122],
							"uv": {
								"north": {"uv": [3, 32], "uv_size": [1, 1]},
								"east": {"uv": [32, 3], "uv_size": [1, 1]},
								"south": {"uv": [4, 32], "uv_size": [1, 1]},
								"west": {"uv": [32, 4], "uv_size": [1, 1]},
								"up": {"uv": [5, 32], "uv_size": [1, 1]},
								"down": {"uv": [32, 6], "uv_size": [1, -1]}
							}
						},
						{
							"origin": [5.25504, 12.59818, -15.14412],
							"size": [1.46319, 0.22065, 0.45082],
							"pivot": [4.80974, 1.73128, -3.54573],
							"rotation": [-180, 0, 180],
							"uv": {
								"north": {"uv": [20, 25], "uv_size": [3, 1]},
								"east": {"uv": [27, 2], "uv_size": [1, 1]},
								"south": {"uv": [25, 20], "uv_size": [3, 1]},
								"west": {"uv": [3, 27], "uv_size": [1, 1]},
								"up": {"uv": [25, 21], "uv_size": [3, 1]},
								"down": {"uv": [25, 23], "uv_size": [3, -1]}
							}
						},
						{
							"origin": [0.18925, 12.05873, 18.85182],
							"size": [0.33819, 0.22065, 0.45082],
							"pivot": [1.62084, 12.16906, 13.45224],
							"rotation": [-180, 0, 157.5],
							"uv": {
								"north": {"uv": [9, 28], "uv_size": [1, 1]},
								"east": {"uv": [28, 9], "uv_size": [1, 1]},
								"south": {"uv": [10, 28], "uv_size": [1, 1]},
								"west": {"uv": [28, 10], "uv_size": [1, 1]},
								"up": {"uv": [11, 28], "uv_size": [1, 1]},
								"down": {"uv": [28, 12], "uv_size": [1, -1]}
							}
						},
						{
							"origin": [6.73825, 12.05873, 18.85182],
							"size": [0.33819, 0.22065, 0.45082],
							"pivot": [5.64484, 12.16906, 13.45224],
							"rotation": [-180, 0, -157.5],
							"uv": {
								"north": {"uv": [29, 13], "uv_size": [1, 1]},
								"east": {"uv": [14, 29], "uv_size": [1, 1]},
								"south": {"uv": [29, 14], "uv_size": [1, 1]},
								"west": {"uv": [15, 29], "uv_size": [1, 1]},
								"up": {"uv": [29, 15], "uv_size": [1, 1]},
								"down": {"uv": [16, 30], "uv_size": [1, -1]}
							}
						},
						{
							"origin": [4.50384, 12.37722, 18.85182],
							"size": [0.33819, 0.22065, 0.45082],
							"pivot": [4.67294, 12.48755, 13.45224],
							"rotation": [-180, 0, -122],
							"uv": {
								"north": {"uv": [31, 1], "uv_size": [1, 1]},
								"east": {"uv": [2, 31], "uv_size": [1, 1]},
								"south": {"uv": [31, 2], "uv_size": [1, 1]},
								"west": {"uv": [3, 31], "uv_size": [1, 1]},
								"up": {"uv": [31, 3], "uv_size": [1, 1]},
								"down": {"uv": [4, 32], "uv_size": [1, -1]}
							}
						},
						{
							"origin": [2.42366, 12.37722, 18.85182],
							"size": [0.33819, 0.22065, 0.45082],
							"pivot": [2.59275, 12.48755, 13.45224],
							"rotation": [-180, 0, 122],
							"uv": {
								"north": {"uv": [3, 32], "uv_size": [1, 1]},
								"east": {"uv": [32, 3], "uv_size": [1, 1]},
								"south": {"uv": [4, 32], "uv_size": [1, 1]},
								"west": {"uv": [32, 4], "uv_size": [1, 1]},
								"up": {"uv": [5, 32], "uv_size": [1, 1]},
								"down": {"uv": [32, 6], "uv_size": [1, -1]}
							}
						},
						{
							"origin": [5.25504, 12.59818, -15.89412],
							"size": [1.46319, 0.22065, 0.45082],
							"pivot": [4.80974, 1.73128, -4.29573],
							"rotation": [-180, 0, 180],
							"uv": {
								"north": {"uv": [20, 25], "uv_size": [3, 1]},
								"east": {"uv": [27, 2], "uv_size": [1, 1]},
								"south": {"uv": [25, 20], "uv_size": [3, 1]},
								"west": {"uv": [3, 27], "uv_size": [1, 1]},
								"up": {"uv": [25, 21], "uv_size": [3, 1]},
								"down": {"uv": [25, 23], "uv_size": [3, -1]}
							}
						},
						{
							"origin": [0.18925, 12.05873, 18.10182],
							"size": [0.33819, 0.22065, 0.45082],
							"pivot": [1.62084, 12.16906, 12.70224],
							"rotation": [-180, 0, 157.5],
							"uv": {
								"north": {"uv": [9, 28], "uv_size": [1, 1]},
								"east": {"uv": [28, 9], "uv_size": [1, 1]},
								"south": {"uv": [10, 28], "uv_size": [1, 1]},
								"west": {"uv": [28, 10], "uv_size": [1, 1]},
								"up": {"uv": [11, 28], "uv_size": [1, 1]},
								"down": {"uv": [28, 12], "uv_size": [1, -1]}
							}
						},
						{
							"origin": [6.73825, 12.05873, 18.10182],
							"size": [0.33819, 0.22065, 0.45082],
							"pivot": [5.64484, 12.16906, 12.70224],
							"rotation": [-180, 0, -157.5],
							"uv": {
								"north": {"uv": [29, 13], "uv_size": [1, 1]},
								"east": {"uv": [14, 29], "uv_size": [1, 1]},
								"south": {"uv": [29, 14], "uv_size": [1, 1]},
								"west": {"uv": [15, 29], "uv_size": [1, 1]},
								"up": {"uv": [29, 15], "uv_size": [1, 1]},
								"down": {"uv": [16, 30], "uv_size": [1, -1]}
							}
						},
						{
							"origin": [4.50384, 12.37722, 18.10182],
							"size": [0.33819, 0.22065, 0.45082],
							"pivot": [4.67294, 12.48755, 12.70224],
							"rotation": [-180, 0, -122],
							"uv": {
								"north": {"uv": [31, 1], "uv_size": [1, 1]},
								"east": {"uv": [2, 31], "uv_size": [1, 1]},
								"south": {"uv": [31, 2], "uv_size": [1, 1]},
								"west": {"uv": [3, 31], "uv_size": [1, 1]},
								"up": {"uv": [31, 3], "uv_size": [1, 1]},
								"down": {"uv": [4, 32], "uv_size": [1, -1]}
							}
						},
						{
							"origin": [2.42366, 12.37722, 18.10182],
							"size": [0.33819, 0.22065, 0.45082],
							"pivot": [2.59275, 12.48755, 12.70224],
							"rotation": [-180, 0, 122],
							"uv": {
								"north": {"uv": [3, 32], "uv_size": [1, 1]},
								"east": {"uv": [32, 3], "uv_size": [1, 1]},
								"south": {"uv": [4, 32], "uv_size": [1, 1]},
								"west": {"uv": [32, 4], "uv_size": [1, 1]},
								"up": {"uv": [5, 32], "uv_size": [1, 1]},
								"down": {"uv": [32, 6], "uv_size": [1, -1]}
							}
						},
						{
							"origin": [5.25504, 12.59818, -16.64412],
							"size": [1.46319, 0.22065, 0.45082],
							"pivot": [4.80974, 1.73128, -5.04573],
							"rotation": [-180, 0, 180],
							"uv": {
								"north": {"uv": [20, 25], "uv_size": [3, 1]},
								"east": {"uv": [27, 2], "uv_size": [1, 1]},
								"south": {"uv": [25, 20], "uv_size": [3, 1]},
								"west": {"uv": [3, 27], "uv_size": [1, 1]},
								"up": {"uv": [25, 21], "uv_size": [3, 1]},
								"down": {"uv": [25, 23], "uv_size": [3, -1]}
							}
						},
						{
							"origin": [0.18925, 12.05873, 17.35182],
							"size": [0.33819, 0.22065, 0.45082],
							"pivot": [1.62084, 12.16906, 11.95224],
							"rotation": [-180, 0, 157.5],
							"uv": {
								"north": {"uv": [9, 28], "uv_size": [1, 1]},
								"east": {"uv": [28, 9], "uv_size": [1, 1]},
								"south": {"uv": [10, 28], "uv_size": [1, 1]},
								"west": {"uv": [28, 10], "uv_size": [1, 1]},
								"up": {"uv": [11, 28], "uv_size": [1, 1]},
								"down": {"uv": [28, 12], "uv_size": [1, -1]}
							}
						},
						{
							"origin": [6.73825, 12.05873, 17.35182],
							"size": [0.33819, 0.22065, 0.45082],
							"pivot": [5.64484, 12.16906, 11.95224],
							"rotation": [-180, 0, -157.5],
							"uv": {
								"north": {"uv": [29, 13], "uv_size": [1, 1]},
								"east": {"uv": [14, 29], "uv_size": [1, 1]},
								"south": {"uv": [29, 14], "uv_size": [1, 1]},
								"west": {"uv": [15, 29], "uv_size": [1, 1]},
								"up": {"uv": [29, 15], "uv_size": [1, 1]},
								"down": {"uv": [16, 30], "uv_size": [1, -1]}
							}
						},
						{
							"origin": [4.50384, 12.37722, 17.35182],
							"size": [0.33819, 0.22065, 0.45082],
							"pivot": [4.67294, 12.48755, 11.95224],
							"rotation": [-180, 0, -122],
							"uv": {
								"north": {"uv": [31, 1], "uv_size": [1, 1]},
								"east": {"uv": [2, 31], "uv_size": [1, 1]},
								"south": {"uv": [31, 2], "uv_size": [1, 1]},
								"west": {"uv": [3, 31], "uv_size": [1, 1]},
								"up": {"uv": [31, 3], "uv_size": [1, 1]},
								"down": {"uv": [4, 32], "uv_size": [1, -1]}
							}
						},
						{
							"origin": [2.42366, 12.37722, 17.35182],
							"size": [0.33819, 0.22065, 0.45082],
							"pivot": [2.59275, 12.48755, 11.95224],
							"rotation": [-180, 0, 122],
							"uv": {
								"north": {"uv": [3, 32], "uv_size": [1, 1]},
								"east": {"uv": [32, 3], "uv_size": [1, 1]},
								"south": {"uv": [4, 32], "uv_size": [1, 1]},
								"west": {"uv": [32, 4], "uv_size": [1, 1]},
								"up": {"uv": [5, 32], "uv_size": [1, 1]},
								"down": {"uv": [32, 6], "uv_size": [1, -1]}
							}
						},
						{
							"origin": [5.25504, 12.59818, -17.39412],
							"size": [1.46319, 0.22065, 0.45082],
							"pivot": [4.80974, 1.73128, -5.79573],
							"rotation": [-180, 0, 180],
							"uv": {
								"north": {"uv": [20, 25], "uv_size": [3, 1]},
								"east": {"uv": [27, 2], "uv_size": [1, 1]},
								"south": {"uv": [25, 20], "uv_size": [3, 1]},
								"west": {"uv": [3, 27], "uv_size": [1, 1]},
								"up": {"uv": [25, 21], "uv_size": [3, 1]},
								"down": {"uv": [25, 23], "uv_size": [3, -1]}
							}
						},
						{
							"origin": [0.18925, 12.05873, 16.60182],
							"size": [0.33819, 0.22065, 0.45082],
							"pivot": [1.62084, 12.16906, 11.20224],
							"rotation": [-180, 0, 157.5],
							"uv": {
								"north": {"uv": [9, 28], "uv_size": [1, 1]},
								"east": {"uv": [28, 9], "uv_size": [1, 1]},
								"south": {"uv": [10, 28], "uv_size": [1, 1]},
								"west": {"uv": [28, 10], "uv_size": [1, 1]},
								"up": {"uv": [11, 28], "uv_size": [1, 1]},
								"down": {"uv": [28, 12], "uv_size": [1, -1]}
							}
						},
						{
							"origin": [6.73825, 12.05873, 16.60182],
							"size": [0.33819, 0.22065, 0.45082],
							"pivot": [5.64484, 12.16906, 11.20224],
							"rotation": [-180, 0, -157.5],
							"uv": {
								"north": {"uv": [29, 13], "uv_size": [1, 1]},
								"east": {"uv": [14, 29], "uv_size": [1, 1]},
								"south": {"uv": [29, 14], "uv_size": [1, 1]},
								"west": {"uv": [15, 29], "uv_size": [1, 1]},
								"up": {"uv": [29, 15], "uv_size": [1, 1]},
								"down": {"uv": [16, 30], "uv_size": [1, -1]}
							}
						},
						{
							"origin": [4.50384, 12.37722, 16.60182],
							"size": [0.33819, 0.22065, 0.45082],
							"pivot": [4.67294, 12.48755, 11.20224],
							"rotation": [-180, 0, -122],
							"uv": {
								"north": {"uv": [31, 1], "uv_size": [1, 1]},
								"east": {"uv": [2, 31], "uv_size": [1, 1]},
								"south": {"uv": [31, 2], "uv_size": [1, 1]},
								"west": {"uv": [3, 31], "uv_size": [1, 1]},
								"up": {"uv": [31, 3], "uv_size": [1, 1]},
								"down": {"uv": [4, 32], "uv_size": [1, -1]}
							}
						},
						{
							"origin": [2.42366, 12.37722, 16.60182],
							"size": [0.33819, 0.22065, 0.45082],
							"pivot": [2.59275, 12.48755, 11.20224],
							"rotation": [-180, 0, 122],
							"uv": {
								"north": {"uv": [3, 32], "uv_size": [1, 1]},
								"east": {"uv": [32, 3], "uv_size": [1, 1]},
								"south": {"uv": [4, 32], "uv_size": [1, 1]},
								"west": {"uv": [32, 4], "uv_size": [1, 1]},
								"up": {"uv": [5, 32], "uv_size": [1, 1]},
								"down": {"uv": [32, 6], "uv_size": [1, -1]}
							}
						},
						{
							"origin": [5.25504, 12.59818, -18.14412],
							"size": [1.46319, 0.22065, 0.45082],
							"pivot": [4.80974, 1.73128, -6.54573],
							"rotation": [-180, 0, 180],
							"uv": {
								"north": {"uv": [20, 25], "uv_size": [3, 1]},
								"east": {"uv": [27, 2], "uv_size": [1, 1]},
								"south": {"uv": [25, 20], "uv_size": [3, 1]},
								"west": {"uv": [3, 27], "uv_size": [1, 1]},
								"up": {"uv": [25, 21], "uv_size": [3, 1]},
								"down": {"uv": [25, 23], "uv_size": [3, -1]}
							}
						},
						{
							"origin": [0.18925, 12.05873, 15.85182],
							"size": [0.33819, 0.22065, 0.45082],
							"pivot": [1.62084, 12.16906, 10.45224],
							"rotation": [-180, 0, 157.5],
							"uv": {
								"north": {"uv": [9, 28], "uv_size": [1, 1]},
								"east": {"uv": [28, 9], "uv_size": [1, 1]},
								"south": {"uv": [10, 28], "uv_size": [1, 1]},
								"west": {"uv": [28, 10], "uv_size": [1, 1]},
								"up": {"uv": [11, 28], "uv_size": [1, 1]},
								"down": {"uv": [28, 12], "uv_size": [1, -1]}
							}
						},
						{
							"origin": [6.73825, 12.05873, 15.85182],
							"size": [0.33819, 0.22065, 0.45082],
							"pivot": [5.64484, 12.16906, 10.45224],
							"rotation": [-180, 0, -157.5],
							"uv": {
								"north": {"uv": [29, 13], "uv_size": [1, 1]},
								"east": {"uv": [14, 29], "uv_size": [1, 1]},
								"south": {"uv": [29, 14], "uv_size": [1, 1]},
								"west": {"uv": [15, 29], "uv_size": [1, 1]},
								"up": {"uv": [29, 15], "uv_size": [1, 1]},
								"down": {"uv": [16, 30], "uv_size": [1, -1]}
							}
						},
						{
							"origin": [4.50384, 12.37722, 15.85182],
							"size": [0.33819, 0.22065, 0.45082],
							"pivot": [4.67294, 12.48755, 10.45224],
							"rotation": [-180, 0, -122],
							"uv": {
								"north": {"uv": [31, 1], "uv_size": [1, 1]},
								"east": {"uv": [2, 31], "uv_size": [1, 1]},
								"south": {"uv": [31, 2], "uv_size": [1, 1]},
								"west": {"uv": [3, 31], "uv_size": [1, 1]},
								"up": {"uv": [31, 3], "uv_size": [1, 1]},
								"down": {"uv": [4, 32], "uv_size": [1, -1]}
							}
						},
						{
							"origin": [2.42366, 12.37722, 15.85182],
							"size": [0.33819, 0.22065, 0.45082],
							"pivot": [2.59275, 12.48755, 10.45224],
							"rotation": [-180, 0, 122],
							"uv": {
								"north": {"uv": [3, 32], "uv_size": [1, 1]},
								"east": {"uv": [32, 3], "uv_size": [1, 1]},
								"south": {"uv": [4, 32], "uv_size": [1, 1]},
								"west": {"uv": [32, 4], "uv_size": [1, 1]},
								"up": {"uv": [5, 32], "uv_size": [1, 1]},
								"down": {"uv": [32, 6], "uv_size": [1, -1]}
							}
						},
						{
							"origin": [5.25504, 12.59818, -18.89412],
							"size": [1.46319, 0.22065, 0.45082],
							"pivot": [4.80974, 1.73128, -7.29573],
							"rotation": [-180, 0, 180],
							"uv": {
								"north": {"uv": [20, 25], "uv_size": [3, 1]},
								"east": {"uv": [27, 2], "uv_size": [1, 1]},
								"south": {"uv": [25, 20], "uv_size": [3, 1]},
								"west": {"uv": [3, 27], "uv_size": [1, 1]},
								"up": {"uv": [25, 21], "uv_size": [3, 1]},
								"down": {"uv": [25, 23], "uv_size": [3, -1]}
							}
						},
						{
							"origin": [0.18925, 12.05873, 15.10182],
							"size": [0.33819, 0.22065, 0.45082],
							"pivot": [1.62084, 12.16906, 9.70224],
							"rotation": [-180, 0, 157.5],
							"uv": {
								"north": {"uv": [9, 28], "uv_size": [1, 1]},
								"east": {"uv": [28, 9], "uv_size": [1, 1]},
								"south": {"uv": [10, 28], "uv_size": [1, 1]},
								"west": {"uv": [28, 10], "uv_size": [1, 1]},
								"up": {"uv": [11, 28], "uv_size": [1, 1]},
								"down": {"uv": [28, 12], "uv_size": [1, -1]}
							}
						},
						{
							"origin": [6.73825, 12.05873, 15.10182],
							"size": [0.33819, 0.22065, 0.45082],
							"pivot": [5.64484, 12.16906, 9.70224],
							"rotation": [-180, 0, -157.5],
							"uv": {
								"north": {"uv": [29, 13], "uv_size": [1, 1]},
								"east": {"uv": [14, 29], "uv_size": [1, 1]},
								"south": {"uv": [29, 14], "uv_size": [1, 1]},
								"west": {"uv": [15, 29], "uv_size": [1, 1]},
								"up": {"uv": [29, 15], "uv_size": [1, 1]},
								"down": {"uv": [16, 30], "uv_size": [1, -1]}
							}
						},
						{
							"origin": [4.50384, 12.37722, 15.10182],
							"size": [0.33819, 0.22065, 0.45082],
							"pivot": [4.67294, 12.48755, 9.70224],
							"rotation": [-180, 0, -122],
							"uv": {
								"north": {"uv": [31, 1], "uv_size": [1, 1]},
								"east": {"uv": [2, 31], "uv_size": [1, 1]},
								"south": {"uv": [31, 2], "uv_size": [1, 1]},
								"west": {"uv": [3, 31], "uv_size": [1, 1]},
								"up": {"uv": [31, 3], "uv_size": [1, 1]},
								"down": {"uv": [4, 32], "uv_size": [1, -1]}
							}
						},
						{
							"origin": [2.42366, 12.37722, 15.10182],
							"size": [0.33819, 0.22065, 0.45082],
							"pivot": [2.59275, 12.48755, 9.70224],
							"rotation": [-180, 0, 122],
							"uv": {
								"north": {"uv": [3, 32], "uv_size": [1, 1]},
								"east": {"uv": [32, 3], "uv_size": [1, 1]},
								"south": {"uv": [4, 32], "uv_size": [1, 1]},
								"west": {"uv": [32, 4], "uv_size": [1, 1]},
								"up": {"uv": [5, 32], "uv_size": [1, 1]},
								"down": {"uv": [32, 6], "uv_size": [1, -1]}
							}
						},
						{
							"origin": [2.42366, 12.37722, 20.35182],
							"size": [0.33819, 0.22065, 0.45082],
							"pivot": [2.59275, 12.48755, 15.70224],
							"rotation": [-180, 0, 122],
							"uv": {
								"north": {"uv": [6, 32], "uv_size": [1, 1]},
								"east": {"uv": [32, 6], "uv_size": [1, 1]},
								"south": {"uv": [7, 32], "uv_size": [1, 1]},
								"west": {"uv": [32, 7], "uv_size": [1, 1]},
								"up": {"uv": [8, 32], "uv_size": [1, 1]},
								"down": {"uv": [32, 9], "uv_size": [1, -1]}
							}
						},
						{
							"origin": [2.42366, 12.37722, 19.60182],
							"size": [0.33819, 0.22065, 0.45082],
							"pivot": [2.59275, 12.48755, 15.70224],
							"rotation": [-180, 0, 122],
							"uv": {
								"north": {"uv": [9, 32], "uv_size": [1, 1]},
								"east": {"uv": [32, 9], "uv_size": [1, 1]},
								"south": {"uv": [10, 32], "uv_size": [1, 1]},
								"west": {"uv": [32, 10], "uv_size": [1, 1]},
								"up": {"uv": [11, 32], "uv_size": [1, 1]},
								"down": {"uv": [32, 12], "uv_size": [1, -1]}
							}
						},
						{
							"origin": [2.42366, 12.37722, 18.10182],
							"size": [0.33819, 0.22065, 0.45082],
							"pivot": [2.59275, 12.48755, 15.70224],
							"rotation": [-180, 0, 122],
							"uv": {
								"north": {"uv": [12, 32], "uv_size": [1, 1]},
								"east": {"uv": [32, 12], "uv_size": [1, 1]},
								"south": {"uv": [13, 32], "uv_size": [1, 1]},
								"west": {"uv": [32, 13], "uv_size": [1, 1]},
								"up": {"uv": [14, 32], "uv_size": [1, 1]},
								"down": {"uv": [32, 15], "uv_size": [1, -1]}
							}
						},
						{
							"origin": [2.42366, 12.37722, 18.85182],
							"size": [0.33819, 0.22065, 0.45082],
							"pivot": [2.59275, 12.48755, 15.70224],
							"rotation": [-180, 0, 122],
							"uv": {
								"north": {"uv": [15, 32], "uv_size": [1, 1]},
								"east": {"uv": [32, 15], "uv_size": [1, 1]},
								"south": {"uv": [16, 32], "uv_size": [1, 1]},
								"west": {"uv": [32, 16], "uv_size": [1, 1]},
								"up": {"uv": [17, 32], "uv_size": [1, 1]},
								"down": {"uv": [32, 18], "uv_size": [1, -1]}
							}
						},
						{
							"origin": [2.42366, 12.37722, 16.60182],
							"size": [0.33819, 0.22065, 0.45082],
							"pivot": [2.59275, 12.48755, 15.70224],
							"rotation": [-180, 0, 122],
							"uv": {
								"north": {"uv": [18, 32], "uv_size": [1, 1]},
								"east": {"uv": [32, 18], "uv_size": [1, 1]},
								"south": {"uv": [19, 32], "uv_size": [1, 1]},
								"west": {"uv": [32, 19], "uv_size": [1, 1]},
								"up": {"uv": [20, 32], "uv_size": [1, 1]},
								"down": {"uv": [32, 21], "uv_size": [1, -1]}
							}
						},
						{
							"origin": [2.42366, 12.37722, 17.35182],
							"size": [0.33819, 0.22065, 0.45082],
							"pivot": [2.59275, 12.48755, 15.70224],
							"rotation": [-180, 0, 122],
							"uv": {
								"north": {"uv": [21, 32], "uv_size": [1, 1]},
								"east": {"uv": [32, 21], "uv_size": [1, 1]},
								"south": {"uv": [22, 32], "uv_size": [1, 1]},
								"west": {"uv": [32, 22], "uv_size": [1, 1]},
								"up": {"uv": [23, 32], "uv_size": [1, 1]},
								"down": {"uv": [32, 24], "uv_size": [1, -1]}
							}
						},
						{
							"origin": [2.42366, 12.37722, 15.85182],
							"size": [0.33819, 0.22065, 0.45082],
							"pivot": [2.59275, 12.48755, 15.70224],
							"rotation": [-180, 0, 122],
							"uv": {
								"north": {"uv": [24, 32], "uv_size": [1, 1]},
								"east": {"uv": [32, 24], "uv_size": [1, 1]},
								"south": {"uv": [25, 32], "uv_size": [1, 1]},
								"west": {"uv": [32, 25], "uv_size": [1, 1]},
								"up": {"uv": [26, 32], "uv_size": [1, 1]},
								"down": {"uv": [32, 27], "uv_size": [1, -1]}
							}
						},
						{
							"origin": [2.42366, 12.37722, 15.10182],
							"size": [0.33819, 0.22065, 0.45082],
							"pivot": [2.59275, 12.48755, 15.70224],
							"rotation": [-180, 0, 122],
							"uv": {
								"north": {"uv": [27, 32], "uv_size": [1, 1]},
								"east": {"uv": [32, 27], "uv_size": [1, 1]},
								"south": {"uv": [28, 32], "uv_size": [1, 1]},
								"west": {"uv": [32, 28], "uv_size": [1, 1]},
								"up": {"uv": [29, 32], "uv_size": [1, 1]},
								"down": {"uv": [32, 30], "uv_size": [1, -1]}
							}
						},
						{
							"origin": [2.42366, 12.37722, 9.85182],
							"size": [0.33819, 0.22065, 0.45082],
							"pivot": [2.59275, 12.48755, 15.70224],
							"rotation": [-180, 0, 122],
							"uv": {
								"north": {"uv": [30, 32], "uv_size": [1, 1]},
								"east": {"uv": [32, 30], "uv_size": [1, 1]},
								"south": {"uv": [31, 32], "uv_size": [1, 1]},
								"west": {"uv": [32, 31], "uv_size": [1, 1]},
								"up": {"uv": [32, 32], "uv_size": [1, 1]},
								"down": {"uv": [0, 34], "uv_size": [1, -1]}
							}
						},
						{
							"origin": [2.42366, 12.37722, 10.60182],
							"size": [0.33819, 0.22065, 0.45082],
							"pivot": [2.59275, 12.48755, 15.70224],
							"rotation": [-180, 0, 122],
							"uv": {
								"north": {"uv": [33, 0], "uv_size": [1, 1]},
								"east": {"uv": [1, 33], "uv_size": [1, 1]},
								"south": {"uv": [33, 1], "uv_size": [1, 1]},
								"west": {"uv": [2, 33], "uv_size": [1, 1]},
								"up": {"uv": [33, 2], "uv_size": [1, 1]},
								"down": {"uv": [3, 34], "uv_size": [1, -1]}
							}
						},
						{
							"origin": [2.42366, 12.37722, 11.35182],
							"size": [0.33819, 0.22065, 0.45082],
							"pivot": [2.59275, 12.48755, 15.70224],
							"rotation": [-180, 0, 122],
							"uv": {
								"north": {"uv": [33, 3], "uv_size": [1, 1]},
								"east": {"uv": [4, 33], "uv_size": [1, 1]},
								"south": {"uv": [33, 4], "uv_size": [1, 1]},
								"west": {"uv": [5, 33], "uv_size": [1, 1]},
								"up": {"uv": [33, 5], "uv_size": [1, 1]},
								"down": {"uv": [6, 34], "uv_size": [1, -1]}
							}
						},
						{
							"origin": [2.42366, 12.37722, 12.10182],
							"size": [0.33819, 0.22065, 0.45082],
							"pivot": [2.59275, 12.48755, 15.70224],
							"rotation": [-180, 0, 122],
							"uv": {
								"north": {"uv": [33, 6], "uv_size": [1, 1]},
								"east": {"uv": [7, 33], "uv_size": [1, 1]},
								"south": {"uv": [33, 7], "uv_size": [1, 1]},
								"west": {"uv": [8, 33], "uv_size": [1, 1]},
								"up": {"uv": [33, 8], "uv_size": [1, 1]},
								"down": {"uv": [9, 34], "uv_size": [1, -1]}
							}
						},
						{
							"origin": [2.42366, 12.37722, 12.85182],
							"size": [0.33819, 0.22065, 0.45082],
							"pivot": [2.59275, 12.48755, 15.70224],
							"rotation": [-180, 0, 122],
							"uv": {
								"north": {"uv": [33, 9], "uv_size": [1, 1]},
								"east": {"uv": [10, 33], "uv_size": [1, 1]},
								"south": {"uv": [33, 10], "uv_size": [1, 1]},
								"west": {"uv": [11, 33], "uv_size": [1, 1]},
								"up": {"uv": [33, 11], "uv_size": [1, 1]},
								"down": {"uv": [12, 34], "uv_size": [1, -1]}
							}
						},
						{
							"origin": [2.42366, 12.37722, 13.60182],
							"size": [0.33819, 0.22065, 0.45082],
							"pivot": [2.59275, 12.48755, 15.70224],
							"rotation": [-180, 0, 122],
							"uv": {
								"north": {"uv": [33, 12], "uv_size": [1, 1]},
								"east": {"uv": [13, 33], "uv_size": [1, 1]},
								"south": {"uv": [33, 13], "uv_size": [1, 1]},
								"west": {"uv": [14, 33], "uv_size": [1, 1]},
								"up": {"uv": [33, 14], "uv_size": [1, 1]},
								"down": {"uv": [15, 34], "uv_size": [1, -1]}
							}
						},
						{
							"origin": [2.42366, 12.37722, 14.35182],
							"size": [0.33819, 0.22065, 0.45082],
							"pivot": [2.59275, 12.48755, 15.70224],
							"rotation": [-180, 0, 122],
							"uv": {
								"north": {"uv": [33, 15], "uv_size": [1, 1]},
								"east": {"uv": [16, 33], "uv_size": [1, 1]},
								"south": {"uv": [33, 16], "uv_size": [1, 1]},
								"west": {"uv": [17, 33], "uv_size": [1, 1]},
								"up": {"uv": [33, 17], "uv_size": [1, 1]},
								"down": {"uv": [18, 34], "uv_size": [1, -1]}
							}
						}
					]
				}
			]
		}
	]
}