{
	"format_version": "1.12.0",
	"minecraft:geometry": [
		{
			"description": {
				"identifier": "geometry.unknown",
				"texture_width": 32,
				"texture_height": 32,
				"visible_bounds_width": 7,
				"visible_bounds_height": 2.5,
				"visible_bounds_offset": [0, 0.75, 0]
			},
			"bones": [
				{
					"name": "stockattachment",
					"pivot": [-3.3668, 9.97027, 20.47579]
				},
				{
					"name": "base",
					"parent": "stockattachment",
					"pivot": [-2.19026, 0.53128, 10.20427],
					"cubes": [
						{
							"origin": [-2.59527, 10.23598, -10.12674],
							"size": [0.4158, 1.386, 9.3555],
							"pivot": [-2.19026, 0.53128, 10.20427],
							"rotation": [-175.25, 0, 180],
							"uv": {
								"north": {"uv": [3, 15], "uv_size": [1, 1]},
								"east": {"uv": [0, 0], "uv_size": [7, 1]},
								"south": {"uv": [15, 3], "uv_size": [1, 1]},
								"west": {"uv": [0, 1], "uv_size": [7, 1]},
								"up": {"uv": [0, 2], "uv_size": [1, 7]},
								"down": {"uv": [1, 9], "uv_size": [1, -7]}
							}
						},
						{
							"origin": [-2.59527, 8.61091, -13.25099],
							"size": [0.4158, 1.386, 2.4255],
							"pivot": [-2.19026, 0.53128, 10.20427],
							"rotation": [-179.75, 0, 180],
							"uv": {
								"north": {"uv": [4, 15], "uv_size": [1, 1]},
								"east": {"uv": [10, 12], "uv_size": [2, 1]},
								"south": {"uv": [5, 15], "uv_size": [1, 1]},
								"west": {"uv": [12, 12], "uv_size": [2, 1]},
								"up": {"uv": [13, 0], "uv_size": [1, 2]},
								"down": {"uv": [2, 15], "uv_size": [1, -2]}
							}
						},
						{
							"origin": [-2.59527, 6.32563, -17.7289],
							"size": [0.4158, 1.386, 3.8115],
							"pivot": [-2.19026, 0.53128, 10.20427],
							"rotation": [174.75, 0, 180],
							"uv": {
								"north": {"uv": [15, 5], "uv_size": [1, 1]},
								"east": {"uv": [10, 5], "uv_size": [3, 1]},
								"south": {"uv": [6, 15], "uv_size": [1, 1]},
								"west": {"uv": [4, 11], "uv_size": [3, 1]},
								"up": {"uv": [7, 11], "uv_size": [1, 3]},
								"down": {"uv": [11, 11], "uv_size": [1, -3]}
							}
						},
						{
							"origin": [-2.59527, 2.63005, -24.13675],
							"size": [0.4158, 1.386, 5.8905],
							"pivot": [-2.19026, 0.53128, 10.20427],
							"rotation": [167.25, 0, -180],
							"uv": {
								"north": {"uv": [15, 6], "uv_size": [1, 1]},
								"east": {"uv": [9, 6], "uv_size": [4, 1]},
								"south": {"uv": [15, 7], "uv_size": [1, 1]},
								"west": {"uv": [9, 7], "uv_size": [4, 1]},
								"up": {"uv": [9, 8], "uv_size": [1, 4]},
								"down": {"uv": [10, 4], "uv_size": [1, -4]}
							}
						},
						{
							"origin": [0.24603, 6.32563, -17.7289],
							"size": [0.4158, 1.386, 3.8115],
							"pivot": [-2.19026, 0.53128, 10.20427],
							"rotation": [174.75, 0, 180],
							"uv": {
								"north": {"uv": [15, 8], "uv_size": [1, 1]},
								"east": {"uv": [11, 11], "uv_size": [3, 1]},
								"south": {"uv": [9, 15], "uv_size": [1, 1]},
								"west": {"uv": [4, 12], "uv_size": [3, 1]},
								"up": {"uv": [12, 8], "uv_size": [1, 3]},
								"down": {"uv": [9, 15], "uv_size": [1, -3]}
							}
						},
						{
							"origin": [0.24603, 8.61091, -13.25099],
							"size": [0.4158, 1.386, 2.4255],
							"pivot": [-2.19026, 0.53128, 10.20427],
							"rotation": [-179.75, 0, 180],
							"uv": {
								"north": {"uv": [15, 9], "uv_size": [1, 1]},
								"east": {"uv": [13, 2], "uv_size": [2, 1]},
								"south": {"uv": [10, 15], "uv_size": [1, 1]},
								"west": {"uv": [3, 13], "uv_size": [2, 1]},
								"up": {"uv": [5, 13], "uv_size": [1, 2]},
								"down": {"uv": [13, 7], "uv_size": [1, -2]}
							}
						},
						{
							"origin": [0.24603, 10.23598, -10.12674],
							"size": [0.4158, 1.386, 9.3555],
							"pivot": [-2.19026, 0.53128, 10.20427],
							"rotation": [-175.25, 0, 180],
							"uv": {
								"north": {"uv": [15, 10], "uv_size": [1, 1]},
								"east": {"uv": [2, 2], "uv_size": [7, 1]},
								"south": {"uv": [13, 15], "uv_size": [1, 1]},
								"west": {"uv": [2, 3], "uv_size": [7, 1]},
								"up": {"uv": [2, 4], "uv_size": [1, 7]},
								"down": {"uv": [3, 11], "uv_size": [1, -7]}
							}
						},
						{
							"origin": [0.24603, 2.63005, -24.13675],
							"size": [0.4158, 1.386, 5.8905],
							"pivot": [-2.19026, 0.53128, 10.20427],
							"rotation": [167.25, 0, -180],
							"uv": {
								"north": {"uv": [15, 13], "uv_size": [1, 1]},
								"east": {"uv": [4, 10], "uv_size": [4, 1]},
								"south": {"uv": [14, 15], "uv_size": [1, 1]},
								"west": {"uv": [10, 4], "uv_size": [4, 1]},
								"up": {"uv": [8, 10], "uv_size": [1, 4]},
								"down": {"uv": [10, 12], "uv_size": [1, -4]}
							}
						},
						{
							"origin": [-2.87247, 9.08634, -24.76993],
							"size": [0.8316, 2.772, 3.1185],
							"pivot": [-2.19026, 0.53128, 10.20427],
							"rotation": [-180, 0, 180],
							"uv": {
								"north": {"uv": [6, 13], "uv_size": [1, 2]},
								"east": {"uv": [7, 0], "uv_size": [2, 2]},
								"south": {"uv": [13, 7], "uv_size": [1, 2]},
								"west": {"uv": [11, 0], "uv_size": [2, 2]},
								"up": {"uv": [13, 9], "uv_size": [1, 2]},
								"down": {"uv": [10, 15], "uv_size": [1, -2]}
							}
						},
						{
							"origin": [-2.87247, 2.55842, -25.62209],
							"size": [0.8316, 7.68174, 0.92275],
							"pivot": [-2.19026, 0.53128, 10.20427],
							"rotation": [175.75, 0, -180],
							"uv": {
								"north": {"uv": [4, 4], "uv_size": [1, 6]},
								"east": {"uv": [5, 4], "uv_size": [1, 6]},
								"south": {"uv": [6, 4], "uv_size": [1, 6]},
								"west": {"uv": [7, 4], "uv_size": [1, 6]},
								"up": {"uv": [15, 14], "uv_size": [1, 1]},
								"down": {"uv": [15, 16], "uv_size": [1, -1]}
							}
						},
						{
							"origin": [-2.87247, -2.17872, -25.90009],
							"size": [0.8316, 1.09431, 2.073],
							"pivot": [-2.19026, 0.53128, 10.20427],
							"rotation": [157.5, 0, -180],
							"uv": {
								"north": {"uv": [0, 16], "uv_size": [1, 1]},
								"east": {"uv": [1, 16], "uv_size": [1, 1]},
								"south": {"uv": [16, 1], "uv_size": [1, 1]},
								"west": {"uv": [16, 2], "uv_size": [1, 1]},
								"up": {"uv": [3, 16], "uv_size": [1, 1]},
								"down": {"uv": [16, 4], "uv_size": [1, -1]}
							}
						},
						{
							"origin": [-2.87247, -14.40046, -20.61831],
							"size": [0.8316, 0.4158, 0.28776],
							"pivot": [-2.19026, 0.53128, 10.20427],
							"rotation": [135, 0, -180],
							"uv": {
								"north": {"uv": [4, 16], "uv_size": [1, 1]},
								"east": {"uv": [16, 4], "uv_size": [1, 1]},
								"south": {"uv": [5, 16], "uv_size": [1, 1]},
								"west": {"uv": [16, 5], "uv_size": [1, 1]},
								"up": {"uv": [6, 16], "uv_size": [1, 1]},
								"down": {"uv": [16, 7], "uv_size": [1, -1]}
							}
						},
						{
							"origin": [-2.87247, 21.02093, -18.46187],
							"size": [0.8316, 0.693, 1.7325],
							"pivot": [-2.19026, 0.53128, 10.20427],
							"rotation": [-157.5, 0, 180],
							"uv": {
								"north": {"uv": [7, 16], "uv_size": [1, 1]},
								"east": {"uv": [16, 7], "uv_size": [1, 1]},
								"south": {"uv": [8, 16], "uv_size": [1, 1]},
								"west": {"uv": [16, 8], "uv_size": [1, 1]},
								"up": {"uv": [9, 16], "uv_size": [1, 1]},
								"down": {"uv": [16, 10], "uv_size": [1, -1]}
							}
						},
						{
							"origin": [-2.87247, 33.53766, -1.03771],
							"size": [0.8316, 0.7623, 1.7325],
							"pivot": [-2.19026, 0.53128, 10.20427],
							"rotation": [-120.5, 0, 180],
							"uv": {
								"north": {"uv": [10, 16], "uv_size": [1, 1]},
								"east": {"uv": [16, 10], "uv_size": [1, 1]},
								"south": {"uv": [11, 16], "uv_size": [1, 1]},
								"west": {"uv": [16, 11], "uv_size": [1, 1]},
								"up": {"uv": [12, 16], "uv_size": [1, 1]},
								"down": {"uv": [16, 13], "uv_size": [1, -1]}
							}
						},
						{
							"origin": [-2.87247, 35.21984, 5.83679],
							"size": [0.8316, 0.693, 2.9799],
							"pivot": [-2.19026, 0.53128, 10.20427],
							"rotation": [-104.75, 0, 180],
							"uv": {
								"north": {"uv": [13, 16], "uv_size": [1, 1]},
								"east": {"uv": [13, 3], "uv_size": [2, 1]},
								"south": {"uv": [16, 13], "uv_size": [1, 1]},
								"west": {"uv": [11, 13], "uv_size": [2, 1]},
								"up": {"uv": [13, 13], "uv_size": [1, 2]},
								"down": {"uv": [14, 2], "uv_size": [1, -2]}
							}
						},
						{
							"origin": [0.10743, -14.40046, -20.61831],
							"size": [0.8316, 0.4158, 0.28776],
							"pivot": [-2.19026, 0.53128, 10.20427],
							"rotation": [135, 0, -180],
							"uv": {
								"north": {"uv": [14, 16], "uv_size": [1, 1]},
								"east": {"uv": [16, 14], "uv_size": [1, 1]},
								"south": {"uv": [15, 16], "uv_size": [1, 1]},
								"west": {"uv": [16, 15], "uv_size": [1, 1]},
								"up": {"uv": [16, 16], "uv_size": [1, 1]},
								"down": {"uv": [0, 18], "uv_size": [1, -1]}
							}
						},
						{
							"origin": [0.10743, 35.21984, 5.83679],
							"size": [0.8316, 0.693, 2.9799],
							"pivot": [-2.19026, 0.53128, 10.20427],
							"rotation": [-104.75, 0, 180],
							"uv": {
								"north": {"uv": [17, 0], "uv_size": [1, 1]},
								"east": {"uv": [3, 14], "uv_size": [2, 1]},
								"south": {"uv": [1, 17], "uv_size": [1, 1]},
								"west": {"uv": [14, 4], "uv_size": [2, 1]},
								"up": {"uv": [14, 5], "uv_size": [1, 2]},
								"down": {"uv": [7, 16], "uv_size": [1, -2]}
							}
						},
						{
							"origin": [0.10743, 33.53766, -1.03771],
							"size": [0.8316, 0.7623, 1.7325],
							"pivot": [-2.19026, 0.53128, 10.20427],
							"rotation": [-120.5, 0, 180],
							"uv": {
								"north": {"uv": [17, 1], "uv_size": [1, 1]},
								"east": {"uv": [2, 17], "uv_size": [1, 1]},
								"south": {"uv": [17, 2], "uv_size": [1, 1]},
								"west": {"uv": [3, 17], "uv_size": [1, 1]},
								"up": {"uv": [17, 3], "uv_size": [1, 1]},
								"down": {"uv": [4, 18], "uv_size": [1, -1]}
							}
						},
						{
							"origin": [0.10743, 21.02093, -18.46187],
							"size": [0.8316, 0.693, 1.7325],
							"pivot": [-2.19026, 0.53128, 10.20427],
							"rotation": [-157.5, 0, 180],
							"uv": {
								"north": {"uv": [17, 4], "uv_size": [1, 1]},
								"east": {"uv": [5, 17], "uv_size": [1, 1]},
								"south": {"uv": [17, 5], "uv_size": [1, 1]},
								"west": {"uv": [6, 17], "uv_size": [1, 1]},
								"up": {"uv": [17, 6], "uv_size": [1, 1]},
								"down": {"uv": [7, 18], "uv_size": [1, -1]}
							}
						},
						{
							"origin": [0.10743, -2.17872, -25.90009],
							"size": [0.8316, 1.09431, 2.073],
							"pivot": [-2.19026, 0.53128, 10.20427],
							"rotation": [157.5, 0, -180],
							"uv": {
								"north": {"uv": [17, 7], "uv_size": [1, 1]},
								"east": {"uv": [8, 17], "uv_size": [1, 1]},
								"south": {"uv": [17, 8], "uv_size": [1, 1]},
								"west": {"uv": [9, 17], "uv_size": [1, 1]},
								"up": {"uv": [17, 9], "uv_size": [1, 1]},
								"down": {"uv": [10, 18], "uv_size": [1, -1]}
							}
						},
						{
							"origin": [0.10743, 11.4132, -24.80406],
							"size": [0.8316, 1.44191, 1.03396],
							"pivot": [-2.19026, 0.53128, 10.20427],
							"rotation": [-180, 0, 180],
							"uv": {
								"north": {"uv": [17, 10], "uv_size": [1, 1]},
								"east": {"uv": [11, 17], "uv_size": [1, 1]},
								"south": {"uv": [17, 11], "uv_size": [1, 1]},
								"west": {"uv": [12, 17], "uv_size": [1, 1]},
								"up": {"uv": [17, 12], "uv_size": [1, 1]},
								"down": {"uv": [13, 18], "uv_size": [1, -1]}
							}
						},
						{
							"origin": [0.10743, 2.55842, -25.62209],
							"size": [0.8316, 7.68174, 0.92275],
							"pivot": [-2.19026, 0.53128, 10.20427],
							"rotation": [175.75, 0, -180],
							"uv": {
								"north": {"uv": [8, 4], "uv_size": [1, 6]},
								"east": {"uv": [0, 9], "uv_size": [1, 6]},
								"south": {"uv": [9, 0], "uv_size": [1, 6]},
								"west": {"uv": [1, 9], "uv_size": [1, 6]},
								"up": {"uv": [17, 13], "uv_size": [1, 1]},
								"down": {"uv": [14, 18], "uv_size": [1, -1]}
							}
						},
						{
							"origin": [0.10743, 9.08634, -24.76993],
							"size": [0.8316, 2.772, 3.1185],
							"pivot": [-2.19026, 0.53128, 10.20427],
							"rotation": [-180, 0, 180],
							"uv": {
								"north": {"uv": [14, 7], "uv_size": [1, 2]},
								"east": {"uv": [2, 11], "uv_size": [2, 2]},
								"south": {"uv": [8, 14], "uv_size": [1, 2]},
								"west": {"uv": [11, 2], "uv_size": [2, 2]},
								"up": {"uv": [14, 9], "uv_size": [1, 2]},
								"down": {"uv": [11, 16], "uv_size": [1, -2]}
							}
						},
						{
							"origin": [-0.87188, 2.2955, -25.62209],
							"size": [0.79695, 1.30614, 0.92275],
							"pivot": [-2.19026, 0.53128, 10.20427],
							"rotation": [176.07246, -1.62513, 157.55573],
							"uv": {
								"north": {"uv": [17, 14], "uv_size": [1, 1]},
								"east": {"uv": [15, 17], "uv_size": [1, 1]},
								"south": {"uv": [17, 15], "uv_size": [1, 1]},
								"west": {"uv": [16, 17], "uv_size": [1, 1]},
								"up": {"uv": [17, 16], "uv_size": [1, 1]},
								"down": {"uv": [17, 18], "uv_size": [1, -1]}
							}
						},
						{
							"origin": [-2.04479, 1.35904, -25.62209],
							"size": [0.79695, 1.30614, 0.92275],
							"pivot": [-2.19026, 0.53128, 10.20427],
							"rotation": [176.07246, 1.62513, -157.55573],
							"uv": {
								"north": {"uv": [0, 18], "uv_size": [1, 1]},
								"east": {"uv": [18, 0], "uv_size": [1, 1]},
								"south": {"uv": [1, 18], "uv_size": [1, 1]},
								"west": {"uv": [18, 1], "uv_size": [1, 1]},
								"up": {"uv": [2, 18], "uv_size": [1, 1]},
								"down": {"uv": [18, 3], "uv_size": [1, -1]}
							}
						},
						{
							"origin": [-2.99046, 1.02747, -25.62209],
							"size": [0.65835, 1.44975, 0.92275],
							"pivot": [-2.19026, 0.53128, 10.20427],
							"rotation": [180, -4.25, 90],
							"uv": {
								"north": {"uv": [3, 18], "uv_size": [1, 1]},
								"east": {"uv": [18, 3], "uv_size": [1, 1]},
								"south": {"uv": [4, 18], "uv_size": [1, 1]},
								"west": {"uv": [18, 4], "uv_size": [1, 1]},
								"up": {"uv": [5, 18], "uv_size": [1, 1]},
								"down": {"uv": [18, 6], "uv_size": [1, -1]}
							}
						},
						{
							"origin": [-1.73909, 0.28072, -25.62209],
							"size": [0.7623, 0.95964, 0.92275],
							"pivot": [-2.19026, 0.53128, 10.20427],
							"rotation": [176.99204, 3.00382, -135.07888],
							"uv": {
								"north": {"uv": [6, 18], "uv_size": [1, 1]},
								"east": {"uv": [18, 6], "uv_size": [1, 1]},
								"south": {"uv": [7, 18], "uv_size": [1, 1]},
								"west": {"uv": [18, 7], "uv_size": [1, 1]},
								"up": {"uv": [8, 18], "uv_size": [1, 1]},
								"down": {"uv": [18, 9], "uv_size": [1, -1]}
							}
						},
						{
							"origin": [-1.67339, 2.01106, -25.62209],
							"size": [0.7623, 0.95964, 0.92275],
							"pivot": [-2.19026, 0.53128, 10.20427],
							"rotation": [176.99204, -3.00382, 135.07888],
							"uv": {
								"north": {"uv": [9, 18], "uv_size": [1, 1]},
								"east": {"uv": [18, 9], "uv_size": [1, 1]},
								"south": {"uv": [10, 18], "uv_size": [1, 1]},
								"west": {"uv": [18, 10], "uv_size": [1, 1]},
								"up": {"uv": [11, 18], "uv_size": [1, 1]},
								"down": {"uv": [18, 12], "uv_size": [1, -1]}
							}
						},
						{
							"origin": [-2.87247, 11.4132, -24.80406],
							"size": [0.8316, 1.44191, 1.03396],
							"pivot": [-2.19026, 0.53128, 10.20427],
							"rotation": [-180, 0, 180],
							"uv": {
								"north": {"uv": [12, 18], "uv_size": [1, 1]},
								"east": {"uv": [18, 12], "uv_size": [1, 1]},
								"south": {"uv": [13, 18], "uv_size": [1, 1]},
								"west": {"uv": [18, 13], "uv_size": [1, 1]},
								"up": {"uv": [14, 18], "uv_size": [1, 1]},
								"down": {"uv": [18, 15], "uv_size": [1, -1]}
							}
						},
						{
							"origin": [-2.59527, 9.28903, -1.65195],
							"size": [0.4158, 1.386, 2.079],
							"pivot": [-2.19026, 0.53128, 10.20427],
							"rotation": [-180, 0, 180],
							"uv": {
								"north": {"uv": [15, 18], "uv_size": [1, 1]},
								"east": {"uv": [14, 11], "uv_size": [2, 1]},
								"south": {"uv": [18, 15], "uv_size": [1, 1]},
								"west": {"uv": [14, 12], "uv_size": [2, 1]},
								"up": {"uv": [12, 14], "uv_size": [1, 2]},
								"down": {"uv": [14, 15], "uv_size": [1, -2]}
							}
						},
						{
							"origin": [0.24603, 9.28903, -1.65195],
							"size": [0.4158, 1.386, 2.079],
							"pivot": [-2.19026, 0.53128, 10.20427],
							"rotation": [-180, 0, 180],
							"uv": {
								"north": {"uv": [16, 18], "uv_size": [1, 1]},
								"east": {"uv": [0, 15], "uv_size": [2, 1]},
								"south": {"uv": [18, 16], "uv_size": [1, 1]},
								"west": {"uv": [15, 0], "uv_size": [2, 1]},
								"up": {"uv": [15, 1], "uv_size": [1, 2]},
								"down": {"uv": [2, 17], "uv_size": [1, -2]}
							}
						}
					]
				},
				{
					"name": "_ca_stock",
					"parent": "stockattachment",
					"pivot": [-3.40137, 9.97571, 20.51459],
					"cubes": [
						{
							"origin": [-3.90137, 9.47571, 20.01459],
							"size": [1, 1, 1],
							"uv": {
								"north": {"uv": [43, 120], "uv_size": [1, 1]},
								"east": {"uv": [117, 46], "uv_size": [1, 1]},
								"south": {"uv": [44, 120], "uv_size": [1, 1]},
								"west": {"uv": [117, 47], "uv_size": [1, 1]},
								"up": {"uv": [45, 120], "uv_size": [1, 1]},
								"down": {"uv": [117, 49], "uv_size": [1, -1]}
							}
						}
					]
				}
			]
		}
	]
}