{
	"format_version": "1.12.0",
	"minecraft:geometry": [
		{
			"description": {
				"identifier": "geometry.unknown",
				"texture_width": 16,
				"texture_height": 16,
				"visible_bounds_width": 2,
				"visible_bounds_height": 2.5,
				"visible_bounds_offset": [0, 0.75, 0]
			},
			"bones": [
				{
					"name": "bone",
					"pivot": [0, 0, 0],
					"cubes": [
						{
							"origin": [-2, 0, -2],
							"size": [4, 7, 4],
							"uv": {
								"north": {"uv": [0, 0], "uv_size": [4, 7]},
								"east": {"uv": [4, 0], "uv_size": [4, 7]},
								"south": {"uv": [0, 7], "uv_size": [4, 7]},
								"west": {"uv": [4, 7], "uv_size": [4, 7]},
								"up": {"uv": [8, 0], "uv_size": [4, 4]},
								"down": {"uv": [8, 8], "uv_size": [4, -4]}
							}
						},
						{
							"origin": [-1, 7, -1],
							"size": [2, 3, 2],
							"uv": {
								"north": {"uv": [8, 8], "uv_size": [2, 3]},
								"east": {"uv": [10, 8], "uv_size": [2, 3]},
								"south": {"uv": [8, 11], "uv_size": [2, 3]},
								"west": {"uv": [10, 11], "uv_size": [2, 3]},
								"up": {"uv": [12, 0], "uv_size": [2, 2]},
								"down": {"uv": [12, 4], "uv_size": [2, -2]}
							}
						},
						{
							"origin": [-0.5, 8.5, -1.5],
							"size": [1, 1, 0.5],
							"pivot": [0, 9, -1.25],
							"rotation": [0, 0, -22.5],
							"uv": {
								"north": {"uv": [12, 4], "uv_size": [1, 1]},
								"east": {"uv": [12, 5], "uv_size": [1, 1]},
								"south": {"uv": [12, 6], "uv_size": [1, 1]},
								"west": {"uv": [12, 7], "uv_size": [1, 1]},
								"up": {"uv": [12, 8], "uv_size": [1, 1]},
								"down": {"uv": [12, 10], "uv_size": [1, -1]}
							}
						}
					]
				}
			]
		}
	]
}