{
	"format_version": "1.12.0",
	"minecraft:geometry": [
		{
			"description": {
				"identifier": "geometry.unknown",
				"texture_width": 32,
				"texture_height": 32,
				"visible_bounds_width": 4,
				"visible_bounds_height": 2.5,
				"visible_bounds_offset": [0, 0.75, 0]
			},
			"bones": [
				{
					"name": "mail",
					"pivot": [-3.87882, 10.09973, 16.47305],
					"cubes": [
						{
							"origin": [4.18638, 10.50948, 0.60588],
							"size": [0.40249, 1.50935, 8.20082],
							"pivot": [4.80974, 0.53128, 10.20427],
							"rotation": [-180, 0, 180],
							"uv": {
								"north": {"uv": [15, 21], "uv_size": [1, 1]},
								"east": {"uv": [8, 8], "uv_size": [6, 1]},
								"south": {"uv": [21, 17], "uv_size": [1, 1]},
								"west": {"uv": [8, 9], "uv_size": [6, 1]},
								"up": {"uv": [0, 10], "uv_size": [1, 6]},
								"down": {"uv": [1, 16], "uv_size": [1, -6]}
							}
						},
						{
							"origin": [4.55504, 11.39818, 0.60588],
							"size": [1.10353, 0.50312, 8.20082],
							"pivot": [4.80974, 0.53128, 10.20427],
							"rotation": [-180, 0, 180],
							"uv": {
								"north": {"uv": [21, 18], "uv_size": [1, 1]},
								"east": {"uv": [8, 10], "uv_size": [6, 1]},
								"south": {"uv": [20, 21], "uv_size": [1, 1]},
								"west": {"uv": [8, 11], "uv_size": [6, 1]},
								"up": {"uv": [8, 12], "uv_size": [1, 6]},
								"down": {"uv": [9, 18], "uv_size": [1, -6]}
							}
						},
						{
							"origin": [6.33494, 11.39818, 0.60588],
							"size": [1.13818, 0.50312, 8.20082],
							"pivot": [4.80974, 0.53128, 10.20427],
							"rotation": [-180, 0, 180],
							"uv": {
								"north": {"uv": [21, 21], "uv_size": [1, 1]},
								"east": {"uv": [12, 0], "uv_size": [6, 1]},
								"south": {"uv": [0, 22], "uv_size": [1, 1]},
								"west": {"uv": [12, 1], "uv_size": [6, 1]},
								"up": {"uv": [10, 12], "uv_size": [1, 6]},
								"down": {"uv": [11, 18], "uv_size": [1, -6]}
							}
						},
						{
							"origin": [4.18638, 10.02017, 0.5887],
							"size": [0.40249, 0.40249, 7.69771],
							"pivot": [4.80974, 0.53128, 10.20427],
							"rotation": [177, 0, -180],
							"uv": {
								"north": {"uv": [9, 24], "uv_size": [1, 1]},
								"east": {"uv": [16, 4], "uv_size": [6, 1]},
								"south": {"uv": [24, 9], "uv_size": [1, 1]},
								"west": {"uv": [16, 5], "uv_size": [6, 1]},
								"up": {"uv": [16, 14], "uv_size": [1, 6]},
								"down": {"uv": [4, 23], "uv_size": [1, -6]}
							}
						},
						{
							"origin": [4.58887, 10.02017, 0.08558],
							"size": [0.37055, 0.40249, 8.20082],
							"pivot": [4.80974, 0.53128, 10.20427],
							"rotation": [177, 0, -180],
							"uv": {
								"north": {"uv": [10, 24], "uv_size": [1, 1]},
								"east": {"uv": [17, 2], "uv_size": [6, 1]},
								"south": {"uv": [24, 10], "uv_size": [1, 1]},
								"west": {"uv": [17, 3], "uv_size": [6, 1]},
								"up": {"uv": [5, 17], "uv_size": [1, 6]},
								"down": {"uv": [6, 23], "uv_size": [1, -6]}
							}
						},
						{
							"origin": [7.41823, 10.02017, 0.5887],
							"size": [0.40249, 0.40249, 7.69771],
							"pivot": [4.80974, 0.53128, 10.20427],
							"rotation": [177, 0, -180],
							"uv": {
								"north": {"uv": [11, 24], "uv_size": [1, 1]},
								"east": {"uv": [17, 14], "uv_size": [6, 1]},
								"south": {"uv": [24, 11], "uv_size": [1, 1]},
								"west": {"uv": [17, 15], "uv_size": [6, 1]},
								"up": {"uv": [7, 17], "uv_size": [1, 6]},
								"down": {"uv": [17, 22], "uv_size": [1, -6]}
							}
						},
						{
							"origin": [7.04769, 10.02017, 0.08558],
							"size": [0.37055, 0.40249, 8.20082],
							"pivot": [4.80974, 0.53128, 10.20427],
							"rotation": [177, 0, -180],
							"uv": {
								"north": {"uv": [12, 24], "uv_size": [1, 1]},
								"east": {"uv": [18, 0], "uv_size": [6, 1]},
								"south": {"uv": [24, 12], "uv_size": [1, 1]},
								"west": {"uv": [18, 1], "uv_size": [6, 1]},
								"up": {"uv": [8, 18], "uv_size": [1, 6]},
								"down": {"uv": [9, 24], "uv_size": [1, -6]}
							}
						},
						{
							"origin": [7.41823, 10.50948, 0.60588],
							"size": [0.40249, 1.50935, 8.20082],
							"pivot": [4.80974, 0.53128, 10.20427],
							"rotation": [-180, 0, 180],
							"uv": {
								"north": {"uv": [13, 24], "uv_size": [1, 1]},
								"east": {"uv": [18, 12], "uv_size": [6, 1]},
								"south": {"uv": [24, 13], "uv_size": [1, 1]},
								"west": {"uv": [18, 13], "uv_size": [6, 1]},
								"up": {"uv": [10, 18], "uv_size": [1, 6]},
								"down": {"uv": [11, 24], "uv_size": [1, -6]}
							}
						}
					]
				},
				{
					"name": "_cb_raillaser",
					"parent": "mail",
					"pivot": [-3.37882, 11.59973, 15.97305],
					"cubes": [
						{
							"origin": [3.12118, 11.09973, 15.47305],
							"size": [1, 1, 1],
							"uv": {
								"north": {"uv": [31, 117], "uv_size": [1, 1]},
								"east": {"uv": [102, 46], "uv_size": [1, 1]},
								"south": {"uv": [32, 117], "uv_size": [1, 1]},
								"west": {"uv": [102, 47], "uv_size": [1, 1]},
								"up": {"uv": [33, 117], "uv_size": [1, 1]},
								"down": {"uv": [102, 49], "uv_size": [1, -1]}
							}
						}
					]
				},
				{
					"name": "_ca_mount",
					"parent": "mail",
					"pivot": [-3.37882, 10.59973, 15.97305],
					"cubes": [
						{
							"origin": [3.12118, 10.09973, 15.47305],
							"size": [1, 1, 1],
							"uv": {
								"north": {"uv": [31, 117], "uv_size": [1, 1]},
								"east": {"uv": [102, 46], "uv_size": [1, 1]},
								"south": {"uv": [32, 117], "uv_size": [1, 1]},
								"west": {"uv": [102, 47], "uv_size": [1, 1]},
								"up": {"uv": [33, 117], "uv_size": [1, 1]},
								"down": {"uv": [102, 49], "uv_size": [1, -1]}
							}
						}
					]
				}
			]
		}
	]
}