{
  "name" : "cr_flea",
  "type": "Gun",
  "maxAmmoCapacity" : 4,
  "maxAmmoPerReloadIteration" : 1,
  "compatibleAmmo" : ["shrapnel"],
  "pelletCount" : 20,
  "pelletSpread" : 0.07,
  "damage" : 1,
  "rpm" : 89,
  "reloadCooldownDuration" : 2500,
  "fireModes" : ["SINGLE"],
  "fireSound" : "m590",
  "drawCooldownDuration" : 800,
  "aimingZoom" : 0.1,
  "gunRecoilInitialAmplitude" : 0.8,
  "shakeRecoilAmplitude" : 0.65,
  "shakeRecoilSpeed" : 3.5,
  "viewRecoilAmplitude" : 7,
  "inspectCooldownDuration" : 3700,
  "bobbing": 0.3,
  "bobbingOnAim": 0.15,
  "compatibleAttachmentGroups": [
    "kp_shortscope_group",
    "kp_longscope_group",
    "kp_grip_group",
    "kp_downrail_group"
    ],
   "features": [
  {
    "type": "Aiming",
    "zoom": 0.1,
    "condition": {
    "doesNotHaveAttachmentGroup": "kp_allscope_group"
    }
    },
 {
 "type": "MuzzleFlash",
 "effects": [
         { 
     "phase": "firing",
     "name": "kp_wflash_small"
     }
 ],
 "condition": {
 "allOf": [
 {
 "isUsingDefaultMuzzle": true
 },
 {
 "doesNotHaveAttachmentGroup": "kp_allsuppressor_group"
 }
 ]
 }
 },
 {
 "type": "Sound",
 "fireSound": "aug_silenced",
 "fireSoundVolume": 1,
 "condition": {
 "allOf": [
 {
 "hasAttachmentGroup": "kp_allsuppressor_group"
 }
 ]
 }
 }
 ],
  "phasedReloads": [
    {
      "phase": "PREPARING",
      "condition": "reloadIterationIndex == -1",
      "duration": 250,
      "animation": "animation.model.preparealt"
    },
    {
      "phase": "PREPARING",
      "condition": "reloadIterationIndex >= 0",
      "duration": 250,
      "animation": "animation.model.prepare"
    },
    {
      "phase": "RELOADING",
      "condition": "reloadIterationIndex == 0",
      "duration": 1440,
      "animation": "animation.model.chamberload",
      "shakeEffects": [
        {
          "start": 0,
          "duration": 1500,
          "initialAmplitude": 0.1,
          "rateOfAmplitudeDecay": 0.8
        },
        {
          "start": 300,
          "duration": 500,
          "initialAmplitude": 0.2,
          "rateOfAmplitudeDecay": 0.3
        },
        {
          "start": 800,
          "duration": 600,
          "initialAmplitude": 0.15,
          "rateOfAmplitudeDecay": 0.4
        },
        {
          "start": 1190,
          "duration": 400,
          "initialAmplitude": 0.2,
          "rateOfAmplitudeDecay": 0.3
        }
      ]
    },
    {
      "phase": "RELOADING",
      "condition": "reloadIterationIndex > 0",
      "duration": 650,
      "animation": "animation.model.iterativeload",						
      "shakeEffects": [
        {
          "start": 0,
          "duration": 1000,
          "initialAmplitude": 0.1,
          "rateOfAmplitudeDecay": 0.8
        },
        {
          "start": 400,
          "duration": 600,
          "initialAmplitude": 0.2,
          "rateOfAmplitudeDecay": 0.5
        }
      ]
    },
    {
      "phase": "COMPLETETING",
      "condition": "reloadIterationIndex >= 0",
      "duration": 500,
      "animation": "animation.model.finish"
    }
  ]
}