{
  "name" : "cr_spear",
  "type": "Gun",
  "maxAmmoCapacity" : 1,
  "maxAmmoPerReloadIteration" : 1,
  "compatibleAmmo" : ["rocket"],
  "pelletCount" : 1,
  "pelletSpread" : 0.05,
  "damage" : 10,
  "rpm" : 100,
  "reloadCooldownDuration" : 5070,
  "fireModes" : ["SINGLE"],
  "fireSound" : "rocketlaunch",
  "drawCooldownDuration" : 800,
  "aimingZoom" : 0.1,
  "gunRecoilInitialAmplitude" : 0.8,
  "shakeRecoilAmplitude" : 0.65,
  "shakeRecoilSpeed" : 3.5,
  "viewRecoilAmplitude" : 7,
  "inspectCooldownDuration" : 3700,
  "bobbing": 0.7,
  "bobbingOnAim": 0.25,
  "compatibleAttachmentGroups": [
    "kp_sidescope_group",
    "kp_grip_group"
    ],
   "features": [
  {
    "type": "Aiming",
    "zoom": 0.1,
    "condition": {
    "doesNotHaveAttachmentGroup": "kp_allscope_group"
    }
    }
 ],
  "phasedReloads": [
    {
      "phase": "RELOADING",
      "condition": "reloadIterationIndex == 0",
      "duration": 5070,
      "animation": "animation.model.reloadempty",
      "shakeEffects": [
        {
          "start": 0,
          "duration": 1500,
          "initialAmplitude": 0.2,
          "rateOfAmplitudeDecay": 0.8
        },
        {
          "start": 250,
          "duration": 1000,
          "initialAmplitude": 0.2,
          "rateOfAmplitudeDecay": 0.5
        },
        {
          "start": 800,
          "duration": 1000,
          "initialAmplitude": 0.15,
          "rateOfAmplitudeDecay": 0.5
        },
        {
          "start": 1100,
          "duration": 600,
          "initialAmplitude": 0.2,
          "rateOfAmplitudeDecay": 0.3
        },
        {
          "start": 1600,
          "duration": 400,
          "initialAmplitude": 0.35,
          "rateOfAmplitudeDecay": 0.3
        }
      ]
    }
  ]
}