{
    "name": "pressureaccelerator",
    "type": "Attachment",
    "category": "muzzle",
    "groups": [
    "kp_gassuppressor_group"
    ],
    "features": [
        {
            "type": "Recoil",
            "recoilModifier": 1.2,
            "condition": {
 "hasAttachmentGroup": "kp_holdsuppressor_group"
 }
            },
            {
                "type": "Accuracy",
                "accuracyModifier": 1.2
                },
                {
                    "type": "Damage",
                    "hitScanDamageModifier": 1.2
                    }
            ]
           }