{
  "name" : "x_cross_star",
  "type": "Gun",
  "maxAmmoCapacity" : 5,
  "compatibleAmmo" : ["dart"],
  "pelletCount" : 1,
  "pelletSpread" : 0.003,
  "damage" : 20.0,
  "rpm" : 34,
  "fireModes" : ["SINGLE"],
  "fireSound" : "steamshot6",
  "drawCooldownDuration" : 650,
  "aimingZoom" : 0.1,
  "gunRecoilInitialAmplitude" : 0.9,
  "shakeRecoilAmplitude" : 0.48,
  "shakeRecoilSpeed" : 1,
  "viewRecoilAmplitude" : 2,
  "inspectCooldownDuration": 4270,
  "bobbing": 0.3,
  "bobbingOnAim": 0.15,
  "prepareFireCooldownDuration": 1250,
  "compatibleAttachmentGroups": [
    "kp_shortscope_group",
    "kp_longscope_group",
    "kp_grip_group",
    "kp_downrail_group"
    ],
    "features": [
  {
    "type": "Aiming",
    "zoom": 0.1,
    "condition": {
    "doesNotHaveAttachmentGroup": "kp_allscope_group"
    }
    }
 ],
  "phasedReloads": [
    {
      "phase": "RELOADING",
      "condition": "reloadIterationIndex == 0",
      "duration": 3200,
      "animation": "animation.model.reloadempty",
      "shakeEffects": [
        {
          "start": 0,
          "duration": 1500,
          "initialAmplitude": 0.2,
          "rateOfAmplitudeDecay": 0.8
        },
        {
          "start": 250,
          "duration": 1000,
          "initialAmplitude": 0.2,
          "rateOfAmplitudeDecay": 0.5
        },
        {
          "start": 800,
          "duration": 1000,
          "initialAmplitude": 0.15,
          "rateOfAmplitudeDecay": 0.5
        },
        {
          "start": 1100,
          "duration": 600,
          "initialAmplitude": 0.2,
          "rateOfAmplitudeDecay": 0.3
        },
        {
          "start": 1600,
          "duration": 400,
          "initialAmplitude": 0.35,
          "rateOfAmplitudeDecay": 0.3
        }
      ]
    },
    {
      "phase": "RELOADING",
      "condition": "reloadIterationIndex > 0",
      "duration": 1600,
      "animation": "animation.model.reload",						
      "shakeEffects": [
        {
          "start": 0,
          "duration": 1500,
          "initialAmplitude": 0.2,
          "rateOfAmplitudeDecay": 0.8
        },
        {
          "start": 600,
          "duration": 1000,
          "initialAmplitude": 0.15,
          "rateOfAmplitudeDecay": 0.5
        },
        {
          "start": 900,
          "duration": 800,
          "initialAmplitude": 0.17,
          "rateOfAmplitudeDecay": 0.5
        },
        {
          "start": 1000,
          "duration": 400,
          "initialAmplitude": 0.22,
          "rateOfAmplitudeDecay": 0.6
        }
      ]
    }
  ],
  "effects": [
    { 
      "phase": "hit_scan_acquired",
      "name": "st_tracer"
      }
    ]
}