{
  "name" : "x_dila",
  "type": "Gun",
  "maxAmmoCapacity" : 14,
  "compatibleAmmo" : ["ammocreative","whistle_max"],
  "pelletCount" : 1,
  "pelletSpread" : 0.01,
  "damage" : 15.0,
  "rpm" : 700,
  "fireModes" : ["BURST"],
  "fireSound" : "steamshot",
  "drawCooldownDuration" : 1350,
  "aimingZoom" : 0.35,
  "gunRecoilInitialAmplitude" : 1.2,
  "shakeRecoilAmplitude" : 0.45,
  "shakeRecoilSpeed" : 2,
  "viewRecoilAmplitude" : 2,
  "inspectCooldownDuration": 4270,
  "bobbing": 0.3,
  "bobbingOnAim": 0.15,
  "completeFireCooldownDuration": 10,
  "compatibleAttachmentGroups": [
    "kp_shortscope_group",
    "kp_longscope_group",
    "kp_grip_group",
    "kp_downrail_group"
    ],
    "rotations": [
    {
      "phase": "fire",
      "modelPart": "spinny",
      "rpm": 300,
      "acceleration": 3.0,
      "deceleration": 1
    }
  ],
    "features": [
      {
        "type": "FireMode",
        "fireModes": [
        {
        "name": "doubleshot",
        "displayName": "label.pointblank.fireMode.doubleshot",
        "type": "BURST",
        "rpm": 700,
        "burstShots": 2,
        "damage": 13.0,
        "isUsingDefaultMuzzle": true,
        "animationName": "animation.x_dila.fire"
        }
        ]
       },
  {
    "type": "Aiming",
    "zoom": 0.1,
    "condition": {
    "doesNotHaveAttachmentGroup": "kp_allscope_group"
    }
    },
    {
      "type": "MuzzleFlash",
      "effects": [
              { 
          "phase": "firing",
          "name": "kp_wflash_small"
          }
      ]
    }
  ],
  "phasedReloads": [
    {
      "phase": "RELOADING",
      "condition": "reloadIterationIndex == 0",
      "duration": 2400,
      "animation": "animation.model.reloadempty",
      "shakeEffects": [
        {
          "start": 0,
          "duration": 1500,
          "initialAmplitude": 0.2,
          "rateOfAmplitudeDecay": 0.8
        },
        {
          "start": 250,
          "duration": 1000,
          "initialAmplitude": 0.2,
          "rateOfAmplitudeDecay": 0.5
        },
        {
          "start": 800,
          "duration": 1000,
          "initialAmplitude": 0.15,
          "rateOfAmplitudeDecay": 0.5
        },
        {
          "start": 1100,
          "duration": 600,
          "initialAmplitude": 0.2,
          "rateOfAmplitudeDecay": 0.3
        },
        {
          "start": 1600,
          "duration": 400,
          "initialAmplitude": 0.35,
          "rateOfAmplitudeDecay": 0.3
        }
      ]
    },
    {
      "phase": "RELOADING",
      "condition": "reloadIterationIndex > 0",
      "duration": 2130,
      "animation": "animation.model.reload",						
      "shakeEffects": [
        {
          "start": 0,
          "duration": 1500,
          "initialAmplitude": 0.2,
          "rateOfAmplitudeDecay": 0.8
        },
        {
          "start": 600,
          "duration": 1000,
          "initialAmplitude": 0.15,
          "rateOfAmplitudeDecay": 0.5
        },
        {
          "start": 900,
          "duration": 800,
          "initialAmplitude": 0.17,
          "rateOfAmplitudeDecay": 0.5
        },
        {
          "start": 1000,
          "duration": 400,
          "initialAmplitude": 0.22,
          "rateOfAmplitudeDecay": 0.6
        }
      ]
    }
  ],
  "effects": [
    { 
      "phase": "hit_scan_acquired",
      "name": "tracerminigun"
      }
    ]
}