{
	"format_version": "1.12.0",
	"minecraft:geometry": [
		{
			"description": {
				"identifier": "geometry.unknown",
				"texture_width": 512,
				"texture_height": 512,
				"visible_bounds_width": 11,
				"visible_bounds_height": 4,
				"visible_bounds_offset": [0, 1, 0]
			},
			"bones": [
				{
					"name": "main",
					"pivot": [0, 20, 0]
				},
				{
					"name": "gun",
					"parent": "main",
					"pivot": [3, 22, -28],
					"cubes": [
						{"origin": [3, 16, -22.25], "size": [1, 7, 9.75], "inflate": 0.001, "uv": [0, 73]},
						{"origin": [3, 22, -12.5], "size": [1, 1, 3.75], "pivot": [3, 23, -12.5], "rotation": [-15, 0, 0], "uv": [0, 73]},
						{"origin": [3, 16, -12.5], "size": [1, 6, 3.25], "inflate": 0.001, "uv": [39, 34]},
						{"origin": [-3, 19.75, -8.25], "size": [1, 2.05, 3.25], "inflate": 0.002, "pivot": [-3, 19.75, -5], "rotation": [50, 0, 0], "uv": [17, 47]},
						{"origin": [-3, 19.49768, -12.10927], "size": [1, 2.5, 3.25], "inflate": 0.0021, "pivot": [-3, 22, -8.9], "rotation": [67, 0, 0], "uv": [39, 47]},
						{"origin": [-3, 16.7, -6.65], "size": [1, 1, 2.25], "pivot": [-3, 16.7, -6.65], "rotation": [42.5, 0, 0], "uv": [54, 73]},
						{"origin": [-3, 22, -12.5], "size": [1, 1, 3.75], "pivot": [-3, 23, -12.5], "rotation": [-15, 0, 0], "uv": [61, 67]},
						{"origin": [-3, 16, -9.25], "size": [1, 3, 2.75], "inflate": 0.0011, "pivot": [-3, 16, -9.25], "rotation": [15, 0, 0], "uv": [21, 0]},
						{"origin": [-3, 16, -12.5], "size": [1, 6, 3.25], "inflate": 0.001, "uv": [0, 34]},
						{"origin": [3, 19.75, -8.25], "size": [1, 2.05, 3.25], "inflate": 0.002, "pivot": [3, 19.75, -5], "rotation": [50, 0, 0], "uv": [17, 52]},
						{"origin": [3, 19.49768, -12.10927], "size": [1, 2.5, 3.25], "inflate": 0.0021, "pivot": [3, 22, -8.9], "rotation": [67, 0, 0], "uv": [61, 61]},
						{"origin": [3, 16, -9.25], "size": [1, 3, 2.75], "inflate": 0.0011, "pivot": [3, 16, -9.25], "rotation": [15, 0, 0], "uv": [21, 13]},
						{"origin": [3, 16.7, -6.65], "size": [1, 1, 2.25], "pivot": [3, 16.7, -6.65], "rotation": [42.5, 0, 0], "uv": [75, 31]},
						{"origin": [-3, 16, -22.25], "size": [1, 7, 9.75], "inflate": 0.001, "uv": [0, 34]},
						{"origin": [-2, 16, -28.25], "size": [5, 7, 22.75], "inflate": 0.0011, "uv": [75, 75]},
						{"origin": [-2, 16, -31.25], "size": [5, 1, 3], "pivot": [-3, 16, -28.25], "rotation": [-20, 0, 0], "uv": [126, 14]},
						{"origin": [-2, 16, -5.5], "size": [5, 1, 3.75], "uv": [126, 18]},
						{"origin": [-2, 16, -1.85], "size": [5, 1, 4.1], "pivot": [0.25, 16, -1.75], "rotation": [-10, 0, 0], "uv": [32, 117]},
						{"origin": [-2, 22.5, -22.25], "size": [1.75, 1, 13.75], "pivot": [-2, 23.5, -17.5], "rotation": [0, 0, 17.5], "uv": [106, 118]},
						{"origin": [3, 21.96005, -14.38995], "size": [1, 1, 2], "pivot": [3, 23.2, -12.4], "rotation": [-25, 0, 0], "uv": [75, 46]},
						{"origin": [3, 24.21005, -14.36005], "size": [1, 1, 2.6], "pivot": [3, 25.4, -14.75], "rotation": [-60, 0, 0], "uv": [75, 43]},
						{"origin": [-3, 23, -22.25], "size": [1, 2, 7.5], "inflate": 0.002, "uv": [54, 73]},
						{"origin": [-2.575, 25.9, -22.25], "size": [1.075, 1.9, 3], "pivot": [-2.575, 25.9, -18.5], "rotation": [0, 0, 52.5], "uv": [75, 0]},
						{"origin": [-3.25, 24.75, -22.5], "size": [1, 1.5, 8], "inflate": -0.25, "pivot": [-3, 25, -18.5], "rotation": [0, 0, 25], "uv": [121, 29]},
						{"origin": [-3, 24.21005, -14.36005], "size": [1, 1, 2.6], "pivot": [-2, 25.4, -14.75], "rotation": [-60, 0, 0], "uv": [75, 40]},
						{"origin": [-3, 21.96005, -14.38995], "size": [1, 1, 2], "pivot": [-2, 23.2, -12.4], "rotation": [-25, 0, 0], "uv": [75, 34]},
						{"origin": [1.5, 23, -91], "size": [2, 2, 71.75], "uv": [75, 75]},
						{"origin": [-0.5, 21, -91], "size": [2, 2, 71.75], "uv": [0, 73]},
						{"origin": [-0.5, 25, -91], "size": [2, 2, 71.75], "uv": [0, 0]},
						{"origin": [-1.55, 26.35, -32.25], "size": [4.1, 1, 1], "inflate": -0.1, "pivot": [1.1, 26.85, -31.75], "rotation": [-20, 0, 0], "uv": [59, 24]},
						{"origin": [-1.25, 26, -31], "size": [3.5, 1.5, 11.75], "inflate": 0.001, "uv": [112, 59]},
						{"origin": [-0.75, 26.5, -32.5], "size": [2.5, 1, 1.5], "uv": [75, 58]},
						{"origin": [0.25, 26.5, -36.5], "size": [3, 3.5, 1.5], "inflate": -1, "uv": [62, 51]},
						{"origin": [0, 27, -88.5], "size": [1, 1.35, 6.5], "uv": [11, 34]},
						{"origin": [0, 26.65, -88.9], "size": [1, 1.1, 1], "pivot": [0.85, 27, -88.4], "rotation": [-27.5, 0, 0], "uv": [0, 0]},
						{"origin": [-0.15, 27.85, -89], "size": [1.3, 1.65, 7.5], "inflate": -0.5, "uv": [75, 112]},
						{"origin": [0.2, 27.85, -89], "size": [1.3, 1.4, 7.5], "inflate": -0.5, "pivot": [1, 28.35, -84.5], "rotation": [0, 0, -72.5], "uv": [75, 104]},
						{"origin": [0, 26.25, -82], "size": [1, 2.1, 5.5], "pivot": [-1.15, 28.35, -82], "rotation": [-17.5, 0, 0], "uv": [14, 0]},
						{"origin": [-2.25, 26.5, -36.5], "size": [3, 3.5, 1.5], "inflate": -1, "uv": [62, 47]},
						{"origin": [-1.25, 26.5, -36.5], "size": [3.5, 3, 1.5], "inflate": -1, "uv": [39, 52]},
						{"origin": [-1.25, 27.25, -36.5], "size": [3.5, 2.75, 1.5], "inflate": -1.001, "pivot": [1.25, 29, -69.5], "rotation": [0, 0, -37.5], "uv": [75, 19]},
						{"origin": [-1.5, 27.25, -37], "size": [4, 1, 1.25], "inflate": -0.252, "pivot": [0.1, 28, -36], "rotation": [45, 0, 0], "uv": [11, 41]},
						{"origin": [-1.5, 27.25, -35.75], "size": [4, 1, 1.25], "inflate": -0.251, "pivot": [-0.65, 28, -35.5], "rotation": [-45, 0, 0], "uv": [56, 11]},
						{"origin": [-1.25, 26, -32.5], "size": [3.5, 1, 1.5], "uv": [75, 29]},
						{"origin": [-1.25, 26, -44.25], "size": [3.5, 1.5, 11.75], "uv": [95, 58]},
						{"origin": [-1.25, 26, -48], "size": [3.5, 1.5, 3.75], "pivot": [0.1, 27.5, -44.25], "rotation": [20, 0, 0], "uv": [59, 16]},
						{"origin": [-0.91421, 23.17157, -91], "size": [1.75, 2.825, 71.75], "inflate": 0.0001, "pivot": [0.5, 26, -67], "rotation": [0, 0, 45], "uv": [150, 146]},
						{"origin": [-2.5, 23, -91], "size": [2, 2, 71.75], "uv": [75, 2]},
						{"origin": [0.16421, 23.17157, -91], "size": [1.75, 2.825, 71.75], "inflate": 0.0001, "pivot": [0.5, 26, -67], "rotation": [0, 0, -45], "uv": [150, 73]},
						{"origin": [-0.91421, 19.17157, -91], "size": [1.75, 2.825, 71.75], "pivot": [0.5, 22, -67], "rotation": [0, 0, -135], "uv": [75, 148]},
						{"origin": [0.16421, 19.17157, -91], "size": [1.75, 2.825, 71.75], "pivot": [0.5, 22, -67], "rotation": [0, 0, 135], "uv": [150, 0]},
						{"origin": [-3, 16, -25.25], "size": [7, 3, 3], "pivot": [3, 16, -22.25], "rotation": [-5, 0, 0], "uv": [124, 75]},
						{"origin": [-3, 16.25, -28.2], "size": [7, 3, 3], "inflate": 0.001, "pivot": [3, 16.25, -25.2], "rotation": [-20, 0, 0], "uv": [122, 89]},
						{"origin": [-3, 17.25, -30.45], "size": [7, 2, 2.5], "inflate": 0.002, "pivot": [3, 17.25, -27.95], "rotation": [-37.5, 0, 0], "uv": [33, 125]},
						{"origin": [-3, 18.75, -32.35], "size": [7, 2, 2.45], "inflate": 0.001, "pivot": [3, 18.75, -29.9], "rotation": [-55, 0, 0], "uv": [124, 81]},
						{"origin": [-3, 19, -29.5], "size": [7, 5.25, 7.25], "uv": [0, 125]},
						{"origin": [-2.75, 21, -49.5], "size": [6.5, 3.25, 20.25], "inflate": 0.001, "uv": [0, 102]},
						{"origin": [-3, 20.75, -31.3], "size": [7, 1.5, 1.05], "uv": [75, 95]},
						{"origin": [-3, 22.25, -31.3], "size": [7, 2.7, 2.05], "inflate": 0.0012, "pivot": [3, 22.25, -31.3], "rotation": [-42.5, 0, 0], "uv": [121, 38]},
						{"origin": [1.25, 22.5, -22.25], "size": [1.75, 1, 13.75], "pivot": [3, 23.5, -17.5], "rotation": [0, 0, -17.5], "uv": [39, 117]},
						{"origin": [3, 23, -22.25], "size": [1, 2, 7.5], "inflate": 0.002, "uv": [11, 73]},
						{"origin": [2.5, 24.5, -22.75], "size": [1.575, 1.9, 8.5], "inflate": -0.5, "uv": [92, 122]},
						{"origin": [2.15, 24.4, -17], "size": [1.375, 2, 2.75], "inflate": -0.5, "pivot": [3, 25.9, -15.25], "rotation": [0, 0, -20], "uv": [6, 13]},
						{"origin": [-3.075, 24.5, -22.75], "size": [1.575, 1.9, 8.5], "inflate": -0.5, "uv": [121, 118]},
						{"origin": [2.49457, 25.08899, -22.25], "size": [1.075, 1.9, 3], "pivot": [2.75, 25.5, -15.25], "rotation": [0, 0, -52.5], "uv": [63, 73]},
						{"origin": [-3, 17.25, -6.1], "size": [7, 1.75, 5], "inflate": 0.001, "pivot": [-0.25, 18.25, -1.1], "rotation": [-0.5, 0, 0], "uv": [0, 64]},
						{"origin": [-2.275, 17.225, -18.35], "size": [5.55, 1, 17.25], "inflate": 0.001, "pivot": [0.475, 18.25, -1.1], "rotation": [-0.5, 0, 0], "uv": [75, 104]},
						{"origin": [-0.1, 16.575, -8], "size": [4, 1.5, 7], "inflate": 0.1, "pivot": [2.5, 18.175, 9], "rotation": [-0.42859, 0.25752, 30.99904], "uv": [0, 89]},
						{"origin": [-2.9, 16.575, -8], "size": [4, 1.5, 7], "inflate": 0.1, "pivot": [-1.5, 18.175, 9], "rotation": [-0.42859, -0.25752, -30.99904], "uv": [107, 89]},
						{"origin": [-0.1, 16.65, -1.1], "size": [4, 1.5, 4], "inflate": 0.1, "pivot": [2.5, 18.25, -1], "rotation": [-9.45952, 5.63978, 30.533], "uv": [54, 124]},
						{"origin": [-2.9, 16.65, -1.1], "size": [4, 1.5, 4], "inflate": 0.1, "pivot": [-1.5, 18.25, -1], "rotation": [-9.45952, -5.63978, -30.533], "uv": [54, 82]},
						{"origin": [-3, 17.25, -2], "size": [7, 1.6, 8], "inflate": 0.002, "pivot": [-0.25, 17.25, -1.1], "rotation": [-10.75, 0, 0], "uv": [33, 89]},
						{"origin": [-2, 16.875, -0.75], "size": [5, 2, 7.75], "inflate": 0.001, "pivot": [-0.25, 16.875, 0.9], "rotation": [-50.75, 0, 0], "uv": [0, 50]},
						{"origin": [-2, 12.85, 1.1], "size": [5, 3, 6], "inflate": 0.002, "pivot": [-0.25, 12.85, 4], "rotation": [-77.75, 0, 0], "uv": [75, 86]},
						{"origin": [-2, 13.375, 3.575], "size": [5, 5, 6], "inflate": 0.001, "pivot": [-0.25, 13.375, 6.475], "rotation": [-69, 0, 0], "uv": [75, 75]},
						{"origin": [-3, 12.525, 9.575], "size": [7, 7, 3], "pivot": [-0.25, 19.525, 9.575], "rotation": [-74.75, 0, 0], "uv": [0, 102]},
						{"origin": [3, 12.67348, 6.36586], "size": [1, 7, 4.75], "pivot": [4, 15.525, 6.375], "rotation": [-75.09522, -3.26363, 12.07298], "uv": [0, 13]},
						{"origin": [-1.25, 19.525, 5.575], "size": [3.5, 1.75, 4.25], "pivot": [0.75, 20.525, 9.575], "rotation": [16.25, 0, 0], "uv": [87, 0]},
						{"origin": [-3.275, 19.525, 3.575], "size": [2.525, 1.4, 6], "pivot": [-1.5, 20.525, 9.575], "rotation": [12.5419, 10.41661, -39.10222], "uv": [102, 122]},
						{"origin": [-2, 21.925, -5.2], "size": [4.75, 1, 12.75], "inflate": 0.001, "pivot": [-0.5, 22.925, -5.45], "rotation": [-12.5, 0, 0], "uv": [106, 14]},
						{"origin": [-2, 22.075, -6.5], "size": [5, 1, 9], "inflate": 0.001, "pivot": [-0.5, 23.175, -5.45], "rotation": [-17.5, 0, 0], "uv": [106, 45]},
						{"origin": [-2.4, 20.925, -5.45], "size": [4, 1, 13], "inflate": -0.001, "pivot": [-0.9, 21.925, -5.45], "rotation": [-8.74707, 9.30398, 35.01303], "uv": [106, 0]},
						{"origin": [-2.7, 18.675, -5.45], "size": [1, 3.25, 13], "inflate": -0.001, "pivot": [-1.2, 21.925, -5.45], "rotation": [-11.61713, 5.27498, 12.68918], "uv": [106, 29]},
						{"origin": [-3, 19.475, -5.625], "size": [7, 1.25, 3], "pivot": [-1.5, 22.475, -5.625], "rotation": [-31.25, 0, 0], "uv": [75, 51]},
						{"origin": [0, 21.45, -3.6], "size": [1, 1, 2.5], "pivot": [0, 22.45, -2.6], "rotation": [-1.75, 0, 0], "uv": [20, 73]},
						{"origin": [-3, 12.525, 9.575], "size": [7, 7, 27], "inflate": 0.002, "pivot": [-0.25, 19.525, 9.575], "rotation": [-1.5, 0, 0], "uv": [0, 0]},
						{"origin": [-3, 6.525, 33.375], "size": [7, 6, 1], "inflate": 0.0022, "pivot": [-0.25, 12.525, 9.375], "rotation": [-1.5001, 0, 0], "uv": [129, 2]},
						{"origin": [-3, 6.275, 34.075], "size": [7, 6.25, 2.5], "inflate": 0.002, "pivot": [-0.25, 19.525, 9.575], "rotation": [-1.5, 0, 0], "uv": [123, 106]},
						{"origin": [-3, 12.675, 12.075], "size": [7, 5, 25], "inflate": 0.001, "pivot": [-0.25, 19.675, 10.075], "rotation": [-15.75, 0, 0], "uv": [0, 34]},
						{"origin": [-3, 18.675, 28.075], "size": [7, 3, 9], "inflate": -0.001, "pivot": [-0.25, 20.675, 11.075], "rotation": [-20.75, 0, 0], "uv": [39, 47]},
						{"origin": [-1.25, 19.275, 9.575], "size": [3.5, 2, 27], "pivot": [0.75, 20.525, 9.575], "rotation": [-1.5, 0, 0], "uv": [0, 73]},
						{"origin": [0.5, 18.1, 9.575], "size": [2.1, 2.425, 27], "inflate": -0.001, "pivot": [1.5, 20.525, 9.575], "rotation": [-1.07, -1.05131, -44.49018], "uv": [75, 29]},
						{"origin": [-1.6, 18.1, 9.575], "size": [2.1, 2.425, 27], "inflate": -0.001, "pivot": [-0.5, 20.525, 9.575], "rotation": [-1.07, 1.05131, 44.49018], "uv": [75, 0]},
						{"origin": [1.75, 19.525, 3.575], "size": [2.525, 1.4, 6], "pivot": [2.5, 20.525, 9.575], "rotation": [12.5419, -10.41661, 39.10222], "uv": [54, 117]},
						{"origin": [-3, 12.67348, 6.36586], "size": [1, 7, 4.75], "pivot": [-3, 15.525, 6.375], "rotation": [-75.09522, 3.26363, -12.07298], "uv": [0, 0]},
						{"origin": [2.7, 18.675, -5.45], "size": [1, 3.25, 13], "inflate": -0.001, "pivot": [2.2, 21.925, -5.45], "rotation": [-11.61713, -5.27498, -12.68918], "uv": [41, 0]},
						{"origin": [2.87555, 20.16719, -15.36248], "size": [1, 3.25, 10.35], "inflate": -0.25, "pivot": [3.85, 22.375, -5.45], "rotation": [-11.46389, 0.12185, -11.24749], "uv": [75, 13]},
						{"origin": [-0.6, 20.925, -5.45], "size": [4, 1, 13], "inflate": -0.001, "pivot": [1.9, 21.925, -5.45], "rotation": [-8.74707, -9.30398, -35.01303], "uv": [102, 104]},
						{"origin": [-2.525, 24.4, -17], "size": [1.375, 2, 2.75], "inflate": -0.5, "pivot": [-2, 25.9, -15.25], "rotation": [0, 0, 20], "uv": [6, 0]},
						{"origin": [-2.2, 22.4, -8.7], "size": [1.2, 1, 2.2], "pivot": [-1.5, 21.5, -7.5], "rotation": [-5, 12.5, 0], "uv": [0, 53]},
						{"origin": [-2.53288, 22.07779, -13.33053], "size": [1.7, 2, 5.35], "inflate": -0.5, "pivot": [-1.3, 23, -9.5], "rotation": [-4.90009, 5.02789, 0.65433], "uv": [41, 0]},
						{"origin": [2, 22.4, -8.7], "size": [1.2, 1, 2.2], "pivot": [2.5, 21.5, -7.5], "rotation": [-5, -12.5, 0], "uv": [0, 50]},
						{"origin": [1.83288, 22.07779, -13.33053], "size": [1.7, 2, 5.35], "inflate": -0.5, "pivot": [2.3, 23, -9.5], "rotation": [-4.90009, -5.02789, -0.65433], "uv": [14, 13]},
						{"origin": [-1, 11.275, -5.35], "size": [3, 1, 4], "inflate": -0.2, "pivot": [1.8, 11.475, -5.15], "rotation": [82.5, 0, 0], "uv": [33, 83]},
						{"origin": [-1, 10.15, -8.775], "size": [3, 1, 4], "inflate": -0.199, "pivot": [1.8, 10.35, -8.575], "rotation": [18.25, 0, 0], "uv": [33, 78]},
						{"origin": [-1, 10.15, -12.4], "size": [3, 1, 4], "inflate": -0.2, "pivot": [1.8, 10.35, -8.6], "rotation": [-18.25, 0, 0], "uv": [33, 73]},
						{"origin": [-1, 11.275, -15.825], "size": [3, 1, 4], "inflate": -0.199, "pivot": [1.8, 11.475, -12.025], "rotation": [-73, 0, 0], "uv": [56, 6]},
						{"origin": [-1, 15.30609, -20.63013], "size": [3, 1, 1.25], "inflate": -0.199, "pivot": [0.55, 15.825, -19.875], "rotation": [-45, 0, 0], "uv": [61, 42]},
						{"origin": [-1, 15.225, -20.075], "size": [3, 1, 15.25], "inflate": -0.199, "uv": [33, 73]},
						{"origin": [-1, 14.375, -11.025], "size": [3, 1.3, 6.5], "inflate": -0.199, "uv": [21, 125]},
						{"origin": [-1, 14.375, -5.275], "size": [3, 2.3, 6.5], "inflate": -0.199, "pivot": [1.8, 14.775, -5.225], "rotation": [20, 0, 0], "uv": [123, 98]},
						{"origin": [-1, 13.725, -13.825], "size": [3, 3.5, 3], "inflate": -0.199, "pivot": [1.8, 15.425, -12.025], "rotation": [35, 0, 0], "uv": [41, 7]},
						{"origin": [0, 11.55, -8.3], "size": [1, 4, 1], "inflate": -0.1, "pivot": [0.9, 11.55, -7.3], "rotation": [-21, 0, 0], "uv": [14, 0]},
						{"origin": [-1.8, 16.75, -36.5], "size": [4.6, 1.425, 10.25], "inflate": -0.001, "uv": [41, 16]},
						{"origin": [-2.8, 18, -36.5], "size": [6.6, 3.175, 10.25], "inflate": -0.001, "uv": [39, 34]},
						{"origin": [1.54443, 18.55739, -48.45396], "size": [1, 1.625, 12], "inflate": -0.002, "pivot": [1.55, 17.8, -48.45], "rotation": [-3.9705, 3.04137, 37.39455], "uv": [0, 13]},
						{"origin": [-1.8, 16.75, -48.5], "size": [4.6, 1.425, 12], "inflate": -0.002, "pivot": [1.55, 16.75, -36.5], "rotation": [-5, 0, 0], "uv": [75, 58]},
						{"origin": [-1.8, 17.79551, -53.45396], "size": [4.6, 1.425, 5], "inflate": -0.002, "pivot": [1.55, 17.8, -48.45], "rotation": [-40, 0, 0], "uv": [125, 45]},
						{"origin": [2.8, 17.79551, -53.45396], "size": [1.5, 1.425, 4.25], "inflate": -0.002, "pivot": [2.8, 17.8, -48.45], "rotation": [-29.54836, -28.28858, -39.89531], "uv": [41, 21]},
						{"origin": [-2.8, 18, -48.5], "size": [6.6, 3.175, 12], "inflate": -0.002, "pivot": [1.55, 16.75, -36.5], "rotation": [-5, 0, 0], "uv": [32, 102]},
						{"origin": [1.8, 16.75, -36.5], "size": [1, 1.625, 10.25], "inflate": -0.002, "pivot": [2.8, 16.75, -36.5], "rotation": [0, 0, 38.25], "uv": [75, 29]},
						{"origin": [-1.8, 16.75, -36.5], "size": [1, 1.625, 10.25], "inflate": -0.002, "pivot": [-1.8, 16.75, -36.5], "rotation": [0, 0, -38.25], "uv": [75, 40]},
						{"origin": [-1.8, 16.75, -48.5], "size": [1, 1.625, 12], "inflate": -0.002, "pivot": [-1.8, 16.75, -36.5], "rotation": [-3.9705, -3.04137, -37.39455], "uv": [0, 0]},
						{"origin": [-3.3, 17.79551, -53.45396], "size": [1.5, 1.425, 4.25], "inflate": -0.002, "pivot": [-1.8, 17.8, -48.45], "rotation": [-29.54836, 28.28858, 39.89531], "uv": [41, 16]},
						{"origin": [-2.8, 18.64551, -52.70396], "size": [6.6, 3.175, 4.25], "inflate": -0.002, "pivot": [-1.3, 18.65, -47.7], "rotation": [-39.5484, 0, 0], "uv": [24, 64]},
						{"origin": [-1.25, 27.25, -36.5], "size": [3.5, 2.75, 1.5], "inflate": -1.0011, "pivot": [-0.25, 29, -69.5], "rotation": [0, 0, 37.5], "uv": [75, 16]},
						{"origin": [-0.5, 27.85, -89], "size": [1.3, 1.4, 7.5], "inflate": -0.5, "pivot": [0, 28.35, -84.5], "rotation": [0, 0, 72.5], "uv": [55, 89]},
						{"origin": [3.25, 24.75, -22.5], "size": [1, 1.5, 8], "inflate": -0.25, "pivot": [4, 25, -18.5], "rotation": [0, 0, -25], "uv": [0, 112]},
						{"origin": [-2.87555, 20.16719, -15.36248], "size": [1, 3.25, 10.35], "inflate": -0.25, "pivot": [-2.85, 22.375, -5.45], "rotation": [-11.46389, -0.12185, 11.24749], "uv": [75, 0]},
						{"origin": [-1.5, 23, -30.25], "size": [3, 3, 11], "inflate": 0.001, "pivot": [0, 23.25, -21.25], "rotation": [0, 0, 21], "uv": [75, 122]}
					]
				},
				{
					"name": "Fallingblock",
					"parent": "gun",
					"pivot": [3, 0, 0],
					"cubes": [
						{"origin": [-2, 22.25, -19.25], "size": [5, 4.1, 2.75], "inflate": 0.001, "uv": [56, 0]},
						{"origin": [0, 22.25, -16.5], "size": [1, 4.1, 1], "inflate": 0.001, "uv": [41, 0]},
						{"origin": [-0.7, 22.25, -16.8], "size": [1.4, 4.1, 1], "pivot": [0, 25.85, -16.5], "rotation": [0, -45, 0], "uv": [19, 34]},
						{"origin": [-1.84134, 24.74342, -19.25], "size": [1.5, 1, 2.75], "pivot": [-0.4, 25.7, -14.75], "rotation": [0, 0, 37.5], "uv": [48, 0]},
						{"origin": [1.34134, 24.74342, -19.25], "size": [1.5, 1, 2.75], "pivot": [1.4, 25.7, -14.75], "rotation": [0, 0, -37.5], "uv": [11, 37]},
						{"origin": [-2.6, 25.2, -19.75], "size": [1.6, 1.9, 3.75], "inflate": -0.5, "uv": [40, 64]},
						{"origin": [2, 25.2, -19.75], "size": [1.6, 1.9, 3.75], "inflate": -0.5, "uv": [19, 64]},
						{"origin": [0.3, 22.25, -16.8], "size": [1.4, 4.1, 1], "pivot": [1, 25.85, -16.5], "rotation": [0, 45, 0], "uv": [14, 13]}
					]
				},
				{
					"name": "Hinge",
					"parent": "gun",
					"pivot": [3, 15.45, -19.75],
					"cubes": [
						{"origin": [-0.15, 14.975, -17.425], "size": [1.3, 1.1, 2.95], "inflate": -0.199, "pivot": [1.8, 15.175, -14.775], "rotation": [-40.5, 0, 0], "uv": [11, 34]},
						{"origin": [-0.5, 9.65, -12.65], "size": [2, 1, 4], "inflate": -0.2, "pivot": [1.8, 9.85, -8.85], "rotation": [-18.25, 0, 0], "uv": [14, 7]},
						{"origin": [-0.5, 10.775, -16.075], "size": [2, 1, 4], "inflate": -0.199, "pivot": [1.8, 10.975, -12.275], "rotation": [-68, 0, 0], "uv": [14, 20]},
						{"origin": [-0.5, 13.975, -16.325], "size": [2, 1.35, 3.25], "inflate": -0.199, "pivot": [1.8, 14.175, -13.275], "rotation": [-23, 0, 0], "uv": [61, 38]},
						{"origin": [-0.7, 14.95609, -20.28013], "size": [2.4, 1, 1], "inflate": -0.199, "pivot": [0.55, 15.475, -19.775], "rotation": [22.5, 0, 0], "uv": [75, 37]},
						{"origin": [-0.5, 14.725, -17.325], "size": [2, 1.25, 2.5], "inflate": -0.199, "pivot": [1.8, 14.925, -15.025], "rotation": [7, 0, 0], "uv": [75, 13]},
						{"origin": [-0.5, 14.475, -19.875], "size": [2, 1.25, 3], "inflate": -0.199, "pivot": [1.8, 14.675, -17.075], "rotation": [-13, 0, 0], "uv": [61, 34]},
						{"origin": [-0.5, 9.67009, -9.07654], "size": [2, 1, 3.85], "inflate": -0.2, "pivot": [1.8, 9.85, -8.85], "rotation": [4.25, 0, 0], "uv": [59, 20]},
						{"origin": [-0.5, 9.71918, -5.83956], "size": [2, 1.2, 2.5], "inflate": -0.2, "pivot": [1.8, 10.15, -5.5], "rotation": [-15.75, 0, 0], "uv": [75, 7]},
						{"origin": [-0.5, 9.76918, -4.48956], "size": [2, 1, 1.75], "inflate": -0.2, "pivot": [1.8, 10, -4.15], "rotation": [-173.25, 0, 0], "uv": [64, 59]},
						{"origin": [-0.5, 9.91918, -6.73956], "size": [2, 1, 1.75], "inflate": -0.2, "pivot": [1.8, 9.8, -6.4], "rotation": [-38.25, 0, 0], "uv": [48, 3]},
						{"origin": [-0.5, 9.16918, -4.58956], "size": [2, 1.5, 2.25], "inflate": -0.2, "pivot": [1.8, 9.4, -4.25], "rotation": [-55.75, 0, 0], "uv": [75, 4]}
					]
				},
				{
					"name": "bullet",
					"parent": "gun",
					"pivot": [0.5, 24.5, -21],
					"cubes": [
						{"origin": [-1.5, 23, -30.2], "size": [3, 3, 11], "pivot": [0, 23.25, -21.2], "rotation": [0, 0, 21], "uv": [107, 75]}
					]
				},
				{
					"name": "rightarm",
					"parent": "main",
					"pivot": [-4.3, 8.8, 21.8],
					"rotation": [-101.81106, -12.40003, -2.46982],
					"cubes": [
						{"origin": [-8.3, -15.2, 17.8], "size": [8, 24, 8], "uv": [107, 104]}
					]
				},
				{
					"name": "leftarm",
					"parent": "main",
					"pivot": [10.7, 11.3, -8.6],
					"rotation": [-119.61483, 1.67666, -38.31282],
					"cubes": [
						{"origin": [7.4843, -12.37368, -12.07238], "size": [8, 24, 8], "uv": [75, 104]}
					]
				},
				{
					"name": "muzzleflash",
					"parent": "main",
					"pivot": [0.5, 23.85, -91.25],
					"cubes": [
						{"origin": [0, 23.35, -91.55], "size": [1, 1, 1], "inflate": -0.4, "uv": [14, 9]}
					]
				},
				{
					"name": "scope",
					"parent": "main",
					"pivot": [0.5, 28.9, 9.25],
					"cubes": [
						{"origin": [0, 28.4, 8.95], "size": [1, 1, 1], "inflate": -0.4, "uv": [14, 7]}
					]
				},
				{
					"name": "_camera_",
					"pivot": [6.825, 33.725, 26.45]
				}
			]
		}
	]
}