{
	"format_version": "1.12.0",
	"minecraft:geometry": [
		{
			"description": {
				"identifier": "geometry.unknown",
				"texture_width": 512,
				"texture_height": 512,
				"visible_bounds_width": 14,
				"visible_bounds_height": 6,
				"visible_bounds_offset": [0, 2, 0]
			},
			"bones": [
				{
					"name": "bolt3",
					"pivot": [0.05, 14.35, 6.75],
					"cubes": [
						{"origin": [-1.55, -0.275, -9.6], "size": [2.5, 2.5, 9.2], "inflate": -0.1, "pivot": [-1.3, -0.025, -0.6], "rotation": [-90, 0, 0], "uv": [81, 0]}
					]
				},
				{
					"name": "bolt4",
					"parent": "bolt3",
					"pivot": [-0.2, 5.35, 6.75]
				}
			]
		}
	]
}