{
	"format_version": "1.12.0",
	"minecraft:geometry": [
		{
			"description": {
				"identifier": "geometry.unknown",
				"texture_width": 128,
				"texture_height": 128,
				"visible_bounds_width": 8,
				"visible_bounds_height": 4,
				"visible_bounds_offset": [0, 1, 0]
			},
			"bones": [
				{
					"name": "main",
					"pivot": [0, 20, 0]
				},
				{
					"name": "gun",
					"parent": "main",
					"pivot": [0, 0, 0],
					"cubes": [
						{"origin": [-1.5, 12.75, -2], "size": [3, 2.6, 2], "uv": [35, 46]},
						{"origin": [-1.5, 5.75, 1.75], "size": [3, 4, 1], "pivot": [0, 7.5, 2.75], "rotation": [10, 0, 0], "uv": [43, 27]},
						{"origin": [-1.5, 3.25, 2.75], "size": [3, 3.5, 1], "pivot": [0, 5, 3.75], "rotation": [-100, 0, 0], "uv": [16, 52]},
						{"origin": [-1.5, 3.4, 6.15], "size": [3, 3.7, 1], "pivot": [0, 5.15, 7.15], "rotation": [-75, 0, 0], "uv": [43, 38]},
						{"origin": [-1.5, 9.5, 0.25], "size": [3, 1.5, 2.5], "pivot": [0, 9.5, 1.25], "rotation": [-27.5, 0, 0], "uv": [14, 7]},
						{"origin": [-1.5, 6.75, 0.75], "size": [3, 1.5, 1.25], "pivot": [0, 6.75, 1.75], "rotation": [-27.5, 0, 0], "uv": [43, 42]},
						{"origin": [-1.5, 14.5, -2.5], "size": [3, 2, 1], "pivot": [0, 14.5, -1.5], "rotation": [-60, 0, 0], "uv": [16, 61]},
						{"origin": [-1.5, 15, 0.5], "size": [3, 4, 2], "inflate": 0.0004, "pivot": [0, 16, 1.5], "rotation": [2.5, 0, 0], "uv": [12, 26]},
						{"origin": [-1.5, 14, 2.5], "size": [3, 5, 2], "pivot": [0, 16, 3.5], "rotation": [40, 0, 0], "uv": [14, 0]},
						{"origin": [-1.5, 10.1, 1.25], "size": [3, 5, 5.75], "inflate": 0.002, "pivot": [0, 12.1, 6], "rotation": [27.5, 0, 0], "uv": [27, 0]},
						{"origin": [-1.5, 6.2, 2.5], "size": [3, 4.5, 6], "inflate": 0.001, "pivot": [0, 7.7, 7.5], "rotation": [12.5, 0, 0], "uv": [0, 26]},
						{"origin": [-1.5, 13.35, -1], "size": [3, 3.9, 5], "inflate": 0.0011, "pivot": [0, 15.25, 0], "rotation": [-42.5, 0, 0], "uv": [27, 10]},
						{"origin": [-1, 15.4, -3.8], "size": [2, 4, 5.5], "inflate": 0.001, "pivot": [0, 17.4, 0.7], "rotation": [-15, 0, 0], "uv": [27, 27]},
						{
							"origin": [-0.75, 18.65, -17.95],
							"size": [1.5, 0.65, 4.9],
							"pivot": [0, 19.4, -11.7],
							"rotation": [0, 0, 45],
							"uv": {
								"north": {"uv": [113, 29], "uv_size": [2, 1]},
								"east": {"uv": [115, 35], "uv_size": [4, 1]},
								"south": {"uv": [117, 28], "uv_size": [2, 1]},
								"west": {"uv": [115, 37], "uv_size": [4, 1]},
								"up": {"uv": [118, 34], "uv_size": [-1, -4]},
								"down": {"uv": [121, 34], "uv_size": [-1, -4]}
							}
						},
						{"origin": [-0.75, 18.8, -17.95], "size": [1, 1, 4.9], "pivot": [0, 19.4, -11.7], "rotation": [0, 0, 45], "uv": [74, 10]},
						{"origin": [-0.75, 18.65, -36.2], "size": [1.5, 1.5, 18.25], "pivot": [0, 19.4, -11.7], "rotation": [0, 0, 45], "uv": [54, 0]},
						{
							"origin": [-0.75, 19.8, -17.95],
							"size": [1, 0.35, 4.95],
							"pivot": [0, 19.4, -11.7],
							"rotation": [0, 0, 45],
							"uv": {
								"north": {"uv": [104, 18], "uv_size": [2, 1]},
								"east": {"uv": [100, 22], "uv_size": [4, 1]},
								"south": {"uv": [104, 16], "uv_size": [2, 1]},
								"west": {"uv": [100, 20], "uv_size": [4, 1]},
								"up": {"uv": [99, 19], "uv_size": [-1, -4]},
								"down": {"uv": [102, 19], "uv_size": [-1, -4]}
							}
						},
						{"origin": [-1, 19.5, -2.6], "size": [2, 1, 1.5], "pivot": [0, 18.5, -2.1], "rotation": [-35, 0, 0], "uv": [46, 23]},
						{"origin": [-1, 20.8, -4.3], "size": [2, 1.25, 2], "pivot": [0, 20.05, -3.55], "rotation": [-52.5, 0, 0], "uv": [60, 49]},
						{"origin": [-1, 22.3, -5.3], "size": [2, 1, 4.3], "inflate": 0.0001, "pivot": [0, 20.8, -3.8], "rotation": [-60, 0, 0], "uv": [13, 12]},
						{"origin": [-1, 23.5, -5.2], "size": [2, 1, 2], "pivot": [0, 22.55, -4.25], "rotation": [-87.5, 0, 0], "uv": [60, 15]},
						{"origin": [-1, 22.3, -8.2], "size": [2, 1.5, 5], "inflate": 0.001, "uv": [68, 68]},
						{"origin": [-1, 22.3, -13.2], "size": [2, 1.25, 5], "uv": [62, 19]},
						{"origin": [0.71832, 21.47943, -13.45], "size": [1, 2.1, 2.6], "inflate": 0.0011, "pivot": [1.7, 21.45, -12.1], "rotation": [0, 0, -20], "uv": [0, 26]},
						{"origin": [-0.35, 20, -13.45], "size": [1, 1.7, 2.6], "inflate": 0.001, "pivot": [0.65, 19.2, -12.1], "rotation": [0, 0, 25], "uv": [45, 0]},
						{"origin": [-1, 22.75, -14.1], "size": [2, 1, 6], "pivot": [0, 22.55, -9.4], "rotation": [2.5, 0, 0], "uv": [27, 18]},
						{"origin": [-1, 13.65, -3.05], "size": [2, 4, 2.5], "inflate": 0.002, "pivot": [0, 15.65, -1.55], "rotation": [35, 0, 0], "uv": [16, 37]},
						{"origin": [-1, 14.9, -9.3], "size": [2, 1.5, 1.75], "pivot": [0, 15.9, -8.8], "rotation": [-45, 0, 0], "uv": [8, 46]},
						{"origin": [-1, 15.4, -12.55], "size": [2, 2, 10], "inflate": 0.0011, "uv": [0, 0]},
						{"origin": [-1, 17.1, -4.4], "size": [2, 5.75, 1.85], "inflate": 0.0001, "uv": [0, 16]},
						{"origin": [0.75, 19.1, -4.4], "size": [1, 2, 1.35], "uv": [27, 47]},
						{"origin": [0.25, 19.1, -3.4], "size": [1, 2, 1.3], "pivot": [1, 20.15, -2.5], "rotation": [0, -40, 0], "uv": [0, 47]},
						{"origin": [0.6, 19.35, -2.55], "size": [1, 1.5, 1], "inflate": -0.25, "pivot": [1.35, 20.65, -1.65], "rotation": [0, 22.5, 0], "uv": [54, 7]},
						{"origin": [0.03579, 20.14289, -4.4], "size": [1.75, 1, 1.35], "pivot": [1.7, 21.15, -4.05], "rotation": [0, 0, 65], "uv": [54, 9]},
						{"origin": [0.03579, 19.06716, -4.4], "size": [1.75, 1, 1.35], "pivot": [1.7, 19.05, -4.05], "rotation": [0, 0, -65], "uv": [8, 54]},
						{"origin": [-1, 15.9, -12.55], "size": [1, 4.1, 1.75], "uv": [0, 2]},
						{"origin": [0, 15.37709, -12.57204], "size": [1, 3.75, 1], "pivot": [1, 15.4, -12.7], "rotation": [10, 0, 0], "uv": [21, 12]},
						{"origin": [0, 15.9, -12.55], "size": [1, 3.1, 1.75], "uv": [27, 27]},
						{"origin": [-1, 21.95, -14.5], "size": [2, 1.6, 3.65], "uv": [38, 0]},
						{"origin": [-1, 21.95, -36.25], "size": [2, 1.6, 1.9], "uv": [0, 40]},
						{
							"origin": [-0.5, 23.05, -36.2],
							"size": [1, 0.5, 7.6],
							"pivot": [0, 21.9, -11.2],
							"rotation": [-1, 0, 0],
							"uv": {
								"north": {"uv": [117, 2], "uv_size": [1, 1]},
								"east": {"uv": [104, 1], "uv_size": [7, 1]},
								"south": {"uv": [115, 1], "uv_size": [1, 1]},
								"west": {"uv": [104, 3], "uv_size": [7, 1]},
								"up": {"uv": [113, 9], "uv_size": [-1, -7]},
								"down": {"uv": [115, 9], "uv_size": [-1, -7]}
							}
						},
						{
							"origin": [-0.5, 23.25, -28.6],
							"size": [1, 0.3, 11.5],
							"pivot": [0, 21.9, -11.2],
							"rotation": [-1, 0, 0],
							"uv": {
								"north": {"uv": [103, 39], "uv_size": [1, 1]},
								"east": {"uv": [99, 43], "uv_size": [11, 1]},
								"south": {"uv": [100, 39], "uv_size": [1, 1]},
								"west": {"uv": [99, 41], "uv_size": [11, 1]},
								"up": {"uv": [107, 40], "uv_size": [-1, -11]},
								"down": {"uv": [12, 23], "uv_size": [1, -11]}
							}
						},
						{
							"origin": [-0.5, 23.35, -17.1],
							"size": [1, 0.2, 3.9],
							"pivot": [0, 21.9, -11.2],
							"rotation": [-1, 0, 0],
							"uv": {
								"north": {"uv": [118, 21], "uv_size": [2, 1]},
								"east": {"uv": [113, 24], "uv_size": [3, 1]},
								"south": {"uv": [118, 19], "uv_size": [2, 1]},
								"west": {"uv": [113, 22], "uv_size": [3, 1]},
								"up": {"uv": [113, 21], "uv_size": [-1, -3]},
								"down": {"uv": [116, 21], "uv_size": [-1, -3]}
							}
						},
						{"origin": [-1, 16.6, -12.85], "size": [1, 4.75, 1], "pivot": [0, 17.6, -5.85], "rotation": [10, 0, 0], "uv": [27, 0]},
						{"origin": [-1, 20.35, -11.85], "size": [2, 2, 1.25], "pivot": [0, 21.35, -19.85], "rotation": [0, 0, 20], "uv": [45, 12]},
						{"origin": [-1, 20.35, -36.35], "size": [2, 2, 1], "inflate": 0.001, "pivot": [0, 21.35, -45.35], "rotation": [0, 0, 20], "uv": [54, 36]},
						{"origin": [0.5, 20.35, -36.35], "size": [1, 1.5, 25.5], "pivot": [0.25, 21.6, -19.85], "rotation": [0, 0, 20], "uv": [27, 53]},
						{"origin": [0.15, 20.9, -36.35], "size": [1, 1.5, 25.5], "pivot": [-0.1, 22.15, -19.85], "rotation": [0, 0, -20], "uv": [0, 52]},
						{"origin": [-1.25, 11.85, -3.525], "size": [2.5, 2.3, 1], "inflate": -0.201, "pivot": [1.25, 11.05, -2.725], "rotation": [-24, 0, 0], "uv": [46, 7]},
						{"origin": [-1.25, 12.1, -8.125], "size": [2.5, 2.3, 1], "inflate": -0.201, "pivot": [1.25, 11.3, -7.325], "rotation": [24, 0, 0], "uv": [46, 4]},
						{"origin": [-1.25, 13.45, -9.225], "size": [2.5, 2.3, 1], "inflate": -0.201, "uv": [45, 15]},
						{"origin": [-1.25, 11.25, -6.5], "size": [2.5, 3.5, 1], "inflate": -0.201, "pivot": [1.25, 11.05, -5.725], "rotation": [-74, 0, 0], "uv": [0, 36]},
						{"origin": [-1.25, 11.85, -5.5], "size": [2.5, 3.4, 1], "inflate": -0.201, "pivot": [1.25, 11.55, -4.725], "rotation": [74, 0, 0], "uv": [27, 18]},
						{"origin": [-0.5, 12.675, -6.15], "size": [1, 4, 1], "inflate": -0.1, "pivot": [0.5, 12.675, -6.15], "rotation": [-14.25, 0, 0], "uv": [27, 10]},
						{"origin": [-0.66248, 15.70397, -13.25], "size": [1.6, 1.6, 1.45], "inflate": -0.3, "pivot": [0.025, 16.45, -12.8], "rotation": [0, 0, -28.5], "uv": [54, 21]},
						{"origin": [-1.15, 20.9, -36.35], "size": [1, 1.5, 25.5], "pivot": [0.1, 22.15, -19.85], "rotation": [0, 0, 20], "uv": [27, 27]},
						{"origin": [-1.5, 20.35, -36.35], "size": [1, 1.5, 25.5], "pivot": [-0.25, 21.6, -19.85], "rotation": [0, 0, -20], "uv": [27, 1]},
						{"origin": [-0.75, 19.7, -36.35], "size": [1, 1, 25.5], "pivot": [0.5, 20.95, -19.85], "rotation": [0, 0, 12.5], "uv": [0, 26]},
						{"origin": [-1.71832, 21.47943, -13.45], "size": [1, 2.1, 2.6], "inflate": 0.001, "pivot": [-1.7, 21.45, -12.1], "rotation": [0, 0, 20], "uv": [18, 17]},
						{"origin": [-0.65, 20, -13.45], "size": [1, 1.7, 2.6], "inflate": 0.0011, "pivot": [-0.65, 19.2, -12.1], "rotation": [0, 0, -25], "uv": [27, 44]},
						{"origin": [-0.25, 19.7, -36.35], "size": [1, 1, 25.5], "pivot": [-0.5, 20.95, -19.85], "rotation": [0, 0, -12.5], "uv": [0, 0]},
						{"origin": [-1, 21.95, -20], "size": [2, 1.6, 2.9], "uv": [43, 56]},
						{
							"origin": [-1, 23.35, -34.35],
							"size": [2, 0.2, 3.1],
							"uv": {
								"north": {"uv": [105, 5], "uv_size": [2, 1]},
								"east": {"uv": [100, 6], "uv_size": [3, 1]},
								"south": {"uv": [101, 5], "uv_size": [2, 1]},
								"west": {"uv": [107, 4], "uv_size": [3, 1]},
								"up": {"uv": [104, 4], "uv_size": [-2, -3]},
								"down": {"uv": [101, 4], "uv_size": [-2, -3]}
							}
						},
						{"origin": [-1, 21.95, -25.75], "size": [2, 1.6, 2.9], "uv": [16, 56]},
						{"origin": [-1, 21.95, -31.25], "size": [2, 1.6, 2.65], "uv": [54, 48]},
						{"origin": [-1, 21.95, -34.35], "size": [2, 1, 3.1], "uv": [37, 20]},
						{
							"origin": [-1, 23.35, -28.6],
							"size": [2, 0.2, 2.85],
							"uv": {
								"north": {"uv": [120, 1], "uv_size": [2, 1]},
								"east": {"uv": [124, 2], "uv_size": [2, 1]},
								"south": {"uv": [121, 4], "uv_size": [2, 1]},
								"west": {"uv": [121, 5], "uv_size": [2, 1]},
								"up": {"uv": [117, 6], "uv_size": [-2, -2]},
								"down": {"uv": [119, 6], "uv_size": [-2, -2]}
							}
						},
						{
							"origin": [-1, 23.35, -22.85],
							"size": [2, 0.2, 2.85],
							"uv": {
								"north": {"uv": [98, 33], "uv_size": [2, 1]},
								"east": {"uv": [97, 30], "uv_size": [2, 1]},
								"south": {"uv": [95, 32], "uv_size": [2, 1]},
								"west": {"uv": [101, 32], "uv_size": [2, 1]},
								"up": {"uv": [95, 31], "uv_size": [-2, -2]},
								"down": {"uv": [105, 36], "uv_size": [-2, -2]}
							}
						},
						{
							"origin": [-1, 23.35, -17.1],
							"size": [2, 0.2, 2.6],
							"uv": {
								"north": {"uv": [117, 10], "uv_size": [2, 1]},
								"east": {"uv": [121, 7], "uv_size": [2, 1]},
								"south": {"uv": [116, 11], "uv_size": [2, 1]},
								"west": {"uv": [122, 11], "uv_size": [2, 1]},
								"up": {"uv": [121, 11], "uv_size": [-2, -2]},
								"down": {"uv": [119, 9], "uv_size": [-2, -2]}
							}
						},
						{"origin": [-1, 21.95, -22.85], "size": [2, 1, 2.85], "uv": [43, 53]},
						{"origin": [-1, 21.95, -17.1], "size": [2, 1, 2.6], "uv": [44, 20]},
						{"origin": [-0.5, 18.65, -1.75], "size": [1, 2.1, 1], "pivot": [0, 21.5, -1], "rotation": [37.5, 0, 0], "uv": [48, 32]},
						{"origin": [-0.5, 20, -2.55], "size": [1, 1.75, 1.5], "inflate": 0.0002, "pivot": [0, 22.75, -1], "rotation": [22.5, 0, 0], "uv": [20, 26]},
						{"origin": [-0.5, 20.75, -3.7], "size": [1, 1.25, 1.25], "inflate": 0.0001, "pivot": [0, 22.75, -2.5], "rotation": [65, 0, 0], "uv": [13, 14]},
						{"origin": [-0.5, 22.41287, -3.31169], "size": [1, 1, 1.75], "pivot": [0, 22.75, -2.25], "rotation": [127.5, 0, 0], "uv": [54, 11]},
						{"origin": [-0.5, 18.5, 1], "size": [1, 2.25, 1], "inflate": 0.001, "pivot": [0, 21.5, 1.75], "rotation": [-85, 0, 0], "uv": [47, 46]},
						{"origin": [-1, 21.95, -28.6], "size": [2, 1, 2.85], "uv": [54, 14]},
						{"origin": [-1.78579, 20.14289, -4.4], "size": [1.75, 1, 1.35], "pivot": [-1.7, 21.15, -4.05], "rotation": [0, 0, -65], "uv": [54, 4]},
						{"origin": [-1.25, 19.1, -3.4], "size": [1, 2, 1.3], "pivot": [-1, 20.15, -2.5], "rotation": [0, 40, 0], "uv": [38, 12]},
						{"origin": [-1.78579, 19.06716, -4.4], "size": [1.75, 1, 1.35], "pivot": [-1.7, 19.05, -4.05], "rotation": [0, 0, 65], "uv": [54, 2]},
						{"origin": [-1.75, 19.1, -4.4], "size": [1, 2, 1.35], "uv": [21, 31]},
						{"origin": [-1.6, 19.35, -2.55], "size": [1, 1.5, 1], "inflate": -0.25, "pivot": [-1.35, 20.65, -1.65], "rotation": [0, -22.5, 0], "uv": [54, 0]}
					]
				},
				{
					"name": "rearsight",
					"parent": "gun",
					"pivot": [0, 0, 0],
					"cubes": [
						{"origin": [-1.25, 23.25, -3.5], "size": [2.5, 1.1, 1.4], "inflate": -0.2501, "uv": [27, 22]},
						{"origin": [-0.75, 23.25, -3.85], "size": [1.5, 1, 1], "inflate": -0.25, "uv": [8, 48]},
						{"origin": [-0.75, 23.25, -6], "size": [1.5, 1.1, 2.75], "inflate": -0.25, "pivot": [-0.5, 23.25, -2.5], "rotation": [5, 0, 0], "uv": [18, 21]},
						{"origin": [-1.15, 23.75, -3.1], "size": [1.1, 1, 1], "inflate": -0.25001, "uv": [20, 34]},
						{"origin": [0.05, 23.75, -3.1], "size": [1.1, 1, 1], "inflate": -0.25001, "uv": [36, 30]}
					]
				},
				{
					"name": "_cb_canted",
					"parent": "gun",
					"pivot": [0, 0, 0],
					"cubes": [
						{"origin": [-0.5, 23.3, -4.4], "size": [1, 1, 1], "uv": [27, 56]}
					]
				},
				{
					"name": "_cb_frontsight",
					"parent": "gun",
					"pivot": [0, 0, -31],
					"cubes": [
						{"origin": [-0.5, 23.3, -35.4], "size": [1, 1, 1], "uv": [27, 56]}
					]
				},
				{
					"name": "chamber",
					"parent": "gun",
					"pivot": [1.325, 15.575, -11.975],
					"cubes": [
						{"origin": [-2.39258, 18.29942, -18.25], "size": [1.1, 1.1, 7.95], "inflate": -0.3, "pivot": [0.125, 16.55, -12.8], "rotation": [0, 0, 45], "uv": [0, 16]},
						{"origin": [0.725, 16.825, -12.175], "size": [1.1, 3, 1.3], "pivot": [0.125, 16.55, -12.8], "rotation": [0, 0, -10], "uv": [0, 12]},
						{"origin": [-0.35936, 15.8162, -12.175], "size": [2, 1, 1.3], "pivot": [0.125, 16.55, -12.8], "rotation": [0, 0, -44], "uv": [0, 30]}
					]
				},
				{
					"name": "rotatey",
					"parent": "chamber",
					"pivot": [-0.015, 19.88, -4.075],
					"cubes": [
						{"origin": [1.88272, 18.45919, -10.575], "size": [1, 1, 6.075], "inflate": 0.05, "pivot": [0.125, 16.55, -12.8], "rotation": [0, 0, -45], "uv": [8, 68]},
						{"origin": [-0.75, 21.35, -6.725], "size": [1.5, 1, 2.325], "inflate": -0.302, "uv": [0, 44]},
						{"origin": [-3.01584, 20.62056, -10.725], "size": [1.25, 1, 4.625], "inflate": -0.302, "pivot": [0.125, 16.55, -12.8], "rotation": [0, 0, 25], "uv": [74, 5]},
						{"origin": [1.7687, 20.73843, -10.725], "size": [1.25, 1, 4.625], "inflate": -0.302, "pivot": [0.125, 16.55, -12.8], "rotation": [0, 0, -25], "uv": [74, 0]},
						{"origin": [-4.83493, 17.8047, -10.725], "size": [1.25, 1, 4.625], "inflate": -0.302, "pivot": [0.125, 16.55, -12.8], "rotation": [0, 0, 85], "uv": [72, 47]},
						{"origin": [-1.55766, 20.32193, -10.725], "size": [1.25, 1, 4.625], "inflate": -0.302, "pivot": [0.125, 16.55, -12.8], "rotation": [0, 0, 35], "uv": [71, 19]},
						{"origin": [1.86136, 17.46981, -10.725], "size": [1.25, 1, 4.625], "inflate": -0.302, "pivot": [0.125, 16.55, -12.8], "rotation": [0, 0, -95], "uv": [70, 61]},
						{"origin": [2.49009, 14.977, -10.725], "size": [1.25, 1, 4.625], "inflate": -0.302, "pivot": [0.125, 16.55, -12.8], "rotation": [0, 0, -145], "uv": [70, 53]},
						{"origin": [0.3323, 20.45311, -10.725], "size": [1.25, 1, 4.625], "inflate": -0.302, "pivot": [0.125, 16.55, -12.8], "rotation": [0, 0, -35], "uv": [70, 42]},
						{"origin": [3.79257, 18.06596, -10.725], "size": [1.25, 1, 4.625], "inflate": -0.302, "pivot": [0.125, 16.55, -12.8], "rotation": [0, 0, -85], "uv": [39, 70]},
						{"origin": [-3.30587, 14.8214, -10.725], "size": [1.25, 1, 4.625], "inflate": -0.302, "pivot": [0.125, 16.55, -12.8], "rotation": [0, 0, 145], "uv": [70, 35]},
						{"origin": [-2.86014, 17.23297, -10.725], "size": [1.25, 1, 4.625], "inflate": -0.302, "pivot": [0.125, 16.55, -12.8], "rotation": [0, 0, 95], "uv": [70, 27]},
						{"origin": [0.04228, 14.65395, -10.725], "size": [1.25, 1, 4.625], "inflate": -0.302, "pivot": [0.125, 16.55, -12.8], "rotation": [0, 0, -155], "uv": [33, 69]},
						{"origin": [-0.83627, 14.56051, -10.725], "size": [1.25, 1, 4.625], "inflate": -0.302, "pivot": [0.125, 16.55, -12.8], "rotation": [0, 0, 155], "uv": [62, 68]},
						{"origin": [-0.85, 18.605, -10.725], "size": [1.7, 2.55, 6.325], "inflate": -0.304, "uv": [27, 53]},
						{"origin": [-0.75, 21.105, -10.725], "size": [1.5, 1.05, 6.325], "inflate": -0.304, "uv": [54, 67]},
						{"origin": [-0.5, 14.405, -10.725], "size": [1.5, 1.05, 6.325], "inflate": -0.304, "pivot": [0.125, 16.55, -12.8], "rotation": [0, 0, -180], "uv": [0, 67]},
						{"origin": [2.33869, 16.18825, -10.725], "size": [1.5, 1.05, 6.325], "inflate": -0.304, "pivot": [0.125, 16.55, -12.8], "rotation": [0, 0, -120], "uv": [62, 61]},
						{"origin": [-3.46369, 15.97175, -10.725], "size": [1.5, 1.05, 6.325], "inflate": -0.304, "pivot": [0.125, 16.55, -12.8], "rotation": [0, 0, 120], "uv": [62, 54]},
						{"origin": [-3.58869, 19.32175, -10.725], "size": [1.5, 1.05, 6.325], "inflate": -0.304, "pivot": [0.125, 16.55, -12.8], "rotation": [0, 0, 60], "uv": [62, 42]},
						{"origin": [2.21369, 19.53825, -10.725], "size": [1.5, 1.05, 6.325], "inflate": -0.304, "pivot": [0.125, 16.55, -12.8], "rotation": [0, 0, -60], "uv": [62, 35]},
						{"origin": [-1.1, 20.55, -10.725], "size": [1, 1.425, 6.325], "inflate": -0.303, "uv": [35, 62]},
						{"origin": [3.01345, 18.98962, -10.725], "size": [1, 1.5, 6.325], "inflate": -0.304, "pivot": [0.125, 16.55, -12.8], "rotation": [0, 0, -60], "uv": [62, 28]},
						{"origin": [2.21345, 19.79462, -6.725], "size": [1.425, 1, 2.325], "inflate": -0.302, "pivot": [0.125, 16.55, -12.8], "rotation": [0, 0, -60], "uv": [27, 39]},
						{"origin": [2.01345, 17.01962, -10.725], "size": [1.825, 2.6, 6.325], "inflate": -0.302, "pivot": [0.125, 16.55, -12.8], "rotation": [0, 0, -60], "uv": [0, 52]},
						{"origin": [1.82345, 18.98962, -10.725], "size": [1, 1.5, 6.325], "inflate": -0.303, "pivot": [0.125, 16.55, -12.8], "rotation": [0, 0, -60], "uv": [27, 61]},
						{"origin": [-2.72396, 15.92288, -10.725], "size": [1, 1.5, 6.325], "inflate": -0.304, "pivot": [0.125, 16.55, -12.8], "rotation": [0, 0, 60], "uv": [8, 61]},
						{"origin": [-3.52396, 15.61788, -6.725], "size": [1.425, 1, 2.325], "inflate": -0.302, "pivot": [0.125, 16.55, -12.8], "rotation": [0, 0, 60], "uv": [8, 39]},
						{"origin": [-3.91396, 15.92288, -10.725], "size": [1, 1.5, 6.325], "inflate": -0.302, "pivot": [0.125, 16.55, -12.8], "rotation": [0, 0, 60], "uv": [54, 60]},
						{"origin": [3.03896, 16.13939, -10.725], "size": [1, 1.5, 6.325], "inflate": -0.302, "pivot": [0.125, 16.55, -12.8], "rotation": [0, 0, -60], "uv": [0, 60]},
						{"origin": [2.22396, 15.83439, -6.725], "size": [1.425, 1, 2.325], "inflate": -0.302, "pivot": [0.125, 16.55, -12.8], "rotation": [0, 0, -60], "uv": [35, 38]},
						{"origin": [1.84896, 16.13939, -10.725], "size": [1, 1.5, 6.325], "inflate": -0.304, "pivot": [0.125, 16.55, -12.8], "rotation": [0, 0, -60], "uv": [35, 55]},
						{"origin": [-3.88845, 18.77311, -10.725], "size": [1, 1.5, 6.325], "inflate": -0.304, "pivot": [0.125, 16.55, -12.8], "rotation": [0, 0, 60], "uv": [54, 53]},
						{"origin": [-3.51345, 19.57811, -6.725], "size": [1.425, 1, 2.325], "inflate": -0.302, "pivot": [0.125, 16.55, -12.8], "rotation": [0, 0, 60], "uv": [36, 27]},
						{"origin": [-3.71345, 16.80311, -10.725], "size": [1.825, 2.6, 6.325], "inflate": -0.305, "pivot": [0.125, 16.55, -12.8], "rotation": [0, 0, 60], "uv": [35, 38]},
						{"origin": [-2.69845, 18.77311, -10.725], "size": [1, 1.5, 6.325], "inflate": -0.303, "pivot": [0.125, 16.55, -12.8], "rotation": [0, 0, 60], "uv": [54, 41]},
						{"origin": [0.1, 20.55, -10.725], "size": [1, 1.425, 6.325], "inflate": -0.303, "uv": [54, 34]},
						{"origin": [-2.57086, 20.28032, -10.725], "size": [1, 1.025, 6.325], "inflate": -0.305, "pivot": [0.125, 16.55, -12.8], "rotation": [0, 0, 36.25], "uv": [54, 27]},
						{"origin": [1.61925, 20.42815, -10.725], "size": [1, 1.025, 6.325], "inflate": -0.305, "pivot": [0.125, 16.55, -12.8], "rotation": [0, 0, -36.25], "uv": [54, 19]},
						{"origin": [-2.175, 19.3, -10.725], "size": [1, 1.025, 6.325], "inflate": -0.305, "uv": [8, 54]},
						{"origin": [1.175, 19.3, -10.725], "size": [1, 1.025, 6.325], "inflate": -0.305, "uv": [54, 7]},
						{"origin": [-2.22426, 16.88874, -10.725], "size": [1, 1.025, 6.325], "inflate": -0.305, "pivot": [0.125, 16.55, -12.8], "rotation": [0, 0, 36.25], "uv": [54, 0]},
						{"origin": [1.27265, 17.03657, -10.725], "size": [1, 1.025, 6.325], "inflate": -0.305, "pivot": [0.125, 16.55, -12.8], "rotation": [0, 0, -36.25], "uv": [27, 44]},
						{"origin": [-1.1, 17.775, -10.725], "size": [1, 1.45, 6.325], "inflate": -0.303, "uv": [0, 44]},
						{"origin": [-0.85, 17.4, -6.725], "size": [1.6, 1, 2.325], "inflate": -0.302, "uv": [27, 36]},
						{"origin": [0.1, 17.775, -10.725], "size": [1, 1.45, 6.325], "inflate": -0.303, "uv": [10, 18]}
					]
				},
				{
					"name": "bone5",
					"parent": "rotatey",
					"pivot": [2.15, 18.625, -10.075],
					"cubes": [
						{"origin": [1.45, 18.825, -10.725], "size": [1, 2.1, 6.325], "inflate": -0.3, "uv": [8, 38]},
						{"origin": [4.39957, 17.2838, -10.725], "size": [1, 2.1, 6.325], "inflate": -0.301, "pivot": [0.125, 16.55, -12.8], "rotation": [0, 0, -60], "uv": [38, 4]}
					]
				},
				{
					"name": "bone6",
					"parent": "rotatey",
					"pivot": [2.15, 18.625, -10.075],
					"rotation": [0, 0, 60],
					"cubes": [
						{"origin": [1.45, 16.325, -10.725], "size": [1, 2.1, 6.325], "inflate": -0.301, "uv": [37, 12]},
						{"origin": [0.80556, 15.7912, -10.725], "size": [1, 2.1, 6.325], "inflate": -0.3, "pivot": [0.125, 16.55, -12.8], "rotation": [0, 0, 60], "uv": [27, 36]}
					]
				},
				{
					"name": "bone7",
					"parent": "rotatey",
					"pivot": [-2.175, 18.625, -10.075],
					"rotation": [0, 0, -180],
					"cubes": [
						{"origin": [-2.875, 16.325, -10.725], "size": [1, 2.1, 6.325], "inflate": -0.301, "uv": [0, 36]},
						{"origin": [-1.35694, 12.04564, -10.725], "size": [1, 2.1, 6.325], "inflate": -0.3, "pivot": [0.125, 16.55, -12.8], "rotation": [0, 0, 60], "uv": [35, 30]}
					]
				},
				{
					"name": "speedloader",
					"parent": "rotatey",
					"pivot": [0.35, 20.95, -7.875]
				},
				{
					"name": "bullets",
					"parent": "speedloader",
					"pivot": [-1.275, 18.775, -7.875],
					"cubes": [
						{"origin": [-0.5, 20.75, -9.225], "size": [1, 1, 4.725], "inflate": -0.1, "uv": [27, 68]},
						{"origin": [-0.5, 18, -9.225], "size": [1, 1, 4.725], "inflate": -0.1, "uv": [62, 7]},
						{"origin": [2.55843, 18.98216, -9.225], "size": [1, 1, 4.725], "inflate": -0.1, "pivot": [0.125, 16.55, -12.8], "rotation": [0, 0, -30], "uv": [62, 0]},
						{"origin": [-3.52494, 18.85716, -9.225], "size": [1, 1, 4.725], "inflate": -0.1, "pivot": [0.125, 16.55, -12.8], "rotation": [0, 0, 30], "uv": [41, 46]},
						{"origin": [-0.76657, 18.87691, -9.225], "size": [1, 1, 4.725], "inflate": -0.1, "pivot": [0.125, 16.55, -12.8], "rotation": [0, 0, 30], "uv": [14, 32]},
						{"origin": [-0.19994, 19.00191, -9.225], "size": [1, 1, 4.725], "inflate": -0.1, "pivot": [0.125, 16.55, -12.8], "rotation": [0, 0, -30], "uv": [0, 3]}
					]
				},
				{
					"name": "loader",
					"parent": "speedloader",
					"pivot": [-1.5, 10.125, 2.725],
					"cubes": [
						{"origin": [-4.1, 10.025, 1.375], "size": [3.7, 3.7, 2], "pivot": [-1.5, 10.125, 2.375], "rotation": [0, 0, 25], "uv": [14, 46]},
						{"origin": [-3.1, 11.025, 2.125], "size": [1.7, 1.7, 3], "pivot": [-1.5, 10.125, 3.125], "rotation": [0, 0, 25], "uv": [43, 32]},
						{"origin": [-3.35, 10.775, 4.375], "size": [2.2, 2.2, 1], "pivot": [-1.5, 10.125, 3.375], "rotation": [0, 0, 25], "uv": [8, 36]}
					]
				},
				{
					"name": "rightarm",
					"parent": "main",
					"pivot": [-4.8, 8.525, 20.9],
					"rotation": [-104.56106, -12.40003, -2.46982],
					"cubes": [
						{"origin": [-8.8, -15.475, 16.9], "size": [8, 24, 8], "uv": [0, 47]}
					]
				},
				{
					"name": "leftarm",
					"parent": "main",
					"pivot": [10.2, 2, 19.4],
					"rotation": [-118.95832, 6.70101, -29.35181],
					"cubes": [
						{"origin": [6.2, -22, 15.4], "size": [8, 24, 8], "uv": [36, 45]}
					]
				},
				{
					"name": "muzzleflash",
					"parent": "main",
					"pivot": [0, 21.4, -36.95],
					"cubes": [
						{"origin": [-0.5, 20.9, -37.25], "size": [1, 1, 1], "inflate": -0.4, "uv": [54, 27]}
					]
				},
				{
					"name": "scope",
					"parent": "main",
					"pivot": [-8, 24.65, 22.75],
					"cubes": [
						{"origin": [-0.5, 23.8, 22.45], "size": [1, 1, 1], "inflate": -0.4, "uv": [54, 23]}
					]
				},
				{
					"name": "_camera_",
					"pivot": [0, 0, 0]
				}
			]
		}
	]
}