{
	"format_version": "1.12.0",
	"minecraft:geometry": [
		{
			"description": {
				"identifier": "geometry.unknown",
				"texture_width": 512,
				"texture_height": 512,
				"visible_bounds_width": 14,
				"visible_bounds_height": 6,
				"visible_bounds_offset": [0, 2, 0]
			},
			"bones": [
				{
					"name": "main",
					"pivot": [0, 20, 0]
				},
				{
					"name": "gun",
					"parent": "main",
					"pivot": [1, 11, 1],
					"cubes": [
						{"origin": [-2.57036, 5.1848, 8.5076], "size": [5.15, 12, 20], "inflate": 0.001, "uv": [51, 0]},
						{"origin": [0.42964, 17.1848, 0.5076], "size": [2.15, 2, 28], "pivot": [2.58064, 17.1838, 28.5086], "rotation": [0, 0, -45], "uv": [139, 157]},
						{"origin": [-1.18598, 16.59843, 0.5076], "size": [2.35, 2, 28], "inflate": 0.0001, "uv": [0, 156]},
						{"origin": [-3.25, 13.1848, 0.63922], "size": [6.5, 4, 1.5], "inflate": 0.001, "uv": [51, 43]},
						{"origin": [-3.25, 11.75, -0.225], "size": [6.5, 3, 1], "inflate": -0.0001, "pivot": [1, 14.55, 1.625], "rotation": [21.5, 0, 0], "uv": [32, 63]},
						{"origin": [-3.249, 5.1838, 0.94022], "size": [6.5, 8, 1.2], "inflate": 0.002, "uv": [0, 27]},
						{"origin": [-0.61718, 16.54548, -6.36243], "size": [1.2, 1, 6.75], "pivot": [1.15782, 16.84803, 2.37051], "rotation": [-16.6011, 0, 0], "uv": [28, 40]},
						{"origin": [-3.25, 14.8, -16.625], "size": [6.5, 1.75, 16], "inflate": 0.001, "uv": [51, 32]},
						{"origin": [-2.5, 14.15, -16.625], "size": [5, 1, 19], "uv": [0, 0]},
						{"origin": [2.25, 13.8, -16.625], "size": [1, 1, 17], "pivot": [3.25, 14.8, -23.625], "rotation": [0, 0, 48.5], "uv": [51, 104]},
						{"origin": [-3.25, 13.8, -16.625], "size": [1, 1, 17], "pivot": [-3.25, 14.8, -23.625], "rotation": [0, 0, -48.5], "uv": [66, 67]},
						{"origin": [-3.25, 16.05, -16.625], "size": [6.5, 1.75, 11.75], "inflate": 0.0001, "uv": [0, 84]},
						{"origin": [-3.25, 15.55, -6.375], "size": [6.5, 3.1, 8.5], "inflate": -0.001, "pivot": [1, 17.8, -4.875], "rotation": [-16.5, 0, 0], "uv": [51, 85]},
						{"origin": [-3.25, 17.8, -16.625], "size": [1, 3, 5.25], "uv": [51, 32]},
						{"origin": [-3.75, 17.3, -65.875], "size": [1.5, 3.5, 49.25], "uv": [0, 104]},
						{"origin": [-5.42994, 14.1508, -67.075], "size": [10.85, 1.75, 50.45], "uv": [161, 42]},
						{"origin": [-3.75, 15.8, -66.275], "size": [1.5, 2.5, 49.65], "pivot": [-3.75, 18.3, -20.625], "rotation": [0, 0, 22.5], "uv": [107, 0]},
						{"origin": [-3.75, 16.75, -66.675], "size": [1.5, 1.6, 1], "pivot": [-3.75, 18.3, -66.675], "rotation": [-10, 0, 22.5], "uv": [14, 20]},
						{"origin": [-4.69266, 15.57639, -66.075], "size": [1.5, 1.5, 49.45], "pivot": [-4.69266, 16.57639, -20.625], "rotation": [0, 0, 47.5], "uv": [107, 105]},
						{"origin": [-4.32403, 15.51418, -66.925], "size": [1.5, 1.6, 1.05], "pivot": [-4.32403, 16.91418, -66.925], "rotation": [-7.5, 0, 47.5], "uv": [10, 20]},
						{"origin": [-3.25, 17.8, -11.375], "size": [1, 3, 4.15], "uv": [9, 10]},
						{"origin": [-3.25, 17.8, -7.575], "size": [1, 3, 2], "pivot": [-3.25, 17.8, -7.575], "rotation": [0, 0, 27], "uv": [0, 10]},
						{"origin": [2.25, 17.8, -16.625], "size": [1, 3, 11], "uv": [23, 73]},
						{"origin": [1, 19.8, -7.275], "size": [1.25, 1, 1.65], "pivot": [2.25, 20.8, -6.375], "rotation": [0, 0, -32.5], "uv": [0, 23]},
						{"origin": [-1.91785, 17.64922, -4.58945], "size": [1, 2, 7.75], "pivot": [-3.26239, 19.81695, 0.28992], "rotation": [-14.10111, 8.6562, 29.93247], "uv": [0, 10]},
						{"origin": [0.19286, 16.31339, -5.41814], "size": [1, 2, 8.75], "pivot": [3.23739, 19.6428, 5.65396], "rotation": [-14.10111, -8.6562, -29.93247], "uv": [0, 0]},
						{"origin": [0.34538, 18.48654, -5.82551], "size": [1, 1, 6.75], "pivot": [1.35822, 19.54587, -3.34502], "rotation": [-16.15844, -3.38529, -10.5244], "uv": [14, 40]},
						{"origin": [-3.05, 19.525, -5.625], "size": [1, 1.25, 1], "pivot": [-3.05, 19.525, -5.625], "rotation": [0, 0, 20], "uv": [14, 24]},
						{"origin": [-3.25, 17.8, -5.625], "size": [1, 1.75, 1], "pivot": [-3.25, 17.8, -5.625], "rotation": [0, 0, 6.5], "uv": [10, 24]},
						{"origin": [-0.5, 11.3, -5.55], "size": [1, 4, 1], "inflate": -0.1, "pivot": [0.4, 11.3, -4.55], "rotation": [-21, 0, 0], "uv": [14, 0]},
						{"origin": [-1.5, 11.025, -13.325], "size": [3, 1, 4], "inflate": -0.199, "pivot": [1.3, 11.225, -9.525], "rotation": [-85.25, 0, 0], "uv": [32, 58]},
						{"origin": [-1.5, 12.9, -10.55], "size": [3, 2, 2], "inflate": -0.198, "pivot": [1.3, 14.1, -8.75], "rotation": [-46, 0, 0], "uv": [22, 40]},
						{"origin": [-1.5, 12.7, -3.525], "size": [3, 2, 2], "inflate": -0.198, "pivot": [1.3, 13.9, -1.725], "rotation": [-46, 0, 0], "uv": [8, 40]},
						{"origin": [-1.5, 10.25, -8.65], "size": [3, 1, 4.875], "inflate": -0.199, "uv": [34, 53]},
						{"origin": [-1.5, 10.25, -4.15], "size": [3, 1, 2.1], "inflate": -0.198, "pivot": [1.3, 10.45, -3.975], "rotation": [26.25, 0, 0], "uv": [36, 40]},
						{"origin": [-1.5, 10.25, -9.975], "size": [3, 1, 1.725], "inflate": -0.198, "pivot": [1.3, 10.45, -8.425], "rotation": [-35.25, 0, 0], "uv": [10, 6]},
						{"origin": [-1.5, 11.025, -2.6], "size": [3, 1, 4], "inflate": -0.2, "pivot": [1.3, 11.225, -2.4], "rotation": [82.5, 0, 0], "uv": [24, 52]},
						{"origin": [-1.49698, 22.90644, -100.25316], "size": [2.35, 1.25, 93.75], "inflate": -0.001, "pivot": [0.05, 21, 4.25], "rotation": [0, 0, 45], "uv": [231, 313]},
						{"origin": [-1.61412, 22.54834, -112.25416], "size": [2.35, 1.25, 1.75], "inflate": 0.001, "pivot": [0.05, 21, -1.75], "rotation": [0, 0, 90], "uv": [125, 16]},
						{"origin": [-1.49698, 22.90644, -112.25316], "size": [2.35, 1.25, 1.75], "inflate": -0.001, "pivot": [0.05, 21, -1.75], "rotation": [0, 0, 45], "uv": [112, 17]},
						{"origin": [-1.49698, 22.90644, -114.50316], "size": [1, 1.25, 2.25], "inflate": -0.001, "pivot": [0.05, 21, 0], "rotation": [0, 0, 45], "uv": [219, 9]},
						{"origin": [-1.16194, 23.07441, -116.25416], "size": [2.35, 1.25, 109], "uv": [290, 0]},
						{"origin": [-0.80526, 22.95868, -100.25316], "size": [2.35, 1.25, 93], "inflate": -0.001, "pivot": [0.05, 21, 4.25], "rotation": [0, 0, -45], "uv": [124, 418]},
						{"origin": [-1.08806, 22.09616, -116.25416], "size": [2.35, 1.25, 109], "pivot": [0.05, 21, 4.25], "rotation": [0, 0, -180], "uv": [0, 400]},
						{"origin": [-0.75302, 22.26696, -100.25316], "size": [2.35, 1.25, 93], "inflate": -0.001, "pivot": [0.05, 21, 4.25], "rotation": [0, 0, -135], "uv": [125, 315]},
						{"origin": [-0.63588, 22.62223, -100.25416], "size": [2.35, 1.25, 93], "inflate": 0.0001, "pivot": [0.05, 21, 4.25], "rotation": [0, 0, -90], "uv": [124, 210]},
						{"origin": [-1.61412, 22.54834, -100.25416], "size": [2.35, 1.25, 93.75], "pivot": [0.05, 21, 4.25], "rotation": [0, 0, 90], "uv": [17, 313]},
						{"origin": [-1.61412, 22.54834, -116.25416], "size": [2.35, 1.25, 1.75], "inflate": 0.001, "pivot": [0.05, 21, -1.75], "rotation": [0, 0, 90], "uv": [124, 0]},
						{"origin": [-1.44474, 22.21472, -100.25316], "size": [2.35, 1.25, 93], "inflate": -0.001, "pivot": [0.05, 21, 4.25], "rotation": [0, 0, 135], "uv": [17, 209]},
						{"origin": [-0.7, 24.1, -46.4], "size": [2, 1, 19], "inflate": -0.2, "uv": [0, 104]},
						{"origin": [-1.3, 24.1, -46.4], "size": [2, 1, 19], "inflate": -0.201, "uv": [0, 20]},
						{"origin": [-1.84538, 18.48654, -5.82551], "size": [1.5, 1, 6.75], "pivot": [-1.35822, 19.54587, -3.34502], "rotation": [-16.1584, 3.3853, 10.5244], "uv": [0, 40]},
						{"origin": [-1.05424, 19.12838, -7.275], "size": [1.25, 1, 1.65], "pivot": [-1.05424, 20.12838, -6.375], "rotation": [0, 0, 15], "uv": [14, 22]},
						{"origin": [-0.05424, 19.12838, -7.275], "size": [1.25, 1, 1.65], "pivot": [1.19576, 20.12838, -6.375], "rotation": [0, 0, -12.5], "uv": [10, 22]},
						{"origin": [2.82403, 15.51418, -66.925], "size": [1.5, 1.6, 1.05], "pivot": [4.32403, 16.91418, -66.925], "rotation": [-7.5, 0, -47.5], "uv": [15, 12]},
						{"origin": [3.19266, 15.57639, -66.075], "size": [1.5, 1.5, 49.45], "inflate": 0.001, "pivot": [4.69266, 16.57639, -20.625], "rotation": [0, 0, -47.5], "uv": [107, 51]},
						{"origin": [2.25, 15.8, -66.275], "size": [1.5, 2.5, 49.65], "inflate": 0.002, "pivot": [3.75, 18.3, -20.625], "rotation": [0, 0, -22.5], "uv": [0, 52]},
						{"origin": [-1.44474, 22.21472, -116.25316], "size": [2.35, 1.25, 1.75], "inflate": -0.001, "pivot": [0.05, 21, -1.75], "rotation": [0, 0, 135], "uv": [139, 0]},
						{"origin": [-0.09474, 22.21472, -114.50316], "size": [1, 1.25, 2.25], "inflate": -0.001, "pivot": [0.05, 21, 0], "rotation": [0, 0, 135], "uv": [219, 25]},
						{"origin": [-1.44474, 22.21472, -108.25316], "size": [2.35, 1.25, 1.75], "inflate": -0.001, "pivot": [0.05, 21, 6.25], "rotation": [0, 0, 135], "uv": [146, 28]},
						{"origin": [-1.61412, 22.54834, -108.25416], "size": [2.35, 1.25, 1.75], "inflate": 0.001, "pivot": [0.05, 21, 2.25], "rotation": [0, 0, 90], "uv": [125, 30]},
						{"origin": [-1.49698, 22.90644, -108.25316], "size": [2.35, 1.25, 1.75], "inflate": -0.001, "pivot": [0.05, 21, 2.25], "rotation": [0, 0, 45], "uv": [109, 30]},
						{"origin": [-1.49698, 22.90644, -110.50316], "size": [1, 1.25, 2.25], "inflate": -0.001, "pivot": [0.05, 21, 4], "rotation": [0, 0, 45], "uv": [233, 6]},
						{"origin": [-0.09474, 22.21472, -110.50316], "size": [1, 1.25, 2.25], "inflate": -0.001, "pivot": [0.05, 21, 4], "rotation": [0, 0, 135], "uv": [235, 24]},
						{"origin": [-1.44474, 22.21472, -112.25316], "size": [2.35, 1.25, 1.75], "inflate": -0.001, "pivot": [0.05, 21, 2.25], "rotation": [0, 0, 135], "uv": [146, 15]},
						{"origin": [2.25, 17.3, -65.875], "size": [1.5, 3.5, 49.25], "uv": [0, 0]},
						{"origin": [-0.87914, 22.21472, -104.25116], "size": [2.35, 1.25, 1.75], "inflate": -0.001, "pivot": [-0.02388, 21, 10.252], "rotation": [0, 0, -135], "uv": [180, 15], "mirror": true},
						{"origin": [-0.87914, 22.21472, -102.50116], "size": [1, 1.25, 2.25], "inflate": -0.001, "pivot": [-0.02388, 21, 12.002], "rotation": [0, 0, -135], "uv": [176, 5], "mirror": true},
						{"origin": [-0.87914, 22.21472, -106.50116], "size": [1, 1.25, 2.25], "inflate": -0.001, "pivot": [-0.02388, 21, 8.002], "rotation": [0, 0, -135], "uv": [164, 27], "mirror": true},
						{"origin": [0.5231, 22.90644, -102.50116], "size": [1, 1.25, 2.25], "inflate": -0.001, "pivot": [-0.02388, 21, 12.002], "rotation": [0, 0, -45], "uv": [162, 4], "mirror": true},
						{"origin": [-0.8269, 22.90644, -104.25116], "size": [2.35, 1.25, 1.75], "inflate": -0.001, "pivot": [-0.02388, 21, 6.252], "rotation": [0, 0, -45], "uv": [192, 6], "mirror": true},
						{"origin": [-0.70976, 22.54834, -104.25216], "size": [2.35, 1.25, 1.75], "inflate": 0.001, "pivot": [-0.02388, 21, 6.252], "rotation": [0, 0, -90], "uv": [164, 18], "mirror": true},
						{"origin": [0.5231, 22.90644, -106.50116], "size": [1, 1.25, 2.25], "inflate": -0.001, "pivot": [-0.02388, 21, 8.002], "rotation": [0, 0, -45], "uv": [196, 15], "mirror": true},
						{"origin": [-0.8269, 22.90644, -116.25116], "size": [2.35, 1.25, 1.75], "inflate": -0.001, "pivot": [-0.02388, 21, -1.748], "rotation": [0, 0, -45], "uv": [127, 74], "mirror": true},
						{"origin": [-1.44474, 22.21472, -104.25316], "size": [2.35, 1.25, 1.75], "inflate": -0.001, "pivot": [0.05, 21, 10.25], "rotation": [0, 0, 135], "uv": [146, 41]},
						{"origin": [-1.61412, 22.54834, -104.25416], "size": [2.35, 1.25, 1.75], "inflate": 0.001, "pivot": [0.05, 21, 6.25], "rotation": [0, 0, 90], "uv": [126, 43]},
						{"origin": [-1.49698, 22.90644, -104.25316], "size": [2.35, 1.25, 1.75], "inflate": -0.001, "pivot": [0.05, 21, 6.25], "rotation": [0, 0, 45], "uv": [108, 40]},
						{"origin": [-1.49698, 22.90644, -106.50316], "size": [1, 1.25, 2.25], "inflate": -0.001, "pivot": [0.05, 21, 8], "rotation": [0, 0, 45], "uv": [249, 6]},
						{"origin": [-0.09474, 22.21472, -102.50316], "size": [1, 1.25, 2.25], "inflate": -0.001, "pivot": [0.05, 21, 12], "rotation": [0, 0, 135], "uv": [266, 22]},
						{"origin": [-1.49698, 22.90644, -102.50316], "size": [1, 1.25, 2.25], "inflate": -0.001, "pivot": [0.05, 21, 12], "rotation": [0, 0, 45], "uv": [265, 5]},
						{"origin": [-0.09474, 22.21472, -106.50316], "size": [1, 1.25, 2.25], "inflate": -0.001, "pivot": [0.05, 21, 8], "rotation": [0, 0, 135], "uv": [251, 23]},
						{"origin": [-1.49698, 22.90644, -116.25316], "size": [2.35, 1.25, 1.75], "inflate": -0.001, "pivot": [0.05, 21, -1.75], "rotation": [0, 0, 45], "uv": [112, 0]},
						{"origin": [-0.70976, 22.54834, -116.25216], "size": [2.35, 1.25, 1.75], "inflate": 0.001, "pivot": [-0.02388, 21, -1.748], "rotation": [0, 0, -90], "uv": [114, 72], "mirror": true},
						{"origin": [0.5231, 22.90644, -114.50116], "size": [1, 1.25, 2.25], "inflate": -0.001, "pivot": [-0.02388, 21, 0.002], "rotation": [0, 0, -45], "uv": [116, 88], "mirror": true},
						{"origin": [-0.8269, 22.90644, -112.25116], "size": [2.35, 1.25, 1.75], "inflate": -0.001, "pivot": [-0.02388, 21, -1.748], "rotation": [0, 0, -45], "uv": [175, 36], "mirror": true},
						{"origin": [-0.70976, 22.54834, -112.25216], "size": [2.35, 1.25, 1.75], "inflate": 0.001, "pivot": [-0.02388, 21, -1.748], "rotation": [0, 0, -90], "uv": [127, 60], "mirror": true},
						{"origin": [0.5231, 22.90644, -110.50116], "size": [1, 1.25, 2.25], "inflate": -0.001, "pivot": [-0.02388, 21, 4.002], "rotation": [0, 0, -45], "uv": [189, 36], "mirror": true},
						{"origin": [-0.70976, 22.54834, -108.25216], "size": [2.35, 1.25, 1.75], "inflate": 0.001, "pivot": [-0.02388, 21, 2.252], "rotation": [0, 0, -90], "uv": [198, 25], "mirror": true},
						{"origin": [-0.8269, 22.90644, -108.25116], "size": [2.35, 1.25, 1.75], "inflate": -0.001, "pivot": [-0.02388, 21, 2.252], "rotation": [0, 0, -45], "uv": [183, 27], "mirror": true},
						{"origin": [-0.87914, 22.21472, -108.25116], "size": [2.35, 1.25, 1.75], "inflate": -0.001, "pivot": [-0.02388, 21, 6.252], "rotation": [0, 0, -135], "uv": [162, 36], "mirror": true},
						{"origin": [-0.87914, 22.21472, -112.25116], "size": [2.35, 1.25, 1.75], "inflate": -0.001, "pivot": [-0.02388, 21, 2.252], "rotation": [0, 0, -135], "uv": [141, 57], "mirror": true},
						{"origin": [-0.87914, 22.21472, -116.25116], "size": [2.35, 1.25, 1.75], "inflate": -0.001, "pivot": [-0.02388, 21, -1.748], "rotation": [0, 0, -135], "uv": [144, 72], "mirror": true},
						{"origin": [-0.87914, 22.21472, -114.50116], "size": [1, 1.25, 2.25], "inflate": -0.001, "pivot": [-0.02388, 21, 0.002], "rotation": [0, 0, -135], "uv": [128, 88], "mirror": true},
						{"origin": [-0.87914, 22.21472, -110.50116], "size": [1, 1.25, 2.25], "inflate": -0.001, "pivot": [-0.02388, 21, 4.002], "rotation": [0, 0, -135], "uv": [113, 57], "mirror": true},
						{"origin": [2.25, 16.75, -66.675], "size": [1.5, 1.6, 1], "pivot": [3.75, 18.3, -66.675], "rotation": [-10, 0, -22.5], "uv": [15, 10]},
						{"origin": [-3.75, 15.82265, -66.67187], "size": [7.5, 2.45, 1], "pivot": [3.75, 18.27265, -66.67187], "rotation": [-9.5, 0, 0], "uv": [0, 36]},
						{"origin": [-3.75, 17.54859, -65.78243], "size": [7.5, 2.65, 1.25], "inflate": 0.001, "pivot": [3.75, 20.8, -63.875], "rotation": [-17.5, 0, 0], "uv": [51, 40]},
						{"origin": [-2.08387, 17.59759, -3.38617], "size": [1.3, 1, 9.1], "pivot": [-3.07531, 18.59759, 1.4833], "rotation": [-9.2366, 4.9342, -0.8107], "uv": [51, 0]},
						{"origin": [-3.251, 17.354, 2.4059], "size": [1, 1.775, 3], "pivot": [-3.251, 17.354, 0.4059], "rotation": [-4.495, 9.7454, 37.1572], "uv": [0, 0]},
						{"origin": [-1.15553, 17.92769, -4.25219], "size": [2.3, 1, 6.7], "pivot": [-0.95553, 18.92769, -0.55219], "rotation": [-9.25, 0, 0], "uv": [0, 20]},
						{"origin": [0.78387, 17.59759, -3.38617], "size": [1.3, 1, 9.1], "pivot": [3.07531, 18.59759, 1.4833], "rotation": [-9.2366, -4.9342, 0.8107], "uv": [51, 10]},
						{"origin": [2.251, 17.354, 2.4059], "size": [1, 1.775, 4], "pivot": [3.251, 17.354, 0.4059], "rotation": [-4.495, -9.7454, -37.1572], "uv": [36, 20]},
						{"origin": [-0.25, 5.1848, 2.14122], "size": [3.5, 12, 7.5], "pivot": [3.251, 17.1858, 2.14022], "rotation": [0, -6, 0], "uv": [29, 0]},
						{"origin": [-3.25, 5.1848, 2.14122], "size": [3.5, 12, 7.5], "pivot": [-3.251, 17.1858, 2.14022], "rotation": [0, 6, 0], "uv": [23, 20]},
						{"origin": [-2.57964, 17.1848, 0.5076], "size": [2.15, 2, 28], "pivot": [-2.58064, 17.1838, 28.5086], "rotation": [0, 0, 45], "uv": [107, 155]},
						{"origin": [0.53451, 19.50298, -26.6], "size": [1.5, 3, 19.45], "inflate": -0.1, "pivot": [0.78451, 20.00298, -17.6], "rotation": [0, 0, 25], "uv": [63, 159]},
						{"origin": [-0.82798, 22.80951, -26.6], "size": [2.75, 1.5, 19.45], "inflate": -0.1, "pivot": [-0.32798, 23.05951, -17.6], "rotation": [0, 0, 25], "uv": [162, 126]},
						{"origin": [-2.63451, 21.69702, -26.6], "size": [1.5, 2.5, 19.45], "inflate": -0.1, "pivot": [-3.38451, 21.94702, -17.6], "rotation": [0, 0, 25], "uv": [2, 127]},
						{"origin": [-2.77202, 19.64049, -26.6], "size": [2.75, 1.5, 19.45], "inflate": -0.1, "pivot": [-2.27202, 18.89049, -17.6], "rotation": [0, 0, 25], "uv": [54, 126]}
					]
				},
				{
					"name": "_cb_scope",
					"parent": "gun",
					"pivot": [0, 28.375, -39.375],
					"cubes": [
						{"origin": [-0.501, 24.399, -37.601], "size": [1, 1, 1], "uv": [9, 10]}
					]
				},
				{
					"name": "sight",
					"parent": "gun",
					"pivot": [0, 0, 0],
					"cubes": [
						{"origin": [-1, 24.6, -43.825], "size": [2, 3, 1.75], "inflate": -0.2, "uv": [461, 144]},
						{"origin": [-2.25, 27.05, -32.225], "size": [4.75, 1, 2], "inflate": -0.149, "uv": [500, 115]},
						{"origin": [-2.1, 27, -32.225], "size": [3, 3, 2], "inflate": -0.15, "pivot": [-2.1, 27, -32.125], "rotation": [0, 0, 32], "uv": [402, 175]},
						{"origin": [-1.4, 24.55, -32.075], "size": [1.525, 1, 1.75], "inflate": -0.199, "pivot": [-1.2, 25.35, -31.875], "rotation": [0, 0, -52.75], "uv": [500, 132]},
						{"origin": [-0.125, 24.55, -32.075], "size": [1.525, 1, 1.75], "inflate": -0.199, "pivot": [1.2, 25.35, -31.875], "rotation": [0, 0, 52.75], "uv": [501, 164]},
						{"origin": [-1.4, 23.55, -32.075], "size": [2.8, 2, 1.75], "inflate": -0.198, "uv": [467, 208]},
						{"origin": [-1, 24.6, -32.075], "size": [2, 3, 1.75], "inflate": -0.2, "uv": [461, 144]},
						{"origin": [-2.25, 27.05, -34.725], "size": [4.75, 1, 2], "inflate": -0.149, "uv": [500, 115]},
						{"origin": [-2.1, 27, -34.725], "size": [3, 3, 2], "inflate": -0.15, "pivot": [-2.1, 27, -34.625], "rotation": [0, 0, 32], "uv": [402, 175]},
						{"origin": [-1.4, 24.55, -34.575], "size": [1.525, 1, 1.75], "inflate": -0.199, "pivot": [-1.2, 25.35, -34.375], "rotation": [0, 0, -52.75], "uv": [500, 132]},
						{"origin": [-0.125, 24.55, -34.575], "size": [1.525, 1, 1.75], "inflate": -0.199, "pivot": [1.2, 25.35, -34.375], "rotation": [0, 0, 52.75], "uv": [501, 164]},
						{"origin": [-1.4, 23.55, -34.575], "size": [2.8, 2, 1.75], "inflate": -0.198, "uv": [467, 208]},
						{"origin": [-1, 24.6, -34.575], "size": [2, 3, 1.75], "inflate": -0.2, "uv": [461, 144]},
						{"origin": [-1.4, 23.55, -43.825], "size": [2.8, 2, 1.75], "inflate": -0.198, "uv": [467, 208]},
						{"origin": [-0.125, 24.55, -43.825], "size": [1.525, 1, 1.75], "inflate": -0.199, "pivot": [1.2, 25.35, -43.625], "rotation": [0, 0, 52.75], "uv": [501, 164]},
						{"origin": [-1.4, 24.55, -43.825], "size": [1.525, 1, 1.75], "inflate": -0.199, "pivot": [-1.2, 25.35, -43.625], "rotation": [0, 0, -52.75], "uv": [500, 132]},
						{"origin": [-2.1, 27, -43.975], "size": [3, 3, 2], "inflate": -0.15, "pivot": [-2.1, 27, -43.875], "rotation": [0, 0, 32], "uv": [402, 175]},
						{"origin": [-2.25, 27.05, -43.975], "size": [4.75, 1, 2], "inflate": -0.149, "uv": [500, 115]},
						{"origin": [-1, 24.6, -41.325], "size": [2, 3, 1.75], "inflate": -0.2, "uv": [461, 144]},
						{"origin": [-1.4, 23.55, -41.325], "size": [2.8, 2, 1.75], "inflate": -0.198, "uv": [467, 208]},
						{"origin": [-0.125, 24.55, -41.325], "size": [1.525, 1, 1.75], "inflate": -0.199, "pivot": [1.2, 25.35, -41.125], "rotation": [0, 0, 52.75], "uv": [501, 164]},
						{"origin": [-1.4, 24.55, -41.325], "size": [1.525, 1, 1.75], "inflate": -0.199, "pivot": [-1.2, 25.35, -41.125], "rotation": [0, 0, -52.75], "uv": [500, 132]},
						{"origin": [-2.1, 27, -41.475], "size": [3, 3, 2], "inflate": -0.15, "pivot": [-2.1, 27, -41.375], "rotation": [0, 0, 32], "uv": [402, 175]},
						{"origin": [-2.25, 27.05, -41.475], "size": [4.75, 1, 2], "inflate": -0.149, "uv": [500, 115]},
						{"origin": [-2.1, 27, -48.325], "size": [3, 3, 23.8], "inflate": -0.3, "pivot": [-2.1, 27, -48.225], "rotation": [0, 0, 32], "uv": [97, 106]},
						{"origin": [-2.35, 26.75, -29.325], "size": [3.5, 3.5, 4], "inflate": -0.3, "pivot": [-2.1, 27, -48.225], "rotation": [0, 0, 32], "uv": [498, 137]},
						{"origin": [-2.9, 26.4, -39.6], "size": [4, 4, 5.05], "inflate": -0.3, "pivot": [-2.1, 26.4, -39.575], "rotation": [0, 0, 32], "uv": [494, 147]},
						{"origin": [-3.75, 29.25, -39], "size": [3, 6, 3], "inflate": -0.25, "pivot": [-3.95, 28.25, -38.525], "rotation": [0, -22.5, 90], "uv": [478, 150]},
						{"origin": [-1.05, 28.25, -39], "size": [3, 2, 3], "inflate": -0.25, "pivot": [-1.25, 28.25, -38.525], "rotation": [0, -22.5, 0], "uv": [500, 172]},
						{"origin": [-2, 27.9, -49.525], "size": [3, 2, 5.675], "inflate": -0.3, "pivot": [-1.8, 27.05, -44.625], "rotation": [-7.5, 0, 32], "uv": [138, 103]},
						{"origin": [-0.95, 26.85, -49.525], "size": [2, 3, 5.675], "inflate": -0.3, "pivot": [-1.8, 27.05, -44.625], "rotation": [0, -7.5, 32], "uv": [138, 112]},
						{"origin": [-2, 26.75, -49.2], "size": [3, 2, 5.675], "inflate": -0.3, "pivot": [-1.8, 27.05, -44.625], "rotation": [7.5, 0, 32], "uv": [102, 115]},
						{"origin": [-2.1, 26.85, -49.275], "size": [2, 3, 5.425], "inflate": -0.3, "pivot": [-1.8, 27.05, -44.625], "rotation": [0, 7.5, 32], "uv": [104, 105]},
						{"origin": [-2.8, 26.55, -50.825], "size": [3.75, 3.7, 2], "pivot": [-2.1, 26.4, -65.825], "rotation": [0, 0, 32], "uv": [37, 71]},
						{"origin": [0.9, 25.35, -25.35], "size": [1.2, 4.2, 2.9], "inflate": -0.5, "uv": [463, 124]},
						{"origin": [-2.1, 25.35, -25.35], "size": [1.2, 4.2, 2.9], "inflate": -0.5, "uv": [463, 116]},
						{"origin": [-1.9, 28.35, -25.35], "size": [3.8, 1.2, 2.9], "inflate": -0.5, "uv": [483, 122]},
						{"origin": [-1.9, 25.55, -25.35], "size": [3.8, 3.8, 1.2], "inflate": -0.5, "uv": [3, 86]},
						{"origin": [-1.9, 25.35, -25.35], "size": [3.8, 1.2, 2.9], "inflate": -0.5, "uv": [479, 137]},
						{"origin": [-1.7, 25.75, -24.05], "size": [3.4, 3.4, 1], "inflate": -0.3, "uv": [504, 123]}
					]
				},
				{
					"name": "scope",
					"parent": "sight",
					"pivot": [0, 0, 0],
					"cubes": [
						{"origin": [-0.5, 26.925, -23.475], "size": [1, 1, 1], "inflate": -0.4, "uv": [40, 35]}
					]
				},
				{
					"name": "scopepip",
					"parent": "sight",
					"pivot": [0, 0, 0],
					"cubes": [
						{"origin": [-1.7, 25.75, -23.975], "size": [3.4, 3.4, 1], "inflate": -0.3, "uv": [504, 123]}
					]
				},
				{
					"name": "bolt1",
					"parent": "gun",
					"pivot": [0.05, 30.35, -8.25],
					"cubes": [
						{"origin": [-1.55, 20.725, -26.6], "size": [2.5, 2.5, 9.2], "inflate": -0.1, "pivot": [-1.3, 20.975, -17.6], "rotation": [0, 0, 25], "uv": [81, 0]},
						{"origin": [-1.55, 20.725, -17.4], "size": [2.5, 2.5, 10], "inflate": 0.1, "pivot": [-1.3, 20.975, -7.4], "rotation": [0, 0, 25], "uv": [79, 32]}
					]
				},
				{
					"name": "bolt2",
					"parent": "bolt1",
					"pivot": [-0.2, 21.35, -8.25],
					"cubes": [
						{"origin": [-1.3, 20.975, -5.6], "size": [2, 2, 1], "inflate": 0.05, "pivot": [-1.3, 20.975, -4.6], "rotation": [0, 0, 25], "uv": [0, 20]},
						{"origin": [-2.05, 20.225, -7.5], "size": [3.5, 3.5, 1.85], "pivot": [-1.3, 20.975, -5.6], "rotation": [0, 0, 25], "uv": [0, 4]},
						{"origin": [-2.18819, 17.93448, -7.175], "size": [1, 5, 1.25], "inflate": 0.0002, "pivot": [-2.175, 22.95, -6.425], "rotation": [0, 0, 19.25], "uv": [10, 0]},
						{"origin": [-5.47464, 18.00211, -7.174], "size": [2.2, 1, 1.25], "inflate": -0.001, "pivot": [-3.47464, 19.00211, -5.674], "rotation": [0, 0, -30.25], "uv": [0, 15]},
						{"origin": [-2.19357, 21.9407, -7.174], "size": [1.6, 1, 1.25], "inflate": -0.002, "pivot": [-2.19257, 22.9397, -5.925], "rotation": [0, 0, -31.25], "uv": [9, 12]},
						{"origin": [-7.075, 19.575, -7.175], "size": [1.2, 1, 1.25], "inflate": 0.1, "pivot": [-2.775, 20.575, -7.175], "rotation": [0, 0, -45.25], "uv": [23, 22]}
					]
				},
				{
					"name": "rightarm",
					"parent": "main",
					"pivot": [-9.95, 5, 17.3],
					"rotation": [-108.94835, -25.50978, -14.58498],
					"cubes": [
						{"origin": [-13.95, -19, 12.8], "size": [8, 24, 8], "uv": [51, 52]}
					]
				},
				{
					"name": "leftarm",
					"parent": "main",
					"pivot": [10.45, 5.55, -15.85],
					"rotation": [-119.61483, 1.67666, -38.31282],
					"cubes": [
						{"origin": [6.45, -18.45, -19.85], "size": [8, 24, 8], "uv": [0, 52]}
					]
				},
				{
					"name": "muzzleflash",
					"parent": "main",
					"pivot": [0, 21.5, -116.45],
					"cubes": [
						{"origin": [-0.5, 21, -116.75], "size": [1, 1, 1], "inflate": -0.4, "uv": [27, 69]}
					]
				},
				{
					"name": "_camera_",
					"pivot": [6.825, 33.725, 26.45]
				}
			]
		}
	]
}