{
	"format_version": "1.12.0",
	"minecraft:geometry": [
		{
			"description": {
				"identifier": "geometry.unknown",
				"texture_width": 128,
				"texture_height": 128,
				"visible_bounds_width": 8,
				"visible_bounds_height": 4,
				"visible_bounds_offset": [0, 1, 0]
			},
			"bones": [
				{
					"name": "sight",
					"pivot": [0, -17.5, 35.25],
					"cubes": [
						{"origin": [-0.55, 6.2, -1.05], "size": [1.1, 1.3, 1], "inflate": -0.3, "pivot": [-0.5, 6.7, 0.25], "rotation": [20, 0, 0], "uv": [39, 53]},
						{"origin": [-0.55, 5.96922, -0.8], "size": [1.1, 1.3, 1.1], "inflate": -0.3, "pivot": [-0.25, 6.95, -0.2], "rotation": [-2, 0, 0], "uv": [0, 52]},
						{"origin": [-0.5, 5.8, -1.15], "size": [1, 1.2, 1.4], "inflate": -0.25, "pivot": [-0.5, 6.25, 0], "rotation": [-5, 0, 0], "uv": [0, 54]},
						{"origin": [-0.6, 5.5, -0.6], "size": [1.2, 1.175, 1], "inflate": -0.35, "pivot": [-0.5, 5.75, 2.1], "rotation": [-16, 0, 0], "uv": [35, 53]},
						{"origin": [-0.5, 5.45, -0.25], "size": [1, 1, 1.25], "inflate": -0.25, "pivot": [-0.5, 5.75, 2.1], "rotation": [-16, 0, 0], "uv": [8, 52]},
						{"origin": [-0.5, 5.5, 0.5], "size": [1, 1.05, 1], "inflate": -0.25, "pivot": [-0.5, 5.75, 2.1], "rotation": [-16, 0, 0], "uv": [12, 52]},
						{"origin": [-0.7, 6.1, -0.45], "size": [1.4, 1.1, 1.95], "inflate": -0.44, "pivot": [-0.025, 6.9, 0.7], "rotation": [-16, 0, 0], "uv": [27, 53]}
					]
				},
				{
					"name": "_ca_frontsight",
					"pivot": [0, -17.5, 4.25],
					"cubes": [
						{"origin": [-0.5, 5.8, -0.15], "size": [1, 1, 1], "uv": [27, 56]}
					]
				}
			]
		}
	]
}