{
	"format_version": "1.12.0",
	"minecraft:geometry": [
		{
			"description": {
				"identifier": "geometry.unknown",
				"texture_width": 64,
				"texture_height": 64,
				"visible_bounds_width": 8,
				"visible_bounds_height": 4,
				"visible_bounds_offset": [0, 1, 0]
			},
			"bones": [
				{
					"name": "bb_main",
					"pivot": [0, 0, 0],
					"cubes": [
						{
							"origin": [-3, 3, -3],
							"size": [6, 13, 6],
							"uv": {
								"north": {"uv": [32, 0], "uv_size": [16, 39]},
								"east": {"uv": [32, 0], "uv_size": [16, 39]},
								"south": {"uv": [32, 0], "uv_size": [16, 39]},
								"west": {"uv": [32, 0], "uv_size": [16, 39]},
								"up": {"uv": [64, 16], "uv_size": [-16, -16]},
								"down": {"uv": [48, 16], "uv_size": [16, -16]}
							}
						}
					]
				},
				{
					"name": "_ca_grip",
					"pivot": [0.5, 40.125, 11.125],
					"cubes": [
						{"origin": [-0.5, 15.5, -0.5], "size": [1, 1, 1], "uv": [0, 0]}
					]
				}
			]
		}
	]
}