{
  "name" : "cg_m249_magazine",
  "type": "Gun",
  "maxAmmoCapacity" : 30,
  "compatibleAmmo" : ["ammocreative", "ammo556"],
  "damage" : 6.0,
  "rpm" : 850,
  "fireModes" : ["AUTOMATIC"],
  "fireSound" : "cg_m249",
  "drawCooldownDuration" : 1200,
  "aimingZoom" : 0.25,
  "gunRecoilInitialAmplitude" : 1.0,
  "shakeRecoilAmplitude" : 0.4,
  "shakeRecoilSpeed" : 2,
  "viewRecoilAmplitude" : 2,
  "inspectCooldownDuration": 14000,
  "phasedReloads": [
    {
      "phase": "RELOADING",
      "condition": "reloadIterationIndex == 0",
      "duration": 4330,
      "animation": "animation.model.reloadempty"
    },
    {
      "phase": "RELOADING",
      "condition": "reloadIterationIndex > 0",
      "duration": 3630,
      "animation": "animation.model.reload"
    }
  ],
  "effects": [
	{
		"phase": "hit_scan_acquired",
		"name" : "tracer"
	},
	{
		"phase": "firing",
		"name" : "muzzle_flash"
	}
  ]
}