{
"loader": "forge:separate_transforms",
  "gui_light": "front",
  "base": 
{
  "credit": "Made with Blockbench",
  "parent": "builtin/entity",
  "texture_size": [
    256,
    256
  ],
  "display": {
    "thirdperson_righthand": {
      "translation": [
        0,
        -5.75,
        0
      ],
      "scale": [
        0.43,
        0.43,
        0.43
      ]
    },
    "firstperson_righthand": {
      "scale": [
        0.4,
        0.4,
        0.4
      ]
    },
    "ground": {
      "translation": [
        0,
        -6.75,
        0
      ],
      "scale": [
        0.46,
        0.46,
        0.46
      ]
    },
    "gui": {
      "translation": [
        0,
        -10,
        0
      ],
      "scale": [
        0.84,
        0.84,
        0.84
      ]
    }
  }
},
  "perspectives": {
    "gui": {
      "parent": "item/generated",
      "textures": {
        "layer0": "pointblank:item/cg_m249_mag65.icon"
      }
    }
  }
}