{
"loader": "forge:separate_transforms",
  "gui_light": "front",
  "base": 
{
  "credit": "Made with Blockbench",
  "parent": "builtin/entity",
  "texture_size": [
    256,
    256
  ],
  "display": {
    "thirdperson_righthand": {
      "translation": [
        0,
        -6.75,
        0.75
      ],
      "scale": [
        0.45,
        0.45,
        0.45
      ]
    },
    "thirdperson_lefthand": {
      "translation": [
        0.25,
        -5.75,
        16
      ],
      "scale": [
        0.43,
        0.43,
        0.43
      ]
    },
    "firstperson_righthand": {
      "scale": [
        0.43,
        0.43,
        0.43
      ]
    },
    "firstperson_lefthand": {
      "translation": [
        2.75,
        -14,
        26
      ]
    },
    "ground": {
      "scale": [
        0.46,
        0.46,
        0.46
      ]
    },
    "gui": {
      "translation": [
        0,
        -3.5,
        0
      ],
      "scale": [
        0.49,
        0.49,
        0.49
      ]
    }
  }
},
  "perspectives": {
    "gui": {
      "parent": "item/generated",
      "textures": {
        "layer0": "pointblank:item/cg_m249_bipod.icon"
      }
    }
  }
}