{
"loader": "forge:separate_transforms",
  "gui_light": "front",
  "base": 
{
  "credit": "Made with Blockbench",
  "parent": "builtin/entity",
  "texture_size": [
    256,
    256
  ],
  "display": {
    "thirdperson_righthand": {
      "rotation": [
        0,
        0,
        67
      ],
      "translation": [
        6.5,
        -5,
        0.25
      ],
      "scale": [
        0.41,
        0.41,
        0.41
      ]
    },
    "firstperson_righthand": {
      "rotation": [
        0,
        0,
        60
      ],
      "translation": [
        5.5,
        0,
        0
      ],
      "scale": [
        0.4,
        0.4,
        0.4
      ]
    },
    "ground": {
      "rotation": [
        0,
        0,
        55
      ],
      "translation": [
        7.25,
        -5.25,
        0
      ],
      "scale": [
        0.46,
        0.46,
        0.46
      ]
    },
    "gui": {
      "rotation": [
        -73,
        -90,
        0
      ],
      "translation": [
        0,
        -6,
        0
      ],
      "scale": [
        0.84,
        0.84,
        0.84
      ]
    }
  }
},
  "perspectives": {
    "gui": {
      "parent": "item/generated",
      "textures": {
        "layer0": "pointblank:item/cg_m249_mag30.icon"
      }
    }
  }
}