{
	"format_version": "1.8.0",
	"animations": {
		"animation.model.draw": {
			"animation_length": 1.2,
			"bones": {
				"main": {
					"rotation": {
						"0.0": {
							"vector": [32.09413, -54.38778, -8.29667]
						},
						"0.25": {
							"vector": [1.77698, -9.99529, -4.30852]
						},
						"0.4": {
							"vector": [0.58201, -1.04064, 2.6563]
						},
						"0.5": {
							"vector": [0.33587, 0.38756, -0.40013]
						},
						"0.6": {
							"vector": [0, 0, 0]
						}
					},
					"position": {
						"0.0": {
							"vector": [0, -17.3, 0]
						},
						"0.1": {
							"vector": [0, -7.41, -4.07]
						},
						"0.25": {
							"vector": [-0.4, -1.2, -2.75]
						},
						"0.35": {
							"vector": [0.4, 0, -1.9]
						},
						"0.5": {
							"vector": [0, 0, 0]
						}
					}
				},
				"leftarm": {
					"rotation": {
						"0.0": {
							"vector": [0, 0, 0]
						},
						"0.2": {
							"vector": [1, 0, -22]
						},
						"0.4": {
							"vector": [0, 0, 0]
						}
					},
					"position": {
						"0.0": {
							"vector": [0, 0, 0]
						},
						"0.2": {
							"vector": [3.53901, 3.6754, 5.59783]
						},
						"0.4": {
							"vector": [0, 0, 0]
						}
					}
				}
			}
		},
		"animation.model.fire": {
			"loop": true,
			"animation_length": 0.16,
			"bones": {
				"action": {
					"position": {
						"0.0": {
							"vector": [0, 0, 0]
						},
						"0.04": {
							"vector": [0, 0, 11]
						}
					}
				},
				"main": {
					"rotation": {
						"0.0": {
							"vector": [0, 0, 0]
						},
						"0.04": {
							"vector": [0.59242, 0.00504, -6.35997]
						},
						"0.08": {
							"vector": [2.50198, -0.75289, 0.11115]
						},
						"0.12": {
							"vector": [0, 0, 0]
						}
					},
					"position": {
						"0.0": {
							"vector": [0, 0, 0]
						},
						"0.04": {
							"vector": [0, -0.2, -1.625]
						},
						"0.08": {
							"vector": [0, 0, 0]
						},
						"0.12": {
							"vector": [0, 0, 0]
						}
					}
				},
				"bone7": {
					"position": {
						"0.0": {
							"vector": [0, 0, 0]
						},
						"0.04": {
							"vector": [0, 0, 4.7]
						},
						"0.12": {
							"vector": [0, 0, 0]
						}
					}
				},
				"belt": {
					"position": {
						"0.0": {
							"vector": [0, 0, 0]
						},
						"0.04": {
							"vector": [0, 0, 9.9]
						},
						"0.12": {
							"vector": [0, 0, 0]
						}
					}
				},
				"rightarm": {
					"rotation": {
						"vector": [0, 0, 0]
					},
					"position": {
						"0.0": {
							"vector": [0, 0, 0]
						},
						"0.04": {
							"vector": [0, 0, 2]
						},
						"0.08": {
							"vector": [0, 0, 0]
						}
					}
				},
				"leftarm": {
					"rotation": {
						"0.0": {
							"vector": [0, 0, 0]
						},
						"0.04": {
							"vector": [-2.5, 0, 0]
						},
						"0.12": {
							"vector": [0, 0, 0]
						}
					},
					"position": {
						"0.0": {
							"vector": [0, 0, 0]
						},
						"0.04": {
							"vector": [0, -1, 0]
						},
						"0.12": {
							"vector": [0, 0, 0]
						}
					}
				}
			}
		},
		"animation.model.reload": {
			"animation_length": 1.9,
			"blend_weight": "1",
			"bones": {
				"main": {
					"rotation": {
						"0.0": {
							"vector": [0, 0, 0]
						},
						"0.1667": {
							"vector": [1.74626, 0.11444, -8.74826]
						},
						"0.3": {
							"vector": [1.74996, 0.00218, -5.0714]
						},
						"0.4333": {
							"vector": [1.74461, 0.13728, -9.49791]
						},
						"0.5333": {
							"vector": [1.75773, -0.09047, -14.87072]
						},
						"0.6333": {
							"vector": [3.00128, 0.24539, -21.74591]
						},
						"0.7": {
							"vector": [1.99354, 0.33386, -28.22869]
						},
						"0.8": {
							"vector": [2.6616, 0.78652, -24.4528]
						},
						"0.9333": {
							"vector": [2.91824, 0.34684, -18.72948]
						},
						"1.0333": {
							"vector": [2.99485, 0.22967, -20.97372]
						},
						"1.1": {
							"vector": [2.98503, 0.334, -22.97102]
						},
						"1.2": {
							"vector": [3.49727, -0.21092, -9.4863]
						},
						"1.3": {
							"vector": [3.51757, 0.2381, -14.96701]
						},
						"1.4333": {
							"vector": [3.43745, -0.89446, -12.78173]
						},
						"1.6": {
							"vector": [0.25799, -0.08878, 2.31438]
						},
						"1.7333": {
							"vector": [0, 0, 0]
						}
					},
					"position": {
						"0.0": {
							"vector": [0, 0, 0]
						},
						"0.1667": {
							"vector": [-2.125, -1.375, -3.35],
							"easing": "linear"
						},
						"0.3333": {
							"vector": [-1.675, -1.375, -4.525],
							"easing": "easeInSine"
						},
						"0.4667": {
							"vector": [-1.07, -0.42, -7.05],
							"easing": "easeInSine"
						},
						"0.5667": {
							"vector": [-1.07, -0.295, -8.445],
							"easing": "easeInSine"
						},
						"0.7": {
							"vector": [-1.07, -0.07, -8.87]
						},
						"0.8333": {
							"vector": [-1.27, -0.27, -7.815]
						},
						"1.0": {
							"vector": [-1.07, -0.67, -7.96]
						},
						"1.1": {
							"vector": [-1.195, -0.67, -7.885]
						},
						"1.1667": {
							"vector": [-1.09, -0.72, -6.985]
						},
						"1.3": {
							"vector": [-1.265, -1.02, -5.605],
							"easing": "easeOutSine"
						},
						"1.5333": {
							"vector": [0.465, -0.37, -1.89],
							"easing": "linear"
						},
						"1.7": {
							"vector": [0, 0, 0],
							"easing": "easeOutSine"
						}
					}
				},
				"leftarm": {
					"rotation": {
						"0.0": {
							"vector": [0, 0, 0]
						},
						"0.1667": {
							"vector": [35.55751, 5.00107, -10.0788]
						},
						"0.3667": {
							"vector": [-2.47746, -1.47128, 19.35246]
						},
						"0.4333": {
							"vector": [-1.31514, -2.37025, 20.22542]
						},
						"0.5667": {
							"vector": [13.61189, -2.57993, 6.38776]
						},
						"0.6667": {
							"vector": [-3.90725, 0.16817, 2.48475]
						},
						"0.7333": {
							"vector": [-3.86489, -2.84257, 1.61725]
						},
						"0.8667": {
							"vector": [-3.90725, 0.16817, 2.48475]
						},
						"1.0": {
							"vector": [-3.23411, -1.59143, 3.56231]
						},
						"1.1": {
							"vector": [-3.47516, -3.71861, 5.69156]
						},
						"1.1667": {
							"vector": [24.89698, 0.59273, 4.39618]
						},
						"1.3": {
							"vector": [24.89698, 0.59273, 4.39618]
						},
						"1.4333": {
							"vector": [40.2628, 11.07554, 5.73162]
						},
						"1.5": {
							"vector": [24.16544, -0.88374, 4.13087]
						},
						"1.7333": {
							"vector": [0, 0, 0]
						}
					},
					"position": {
						"0.0": {
							"vector": [0, 0, 0]
						},
						"0.1667": {
							"vector": [11.935, -10.39, 24.7]
						},
						"0.3667": {
							"vector": [-1.8277, -4.85718, 1.76531]
						},
						"0.4333": {
							"vector": [-1.34, -4.61, 1.41]
						},
						"0.5667": {
							"vector": [-0.88, -5.585, 0.335]
						},
						"0.6667": {
							"vector": [5.50982, -8.18456, -3.3484]
						},
						"0.7333": {
							"vector": [3.83482, -10.05956, -3.9984]
						},
						"0.8": {
							"vector": [1.37, -9.65, -3.94]
						},
						"0.8667": {
							"vector": [0.15982, -7.60956, -3.1734]
						},
						"1.0": {
							"vector": [-2.75685, -3.37954, -3.25337]
						},
						"1.1": {
							"vector": [-2.75685, -3.37954, -3.25337]
						},
						"1.1667": {
							"vector": [-6.7527, 0.91782, 5.39031]
						},
						"1.3": {
							"vector": [-6.7527, 0.91782, 5.39031]
						},
						"1.4333": {
							"vector": [-7.75, -16.33, 15.39]
						},
						"1.5": {
							"vector": [-5.7527, -29.28218, 39.36531]
						},
						"1.6": {
							"vector": [4.95, -11.71, 15.75]
						},
						"1.7333": {
							"vector": [0, 0, 0]
						}
					}
				},
				"action": {
					"rotation": {
						"vector": [0, 0, 0]
					},
					"position": {
						"vector": [0, 0, 0]
					}
				},
				"rightarm": {
					"rotation": {
						"0.0": {
							"vector": [0, 0, 0]
						},
						"1.7333": {
							"vector": [0, 0, 0]
						}
					},
					"position": {
						"0.0": {
							"vector": [0, 0, 0]
						},
						"1.7333": {
							"vector": [0, 0, 0]
						}
					}
				},
				"magazine": {
					"rotation": {
						"0.0": {
							"vector": [0, 0, 0]
						},
						"0.5333": {
							"vector": [0, 0, 0]
						},
						"0.6667": {
							"vector": [-11.85924, 0.04053, -12.61654]
						},
						"0.7333": {
							"vector": [-8.40398, -7.68149, -9.09741]
						},
						"0.8667": {
							"vector": [-9.40845, -3.07288, -3.62851]
						},
						"1.0": {
							"vector": [-19.03623, -2.40876, -0.95684]
						},
						"1.1": {
							"vector": [-19.0928, -2.04422, 0.49929]
						},
						"1.1667": {
							"vector": [-1.0928, -2.04422, 0.49929]
						},
						"1.3": {
							"vector": [-1.0928, -2.04422, 0.49929]
						},
						"1.4333": {
							"vector": [-0.77937, -1.22909, -10.86875]
						},
						"1.5": {
							"vector": [32.84409, -0.28584, -40.45544]
						}
					},
					"position": {
						"0.0": {
							"vector": [0, 0, 0]
						},
						"0.5333": {
							"vector": [0, 0, 0]
						},
						"0.6667": {
							"vector": [-0.29321, -1.45193, -1.09042]
						},
						"0.7333": {
							"vector": [-0.94321, -2.27693, -1.09042]
						},
						"0.7667": {
							"vector": [-2.16, -2, -0.67]
						},
						"0.8": {
							"vector": [-3.175, -1.72, -0.25]
						},
						"0.8667": {
							"vector": [-3.79321, -1.15193, 0.58458]
						},
						"1.0": {
							"vector": [-4.015, -1.15, 0.58]
						},
						"1.1": {
							"vector": [-4.015, -1.15, 0.58]
						},
						"1.1667": {
							"vector": [-3.77, 0.275, -0.145]
						},
						"1.3": {
							"vector": [-3.77, 0.275, -0.145]
						},
						"1.4333": {
							"vector": [-5.63, -14.81, -0.15]
						},
						"1.5": {
							"vector": [-7.02, -26.12, 13.9]
						}
					}
				},
				"magazine2": {
					"rotation": {
						"0.0": {
							"vector": [0, 0, 0]
						},
						"0.0667": {
							"vector": [0, 0, 0]
						},
						"0.1667": {
							"vector": [27.5, 0, -45]
						},
						"0.3667": {
							"vector": [-7.33536, -7.49741, 3.95334]
						},
						"0.4333": {
							"vector": [-4.82095, -7.5743, 1.93741]
						},
						"0.5333": {
							"vector": [-4.82095, -7.5743, 1.93741]
						},
						"0.6667": {
							"vector": [-12.87859, -8.05339, -7.5438]
						},
						"0.7333": {
							"vector": [-12.30017, -10.66463, -7.63174]
						},
						"0.8667": {
							"vector": [-6.33953, 2.60832, -4.83393]
						},
						"1.0": {
							"vector": [-17.98702, -0.69513, -2.13998]
						},
						"1.1": {
							"vector": [-17.99892, -0.16871, -0.73078]
						},
						"1.1667": {
							"vector": [0, 0, 0]
						}
					},
					"position": {
						"0.0": {
							"vector": [0, 0, 0]
						},
						"0.0333": {
							"vector": [0, 0, 46]
						},
						"0.0667": {
							"vector": [18, -28, 46]
						},
						"0.1667": {
							"vector": [12.33112, -18.09429, 10.24052]
						},
						"0.3667": {
							"vector": [5.09, -0.3, 1.19]
						},
						"0.4333": {
							"vector": [5.09, -0.225, 0.54]
						},
						"0.5333": {
							"vector": [5.09, -0.225, -0.71]
						},
						"0.6667": {
							"vector": [5.075, -3.66, 0.115]
						},
						"0.7333": {
							"vector": [3.57, -5.075, 0.07]
						},
						"0.8667": {
							"vector": [-0.28445, -2.99754, -0.04575],
							"easing": "easeOutSine"
						},
						"1.0": {
							"vector": [-0.17253, -0.90834, -0.02775],
							"easing": "linear"
						},
						"1.1": {
							"vector": [-0.17253, -0.90834, -0.02775],
							"easing": "easeOutSine"
						},
						"1.1667": {
							"vector": [0, 0, 0]
						}
					},
					"scale": {
						"0.0": {
							"vector": [0, 0, 0]
						},
						"0.0667": {
							"vector": [1, 1, 1]
						},
						"1.7333": {
							"vector": [1, 1, 1]
						}
					}
				}
			},
			"sound_effects": {
				"0.2333": {
					"effect": "ak_magout"
				},
				"0.8": {
					"effect": "ak_magin"
				},
				"1.2667": {
					"effect": "foley_end"
				}
			}
		},
		"animation.model.inspect": {
			"animation_length": 3.7,
			"bones": {
				"main": {
					"rotation": {
						"0.0": {
							"vector": [0, 0, 0]
						},
						"0.1667": {
							"vector": [-8.41746, -13.59608, -21.21259],
							"easing": "linear"
						},
						"0.3": {
							"vector": [-8.39812, -20.10111, -31.77688]
						},
						"0.4333": {
							"vector": [-9.55676, -20.88889, -28.55629]
						},
						"0.5333": {
							"vector": [-8.77652, -21.21647, -30.72851]
						},
						"0.7667": {
							"vector": [-9.4227, -20.94881, -28.93303]
						},
						"1.0": {
							"vector": [-3.1216, -20.98207, -46.44405]
						},
						"1.1333": {
							"vector": [-4.564, -20.73064, -42.44007]
						},
						"1.2333": {
							"vector": [-4.86325, -20.9153, -41.60203]
						},
						"1.3333": {
							"vector": [-4.58308, -20.97575, -42.38574]
						},
						"1.4667": {
							"vector": [-4.01131, -21.08802, -43.97908]
						},
						"1.6": {
							"vector": [-4.38767, -21.01662, -42.9316]
						},
						"1.7": {
							"vector": [-4.18847, -21.05622, -43.48691],
							"easing": "linear"
						},
						"2.0333": {
							"vector": [-16.91438, 5.38499, 54.40399],
							"easing": "linear"
						},
						"2.1667": {
							"vector": [-15.22513, 5.80082, 60.04554]
						},
						"2.3": {
							"vector": [-15.70981, 5.86025, 59.48558]
						},
						"2.4333": {
							"vector": [-15.93602, 7.03904, 62.69373]
						},
						"2.5667": {
							"vector": [-15.60896, 7.75082, 65.23442]
						},
						"2.7333": {
							"vector": [-15.71675, 7.52491, 64.42194]
						},
						"2.9": {
							"vector": [-15.56389, 7.84019, 65.55973]
						},
						"3.1": {
							"vector": [-15.61778, 7.73186, 65.16659]
						},
						"3.2667": {
							"vector": [-15.9801, 6.93689, 62.33342]
						},
						"3.4": {
							"vector": [-8.86998, 2.42135, 33.56191]
						},
						"3.5333": {
							"vector": [0, -1.75, -2.75]
						},
						"3.7": {
							"vector": [0, 0, 0]
						}
					},
					"position": {
						"0.0": {
							"vector": [0, 0, 0]
						},
						"0.3": {
							"vector": [-0.475, 1.475, -8.7]
						},
						"0.4": {
							"vector": [-0.195, 1, -7.7]
						},
						"0.5333": {
							"vector": [-0.03, 0.725, -7.7]
						},
						"0.7": {
							"vector": [0, 1.125, -7.7]
						},
						"0.9": {
							"vector": [0.125, 1.4, -8.275]
						},
						"1.2": {
							"vector": [-0.02, 1.475, -8]
						},
						"1.4": {
							"vector": [0.11, 1.425, -8.175]
						},
						"1.6667": {
							"vector": [0.275, 1.25, -7.975]
						},
						"1.8": {
							"vector": [-0.13, -1.19, -8.65]
						},
						"1.9667": {
							"vector": [-0.545, -1.325, -11.15]
						},
						"2.1333": {
							"vector": [-0.415, -1.395, -10.545]
						},
						"2.2667": {
							"vector": [-0.525, -1.455, -9.17]
						},
						"2.4": {
							"vector": [-0.49, -1.43, -9.85]
						},
						"2.5667": {
							"vector": [-0.455, -1.5, -9.24]
						},
						"2.7667": {
							"vector": [-0.53, -1.5, -9.27]
						},
						"3.0": {
							"vector": [-0.49, -1.41, -9.3]
						},
						"3.2333": {
							"vector": [-0.545, -1.325, -9.325]
						},
						"3.3667": {
							"vector": [-1.005, -0.61, -7.41]
						},
						"3.6333": {
							"vector": [0, 0, 0]
						}
					}
				},
				"leftarm": {
					"rotation": {
						"0.0": {
							"vector": [0, 0, 0]
						},
						"0.1667": {
							"vector": [37.18099, 13.37462, -17.62369]
						},
						"1.7333": {
							"vector": [37.18099, 13.37462, -17.62369]
						},
						"2.0333": {
							"vector": [-20, 0, -45]
						},
						"3.3": {
							"vector": [-20, 0, -45]
						},
						"3.5667": {
							"vector": [0, 0, 0]
						}
					},
					"position": {
						"0.0": {
							"vector": [0, 0, 0]
						},
						"0.1667": {
							"vector": [4.55775, -47.49377, 28.84018]
						},
						"1.7333": {
							"vector": [4.55775, -47.49377, 28.84018]
						},
						"2.0333": {
							"vector": [8.1735, 5.47279, -1.73319]
						},
						"3.3": {
							"vector": [8.1735, 5.47279, -1.73319]
						},
						"3.5667": {
							"vector": [0, 0, 0]
						}
					}
				}
			},
			"sound_effects": {
				"0.0": {
					"effect": "inspect_up"
				},
				"0.8": {
					"effect": "inspect_foley"
				},
				"1.3667": {
					"effect": "inspect_turn"
				},
				"3.2667": {
					"effect": "inspect_down"
				}
			}
		},
		"animation.model.reloadempty": {
			"animation_length": 2.66667,
			"blend_weight": "1",
			"bones": {
				"main": {
					"rotation": {
						"0.0": {
							"vector": [0, 0, 0]
						},
						"0.2": {
							"vector": [1.74461, 0.13728, -15.24791]
						},
						"0.3333": {
							"vector": [1.75773, -0.09047, -14.87072]
						},
						"0.4333": {
							"vector": [3.00128, 0.24539, -21.74591]
						},
						"0.5": {
							"vector": [1.99354, 0.33386, -33.22869]
						},
						"0.6": {
							"vector": [2.6616, 0.78652, -28.2028]
						},
						"0.7333": {
							"vector": [3.47834, -0.24767, -17.49625]
						},
						"0.9333": {
							"vector": [2.99485, 0.22967, -20.97372]
						},
						"1.0": {
							"vector": [2.98503, 0.334, -22.97102]
						},
						"1.0667": {
							"vector": [3.50345, 0.03339, -13.47884]
						},
						"1.2": {
							"vector": [3.73366, 0.53142, -18.45848]
						},
						"1.3333": {
							"vector": [3.11794, -1.28879, -11.95966],
							"easing": "easeOutSine"
						},
						"1.4667": {
							"vector": [2.19717, -2.8875, 4.55501]
						},
						"1.5667": {
							"vector": [1.91381, -3.36755, 3.36757]
						},
						"1.7": {
							"vector": [0.83527, -3.38727, 12.88739]
						},
						"1.8333": {
							"vector": [0.3939, -3.11353, 11.89203]
						},
						"1.9": {
							"vector": [1.52942, -2.79345, 9.14566]
						},
						"2.0333": {
							"vector": [1.60205, -2.75246, 7.64446]
						},
						"2.1667": {
							"vector": [0.57123, -1.64048, 13.12849]
						},
						"2.3667": {
							"vector": [0, 0, 0]
						}
					},
					"position": {
						"0.0": {
							"vector": [0, 0, 0]
						},
						"0.1333": {
							"vector": [-1.675, -1.375, -4.3],
							"easing": "easeInSine"
						},
						"0.3": {
							"vector": [-1.07, -0.42, -7.05],
							"easing": "easeInSine"
						},
						"0.4": {
							"vector": [-1.07, -0.295, -8.445],
							"easing": "easeInSine"
						},
						"0.5": {
							"vector": [-1.07, -0.07, -8.87]
						},
						"0.6333": {
							"vector": [-1.27, -0.27, -7.815]
						},
						"0.7333": {
							"vector": [-1.07, -0.52, -7.01]
						},
						"0.8": {
							"vector": [-1.07, -0.67, -7.56]
						},
						"0.9": {
							"vector": [-1.07, -0.67, -7.96]
						},
						"1.0": {
							"vector": [-1.195, -0.67, -7.885]
						},
						"1.0667": {
							"vector": [-1.09, -0.72, -6.985]
						},
						"1.2333": {
							"vector": [-1.74, -1.02, -6.355],
							"easing": "easeOutSine"
						},
						"1.3667": {
							"vector": [-0.94, -1.615, -4.405],
							"easing": "easeInSine"
						},
						"1.5333": {
							"vector": [-0.94, -2.41, -2.855]
						},
						"1.6333": {
							"vector": [-0.94, -2.41, -2.25]
						},
						"1.7333": {
							"vector": [-0.94, -2.41, -0.5]
						},
						"1.8": {
							"vector": [-0.815, -2.41, 0.075]
						},
						"1.8667": {
							"vector": [-0.81, -2.41, -2.15]
						},
						"2.0667": {
							"vector": [0.15, -1.27, 0.885],
							"easing": "easeInSine"
						},
						"2.2333": {
							"vector": [0.04, -0.37, 1.21]
						},
						"2.3333": {
							"vector": [0, 0, 0],
							"easing": "easeOutSine"
						}
					}
				},
				"leftarm": {
					"rotation": {
						"0.0": {
							"vector": [0, 0, 0]
						},
						"0.1667": {
							"vector": [14.54032, 1.93778, -15.1221]
						},
						"0.3333": {
							"vector": [11.25941, -21.85168, -21.40694]
						},
						"0.4": {
							"vector": [18.63239, -26.24523, -31.26199]
						},
						"0.4667": {
							"vector": [28.06208, -20.90301, -32.73639]
						},
						"0.5333": {
							"vector": [30.56208, -20.90301, -32.73639]
						},
						"0.6667": {
							"vector": [22.12554, -3.44801, -11.61915]
						},
						"0.8": {
							"vector": [-3.90725, 0.16817, 2.48475]
						},
						"0.9": {
							"vector": [-3.23411, -1.59143, 3.56231]
						},
						"1.0": {
							"vector": [-3.47516, -3.71861, 5.69156]
						},
						"1.0667": {
							"vector": [24.89698, 0.59273, 4.39618]
						},
						"1.2333": {
							"vector": [24.89698, 0.59273, 4.39618]
						},
						"1.4": {
							"vector": [-0.28573, 7.26335, -2.62087]
						},
						"2.0667": {
							"vector": [-0.28573, 7.26335, -2.62087]
						},
						"2.2333": {
							"vector": [0, 0, 0]
						}
					},
					"position": {
						"0.0": {
							"vector": [0, 0, 0]
						},
						"0.1667": {
							"vector": [18.17852, -20.55037, 33.7765]
						},
						"0.3333": {
							"vector": [1.75347, -6.25586, 11.74785]
						},
						"0.4": {
							"vector": [2.1572, -4.10711, 12.2485]
						},
						"0.4667": {
							"vector": [-2.60488, -3.10195, 8.87921]
						},
						"0.5333": {
							"vector": [-0.98707, -3.33505, 1.08026]
						},
						"0.6667": {
							"vector": [1.79051, -3.5269, 1.46339]
						},
						"0.7333": {
							"vector": [-0.35738, -2.90771, 2.55274]
						},
						"0.8": {
							"vector": [-0.01518, -2.80956, -0.3484]
						},
						"0.9": {
							"vector": [-0.35685, -2.90454, -1.37837]
						},
						"1.0": {
							"vector": [-0.35685, -2.90454, -1.37837]
						},
						"1.0667": {
							"vector": [-4.7527, 2.99282, 4.61531]
						},
						"1.2333": {
							"vector": [-4.7527, 2.99282, 4.61531]
						},
						"1.4": {
							"vector": [2.42381, 0.80304, 7.65057]
						},
						"2.0667": {
							"vector": [2.42381, 0.80304, 7.65057]
						},
						"2.2333": {
							"vector": [0, 0, 0]
						}
					}
				},
				"action": {
					"rotation": {
						"0.0": {
							"vector": [0, 0, 0]
						},
						"1.5333": {
							"vector": [0, 0, 0]
						},
						"1.8667": {
							"vector": [0, 0, 0]
						}
					},
					"position": {
						"0.0": {
							"vector": [0, 0, 0]
						},
						"1.5333": {
							"vector": [0, 0, 0]
						},
						"1.6333": {
							"vector": [0, 0, 2]
						},
						"1.7333": {
							"vector": [0, 0, 11]
						},
						"1.8333": {
							"vector": [0, 0, 11]
						},
						"1.8667": {
							"vector": [0, 0, 0]
						}
					}
				},
				"rightarm": {
					"rotation": {
						"0.0": {
							"vector": [0, 0, 0]
						},
						"1.2333": {
							"vector": [0, 0, 0]
						},
						"1.3333": {
							"vector": [1.36471, 2.12722, -1.89153]
						},
						"1.5": {
							"vector": [-5.82102, -17.37461, -31.55764]
						},
						"1.6333": {
							"vector": [-9.2311, -20.70418, -30.29272]
						},
						"1.7333": {
							"vector": [-5.48152, -28.11499, -35.99407]
						},
						"1.8333": {
							"vector": [-0.47761, -30.13329, -43.57433]
						},
						"1.9333": {
							"vector": [-30.72761, -58.47458, -18.78634]
						},
						"2.1667": {
							"vector": [0, 0, 0]
						}
					},
					"position": {
						"0.0": {
							"vector": [0, 0, 0]
						},
						"1.2333": {
							"vector": [0, 0, 0]
						},
						"1.3333": {
							"vector": [-3.86617, -0.95193, 2.99611]
						},
						"1.5": {
							"vector": [-6.21042, 0.59544, -19.98991],
							"easing": "easeOutSine"
						},
						"1.5333": {
							"vector": [-6.21042, 0.59544, -19.98991]
						},
						"1.6333": {
							"vector": [-6.11, -0.825, -19.59]
						},
						"1.7333": {
							"vector": [-7.035, -1.52, -12.115]
						},
						"1.8333": {
							"vector": [-7.035, -1.87, -12.115]
						},
						"1.9": {
							"vector": [-10.105, -6.87, -6.495]
						},
						"1.9667": {
							"vector": [-14.575, -12.22, -4.07]
						},
						"2.1667": {
							"vector": [0, 0, 0]
						}
					}
				},
				"magazine": {
					"rotation": {
						"0.0": {
							"vector": [0, 0, 0]
						},
						"0.4": {
							"vector": [0, 0, 0]
						},
						"0.4333": {
							"vector": [-10.48085, -0.63744, -3.44153]
						},
						"0.4667": {
							"vector": [-11.85924, 0.04053, -12.61654]
						},
						"0.5333": {
							"vector": [-20.21848, -15.66557, -3.91563]
						},
						"0.6": {
							"vector": [-4.61249, -32.40953, -23.63269]
						},
						"0.7": {
							"vector": [-20.79153, 4.27759, 30.76498]
						},
						"1.0": {
							"vector": [-20.79153, 4.27759, 30.76498]
						},
						"1.0667": {
							"vector": [0, 0, 0]
						}
					},
					"position": {
						"0.0": {
							"vector": [0, 0, 0]
						},
						"0.4": {
							"vector": [0, 0, 0]
						},
						"0.4333": {
							"vector": [0, 0.01145, -0.37483]
						},
						"0.4667": {
							"vector": [-0.27046, -1.25585, -5.58609]
						},
						"0.5333": {
							"vector": [4.98611, -1.55047, -28.75968]
						},
						"0.6": {
							"vector": [8.01868, -12.21913, -52.5219],
							"easing": "easeInSine"
						},
						"0.7": {
							"vector": [16.00198, -60.59647, -94.46691]
						},
						"0.8333": {
							"vector": [16.43657, -86.28657, -95.81602]
						},
						"0.9333": {
							"vector": [7.44, -34.09, 44.78]
						},
						"1.0": {
							"vector": [1.43657, 0.71343, 20.18398]
						},
						"1.0667": {
							"vector": [0, 0, 0]
						}
					},
					"scale": {
						"0.0": {
							"vector": [1, 1, 1]
						},
						"0.9": {
							"vector": [1, 1, 1]
						},
						"0.9333": {
							"vector": [0, 0, 0]
						},
						"1.0667": {
							"vector": [0, 0, 0]
						}
					}
				},
				"bullet": {
					"position": {
						"vector": [0, -1, 0]
					}
				},
				"magazine2": {
					"rotation": {
						"0.0": {
							"vector": [0, 0, 0]
						},
						"0.0667": {
							"vector": [0, 0, 0]
						},
						"0.1667": {
							"vector": [27.5, 0, -45]
						},
						"0.3333": {
							"vector": [21.41048, -27.63271, -69.06824]
						},
						"0.4": {
							"vector": [19.23844, -24.99723, -76.00279]
						},
						"0.4667": {
							"vector": [30.95125, -32.30859, -67.9511]
						},
						"0.5333": {
							"vector": [49.76601, -19.9133, -69.90027]
						},
						"0.8": {
							"vector": [-11.70207, 1.06769, 5.14058]
						},
						"0.9": {
							"vector": [-17.98702, -0.69513, -2.13998]
						},
						"1.0": {
							"vector": [-18, 0, 0]
						},
						"1.0667": {
							"vector": [0, 0, 0]
						}
					},
					"position": {
						"0.0": {
							"vector": [0, 0, 0]
						},
						"0.0333": {
							"vector": [0, 0, 46]
						},
						"0.0667": {
							"vector": [18, -28, 46]
						},
						"0.1667": {
							"vector": [12.33112, -18.09429, 10.24052]
						},
						"0.3333": {
							"vector": [-6.43202, -7.06264, 4.52643],
							"easing": "easeOutSine"
						},
						"0.4": {
							"vector": [-6.43202, -7.06264, 4.52643],
							"easing": "easeOutSine"
						},
						"0.4667": {
							"vector": [-6.18752, -5.52918, -3.75211]
						},
						"0.5333": {
							"vector": [-3.36578, -5.17833, -15.31966]
						},
						"0.6667": {
							"vector": [1.69903, -5.81953, -5.25576]
						},
						"0.8": {
							"vector": [-0.28445, -0.79754, -0.04575],
							"easing": "easeOutSine"
						},
						"0.9": {
							"vector": [-0.17253, -0.90834, -0.02775],
							"easing": "linear"
						},
						"1.0": {
							"vector": [-0.17253, -0.90834, -0.02775],
							"easing": "easeOutSine"
						},
						"1.0667": {
							"vector": [0, 0, 0]
						}
					},
					"scale": {
						"0.0": {
							"vector": [0, 0, 0]
						},
						"0.0667": {
							"vector": [1, 1, 1]
						}
					}
				},
				"belt": {
					"position": {
						"1.6333": {
							"vector": [0, 0, 0]
						},
						"1.7333": {
							"vector": [0, 0, 8]
						},
						"1.8333": {
							"vector": [0, 0, 8]
						},
						"1.9": {
							"vector": [0, 0, 0]
						}
					}
				}
			},
			"sound_effects": {
				"0.2": {
					"effect": "ak_magout"
				},
				"0.4333": {
					"effect": "m4_magout"
				},
				"0.5": {
					"effect": "ak_magout"
				},
				"0.7333": {
					"effect": "ak_magin"
				},
				"1.6333": {
					"effect": "ak_actionback"
				},
				"1.8333": {
					"effect": "ak_actionforward"
				},
				"1.9": {
					"effect": "foley_end"
				},
				"2.2333": {
					"effect": "ak_actionback"
				},
				"2.4333": {
					"effect": "ak_actionforward"
				}
			}
		}
	},
	"geckolib_format_version": 2
}