{
	"format_version": "1.8.0",
	"animations": {
		"animation.model.draw": {
			"loop": true,
			"animation_length": 1.2,
			"bones": {
				"main": {
					"rotation": {
						"0.0": {
							"vector": [32.09413, -54.38778, -8.29667]
						},
						"0.35": {
							"vector": [0.50518, -5.08075, 6.8716],
							"easing": "easeOutSine"
						},
						"0.5": {
							"vector": [0.32389, -0.60235, -2.1558],
							"easing": "linear"
						},
						"0.6": {
							"vector": [0, 0, 0],
							"easing": "linear"
						}
					},
					"position": {
						"0.0": {
							"vector": [0, -17.3, 0]
						},
						"0.25": {
							"vector": [-0.4, -2.525, -1.625],
							"easing": "linear"
						},
						"0.4": {
							"vector": [-0.05, 0, -2.49],
							"easing": "linear"
						},
						"0.55": {
							"vector": [0, 0, 0],
							"easing": "linear"
						}
					}
				},
				"leftarm": {
					"rotation": {
						"0.0": {
							"vector": [0, 0, 0]
						},
						"0.2": {
							"vector": [1, 0, -22]
						},
						"0.4": {
							"vector": [0, 0, 0]
						}
					},
					"position": {
						"0.0": {
							"vector": [0, 0, 0]
						},
						"0.2": {
							"vector": [3.53901, 3.6754, 5.59783]
						},
						"0.4": {
							"vector": [0, 0, 0]
						}
					}
				}
			},
			"sound_effects": {
				"0.0": {
					"effect": "draw"
				}
			}
		},
		"animation.model.inspect": {
			"loop": true,
			"animation_length": 3.8,
			"bones": {
				"main": {
					"rotation": {
						"0.0": {
							"vector": [0, 0, 0]
						},
						"0.1667": {
							"vector": [-8.41746, -13.59608, -21.21259],
							"easing": "linear"
						},
						"0.3": {
							"vector": [-8.39812, -20.10111, -31.77688]
						},
						"0.4333": {
							"vector": [-9.55676, -20.88889, -28.55629]
						},
						"0.5333": {
							"vector": [-8.77652, -21.21647, -30.72851]
						},
						"0.7667": {
							"vector": [-9.4227, -20.94881, -28.93303]
						},
						"1.0": {
							"vector": [-3.1216, -20.98207, -46.44405]
						},
						"1.1333": {
							"vector": [-4.564, -20.73064, -42.44007]
						},
						"1.2333": {
							"vector": [-4.86325, -20.9153, -41.60203]
						},
						"1.3333": {
							"vector": [-4.58308, -20.97575, -42.38574]
						},
						"1.4667": {
							"vector": [-4.01131, -21.08802, -43.97908]
						},
						"1.6": {
							"vector": [-4.38767, -21.01662, -42.9316]
						},
						"1.7": {
							"vector": [-4.18847, -21.05622, -43.48691],
							"easing": "linear"
						},
						"2.0333": {
							"vector": [-16.91438, 5.38499, 54.40399],
							"easing": "linear"
						},
						"2.1667": {
							"vector": [-15.22513, 5.80082, 60.04554]
						},
						"2.3": {
							"vector": [-15.70981, 5.86025, 59.48558]
						},
						"2.4333": {
							"vector": [-15.93602, 7.03904, 62.69373]
						},
						"2.5667": {
							"vector": [-15.60896, 7.75082, 65.23442]
						},
						"2.7333": {
							"vector": [-15.71675, 7.52491, 64.42194]
						},
						"2.9": {
							"vector": [-15.56389, 7.84019, 65.55973]
						},
						"3.1": {
							"vector": [-15.61778, 7.73186, 65.16659]
						},
						"3.2667": {
							"vector": [-15.9801, 6.93689, 62.33342]
						},
						"3.4": {
							"vector": [-8.86998, 2.42135, 33.56191]
						},
						"3.5333": {
							"vector": [0, -1.75, -2.75]
						},
						"3.7": {
							"vector": [0, 0, 0]
						}
					},
					"position": {
						"0.0": {
							"vector": [0, 0, 0]
						},
						"0.3": {
							"vector": [-0.475, 1.475, -8.7]
						},
						"0.4": {
							"vector": [-0.195, 1, -7.7]
						},
						"0.5333": {
							"vector": [-0.03, 0.725, -7.7]
						},
						"0.7": {
							"vector": [0, 1.125, -7.7]
						},
						"0.9": {
							"vector": [0.125, 1.4, -8.275]
						},
						"1.2": {
							"vector": [-0.02, 1.475, -8]
						},
						"1.4": {
							"vector": [0.11, 1.425, -8.175]
						},
						"1.6667": {
							"vector": [0.275, 1.25, -7.975]
						},
						"1.8": {
							"vector": [-0.13, -1.19, -8.65]
						},
						"1.9667": {
							"vector": [-0.545, -1.325, -11.15]
						},
						"2.1333": {
							"vector": [-0.415, -1.395, -10.545]
						},
						"2.2667": {
							"vector": [-0.525, -1.455, -9.17]
						},
						"2.4": {
							"vector": [-0.49, -1.43, -9.85]
						},
						"2.5667": {
							"vector": [-0.455, -1.5, -9.24]
						},
						"2.7667": {
							"vector": [-0.53, -1.5, -9.27]
						},
						"3.0": {
							"vector": [-0.49, -1.41, -9.3]
						},
						"3.2333": {
							"vector": [-0.545, -1.325, -9.325]
						},
						"3.3667": {
							"vector": [-1.005, -0.61, -7.41]
						},
						"3.6333": {
							"vector": [0, 0, 0]
						}
					}
				},
				"leftarm": {
					"rotation": {
						"0.0": {
							"vector": [0, 0, 0]
						},
						"0.1667": {
							"vector": [0, 0, -2.5]
						},
						"1.7333": {
							"vector": [0, 0, -2.5]
						},
						"2.0333": {
							"vector": [-20, 0, -45]
						},
						"3.3": {
							"vector": [-20, 0, -45]
						},
						"3.5667": {
							"vector": [0, 0, 0]
						}
					},
					"position": {
						"0.0": {
							"vector": [0, 0, 0]
						},
						"0.1667": {
							"vector": [11.23986, -30.20851, 24.64864]
						},
						"1.7333": {
							"vector": [11.23986, -30.20851, 24.64864]
						},
						"2.0333": {
							"vector": [7.35, 6.25, 2.33]
						},
						"3.3": {
							"vector": [7.35, 6.25, 2.33]
						},
						"3.5667": {
							"vector": [0, 0, 0]
						}
					}
				}
			},
			"sound_effects": {
				"0.0": {
					"effect": "inspect_up"
				},
				"0.7667": {
					"effect": "inspect_foley"
				},
				"1.3333": {
					"effect": "inspect_turn"
				},
				"3.2333": {
					"effect": "inspect_down"
				}
			}
		},
		"animation.model.fire": {
			"loop": true,
			"animation_length": 0.1333,
			"bones": {
				"main": {
					"rotation": {
						"0.0": {
							"vector": [0, 0, 0]
						},
						"0.0333": {
							"vector": [1, 0, 2]
						},
						"0.0667": {
							"vector": [-0.75732, 0.11126, 1.01238]
						},
						"0.1": {
							"vector": [0, 0, 0]
						}
					},
					"position": {
						"0.0": {
							"vector": [0, 0, 0]
						},
						"0.0333": {
							"vector": [0, 0, 1.6]
						},
						"0.0667": {
							"vector": [0, 0, 0.55]
						},
						"0.1": {
							"vector": [0, 0, 0]
						}
					}
				},
				"slide": {
					"position": {
						"0.0": {
							"vector": [0, 0, 0]
						},
						"0.0667": {
							"vector": [0, 0, 11]
						}
					}
				}
			}
		},
		"animation.model.reload": {
			"loop": true,
			"animation_length": 3.7667,
			"bones": {
				"main": {
					"rotation": {
						"0.0": {
							"vector": [0, 0, 0]
						},
						"0.2": {
							"vector": [-4.35, 3.4, 1.3]
						},
						"0.4": {
							"vector": [-47.63, -13.12, -14.5]
						},
						"0.6333": {
							"vector": [-58.86648, -30.28382, -30.91358]
						},
						"0.8": {
							"vector": [-52.61008, -27.65383, -35.7753]
						},
						"0.9": {
							"vector": [-55.75976, -26.54069, -37.64185]
						},
						"1.0333": {
							"vector": [-70.61018, -28.1349, -32.34581]
						},
						"1.1667": {
							"vector": [-63.22875, -28.04727, -32.7943]
						},
						"1.3": {
							"vector": [-63.90467, -27.46237, -35.78787]
						},
						"1.5667": {
							"vector": [-65.98211, -29.86332, -29.88912]
						},
						"1.8333": {
							"vector": [-64.35571, -29.55186, -30.66039]
						},
						"2.1": {
							"vector": [-61.88973, -31.00105, -27.61851]
						},
						"2.1667": {
							"vector": [-60.88973, -31.00105, -27.61851]
						},
						"2.2667": {
							"vector": [-53.90069, -37.51475, -28.74967]
						},
						"2.3333": {
							"vector": [-51.69166, -31.115, -28.81044]
						},
						"2.4333": {
							"vector": [-54.95979, -35.00719, -22.55306]
						},
						"2.6": {
							"vector": [-60.55763, -39.16523, -24.85521]
						},
						"2.7333": {
							"vector": [-54.78575, -37.13707, -22.99614]
						},
						"2.8333": {
							"vector": [-55.86097, -40.04125, -29.10803]
						},
						"3.0667": {
							"vector": [-56.85939, -42.7931, -23.21031]
						},
						"3.2": {
							"vector": [-50.01108, -16.01153, -21.91939]
						},
						"3.3667": {
							"vector": [-34.43, -4.12, -12.98]
						},
						"3.5": {
							"vector": [-7.77138, -0.21057, 2.49112]
						},
						"3.6": {
							"vector": [7.06, -0.11, 1.25]
						},
						"3.7667": {
							"vector": [0, 0, 0]
						}
					},
					"position": {
						"0.0": {
							"vector": [0, 0, 0]
						},
						"0.1": {
							"vector": [0, -1.4, 1.9]
						},
						"0.3667": {
							"vector": [-1.57, 8.48, -1.24]
						},
						"0.5333": {
							"vector": [-2.6, 10.5, -3.3]
						},
						"0.7333": {
							"vector": [-2.3688, 7.09982, -3.62146]
						},
						"0.8667": {
							"vector": [-1.62442, 7.34105, -3.61544]
						},
						"1.0": {
							"vector": [0.12841, 9.07464, -5.01263]
						},
						"1.2333": {
							"vector": [-1.05978, 9.93947, -1.97496]
						},
						"1.4667": {
							"vector": [-0.6, 10.3, -2.73]
						},
						"1.7": {
							"vector": [-1.26, 10.44, -3.17]
						},
						"1.9667": {
							"vector": [-1.26, 11.74, -3.17]
						},
						"2.1333": {
							"vector": [-1.26, 11.74, -3.17]
						},
						"2.3": {
							"vector": [-2.16, 10.94, -3.07]
						},
						"2.4333": {
							"vector": [-2.42689, 11.06406, -2.79912]
						},
						"2.5667": {
							"vector": [-1.57285, 10.71181, -3.59049]
						},
						"2.7": {
							"vector": [-0.86, 11.34, -3.17]
						},
						"2.8": {
							"vector": [-1.36029, 11.60104, -2.74741]
						},
						"2.9": {
							"vector": [-0.79122, 10.89986, -2.93318]
						},
						"3.0": {
							"vector": [-1.00725, 9.70541, -2.62411]
						},
						"3.1333": {
							"vector": [0.19461, 6.31689, -3.35135]
						},
						"3.2333": {
							"vector": [-0.05275, 1.45665, -3.68779]
						},
						"3.3333": {
							"vector": [-0.33727, 3.37979, -5.62787]
						},
						"3.4667": {
							"vector": [0.05382, 0.25341, -7.08841]
						},
						"3.6333": {
							"vector": [0, 0, -1]
						},
						"3.7333": {
							"vector": [0, 0, 0]
						}
					}
				},
				"rightarm": {
					"rotation": {
						"0.0": {
							"vector": [0, 0, 0]
						},
						"0.2333": {
							"vector": [0, 0, 0]
						},
						"0.5333": {
							"vector": [0, -20, 0]
						},
						"0.6": {
							"vector": [0, -20, 0]
						},
						"3.1667": {
							"vector": [0, -20, 0]
						},
						"3.4": {
							"vector": [0, 0, 0]
						}
					},
					"position": {
						"0.0": {
							"vector": [0, 0, 0]
						},
						"0.3": {
							"vector": [0, 0, 0]
						},
						"0.6": {
							"vector": [-6.60243, -0.63416, -3.27656]
						},
						"3.2667": {
							"vector": [-6.60243, -0.63416, -3.27656]
						},
						"3.5": {
							"vector": [0, 0, 0]
						}
					}
				},
				"leftarm": {
					"rotation": {
						"0.0": {
							"vector": [0, 0, 0]
						},
						"0.4333": {
							"vector": [-5.40218, 22.3413, -37.34514]
						},
						"0.6333": {
							"vector": [-44.11546, -0.9562, -14.05501]
						},
						"0.8667": {
							"vector": [-44.12, -0.96, -14.06]
						},
						"1.0": {
							"vector": [-28.36144, 13.09632, -34.46908]
						},
						"1.1": {
							"vector": [-25.45871, -0.85127, -13.47049]
						},
						"1.3667": {
							"vector": [-71.87703, 7.26244, -50.68439]
						},
						"1.7667": {
							"vector": [-71.88, 7.26, -50.68]
						},
						"2.0": {
							"vector": [-5.06686, -15.58637, -35.25532]
						},
						"2.1667": {
							"vector": [-14.35646, -3.58315, -22.37283]
						},
						"2.3333": {
							"vector": [-15.52098, -20.65791, -32.80791]
						},
						"2.4667": {
							"vector": [-15.52098, -20.65791, -32.80791]
						},
						"2.6333": {
							"vector": [19.35725, 13.96464, -4.11697]
						},
						"2.7333": {
							"vector": [-10.65153, 5.99408, 1.98804]
						},
						"2.8333": {
							"vector": [-6.72154, 3.97274, 3.53628]
						},
						"2.9667": {
							"vector": [-6.72154, 3.97274, 3.53628]
						},
						"3.1333": {
							"vector": [18.30696, 5.00361, 18.01531]
						},
						"3.2333": {
							"vector": [0, 0, 0]
						}
					},
					"position": {
						"0.0": {
							"vector": [0, 0, 0]
						},
						"0.3333": {
							"vector": [6.20008, -7.06747, 16.5109]
						},
						"0.5333": {
							"vector": [6.20008, -7.06747, 16.5109]
						},
						"0.8667": {
							"vector": [6.2, -7.07, 16.51]
						},
						"0.9333": {
							"vector": [9.66877, -15.10674, 20.26321]
						},
						"1.2333": {
							"vector": [14.47481, -21.16649, 29.69239]
						},
						"1.4333": {
							"vector": [8.24333, -22.54545, 39.85547]
						},
						"1.7667": {
							"vector": [8.24, -22.55, 39.86]
						},
						"1.9333": {
							"vector": [4.45822, -16.61556, 32.20907]
						},
						"2.1": {
							"vector": [2.29889, -14.836, 31.12719]
						},
						"2.4": {
							"vector": [2.14416, -7.23985, 25.76902]
						},
						"2.5667": {
							"vector": [3.3938, -9.52046, 28.94451]
						},
						"2.7": {
							"vector": [1.3587, -11.37673, 27.44454]
						},
						"2.8": {
							"vector": [2.0065, -11.91059, 27.7691]
						},
						"2.9333": {
							"vector": [2.0065, -11.91059, 27.7691]
						},
						"3.3333": {
							"vector": [0, 0, 0]
						}
					}
				},
				"magazine": {
					"rotation": {
						"0.8667": {
							"vector": [0, 0, 0]
						},
						"1.0": {
							"vector": [0, 0, -15]
						},
						"1.1": {
							"vector": [0, 17.5, 15]
						},
						"1.3667": {
							"vector": [-22.74459, 65.48376, -9.73858]
						},
						"1.7667": {
							"vector": [54.76, 65.48, -9.74]
						},
						"1.9333": {
							"vector": [16.4847, 13.56021, -15.99271]
						},
						"2.1": {
							"vector": [28.1005, 12.13054, -8.31041]
						},
						"2.1667": {
							"vector": [28.1005, 12.13054, -8.31041]
						},
						"2.4333": {
							"vector": [0, 0, 0]
						},
						"2.8": {
							"vector": [0, 0, 0]
						}
					},
					"position": {
						"0.8667": {
							"vector": [0, 0, 0]
						},
						"1.0": {
							"vector": [3.30264, -15.67228, 0]
						},
						"1.1": {
							"vector": [7.40162, -8.21682, 3.08254]
						},
						"1.3667": {
							"vector": [4.11576, -21.84051, 22.86015]
						},
						"1.7667": {
							"vector": [-4.46689, -20.72809, 30.73585]
						},
						"1.9333": {
							"vector": [-0.85161, -12.36269, 10.1307]
						},
						"2.0": {
							"vector": [3.94799, -10.02695, 3.81289]
						},
						"2.1667": {
							"vector": [2.34811, -9.63167, 4.88948]
						},
						"2.3667": {
							"vector": [0.06792, -0.18827, -0.10046]
						},
						"2.6667": {
							"vector": [0.06792, -0.18827, -0.10046]
						},
						"2.7": {
							"vector": [0, 0, 0]
						}
					}
				}
			},
			"sound_effects": {
				"0.0": {
					"effect": "foley_start"
				},
				"0.7667": {
					"effect": "m4_magout"
				},
				"2.1333": {
					"effect": "m4_magin"
				},
				"2.6333": {
					"effect": "m4_maghit"
				},
				"3.1": {
					"effect": "foley_end"
				}
			}
		},
		"animation.model.reloadempty": {
			"loop": true,
			"animation_length": 4.6,
			"bones": {
				"main": {
					"rotation": {
						"0.0": {
							"vector": [0, 0, 0]
						},
						"0.2": {
							"vector": [-4.35, 3.4, 1.3]
						},
						"0.4": {
							"vector": [-47.63, -13.12, -14.5]
						},
						"0.6333": {
							"vector": [-58.86648, -30.28382, -30.91358]
						},
						"0.8": {
							"vector": [-52.61008, -27.65383, -35.7753]
						},
						"0.9": {
							"vector": [-55.75976, -26.54069, -37.64185]
						},
						"1.0333": {
							"vector": [-70.61018, -28.1349, -32.34581]
						},
						"1.1667": {
							"vector": [-63.22875, -28.04727, -32.7943]
						},
						"1.3": {
							"vector": [-63.90467, -27.46237, -35.78787]
						},
						"1.5667": {
							"vector": [-65.98211, -29.86332, -29.88912]
						},
						"1.8333": {
							"vector": [-64.35571, -29.55186, -30.66039]
						},
						"2.1": {
							"vector": [-61.88973, -31.00105, -27.61851]
						},
						"2.1667": {
							"vector": [-60.88973, -31.00105, -27.61851]
						},
						"2.2667": {
							"vector": [-53.90069, -37.51475, -28.74967]
						},
						"2.3333": {
							"vector": [-51.69166, -31.115, -28.81044]
						},
						"2.4333": {
							"vector": [-54.95979, -35.00719, -22.55306]
						},
						"2.6": {
							"vector": [-60.55763, -39.16523, -24.85521]
						},
						"2.7333": {
							"vector": [-54.78575, -37.13707, -22.99614]
						},
						"2.8333": {
							"vector": [-55.86097, -40.04125, -29.10803]
						},
						"3.0667": {
							"vector": [-56.85939, -42.7931, -23.21031]
						},
						"3.2": {
							"vector": [-56.49, -41.35, -23.14]
						},
						"3.4667": {
							"vector": [-23.02348, -19.50994, -3.38611]
						},
						"3.7": {
							"vector": [-28.79525, -21.3971, -8.32835]
						},
						"3.8667": {
							"vector": [-27.63645, -18.24037, -2.90346]
						},
						"4.1": {
							"vector": [-6.09, 2.48, -11.55]
						},
						"4.1667": {
							"vector": [0.52905, 3.18113, -7.86736]
						},
						"4.3": {
							"vector": [1.05739, 1.19051, -3.10548]
						},
						"4.4667": {
							"vector": [0, 0, 0]
						}
					},
					"position": {
						"0.0": {
							"vector": [0, 0, 0]
						},
						"0.1": {
							"vector": [0, -1.4, 1.9]
						},
						"0.3667": {
							"vector": [-1.57, 8.48, -1.24]
						},
						"0.5333": {
							"vector": [-2.6, 10.5, -3.3]
						},
						"0.7333": {
							"vector": [-2.3688, 7.09982, -3.62146]
						},
						"0.8667": {
							"vector": [-1.62442, 7.34105, -3.61544]
						},
						"1.0": {
							"vector": [0.12841, 9.07464, -5.01263]
						},
						"1.2333": {
							"vector": [-1.05978, 9.93947, -1.97496]
						},
						"1.4667": {
							"vector": [-0.6, 10.3, -2.73]
						},
						"1.7": {
							"vector": [-1.26, 10.44, -3.17]
						},
						"1.9667": {
							"vector": [-1.26, 11.74, -3.17]
						},
						"2.1333": {
							"vector": [-1.26, 11.74, -3.17]
						},
						"2.3": {
							"vector": [-2.16, 10.94, -3.07]
						},
						"2.4333": {
							"vector": [-2.42689, 11.06406, -2.79912]
						},
						"2.5667": {
							"vector": [-1.57285, 10.71181, -3.59049]
						},
						"2.7": {
							"vector": [-0.86, 11.34, -3.17]
						},
						"2.8": {
							"vector": [-1.36029, 11.60104, -2.74741]
						},
						"2.9": {
							"vector": [-0.79122, 10.89986, -2.93318]
						},
						"3.0": {
							"vector": [-1.00725, 9.70541, -2.62411]
						},
						"3.1333": {
							"vector": [0.19461, 6.31689, -3.35135]
						},
						"3.3667": {
							"vector": [4.53091, -0.91951, -10.11589]
						},
						"3.6": {
							"vector": [2.57577, -0.97017, -7.33808]
						},
						"3.8": {
							"vector": [3.66509, 2.76195, -11.37916]
						},
						"4.0667": {
							"vector": [0.05382, 0.25341, -7.08841]
						},
						"4.2333": {
							"vector": [0, 0, -1]
						},
						"4.3333": {
							"vector": [0, 0, 0]
						}
					}
				},
				"rightarm": {
					"rotation": {
						"0.0": {
							"vector": [0, 0, 0]
						},
						"0.2333": {
							"vector": [0, 0, 0]
						},
						"0.5333": {
							"vector": [0, -20, 0]
						},
						"0.6": {
							"vector": [0, -20, 0]
						},
						"3.1667": {
							"vector": [0, -20, 0]
						},
						"3.4": {
							"vector": [0, 0, 0]
						}
					},
					"position": {
						"0.0": {
							"vector": [0, 0, 0]
						},
						"0.3": {
							"vector": [0, 0, 0]
						},
						"0.6": {
							"vector": [-6.60243, -0.63416, -3.27656]
						},
						"3.2667": {
							"vector": [-6.60243, -0.63416, -3.27656]
						},
						"3.5": {
							"vector": [0, 0, 0]
						}
					}
				},
				"leftarm": {
					"rotation": {
						"0.0": {
							"vector": [0, 0, 0]
						},
						"0.4333": {
							"vector": [-5.40218, 22.3413, -37.34514]
						},
						"0.6333": {
							"vector": [-44.11546, -0.9562, -14.05501]
						},
						"0.8667": {
							"vector": [-44.12, -0.96, -14.06]
						},
						"1.0": {
							"vector": [-28.36144, 13.09632, -34.46908]
						},
						"1.1": {
							"vector": [-25.45871, -0.85127, -13.47049]
						},
						"1.3667": {
							"vector": [-71.87703, 7.26244, -50.68439]
						},
						"1.7667": {
							"vector": [-71.88, 7.26, -50.68]
						},
						"2.0": {
							"vector": [-5.06686, -15.58637, -35.25532]
						},
						"2.1667": {
							"vector": [-14.35646, -3.58315, -22.37283]
						},
						"2.3333": {
							"vector": [-15.52098, -20.65791, -32.80791]
						},
						"2.4667": {
							"vector": [-15.52098, -20.65791, -32.80791]
						},
						"2.6333": {
							"vector": [19.35725, 13.96464, -4.11697]
						},
						"2.7333": {
							"vector": [-10.65153, 5.99408, 1.98804]
						},
						"2.8333": {
							"vector": [-6.72154, 3.97274, 3.53628]
						},
						"2.9667": {
							"vector": [-6.72154, 3.97274, 3.53628]
						},
						"3.1333": {
							"vector": [18.30696, 5.00361, 18.01531]
						},
						"3.4333": {
							"vector": [6.2989, -20.45131, -40.42501]
						},
						"3.4667": {
							"vector": [6.2989, -20.45131, -40.42501]
						},
						"3.5667": {
							"vector": [8.83614, -25.47871, -75.04665]
						},
						"3.6333": {
							"vector": [8.83614, -25.47871, -75.04665]
						},
						"3.6667": {
							"vector": [8.83614, -25.47871, -75.04665]
						},
						"3.8": {
							"vector": [12.89755, -19.16896, -38.14798]
						},
						"3.9333": {
							"vector": [18.30696, 5.00361, 18.01531]
						},
						"4.0333": {
							"vector": [0, 0, 0]
						}
					},
					"position": {
						"0.0": {
							"vector": [0, 0, 0]
						},
						"0.3333": {
							"vector": [6.20008, -7.06747, 16.5109]
						},
						"0.5333": {
							"vector": [6.20008, -7.06747, 16.5109]
						},
						"0.8667": {
							"vector": [6.2, -7.07, 16.51]
						},
						"0.9333": {
							"vector": [9.66877, -15.10674, 20.26321]
						},
						"1.2333": {
							"vector": [14.47481, -21.16649, 29.69239]
						},
						"1.4333": {
							"vector": [8.24333, -22.54545, 39.85547]
						},
						"1.7667": {
							"vector": [8.24, -22.55, 39.86]
						},
						"1.9333": {
							"vector": [4.45822, -16.61556, 32.20907]
						},
						"2.1": {
							"vector": [2.29889, -14.836, 31.12719]
						},
						"2.4": {
							"vector": [2.14416, -7.23985, 25.76902]
						},
						"2.5667": {
							"vector": [3.3938, -9.52046, 28.94451]
						},
						"2.7": {
							"vector": [1.3587, -11.37673, 27.44454]
						},
						"2.8": {
							"vector": [2.0065, -11.91059, 27.7691]
						},
						"2.9333": {
							"vector": [2.0065, -11.91059, 27.7691]
						},
						"3.1333": {
							"vector": [2.01, -11.91, 27.77]
						},
						"3.3667": {
							"vector": [3.69184, 6.88199, 4.25942]
						},
						"3.4333": {
							"vector": [3.69184, 6.88199, 4.25942]
						},
						"3.5667": {
							"vector": [6.97347, 10.91633, 11.60349]
						},
						"3.6667": {
							"vector": [7.1467, 12.56258, 14.2979]
						},
						"3.7": {
							"vector": [7.1467, 12.56258, 14.2979]
						},
						"3.8": {
							"vector": [9.91446, 7.94876, 13.99298]
						},
						"4.1333": {
							"vector": [0, 0, 0]
						}
					}
				},
				"magazine": {
					"rotation": {
						"0.8667": {
							"vector": [0, 0, 0]
						},
						"1.0": {
							"vector": [0, 0, -15]
						},
						"1.1": {
							"vector": [0, 17.5, 15]
						},
						"1.3667": {
							"vector": [-22.74459, 65.48376, -9.73858]
						},
						"1.7667": {
							"vector": [54.76, 65.48, -9.74]
						},
						"1.9333": {
							"vector": [16.4847, 13.56021, -15.99271]
						},
						"2.1": {
							"vector": [28.1005, 12.13054, -8.31041]
						},
						"2.1667": {
							"vector": [28.1005, 12.13054, -8.31041]
						},
						"2.4333": {
							"vector": [0, 0, 0]
						},
						"2.8": {
							"vector": [0, 0, 0]
						}
					},
					"position": {
						"0.8667": {
							"vector": [0, 0, 0]
						},
						"1.0": {
							"vector": [3.30264, -15.67228, 0]
						},
						"1.1": {
							"vector": [7.40162, -8.21682, 3.08254]
						},
						"1.3667": {
							"vector": [4.11576, -21.84051, 22.86015]
						},
						"1.7667": {
							"vector": [-4.46689, -20.72809, 30.73585]
						},
						"1.9333": {
							"vector": [-0.85161, -12.36269, 10.1307]
						},
						"2.0": {
							"vector": [3.94799, -10.02695, 3.81289]
						},
						"2.1667": {
							"vector": [2.34811, -9.63167, 4.88948]
						},
						"2.3667": {
							"vector": [0.06792, -0.18827, -0.10046]
						},
						"2.6667": {
							"vector": [0.06792, -0.18827, -0.10046]
						},
						"2.7": {
							"vector": [0, 0, 0]
						}
					}
				},
				"bullet": {
					"scale": {
						"0.0": {
							"vector": [1, 1, 1]
						},
						"0.0333": {
							"vector": [0, 0, 0]
						},
						"1.6667": {
							"vector": [0, 0, 0]
						},
						"1.7": {
							"vector": [1, 1, 1]
						}
					}
				},
				"slide": {
					"rotation": {
						"3.4667": {
							"vector": [0, 0, 0]
						},
						"3.8333": {
							"vector": [0, 0, 0]
						}
					},
					"position": {
						"3.4667": {
							"vector": [0, 0, 0]
						},
						"3.5667": {
							"vector": [0, 0, 11]
						},
						"3.6667": {
							"vector": [0, 0, 11]
						},
						"3.7667": {
							"vector": [0, 0, 0]
						}
					}
				}
			},
			"sound_effects": {
				"0.0": {
					"effect": "foley_start"
				},
				"0.7667": {
					"effect": "m4_magout"
				},
				"2.1333": {
					"effect": "m4_magin"
				},
				"2.6333": {
					"effect": "m4_maghit"
				},
				"3.1": {
					"effect": "foley_start"
				},
				"3.4333": {
					"effect": "ak_actionback"
				},
				"3.6333": {
					"effect": "ak_actionforward"
				},
				"3.9667": {
					"effect": "foley_end"
				}
			}
		}
	},
	"geckolib_format_version": 2
}