{
	"format_version": "1.8.0",
	"animations": {
		"animation.model.draw": {
			"loop": true,
			"animation_length": 1.2,
			"bones": {
				"main": {
					"rotation": {
						"0.0": {
							"vector": [32.09413, -54.38778, -8.29667]
						},
						"0.5": {
							"vector": [-4.69482, -14.18075, 6.8716],
							"easing": "easeOutSine"
						},
						"0.7": {
							"vector": [0.32389, -2.30235, -2.1558],
							"easing": "linear"
						},
						"0.8": {
							"vector": [0, 0, 0],
							"easing": "linear"
						}
					},
					"position": {
						"0.0": {
							"vector": [0, -17.3, 0]
						},
						"0.2": {
							"vector": [-0.24, -11.53, -0.96]
						},
						"0.35": {
							"vector": [-0.4, -6.525, -1.625],
							"easing": "linear"
						},
						"0.45": {
							"vector": [-0.23, -2.34, -2.04]
						},
						"0.55": {
							"vector": [-0.05, -1.2, -2.49],
							"easing": "linear"
						},
						"0.75": {
							"vector": [0, 0, 0],
							"easing": "linear"
						}
					}
				},
				"leftarm": {
					"rotation": {
						"0.0": {
							"vector": [0, 0, 0]
						},
						"0.2": {
							"vector": [1, 0, -22]
						},
						"0.4": {
							"vector": [0, 0, 0]
						}
					},
					"position": {
						"0.0": {
							"vector": [0, 0, 0]
						},
						"0.2": {
							"vector": [3.53901, 3.6754, 5.59783]
						},
						"0.4": {
							"vector": [0, 0, 0]
						}
					}
				}
			}
		},
		"animation.model.preparefire": {
			"loop": true,
			"animation_length": 0.6,
			"bones": {
				"main": {
					"rotation": {
						"0.0": {
							"vector": [0, 0, 0]
						},
						"0.1333": {
							"vector": [0, 0, -1]
						},
						"0.2667": {
							"vector": [0, 0, 0]
						},
						"0.4": {
							"vector": [0, 0.5, -0.5]
						},
						"0.5": {
							"vector": [0, -0.5, -1.75]
						},
						"0.6": {
							"vector": [0, 0, -0.5]
						}
					},
					"position": {
						"0.0": {
							"vector": [0, 0, 0]
						},
						"0.6": {
							"vector": [0, 0, 1.325]
						}
					}
				},
				"mechanism1": {
					"rotation": {
						"0.0": {
							"vector": [0, 0, 0]
						},
						"0.6": {
							"vector": [0, 0, 0]
						}
					},
					"position": {
						"0.0": {
							"vector": [0, 0, 0]
						},
						"0.6": {
							"vector": [0, 0, 0]
						}
					}
				},
				"mechanism2": {
					"rotation": {
						"0.0": {
							"vector": [0, 0, 0]
						},
						"0.0667": {
							"vector": [0, 0, 0]
						},
						"0.6": {
							"vector": [0, 0, -27.25]
						}
					},
					"position": {
						"0.0": {
							"vector": [0, 0, 0]
						},
						"0.0667": {
							"vector": [0, 0, 0]
						}
					}
				},
				"mechanism3": {
					"rotation": {
						"0.0": {
							"vector": [0, 0, 0]
						},
						"0.0667": {
							"vector": [0, 0, 0]
						},
						"0.6": {
							"vector": [0, 0, 27.25]
						}
					},
					"position": {
						"0.0": {
							"vector": [0, 0, 0]
						},
						"0.0667": {
							"vector": [0, 0, 0]
						}
					}
				},
				"mechanismside1": {
					"rotation": {
						"0.0": {
							"vector": [0, 0, 0]
						},
						"0.0667": {
							"vector": [0, 0, 32.5],
							"easing": "linear"
						},
						"0.6": {
							"vector": [0, 0, 42.5]
						}
					},
					"position": {
						"vector": [0, 0, 0]
					}
				},
				"mechanismside6": {
					"rotation": {
						"0.0": {
							"vector": [0, 0, 0]
						},
						"0.0667": {
							"vector": [0, 0, -32.5]
						},
						"0.6": {
							"vector": [0, 0, -42.5]
						}
					},
					"position": {
						"vector": [0, 0, 0]
					}
				},
				"mechanismside2": {
					"rotation": {
						"0.0667": {
							"vector": [0, 0, 0]
						},
						"0.1333": {
							"vector": [0, 0, 32.5]
						},
						"0.6": {
							"vector": [0, 0, 42.5]
						}
					},
					"position": {
						"vector": [0, 0, 0]
					}
				},
				"mechanismside5": {
					"rotation": {
						"0.0667": {
							"vector": [0, 0, 0]
						},
						"0.1333": {
							"vector": [0, 0, -32.5]
						},
						"0.6": {
							"vector": [0, 0, -42.5]
						}
					},
					"position": {
						"vector": [0, 0, 0]
					}
				},
				"mechanismside3": {
					"rotation": {
						"0.1": {
							"vector": [0, 0, 0]
						},
						"0.1667": {
							"vector": [0, 0, 32.5]
						},
						"0.6": {
							"vector": [0, 0, 42.5]
						}
					},
					"position": {
						"vector": [0, 0, 0]
					}
				},
				"mechanismside4": {
					"rotation": {
						"0.1": {
							"vector": [0, 0, 0]
						},
						"0.1667": {
							"vector": [0, 0, -32.5]
						},
						"0.6": {
							"vector": [0, 0, -42.5]
						}
					},
					"position": {
						"vector": [0, 0, 0]
					}
				},
				"mechanismfront1": {
					"rotation": {
						"vector": [0, 0, 0]
					},
					"position": {
						"0.0": {
							"vector": [0, 0, 0]
						},
						"0.0667": {
							"vector": [-1.48685, 1.51303, 2]
						}
					}
				},
				"mechanismfront2": {
					"position": {
						"0.0": {
							"vector": [0, 0, 0]
						},
						"0.0667": {
							"vector": [1.51303, 1.48685, 2]
						}
					}
				},
				"mechanismfront3": {
					"position": {
						"0.0": {
							"vector": [0, 0, 0]
						},
						"0.0667": {
							"vector": [1.48024, -1.51951, 2]
						}
					}
				},
				"mechanismfront4": {
					"position": {
						"0.0": {
							"vector": [0, 0, 0]
						},
						"0.0667": {
							"vector": [-1.51303, -1.48685, 2]
						}
					}
				},
				"mechanismmiddle": {
					"rotation": {
						"0.0": {
							"vector": [0, 0, 0]
						},
						"0.1333": {
							"vector": [0, 0, 360]
						},
						"0.2667": {
							"vector": [0, 0, 537.5]
						},
						"0.4": {
							"vector": [0, 0, 717.5]
						},
						"0.6": {
							"vector": [0, 0, 990]
						}
					},
					"position": {
						"vector": [0, 0, 0]
					}
				},
				"coil": {
					"scale": {
						"vector": [1, 1, 1]
					}
				},
				"glowy": {
					"position": {
						"vector": [0, 0, 0]
					},
					"scale": {
						"vector": [1, 1, 1]
					}
				},
				"coil8": {
					"scale": {
						"0.0": {
							"vector": [1, 1, 1]
						},
						"0.1667": {
							"vector": [1.11, 1.12, 1.11]
						}
					}
				},
				"coil9": {
					"scale": {
						"0.0": {
							"vector": [1, 1, 1]
						},
						"0.1667": {
							"vector": [1.11, 1.12, 1.11]
						}
					}
				},
				"coil10": {
					"scale": {
						"0.0": {
							"vector": [1, 1, 1]
						},
						"0.1667": {
							"vector": [1.11, 1.12, 1.11]
						}
					}
				},
				"coil11": {
					"scale": {
						"0.0": {
							"vector": [1, 1, 1]
						},
						"0.1667": {
							"vector": [1.11, 1.12, 1.11]
						}
					}
				},
				"coil12": {
					"scale": {
						"0.0": {
							"vector": [1, 1, 1]
						},
						"0.1667": {
							"vector": [1.11, 1.12, 1.11]
						}
					}
				},
				"coil13": {
					"scale": {
						"0.0": {
							"vector": [1, 1, 1]
						},
						"0.1667": {
							"vector": [1.11, 1.12, 1.11]
						}
					}
				},
				"coil14": {
					"scale": {
						"0.0": {
							"vector": [1, 1, 1]
						},
						"0.1667": {
							"vector": [1.11, 1.12, 1.11]
						}
					}
				}
			}
		},
		"animation.model.fire": {
			"loop": true,
			"animation_length": 0.6667,
			"bones": {
				"main": {
					"rotation": {
						"0.0": {
							"vector": [0, 0, -0.5]
						},
						"0.0667": {
							"vector": [-3.49917, -0.0763, -1.74767]
						},
						"0.1667": {
							"vector": [-3.5, 0, -0.5]
						},
						"0.2667": {
							"vector": [-3.0098, 0.71651, -1.1392]
						},
						"0.4333": {
							"vector": [0, 0, 0]
						}
					},
					"position": {
						"0.0": {
							"vector": [0, 0, 1.325]
						},
						"0.0667": {
							"vector": [0, 0, 4.78]
						},
						"0.1333": {
							"vector": [0, -0.425, 4.33]
						},
						"0.2667": {
							"vector": [0, -0.24, 3.045]
						},
						"0.4": {
							"vector": [0, 0, 0]
						}
					}
				},
				"mechanism1": {
					"rotation": {
						"0.0": {
							"vector": [0, 0, 0]
						},
						"0.5333": {
							"vector": [0, 0, 0]
						}
					},
					"position": {
						"0.0": {
							"vector": [0, 0, 0]
						},
						"0.1": {
							"vector": [0, 0, 15]
						},
						"0.4333": {
							"vector": [0, 0, 15]
						},
						"0.5333": {
							"vector": [0, 0, 0]
						}
					}
				},
				"mechanism2": {
					"rotation": {
						"0.0": {
							"vector": [0, 0, -27.25]
						},
						"0.6": {
							"vector": [0, 0, -27.25]
						},
						"0.6667": {
							"vector": [0, 0, 0]
						}
					},
					"position": {
						"0.0": {
							"vector": [0, 0, 0]
						},
						"0.6667": {
							"vector": [0, 0, 0]
						}
					}
				},
				"mechanism3": {
					"rotation": {
						"0.0": {
							"vector": [0, 0, 27.25]
						},
						"0.6": {
							"vector": [0, 0, 27.25]
						},
						"0.6667": {
							"vector": [0, 0, 0]
						}
					},
					"position": {
						"0.0": {
							"vector": [0, 0, 0]
						},
						"0.6667": {
							"vector": [0, 0, 0]
						}
					}
				},
				"mechanismside1": {
					"rotation": {
						"0.0": {
							"vector": [0, 0, 42.5]
						},
						"0.0667": {
							"vector": [0, 0, 57.5]
						},
						"0.4": {
							"vector": [0, 0, 57.5]
						},
						"0.4667": {
							"vector": [0, 0, 0]
						}
					},
					"position": {
						"vector": [0, 0, 0]
					}
				},
				"mechanismside6": {
					"rotation": {
						"0.0": {
							"vector": [0, 0, -42.5]
						},
						"0.0667": {
							"vector": [0, 0, -57.5]
						},
						"0.4": {
							"vector": [0, 0, -57.5]
						},
						"0.4667": {
							"vector": [0, 0, 0]
						}
					},
					"position": {
						"vector": [0, 0, 0]
					}
				},
				"mechanismside2": {
					"rotation": {
						"0.0": {
							"vector": [0, 0, 42.5]
						},
						"0.0667": {
							"vector": [0, 0, 57.5]
						},
						"0.3": {
							"vector": [0, 0, 57.5]
						},
						"0.3667": {
							"vector": [0, 0, 0]
						}
					},
					"position": {
						"vector": [0, 0, 0]
					}
				},
				"mechanismside5": {
					"rotation": {
						"0.0": {
							"vector": [0, 0, -42.5]
						},
						"0.0667": {
							"vector": [0, 0, -57.5]
						},
						"0.3": {
							"vector": [0, 0, -57.5]
						},
						"0.4": {
							"vector": [0, 0, 0]
						}
					},
					"position": {
						"vector": [0, 0, 0]
					}
				},
				"mechanismside3": {
					"rotation": {
						"0.0": {
							"vector": [0, 0, 42.5]
						},
						"0.0667": {
							"vector": [0, 0, 57.5]
						},
						"0.2": {
							"vector": [0, 0, 57.5]
						},
						"0.2667": {
							"vector": [0, 0, 0]
						}
					},
					"position": {
						"vector": [0, 0, 0]
					}
				},
				"mechanismside4": {
					"rotation": {
						"0.0": {
							"vector": [0, 0, -42.5]
						},
						"0.0667": {
							"vector": [0, 0, -57.5]
						},
						"0.2": {
							"vector": [0, 0, -57.5]
						},
						"0.2667": {
							"vector": [0, 0, 0]
						}
					},
					"position": {
						"vector": [0, 0, 0]
					}
				},
				"mechanismfront1": {
					"rotation": {
						"vector": [0, 0, 0]
					},
					"position": {
						"0.0": {
							"vector": [-1.48685, 1.51303, 2]
						},
						"0.2": {
							"vector": [-1.48685, 1.51303, 2]
						},
						"0.2667": {
							"vector": [-1.46499, 1.40499, 0.00292]
						},
						"0.3667": {
							"vector": [-1.46499, 1.40499, 0.00292]
						},
						"0.4333": {
							"vector": [0, 0, 0]
						}
					}
				},
				"mechanismfront2": {
					"position": {
						"0.0": {
							"vector": [1.51303, 1.48685, 2]
						},
						"0.2": {
							"vector": [1.51303, 1.48685, 2]
						},
						"0.2667": {
							"vector": [1.50734, 1.36793, 0.00373]
						},
						"0.3667": {
							"vector": [1.50734, 1.36793, 0.00373]
						},
						"0.4333": {
							"vector": [0, 0, 0]
						}
					}
				},
				"mechanismfront3": {
					"position": {
						"0.0": {
							"vector": [1.48024, -1.51951, 2]
						},
						"0.2": {
							"vector": [1.48024, -1.51951, 2]
						},
						"0.2667": {
							"vector": [1.50501, -1.62501, 0.00292]
						},
						"0.3667": {
							"vector": [1.50501, -1.62501, 0.00292]
						},
						"0.4333": {
							"vector": [0, 0, 0]
						}
					}
				},
				"mechanismfront4": {
					"position": {
						"0.0": {
							"vector": [-1.51303, -1.48685, 2]
						},
						"0.2": {
							"vector": [-1.51303, -1.48685, 2]
						},
						"0.2667": {
							"vector": [-1.48499, -1.59501, 0.00292]
						},
						"0.3667": {
							"vector": [-1.48499, -1.59501, 0.00292]
						},
						"0.4333": {
							"vector": [0, 0, 0]
						}
					}
				},
				"mechanismmiddle": {
					"rotation": {
						"0.0": {
							"vector": [0, 0, 990]
						},
						"0.1": {
							"vector": [0, 0, 0]
						},
						"0.4333": {
							"vector": [0, 0, 28.25]
						},
						"0.6667": {
							"vector": [0, 0, 0]
						}
					},
					"position": {
						"vector": [0, 0, 0]
					}
				},
				"coil8": {
					"scale": {
						"0.0": {
							"vector": [1.11, 1.12, 1.11]
						},
						"0.1667": {
							"vector": [1.11, 1.12, 1.11]
						},
						"0.3333": {
							"vector": [1, 1, 1]
						}
					}
				},
				"coil9": {
					"scale": {
						"0.0": {
							"vector": [1.11, 1.12, 1.11]
						},
						"0.1667": {
							"vector": [1.11, 1.12, 1.11]
						},
						"0.3333": {
							"vector": [1, 1, 1]
						}
					}
				},
				"coil10": {
					"scale": {
						"0.0": {
							"vector": [1.11, 1.12, 1.11]
						},
						"0.1667": {
							"vector": [1.11, 1.12, 1.11]
						},
						"0.3333": {
							"vector": [1, 1, 1]
						}
					}
				},
				"coil11": {
					"scale": {
						"0.0": {
							"vector": [1.11, 1.12, 1.11]
						},
						"0.1667": {
							"vector": [1.11, 1.12, 1.11]
						},
						"0.3333": {
							"vector": [1, 1, 1]
						}
					}
				},
				"coil12": {
					"scale": {
						"0.0": {
							"vector": [1.11, 1.12, 1.11]
						},
						"0.1667": {
							"vector": [1.11, 1.12, 1.11]
						},
						"0.3333": {
							"vector": [1, 1, 1]
						}
					}
				},
				"coil13": {
					"scale": {
						"0.0": {
							"vector": [1, 1, 1]
						},
						"0.1667": {
							"vector": [1.11, 1.12, 1.11]
						},
						"0.3333": {
							"vector": [1, 1, 1]
						}
					}
				},
				"coil14": {
					"scale": {
						"0.0": {
							"vector": [1.11, 1.12, 1.11]
						},
						"0.1667": {
							"vector": [1.11, 1.12, 1.11]
						},
						"0.3333": {
							"vector": [1, 1, 1]
						}
					}
				}
			}
		},
		"animation.model.reload": {
			"loop": true,
			"animation_length": 3.46667,
			"bones": {
				"mechanism1": {
					"rotation": {
						"0.0": {
							"vector": [0, 0, 0]
						},
						"0.7667": {
							"vector": [0, 0, 0]
						}
					},
					"position": {
						"0.0": {
							"vector": [0, 0, 0]
						},
						"0.1667": {
							"vector": [0, 0, 15]
						},
						"0.6": {
							"vector": [0, 0, 15]
						},
						"0.7667": {
							"vector": [0, 0, 0]
						}
					}
				},
				"mechanism2": {
					"rotation": {
						"0.0": {
							"vector": [0, 0, -27.25]
						},
						"0.8333": {
							"vector": [0, 0, -27.25]
						},
						"0.9": {
							"vector": [0, 0, 0]
						}
					},
					"position": {
						"0.0": {
							"vector": [0, 0, 0]
						},
						"0.9": {
							"vector": [0, 0, 0]
						}
					}
				},
				"mechanism3": {
					"rotation": {
						"0.0": {
							"vector": [0, 0, 27.25]
						},
						"0.8333": {
							"vector": [0, 0, 27.25]
						},
						"0.9": {
							"vector": [0, 0, 0]
						}
					},
					"position": {
						"0.0": {
							"vector": [0, 0, 0]
						},
						"0.9": {
							"vector": [0, 0, 0]
						}
					}
				},
				"mechanismside1": {
					"rotation": {
						"0.0": {
							"vector": [0, 0, 0]
						},
						"0.1": {
							"vector": [0, 0, 42.5]
						},
						"0.1667": {
							"vector": [0, 0, 57.5]
						},
						"0.7333": {
							"vector": [0, 0, 57.5]
						},
						"0.8": {
							"vector": [0, 0, 0]
						}
					},
					"position": {
						"0.0": {
							"vector": [0, 0, 0]
						},
						"0.1": {
							"vector": [0, 0, 0]
						}
					}
				},
				"mechanismside6": {
					"rotation": {
						"0.0": {
							"vector": [0, 0, 0]
						},
						"0.1": {
							"vector": [0, 0, -42.5]
						},
						"0.1667": {
							"vector": [0, 0, -57.5]
						},
						"0.7333": {
							"vector": [0, 0, -57.5]
						},
						"0.8": {
							"vector": [0, 0, 0]
						}
					},
					"position": {
						"0.0": {
							"vector": [0, 0, 0]
						},
						"0.1": {
							"vector": [0, 0, 0]
						}
					}
				},
				"mechanismside2": {
					"rotation": {
						"0.0": {
							"vector": [0, 0, 0]
						},
						"0.1": {
							"vector": [0, 0, 42.5]
						},
						"0.1667": {
							"vector": [0, 0, 57.5]
						},
						"0.6333": {
							"vector": [0, 0, 57.5]
						},
						"0.7": {
							"vector": [0, 0, 0]
						}
					},
					"position": {
						"0.0": {
							"vector": [0, 0, 0]
						},
						"0.1": {
							"vector": [0, 0, 0]
						}
					}
				},
				"mechanismside5": {
					"rotation": {
						"0.0": {
							"vector": [0, 0, 0]
						},
						"0.1": {
							"vector": [0, 0, -42.5]
						},
						"0.1667": {
							"vector": [0, 0, -57.5]
						},
						"0.6333": {
							"vector": [0, 0, -57.5]
						},
						"0.7333": {
							"vector": [0, 0, 0]
						}
					},
					"position": {
						"0.0": {
							"vector": [0, 0, 0]
						},
						"0.1": {
							"vector": [0, 0, 0]
						}
					}
				},
				"mechanismside3": {
					"rotation": {
						"0.0": {
							"vector": [0, 0, 0]
						},
						"0.1": {
							"vector": [0, 0, 42.5]
						},
						"0.1667": {
							"vector": [0, 0, 57.5]
						},
						"0.5": {
							"vector": [0, 0, 57.5]
						},
						"0.5667": {
							"vector": [0, 0, 0]
						}
					},
					"position": {
						"0.0": {
							"vector": [0, 0, 0]
						},
						"0.1": {
							"vector": [0, 0, 0]
						}
					}
				},
				"mechanismside4": {
					"rotation": {
						"0.0": {
							"vector": [0, 0, 0]
						},
						"0.1": {
							"vector": [0, 0, -42.5]
						},
						"0.1667": {
							"vector": [0, 0, -57.5]
						},
						"0.5": {
							"vector": [0, 0, -57.5]
						},
						"0.5667": {
							"vector": [0, 0, 0]
						}
					},
					"position": {
						"0.0": {
							"vector": [0, 0, 0]
						},
						"0.1": {
							"vector": [0, 0, 0]
						}
					}
				},
				"mechanismmiddle": {
					"rotation": {
						"0.0": {
							"vector": [0, 0, 990]
						},
						"0.1": {
							"vector": [0, 0, 0]
						},
						"0.6667": {
							"vector": [0, 0, 28.25]
						},
						"0.9": {
							"vector": [0, 0, 0]
						}
					},
					"position": {
						"vector": [0, 0, 0]
					}
				},
				"main": {
					"rotation": {
						"0.0": {
							"vector": [0, 0, 0]
						},
						"0.1667": {
							"vector": [13.5, -10, 0]
						},
						"0.3": {
							"vector": [8.45, -17.1, -8.04]
						},
						"0.6": {
							"vector": [-54.2, -32.5, -25.5]
						},
						"0.7333": {
							"vector": [-38.74, -32.5, -25.5]
						},
						"0.8333": {
							"vector": [-35.8, -38, -25.5]
						},
						"0.9": {
							"vector": [-28.38, -42.7, -17.5]
						},
						"1.0333": {
							"vector": [-30, -39.8, -5.5]
						},
						"1.2667": {
							"vector": [-43.3, -32.5, -5.5]
						},
						"1.6333": {
							"vector": [-53, -32.5, 4.5]
						},
						"1.8667": {
							"vector": [-60.4, -32.5, 4.5]
						},
						"1.9333": {
							"vector": [-71.4, -32.5, 4.5]
						},
						"2.0333": {
							"vector": [-69.7, -32.5, -8]
						},
						"2.1667": {
							"vector": [-59.3, -32.5, -8]
						},
						"2.3": {
							"vector": [-48.7, -32.5, -8]
						},
						"2.4667": {
							"vector": [-43.2, -32.5, -8]
						},
						"2.6": {
							"vector": [-44.4, -32.5, -13]
						},
						"2.8": {
							"vector": [-23.54, -15.84, -6.34]
						},
						"2.9667": {
							"vector": [4, -3, 7]
						},
						"3.1333": {
							"vector": [0, 0, 0]
						}
					},
					"position": {
						"0.0": {
							"vector": [0, 0, 0]
						},
						"0.1": {
							"vector": [0.6, -2, -1.1]
						},
						"0.3333": {
							"vector": [1.06, -0.89, -1.1]
						},
						"0.5667": {
							"vector": [-2.4, 0.4, -1.1]
						},
						"0.7": {
							"vector": [-3.1, -1.9, -1.1]
						},
						"0.8333": {
							"vector": [-3.1, -1, -1.1]
						},
						"1.0": {
							"vector": [-1.3, -1.6, -1.5]
						},
						"1.2": {
							"vector": [-2.6, 0.5, -2.5]
						},
						"1.4667": {
							"vector": [-3.12, -0.8, -2.5]
						},
						"1.6": {
							"vector": [-3.3, 0.1, -2.5]
						},
						"1.7667": {
							"vector": [-3.3, 0.1, -2.5]
						},
						"1.8667": {
							"vector": [-3.25, 0.85, -2.2]
						},
						"1.9333": {
							"vector": [-4.6, 1.6, -1.9]
						},
						"2.0333": {
							"vector": [-6.4, 1.6, -3.5]
						},
						"2.1667": {
							"vector": [-7.5, 1.6, -3.5]
						},
						"2.4667": {
							"vector": [-5.2, 0.2, -3.5]
						},
						"2.6": {
							"vector": [-5.2, -0.6, -3.5]
						},
						"2.8": {
							"vector": [-2.53, 1.31, -7.91]
						},
						"2.9667": {
							"vector": [0, -1.8, 0]
						},
						"3.1333": {
							"vector": [0, 0, 0]
						}
					}
				},
				"leftarm": {
					"rotation": {
						"0.0": {
							"vector": [0, 0, 0]
						},
						"0.3333": {
							"vector": [-20, 0, 2.5]
						},
						"0.7667": {
							"vector": [-20, 0, 2.5]
						},
						"0.8667": {
							"vector": [-17.5, 7.5, 5]
						},
						"1.0667": {
							"vector": [77.5, 0, 22.5]
						},
						"1.6333": {
							"vector": [77.5, 0, 22.5]
						},
						"1.9": {
							"vector": [-22.1, 0, 2.5]
						},
						"2.0333": {
							"vector": [-23.5, 0, 2.5]
						},
						"2.1667": {
							"vector": [-20.6, 7.5, -4.8]
						},
						"2.5667": {
							"vector": [-15, 7.5, 2.5]
						},
						"2.6667": {
							"vector": [6.63, 4.83, 1.61]
						},
						"2.7333": {
							"vector": [10.83, 3.33, 1.11]
						},
						"2.8667": {
							"vector": [0, 0, 0]
						}
					},
					"position": {
						"0.0": {
							"vector": [0, 0, 0]
						},
						"0.4667": {
							"vector": [1.1, -8.3, 11.2]
						},
						"0.7667": {
							"vector": [2.1, -8.3, 9.2]
						},
						"0.9333": {
							"vector": [1.1, -8.3, 11.2]
						},
						"1.0667": {
							"vector": [1.1, -15.3, 20.1]
						},
						"1.6333": {
							"vector": [1.1, -15.3, 20.1]
						},
						"1.9": {
							"vector": [3.1, -11.3, 9.2]
						},
						"2.0333": {
							"vector": [3.1, -11.3, 9.2]
						},
						"2.1667": {
							"vector": [2.1, -7.4, 9.6]
						},
						"2.5667": {
							"vector": [2.1, -7.4, 9.6]
						},
						"2.8667": {
							"vector": [0, 0, 0]
						}
					}
				},
				"magazine": {
					"rotation": {
						"0.0": {
							"vector": [0, 0, 0]
						},
						"0.8667": {
							"vector": [0, 0, 0]
						},
						"0.9333": {
							"vector": [40, 0, 0]
						},
						"1.0": {
							"vector": [66.81, 0, 0]
						},
						"1.0667": {
							"vector": [100, 0, 0]
						},
						"1.6333": {
							"vector": [100, 0, 0]
						},
						"1.9": {
							"vector": [0, 0, 0]
						},
						"2.4667": {
							"vector": [0, 0, 0]
						}
					},
					"position": {
						"0.0": {
							"vector": [0, 0, 0]
						},
						"0.8667": {
							"vector": [0, 0, 0]
						},
						"0.9333": {
							"vector": [8.6, -6.5, -5.1]
						},
						"1.0": {
							"vector": [9.9, -23.45, -2.67]
						},
						"1.0667": {
							"vector": [12.6, -40.5, 3.9]
						},
						"1.6333": {
							"vector": [12.6, -36.5, 13.9]
						},
						"1.7333": {
							"vector": [9.25, -22.51, -2.06]
						},
						"1.8": {
							"vector": [6.15, -12.49, -5.07]
						},
						"1.9": {
							"vector": [0.02, -1.98, 0.12]
						},
						"2.0333": {
							"vector": [0.02, -1.98, 0.12]
						},
						"2.1667": {
							"vector": [0, 0, 0]
						},
						"2.4667": {
							"vector": [0, 0, 0]
						}
					}
				}
			},
			"sound_effects": {
				"0.0": {
					"effect": "foley_start"
				},
				"0.9": {
					"effect": "m4_magout"
				},
				"1.8667": {
					"effect": "m4_magin"
				},
				"2.6333": {
					"effect": "foley_end"
				}
			}
		},
		"animation.model.inspect": {
			"animation_length": 4.26667,
			"bones": {
				"main": {
					"rotation": {
						"0.0": {
							"vector": [0, 0, 0]
						},
						"0.1667": {
							"vector": [-8.41746, -13.59608, -21.21259],
							"easing": "linear"
						},
						"0.3": {
							"vector": [-8.39812, -20.10111, -31.77688]
						},
						"0.4333": {
							"vector": [-9.55676, -20.88889, -28.55629]
						},
						"0.5333": {
							"vector": [-8.77652, -21.21647, -30.72851]
						},
						"0.7667": {
							"vector": [-9.4227, -20.94881, -28.93303]
						},
						"1.0": {
							"vector": [-3.1216, -20.98207, -46.44405]
						},
						"1.1333": {
							"vector": [-4.564, -20.73064, -42.44007]
						},
						"1.2333": {
							"vector": [-4.86325, -20.9153, -41.60203]
						},
						"1.3333": {
							"vector": [-4.58308, -20.97575, -42.38574]
						},
						"1.4667": {
							"vector": [-4.01131, -21.08802, -43.97908]
						},
						"1.6": {
							"vector": [-4.38767, -21.01662, -42.9316]
						},
						"1.7": {
							"vector": [-4.18847, -21.05622, -43.48691],
							"easing": "linear"
						},
						"2.0333": {
							"vector": [-16.91438, 5.38499, 54.40399],
							"easing": "linear"
						},
						"2.1667": {
							"vector": [-15.22513, 5.80082, 60.04554]
						},
						"2.3": {
							"vector": [-15.70981, 5.86025, 59.48558]
						},
						"2.4333": {
							"vector": [-15.93602, 7.03904, 62.69373]
						},
						"2.5667": {
							"vector": [-15.60896, 7.75082, 65.23442]
						},
						"2.7333": {
							"vector": [-15.71675, 7.52491, 64.42194]
						},
						"2.9": {
							"vector": [-15.56389, 7.84019, 65.55973]
						},
						"3.1": {
							"vector": [-15.61778, 7.73186, 65.16659]
						},
						"3.2667": {
							"vector": [-15.9801, 6.93689, 62.33342]
						},
						"3.4": {
							"vector": [-8.86998, 2.42135, 33.56191]
						},
						"3.5333": {
							"vector": [0, -1.75, -2.75]
						},
						"3.7": {
							"vector": [0, 0, 0]
						}
					},
					"position": {
						"0.0": {
							"vector": [0, 0, 0]
						},
						"0.3": {
							"vector": [-0.475, 1.475, -8.7]
						},
						"0.4": {
							"vector": [-0.195, 1, -7.7]
						},
						"0.5333": {
							"vector": [-0.03, 0.725, -7.7]
						},
						"0.7": {
							"vector": [0, 1.125, -7.7]
						},
						"0.9": {
							"vector": [0.125, 1.4, -8.275]
						},
						"1.2": {
							"vector": [-0.02, 1.475, -8]
						},
						"1.4": {
							"vector": [0.11, 1.425, -8.175]
						},
						"1.6667": {
							"vector": [0.275, 1.25, -7.975]
						},
						"1.8": {
							"vector": [-0.13, -1.19, -8.65]
						},
						"1.9667": {
							"vector": [-0.545, -1.325, -11.15]
						},
						"2.1333": {
							"vector": [-0.415, -1.395, -10.545]
						},
						"2.2667": {
							"vector": [-0.525, -1.455, -9.17]
						},
						"2.4": {
							"vector": [-0.49, -1.43, -9.85]
						},
						"2.5667": {
							"vector": [-0.455, -1.5, -9.24]
						},
						"2.7667": {
							"vector": [-0.53, -1.5, -9.27]
						},
						"3.0": {
							"vector": [-0.49, -1.41, -9.3]
						},
						"3.2333": {
							"vector": [-0.545, -1.325, -9.325]
						},
						"3.3667": {
							"vector": [-1.005, -0.61, -7.41]
						},
						"3.6333": {
							"vector": [0, 0, 0]
						}
					}
				},
				"leftarm": {
					"rotation": {
						"0.0": {
							"vector": [0, 0, 0]
						},
						"0.1667": {
							"vector": [0.54134, -8.8511, 5.32464]
						},
						"0.7667": {
							"vector": [0.54134, -8.8511, 5.32464]
						},
						"1.0": {
							"vector": [-2.49009, -19.65792, 18.81073]
						},
						"1.7333": {
							"vector": [-2.49009, -19.65792, 18.81073]
						},
						"2.0333": {
							"vector": [5, 0, -45]
						},
						"3.3": {
							"vector": [5, 0, -45]
						},
						"3.5667": {
							"vector": [0, 0, 0]
						}
					},
					"position": {
						"0.0": {
							"vector": [0, 0, 0]
						},
						"0.1667": {
							"vector": [-6.46084, -6.68098, 9.29582]
						},
						"0.7667": {
							"vector": [-6.46084, -6.68098, 9.29582]
						},
						"1.0": {
							"vector": [-10.46084, -9.78098, 9.49582]
						},
						"1.7333": {
							"vector": [-10.46084, -9.78098, 9.49582]
						},
						"2.0333": {
							"vector": [-0.65, 13.55, 16.305]
						},
						"3.3": {
							"vector": [-0.65, 13.55, 16.305]
						},
						"3.5667": {
							"vector": [0, 0, 0]
						}
					}
				}
			},
			"sound_effects": {
				"0.0": {
					"effect": "inspect_up"
				},
				"0.8": {
					"effect": "inspect_foley"
				},
				"1.3667": {
					"effect": "inspect_turn"
				},
				"3.2667": {
					"effect": "inspect_down"
				}
			}
		},
		"animation.model.reloadempty": {
			"loop": true,
			"animation_length": 3.46667,
			"bones": {
				"mechanism1": {
					"rotation": {
						"0.0": {
							"vector": [0, 0, 0]
						},
						"0.7667": {
							"vector": [0, 0, 0]
						}
					},
					"position": {
						"0.0": {
							"vector": [0, 0, 0]
						},
						"0.1667": {
							"vector": [0, 0, 15]
						},
						"0.6": {
							"vector": [0, 0, 15]
						},
						"0.7667": {
							"vector": [0, 0, 0]
						}
					}
				},
				"mechanism2": {
					"rotation": {
						"0.0": {
							"vector": [0, 0, -27.25]
						},
						"0.8333": {
							"vector": [0, 0, -27.25]
						},
						"0.9": {
							"vector": [0, 0, 0]
						}
					},
					"position": {
						"0.0": {
							"vector": [0, 0, 0]
						},
						"0.9": {
							"vector": [0, 0, 0]
						}
					}
				},
				"mechanism3": {
					"rotation": {
						"0.0": {
							"vector": [0, 0, 27.25]
						},
						"0.8333": {
							"vector": [0, 0, 27.25]
						},
						"0.9": {
							"vector": [0, 0, 0]
						}
					},
					"position": {
						"0.0": {
							"vector": [0, 0, 0]
						},
						"0.9": {
							"vector": [0, 0, 0]
						}
					}
				},
				"mechanismside1": {
					"rotation": {
						"0.0": {
							"vector": [0, 0, 0]
						},
						"0.1": {
							"vector": [0, 0, 42.5]
						},
						"0.1667": {
							"vector": [0, 0, 57.5]
						},
						"0.7333": {
							"vector": [0, 0, 57.5]
						},
						"0.8": {
							"vector": [0, 0, 0]
						}
					},
					"position": {
						"0.0": {
							"vector": [0, 0, 0]
						},
						"0.1": {
							"vector": [0, 0, 0]
						}
					}
				},
				"mechanismside6": {
					"rotation": {
						"0.0": {
							"vector": [0, 0, 0]
						},
						"0.1": {
							"vector": [0, 0, -42.5]
						},
						"0.1667": {
							"vector": [0, 0, -57.5]
						},
						"0.7333": {
							"vector": [0, 0, -57.5]
						},
						"0.8": {
							"vector": [0, 0, 0]
						}
					},
					"position": {
						"0.0": {
							"vector": [0, 0, 0]
						},
						"0.1": {
							"vector": [0, 0, 0]
						}
					}
				},
				"mechanismside2": {
					"rotation": {
						"0.0": {
							"vector": [0, 0, 0]
						},
						"0.1": {
							"vector": [0, 0, 42.5]
						},
						"0.1667": {
							"vector": [0, 0, 57.5]
						},
						"0.6333": {
							"vector": [0, 0, 57.5]
						},
						"0.7": {
							"vector": [0, 0, 0]
						}
					},
					"position": {
						"0.0": {
							"vector": [0, 0, 0]
						},
						"0.1": {
							"vector": [0, 0, 0]
						}
					}
				},
				"mechanismside5": {
					"rotation": {
						"0.0": {
							"vector": [0, 0, 0]
						},
						"0.1": {
							"vector": [0, 0, -42.5]
						},
						"0.1667": {
							"vector": [0, 0, -57.5]
						},
						"0.6333": {
							"vector": [0, 0, -57.5]
						},
						"0.7333": {
							"vector": [0, 0, 0]
						}
					},
					"position": {
						"0.0": {
							"vector": [0, 0, 0]
						},
						"0.1": {
							"vector": [0, 0, 0]
						}
					}
				},
				"mechanismside3": {
					"rotation": {
						"0.0": {
							"vector": [0, 0, 0]
						},
						"0.1": {
							"vector": [0, 0, 42.5]
						},
						"0.1667": {
							"vector": [0, 0, 57.5]
						},
						"0.5": {
							"vector": [0, 0, 57.5]
						},
						"0.5667": {
							"vector": [0, 0, 0]
						}
					},
					"position": {
						"0.0": {
							"vector": [0, 0, 0]
						},
						"0.1": {
							"vector": [0, 0, 0]
						}
					}
				},
				"mechanismside4": {
					"rotation": {
						"0.0": {
							"vector": [0, 0, 0]
						},
						"0.1": {
							"vector": [0, 0, -42.5]
						},
						"0.1667": {
							"vector": [0, 0, -57.5]
						},
						"0.5": {
							"vector": [0, 0, -57.5]
						},
						"0.5667": {
							"vector": [0, 0, 0]
						}
					},
					"position": {
						"0.0": {
							"vector": [0, 0, 0]
						},
						"0.1": {
							"vector": [0, 0, 0]
						}
					}
				},
				"mechanismmiddle": {
					"rotation": {
						"0.0": {
							"vector": [0, 0, 990]
						},
						"0.1": {
							"vector": [0, 0, 0]
						},
						"0.6667": {
							"vector": [0, 0, 28.25]
						},
						"0.9": {
							"vector": [0, 0, 0]
						}
					},
					"position": {
						"vector": [0, 0, 0]
					}
				},
				"main": {
					"rotation": {
						"0.0": {
							"vector": [0, 0, 0]
						},
						"0.1667": {
							"vector": [13.5, -10, 0]
						},
						"0.3": {
							"vector": [8.45, -17.1, -8.04]
						},
						"0.6": {
							"vector": [-54.2, -32.5, -25.5]
						},
						"0.7333": {
							"vector": [-38.74, -32.5, -25.5]
						},
						"0.8333": {
							"vector": [-35.8, -38, -25.5]
						},
						"0.9": {
							"vector": [-28.38, -42.7, -17.5]
						},
						"1.0333": {
							"vector": [-30, -39.8, -5.5]
						},
						"1.2667": {
							"vector": [-43.3, -32.5, -5.5]
						},
						"1.6333": {
							"vector": [-53, -32.5, 4.5]
						},
						"1.8667": {
							"vector": [-60.4, -32.5, 4.5]
						},
						"1.9333": {
							"vector": [-71.4, -32.5, 4.5]
						},
						"2.0333": {
							"vector": [-69.7, -32.5, -8]
						},
						"2.1667": {
							"vector": [-59.3, -32.5, -8]
						},
						"2.3": {
							"vector": [-48.7, -32.5, -8]
						},
						"2.4667": {
							"vector": [-43.2, -32.5, -8]
						},
						"2.6": {
							"vector": [-44.4, -32.5, -13]
						},
						"2.8": {
							"vector": [-23.54, -15.84, -6.34]
						},
						"2.9667": {
							"vector": [4, -3, 7]
						},
						"3.1333": {
							"vector": [0, 0, 0]
						}
					},
					"position": {
						"0.0": {
							"vector": [0, 0, 0]
						},
						"0.1": {
							"vector": [0.6, -2, -1.1]
						},
						"0.3333": {
							"vector": [1.06, -0.89, -1.1]
						},
						"0.5667": {
							"vector": [-2.4, 0.4, -1.1]
						},
						"0.7": {
							"vector": [-3.1, -1.9, -1.1]
						},
						"0.8333": {
							"vector": [-3.1, -1, -1.1]
						},
						"1.0": {
							"vector": [-1.3, -1.6, -1.5]
						},
						"1.2": {
							"vector": [-2.6, 0.5, -2.5]
						},
						"1.4667": {
							"vector": [-3.12, -0.8, -2.5]
						},
						"1.6": {
							"vector": [-3.3, 0.1, -2.5]
						},
						"1.7667": {
							"vector": [-3.3, 0.1, -2.5]
						},
						"1.8667": {
							"vector": [-3.25, 0.85, -2.2]
						},
						"1.9333": {
							"vector": [-4.6, 1.6, -1.9]
						},
						"2.0333": {
							"vector": [-6.4, 1.6, -3.5]
						},
						"2.1667": {
							"vector": [-7.5, 1.6, -3.5]
						},
						"2.4667": {
							"vector": [-5.2, 0.2, -3.5]
						},
						"2.6": {
							"vector": [-5.2, -0.6, -3.5]
						},
						"2.8": {
							"vector": [-2.53, 1.31, -7.91]
						},
						"2.9667": {
							"vector": [0, -1.8, 0]
						},
						"3.1333": {
							"vector": [0, 0, 0]
						}
					}
				},
				"leftarm": {
					"rotation": {
						"0.0": {
							"vector": [0, 0, 0]
						},
						"0.3333": {
							"vector": [-20, 0, 2.5]
						},
						"0.7667": {
							"vector": [-20, 0, 2.5]
						},
						"0.8667": {
							"vector": [-17.5, 7.5, 5]
						},
						"1.0667": {
							"vector": [77.5, 0, 22.5]
						},
						"1.6333": {
							"vector": [77.5, 0, 22.5]
						},
						"1.9": {
							"vector": [-22.1, 0, 2.5]
						},
						"2.0333": {
							"vector": [-23.5, 0, 2.5]
						},
						"2.1667": {
							"vector": [-20.6, 7.5, -4.8]
						},
						"2.5667": {
							"vector": [-15, 7.5, 2.5]
						},
						"2.6667": {
							"vector": [6.63, 4.83, 1.61]
						},
						"2.7333": {
							"vector": [10.83, 3.33, 1.11]
						},
						"2.8667": {
							"vector": [0, 0, 0]
						}
					},
					"position": {
						"0.0": {
							"vector": [0, 0, 0]
						},
						"0.4667": {
							"vector": [1.1, -8.3, 11.2]
						},
						"0.7667": {
							"vector": [2.1, -8.3, 9.2]
						},
						"0.9333": {
							"vector": [1.1, -8.3, 11.2]
						},
						"1.0667": {
							"vector": [1.1, -15.3, 20.1]
						},
						"1.6333": {
							"vector": [1.1, -15.3, 20.1]
						},
						"1.9": {
							"vector": [3.1, -11.3, 9.2]
						},
						"2.0333": {
							"vector": [3.1, -11.3, 9.2]
						},
						"2.1667": {
							"vector": [2.1, -7.4, 9.6]
						},
						"2.5667": {
							"vector": [2.1, -7.4, 9.6]
						},
						"2.8667": {
							"vector": [0, 0, 0]
						}
					}
				},
				"magazine": {
					"rotation": {
						"0.0": {
							"vector": [0, 0, 0]
						},
						"0.8667": {
							"vector": [0, 0, 0]
						},
						"0.9333": {
							"vector": [40, 0, 0]
						},
						"1.0": {
							"vector": [66.81, 0, 0]
						},
						"1.0667": {
							"vector": [100, 0, 0]
						},
						"1.6333": {
							"vector": [100, 0, 0]
						},
						"1.9": {
							"vector": [0, 0, 0]
						},
						"2.4667": {
							"vector": [0, 0, 0]
						}
					},
					"position": {
						"0.0": {
							"vector": [0, 0, 0]
						},
						"0.8667": {
							"vector": [0, 0, 0]
						},
						"0.9333": {
							"vector": [8.6, -6.5, -5.1]
						},
						"1.0": {
							"vector": [9.9, -23.45, -2.67]
						},
						"1.0667": {
							"vector": [12.6, -40.5, 3.9]
						},
						"1.6333": {
							"vector": [12.6, -36.5, 13.9]
						},
						"1.7333": {
							"vector": [9.25, -22.51, -2.06]
						},
						"1.8": {
							"vector": [6.15, -12.49, -5.07]
						},
						"1.9": {
							"vector": [0.02, -1.98, 0.12]
						},
						"2.0333": {
							"vector": [0.02, -1.98, 0.12]
						},
						"2.1667": {
							"vector": [0, 0, 0]
						},
						"2.4667": {
							"vector": [0, 0, 0]
						}
					}
				}
			},
			"sound_effects": {
				"0.0": {
					"effect": "foley_start"
				},
				"0.9": {
					"effect": "m4_magout"
				},
				"1.8667": {
					"effect": "m4_magin"
				},
				"2.6333": {
					"effect": "foley_end"
				}
			}
		}
	},
	"geckolib_format_version": 2
}