{
	"format_version": "1.8.0",
	"animations": {
		"animation.model.reloadempty": {
			"animation_length": 3.43333,
			"bones": {
				"main": {
					"rotation": {
						"0.0": {
							"vector": [0, 0, 0]
						},
						"0.1333": {
							"vector": [-1.04207, -1.11499, -6.91474]
						},
						"0.2333": {
							"vector": [-2.97939, -2.77232, -16.10586]
						},
						"0.3": {
							"vector": [-3.24284, -3.2744, -23.34951]
						},
						"0.4333": {
							"vector": [-3.92789, -2.1181, -15.38447]
						},
						"0.5333": {
							"vector": [-3.04992, -2.67129, -24.37527]
						},
						"0.6": {
							"vector": [-0.85137, -2.73965, -35.89691]
						},
						"0.7333": {
							"vector": [-2.74227, -2.17196, -20.64354]
						},
						"0.8667": {
							"vector": [-2.81779, -0.94931, -16.09601],
							"easing": "linear"
						},
						"1.0": {
							"vector": [-1.44363, -0.42572, -16.96764],
							"easing": "linear"
						},
						"1.1": {
							"vector": [-2.71072, -1.32926, -22.50473]
						},
						"1.3333": {
							"vector": [-1.71929, -3.1138, -22.56659]
						},
						"1.4": {
							"vector": [-2.87207, -5.05632, -28.37474]
						},
						"1.5333": {
							"vector": [-3.46411, -5.78563, -33.14015]
						},
						"1.6667": {
							"vector": [-4.05033, -5.13854, -28.92459]
						},
						"1.7667": {
							"vector": [-1.69909, -6.25031, -39.45026]
						},
						"1.8667": {
							"vector": [-1.66351, -5.97491, -33.54368]
						},
						"2.0": {
							"vector": [-5.86289, -2.40977, -11.40369]
						},
						"2.1667": {
							"vector": [6.6487, 13.92343, 24.36667]
						},
						"2.3333": {
							"vector": [14.30089, 25.29091, 58.25265]
						},
						"2.4667": {
							"vector": [9.70722, 26.74263, 47.98282]
						},
						"2.5667": {
							"vector": [12.06189, 23.02012, 48.08659]
						},
						"2.6667": {
							"vector": [7.83, 22.79, 43.78]
						},
						"2.8": {
							"vector": [12.30838, 31.23825, 48.61759]
						},
						"2.9": {
							"vector": [11.08674, 27.58276, 47.59466]
						},
						"3.0333": {
							"vector": [5.61191, 20.89218, 38.11614]
						},
						"3.1333": {
							"vector": [5.98476, 11.55254, 21.0767]
						},
						"3.3333": {
							"vector": [0, 0, 0]
						}
					},
					"position": {
						"0.0": {
							"vector": [0, 0, 0]
						},
						"0.1333": {
							"vector": [0, 0.175, -3.835],
							"easing": "easeOutSine"
						},
						"0.2333": {
							"vector": [0, 0, -9.7],
							"easing": "linear"
						},
						"0.4": {
							"vector": [-0.8, -0.27, -8.27]
						},
						"0.5667": {
							"vector": [-0.18, -0.17, -10.4]
						},
						"0.6667": {
							"vector": [0.17, -0.095, -11.275]
						},
						"0.8": {
							"vector": [-0.23, -0.4, -9.65],
							"easing": "linear"
						},
						"1.0": {
							"vector": [-0.73, -0.4, -9.1],
							"easing": "linear"
						},
						"1.1667": {
							"vector": [-0.79, -0.59, -11.645]
						},
						"1.3333": {
							"vector": [-0.55, -1.27, -16.85]
						},
						"1.4667": {
							"vector": [-0.7, -0.55, -17.85]
						},
						"1.5667": {
							"vector": [-0.85, -0.45, -17.3]
						},
						"1.6333": {
							"vector": [-1.025, -0.475, -17.3]
						},
						"1.7333": {
							"vector": [-1.075, -0.2, -17.3]
						},
						"1.8": {
							"vector": [-1.575, 0.5, -16.775]
						},
						"1.9": {
							"vector": [-1.075, -0.225, -17.025]
						},
						"2.0333": {
							"vector": [-0.43, -0.51, -11.98]
						},
						"2.2667": {
							"vector": [2.57, -2.01, -11.98]
						},
						"2.5": {
							"vector": [-0.73, -0.31, -11.98]
						},
						"2.6333": {
							"vector": [-0.73, -0.31, -11.98]
						},
						"2.8": {
							"vector": [1.27, -0.31, -6.98]
						},
						"2.9": {
							"vector": [-0.73, -0.31, -11.98]
						},
						"3.0333": {
							"vector": [-0.73, -0.31, -11.98]
						},
						"3.3333": {
							"vector": [0, 0, 0]
						}
					}
				},
				"bolt2": {
					"rotation": {
						"0.0": {
							"vector": [0, 0, 0]
						},
						"2.0333": {
							"vector": [0, 0, 0]
						},
						"2.1333": {
							"vector": [0, -66, 0]
						},
						"2.3": {
							"vector": [0, -66, 0]
						},
						"2.3333": {
							"vector": [0, 0, 0]
						}
					},
					"position": {
						"0.0": {
							"vector": [0, 0, 0]
						},
						"2.0333": {
							"vector": [0, 0, 0]
						},
						"2.3": {
							"vector": [0, 0, 0]
						}
					}
				},
				"leftarm": {
					"rotation": {
						"0.0": {
							"vector": [0, 0, 0]
						},
						"0.1667": {
							"vector": [-9.71723, -5.34576, 6.99675]
						},
						"0.3": {
							"vector": [-9.71723, -5.34576, 6.99675]
						},
						"0.5333": {
							"vector": [8.07002, 1.37607, -8.31279]
						},
						"0.8333": {
							"vector": [8.07002, 1.37607, -8.31279]
						},
						"1.0": {
							"vector": [21.96658, 21.48777, 14.13441]
						},
						"1.4333": {
							"vector": [9.84584, 4.15599, 15.03241]
						},
						"1.5": {
							"vector": [9.77665, 5.80251, 14.43551]
						},
						"1.5667": {
							"vector": [6.77665, 5.80251, 14.43551]
						},
						"1.6333": {
							"vector": [6.85598, 4.18921, 15.11822]
						},
						"1.7": {
							"vector": [0.91192, 3.09309, 15.72168]
						},
						"1.9333": {
							"vector": [0.91192, 3.09309, 15.72168]
						},
						"2.0667": {
							"vector": [-51.31315, 2.74996, 17.55133]
						},
						"2.2": {
							"vector": [-55.16791, 1.33151, -2.92714]
						},
						"2.4667": {
							"vector": [-45.15154, 8.89224, -77.10273]
						},
						"2.5333": {
							"vector": [-45.15154, 8.89224, -77.10273]
						},
						"2.7": {
							"vector": [-62.65154, 8.89224, -77.10273]
						},
						"2.8": {
							"vector": [-62.65154, 8.89224, -77.10273]
						},
						"3.0667": {
							"vector": [13.76162, 26.44769, -58.12625]
						},
						"3.2333": {
							"vector": [0, 0, 0]
						}
					},
					"position": {
						"0.0": {
							"vector": [0, 0, 0]
						},
						"0.0667": {
							"vector": [5.61459, -2.50668, 15.74891]
						},
						"0.1667": {
							"vector": [0.13616, -5.41841, 39.49752]
						},
						"0.3": {
							"vector": [0.13616, -5.41841, 39.49752]
						},
						"0.5333": {
							"vector": [8.11747, -25.4232, 40.77707]
						},
						"0.8333": {
							"vector": [7.79351, -25.43499, 41.7906]
						},
						"1.0": {
							"vector": [-1.50154, -26.61576, 42.30241]
						},
						"1.3": {
							"vector": [-4.8081, -19.50917, 41.93572]
						},
						"1.4333": {
							"vector": [-1.335, -15.56328, 37.85212]
						},
						"1.5": {
							"vector": [-1.53427, -15.09593, 37.08177]
						},
						"1.5667": {
							"vector": [-1.55106, -16.15352, 37.59886]
						},
						"1.6333": {
							"vector": [-1.77535, -15.01583, 37.60852]
						},
						"1.7": {
							"vector": [-1.6919, -11.87047, 37.61656]
						},
						"1.9333": {
							"vector": [-2.21859, -11.66948, 37.649]
						},
						"2.0667": {
							"vector": [7.70452, -6.21924, 18.3226]
						},
						"2.2667": {
							"vector": [5.7, 17.78, 18.32]
						},
						"2.4667": {
							"vector": [5.7, 23.78, 18.32]
						},
						"2.5333": {
							"vector": [5.7, 23.78, 18.32]
						},
						"2.6333": {
							"vector": [5.7, 23.78, 18.32]
						},
						"2.7333": {
							"vector": [7.7, 24.78, 21.32]
						},
						"2.8": {
							"vector": [7.7, 24.78, 21.32]
						},
						"2.9": {
							"vector": [12.8, 27.78, 24.12]
						},
						"3.0667": {
							"vector": [12.7, 17.78, 14.32]
						},
						"3.2333": {
							"vector": [0, 0, 0]
						}
					}
				},
				"bolt": {
					"rotation": {
						"0.0": {
							"vector": [0, 0, 0]
						},
						"2.1333": {
							"vector": [0, 0, 0]
						},
						"2.3": {
							"vector": [0, 0, 0]
						}
					},
					"position": {
						"0.0": {
							"vector": [0, 0, 0]
						},
						"2.1333": {
							"vector": [0, 0, 0]
						},
						"2.2": {
							"vector": [0, 0, 2.25]
						},
						"2.2333": {
							"vector": [0, 0, 8]
						},
						"2.3": {
							"vector": [0, 0, 9]
						},
						"2.3333": {
							"vector": [0, 0, 8]
						},
						"2.3667": {
							"vector": [0, 0, 0]
						}
					}
				},
				"rightarm": {
					"rotation": {
						"0.0": {
							"vector": [0, 0, 0]
						},
						"0.2": {
							"vector": [3.73557, -18.02538, -9.64747]
						},
						"2.4333": {
							"vector": [3.73557, -18.02538, -9.64747]
						},
						"2.6333": {
							"vector": [0, 0, 0]
						}
					},
					"position": {
						"0.0": {
							"vector": [0, 0, 0]
						},
						"0.2": {
							"vector": [-6.025, -0.6, -0.05]
						},
						"2.4333": {
							"vector": [-6.025, -0.6, -0.05]
						},
						"2.6333": {
							"vector": [0, 0, 0]
						}
					}
				},
				"magazine": {
					"rotation": {
						"0.0": {
							"vector": [0, 0, 0]
						},
						"0.3333": {
							"vector": [0, 0, 0]
						},
						"0.6333": {
							"vector": [0, 0, 0]
						},
						"0.7667": {
							"vector": [9.35984, -3.94506, -1.91996]
						},
						"1.0": {
							"vector": [9.35984, -3.94506, -1.91996]
						},
						"1.2667": {
							"vector": [0, 0, 0]
						},
						"1.4333": {
							"vector": [-8.5, -2, 1.25]
						},
						"1.5": {
							"vector": [-8.44764, 1.25068, -0.24794]
						},
						"1.5667": {
							"vector": [0.10142, 1.24766, 2.00259]
						},
						"1.6333": {
							"vector": [0, 0, -0.75]
						},
						"1.7": {
							"vector": [0, 0, 0]
						}
					},
					"position": {
						"0.0": {
							"vector": [0, 0, 0]
						},
						"0.3333": {
							"vector": [0, 0, 0]
						},
						"0.5333": {
							"vector": [0, -3, 0]
						},
						"0.6333": {
							"vector": [0, -8.2, 0]
						},
						"0.7667": {
							"vector": [-0.825, -23.05, 3.3]
						},
						"1.0": {
							"vector": [-0.825, -23.05, 3.3]
						},
						"1.2667": {
							"vector": [0, -23, 0]
						},
						"1.4333": {
							"vector": [0.725, -7.55, -1.9]
						},
						"1.5": {
							"vector": [0.125, -7.605, -2.075]
						},
						"1.5667": {
							"vector": [-0.645, -7.1, 0]
						},
						"1.6333": {
							"vector": [0, -6.025, 0]
						},
						"1.7": {
							"vector": [0, 0, 0]
						}
					}
				},
				"bullet": {
					"rotation": {
						"0.0": {
							"vector": [0, 0, 0]
						},
						"1.0667": {
							"vector": [0, 0, 0]
						}
					},
					"position": {
						"0.0": {
							"vector": [0, -1, 0]
						},
						"1.0333": {
							"vector": [0, -1, 0]
						},
						"1.0667": {
							"vector": [0, 0, 0]
						}
					}
				},
				"magazine2": {
					"scale": {
						"vector": [0, 0, 0]
					}
				},
				"belt": {
					"position": {
						"2.5667": {
							"vector": [0, 0, 0]
						},
						"2.7333": {
							"vector": [0, 0, 5.6]
						},
						"2.8": {
							"vector": [0, 0, 5.6]
						},
						"2.9": {
							"vector": [0, 0, 0]
						}
					}
				},
				"bone7": {
					"scale": {
						"vector": [0, 0, 0]
					}
				}
			},
			"sound_effects": {
				"0.0": {
					"effect": "foley_start"
				},
				"0.1667": {
					"effect": "ak_magout"
				},
				"0.4333": {
					"effect": "m4_magout"
				},
				"1.0333": {
					"effect": "foley_start"
				},
				"1.4333": {
					"effect": "m4_magin"
				},
				"2.5667": {
					"effect": "ak_actionback"
				},
				"2.8": {
					"effect": "ak_actionforward"
				},
				"2.9667": {
					"effect": "foley_end"
				}
			}
		},
		"animation.model.draw": {
			"animation_length": 1.2,
			"bones": {
				"main": {
					"rotation": {
						"0.0": {
							"vector": [32.09413, -54.38778, -8.29667]
						},
						"0.35": {
							"vector": [0.50518, -5.08075, 6.8716],
							"easing": "easeOutSine"
						},
						"0.5": {
							"vector": [0.32389, -0.60235, -2.1558],
							"easing": "linear"
						},
						"0.6": {
							"vector": [0, 0, 0],
							"easing": "linear"
						}
					},
					"position": {
						"0.0": {
							"vector": [0, -17.3, 0]
						},
						"0.25": {
							"vector": [-0.4, -2.525, -1.625],
							"easing": "linear"
						},
						"0.4": {
							"vector": [-0.05, 0, -4.49],
							"easing": "linear"
						},
						"0.55": {
							"vector": [0, 0, 0],
							"easing": "linear"
						}
					}
				},
				"leftarm": {
					"rotation": {
						"0.0": {
							"vector": [0, 0, 0]
						},
						"0.2": {
							"vector": [1, 0, -22]
						},
						"0.4": {
							"vector": [0, 0, 0]
						}
					},
					"position": {
						"0.0": {
							"vector": [0, 0, 0]
						},
						"0.2": {
							"vector": [3.53901, 3.6754, 5.59783]
						},
						"0.4": {
							"vector": [0, 0, 0]
						}
					}
				}
			}
		},
		"animation.model.inspect": {
			"animation_length": 4.26667,
			"bones": {
				"main": {
					"rotation": {
						"0.0": {
							"vector": [0, 0, 0]
						},
						"0.1667": {
							"vector": [-8.41746, -13.59608, -21.21259],
							"easing": "linear"
						},
						"0.3": {
							"vector": [-8.39812, -20.10111, -31.77688]
						},
						"0.4333": {
							"vector": [-9.55676, -20.88889, -28.55629]
						},
						"0.5333": {
							"vector": [-8.77652, -21.21647, -30.72851]
						},
						"0.7667": {
							"vector": [-9.4227, -20.94881, -28.93303]
						},
						"1.0": {
							"vector": [-3.1216, -20.98207, -46.44405]
						},
						"1.1333": {
							"vector": [-4.564, -20.73064, -42.44007]
						},
						"1.2333": {
							"vector": [-4.86325, -20.9153, -41.60203]
						},
						"1.3333": {
							"vector": [-4.58308, -20.97575, -42.38574]
						},
						"1.4667": {
							"vector": [-4.01131, -21.08802, -43.97908]
						},
						"1.6": {
							"vector": [-4.38767, -21.01662, -42.9316]
						},
						"1.7": {
							"vector": [-4.18847, -21.05622, -43.48691],
							"easing": "linear"
						},
						"2.0333": {
							"vector": [-16.91438, 5.38499, 54.40399],
							"easing": "linear"
						},
						"2.1667": {
							"vector": [-15.22513, 5.80082, 60.04554]
						},
						"2.3": {
							"vector": [-15.70981, 5.86025, 59.48558]
						},
						"2.4333": {
							"vector": [-15.93602, 7.03904, 62.69373]
						},
						"2.5667": {
							"vector": [-15.60896, 7.75082, 65.23442]
						},
						"2.7333": {
							"vector": [-15.71675, 7.52491, 64.42194]
						},
						"2.9": {
							"vector": [-15.56389, 7.84019, 65.55973]
						},
						"3.1": {
							"vector": [-15.61778, 7.73186, 65.16659]
						},
						"3.2667": {
							"vector": [-15.9801, 6.93689, 62.33342]
						},
						"3.4": {
							"vector": [-8.86998, 2.42135, 33.56191]
						},
						"3.5333": {
							"vector": [0, -1.75, -2.75]
						},
						"3.7": {
							"vector": [0, 0, 0]
						}
					},
					"position": {
						"0.0": {
							"vector": [0, 0, 0]
						},
						"0.3": {
							"vector": [-0.475, 4.475, -11.7]
						},
						"0.4": {
							"vector": [-0.195, 4, -10.7]
						},
						"0.5333": {
							"vector": [-0.03, 3.725, -10.7]
						},
						"0.7": {
							"vector": [0, 4.125, -10.7]
						},
						"0.9": {
							"vector": [0.125, 4.4, -11.275]
						},
						"1.2": {
							"vector": [-0.02, 4.475, -11]
						},
						"1.4": {
							"vector": [0.11, 4.425, -11.175]
						},
						"1.6667": {
							"vector": [0.275, 4.25, -10.975]
						},
						"1.8": {
							"vector": [0.87, 0.81, -8.65]
						},
						"1.9667": {
							"vector": [1.455, -1.325, -9.15]
						},
						"2.1333": {
							"vector": [1.585, -1.395, -8.545]
						},
						"2.2667": {
							"vector": [1.475, -1.455, -7.17]
						},
						"2.4": {
							"vector": [1.51, -1.43, -7.85]
						},
						"2.5667": {
							"vector": [1.545, -1.5, -7.24]
						},
						"2.7667": {
							"vector": [1.47, -1.5, -7.27]
						},
						"3.0": {
							"vector": [1.51, -1.41, -7.3]
						},
						"3.2333": {
							"vector": [1.455, -1.325, -7.325]
						},
						"3.3667": {
							"vector": [-0.005, -0.61, -6.41]
						},
						"3.6333": {
							"vector": [0, 0, 0]
						}
					}
				},
				"leftarm": {
					"rotation": {
						"0.0": {
							"vector": [0, 0, 0]
						},
						"0.1667": {
							"vector": [0, 0, -2.5]
						},
						"3.2667": {
							"vector": [0, 0, -2.5]
						},
						"3.5667": {
							"vector": [0, 0, 0]
						}
					},
					"position": {
						"0.0": {
							"vector": [0, 0, 0]
						},
						"0.1667": {
							"vector": [8.07465, -38.39626, 26.63411]
						},
						"3.2667": {
							"vector": [8.07465, -38.39626, 26.63411]
						},
						"3.5667": {
							"vector": [0, 0, 0]
						}
					}
				}
			},
			"sound_effects": {
				"0.0": {
					"effect": "inspect_up"
				},
				"0.8": {
					"effect": "inspect_foley"
				},
				"1.3667": {
					"effect": "inspect_turn"
				},
				"3.2667": {
					"effect": "inspect_down"
				}
			}
		},
		"animation.model.reload": {
			"animation_length": 2.63333,
			"bones": {
				"main": {
					"rotation": {
						"0.0": {
							"vector": [0, 0, 0]
						},
						"0.2": {
							"vector": [-0.85481, -1.26427, -15.91545]
						},
						"0.3": {
							"vector": [-2.94286, -2.81107, -16.85575]
						},
						"0.4": {
							"vector": [-3.82999, -2.56266, -11.85652]
						},
						"0.5333": {
							"vector": [-3.62968, -2.59655, -22.62482]
						},
						"0.6667": {
							"vector": [-4.08445, -1.82444, -18.10087]
						},
						"0.8": {
							"vector": [-3.99699, -2.23968, -30.04313]
						},
						"0.9333": {
							"vector": [-3.95656, -1.74242, -30.07772]
						},
						"1.0": {
							"vector": [-3.83437, -1.99727, -33.82105]
						},
						"1.1": {
							"vector": [-3.93346, -1.79402, -30.8263]
						},
						"1.2": {
							"vector": [-3.59454, -2.40258, -40.06251]
						},
						"1.3": {
							"vector": [-3.7803, -1.84743, -35.33519]
						},
						"1.4": {
							"vector": [-2.28408, -1.58999, -33.95273]
						},
						"1.6333": {
							"vector": [-0.80401, 0.25613, 3.09889],
							"easing": "linear"
						},
						"1.7667": {
							"vector": [0, 0, 0]
						}
					},
					"position": {
						"0.0": {
							"vector": [0, 0, 0]
						},
						"0.1667": {
							"vector": [0, 0.175, -8.185],
							"easing": "easeOutSine"
						},
						"0.2667": {
							"vector": [-0.25, 0, -13.45],
							"easing": "linear"
						},
						"0.4": {
							"vector": [-0.425, 0.105, -12.67]
						},
						"0.5": {
							"vector": [-0.43, 0.04, -12.88]
						},
						"0.6333": {
							"vector": [-0.425, -1.095, -13.17]
						},
						"0.7333": {
							"vector": [-0.48, -1.725, -13.96]
						},
						"0.8667": {
							"vector": [-0.6, -0.77, -14.65]
						},
						"0.9333": {
							"vector": [-0.7, -0.37, -14.825]
						},
						"1.0": {
							"vector": [-0.6, -0.27, -15.4]
						},
						"1.1": {
							"vector": [-0.7, -0.02, -15.4]
						},
						"1.1667": {
							"vector": [-1, 0.73, -15.2]
						},
						"1.2667": {
							"vector": [-0.75, 0.18, -15.025]
						},
						"1.4": {
							"vector": [-0.24, -0.53, -9.33]
						},
						"1.5333": {
							"vector": [-0.1, -0.735, -3.33],
							"easing": "linear"
						},
						"1.7": {
							"vector": [0, 0, 0]
						}
					}
				},
				"bolt2": {
					"rotation": {
						"vector": [0, 0, 0]
					},
					"position": {
						"vector": [0, 0, 0]
					}
				},
				"leftarm": {
					"rotation": {
						"0.0": {
							"vector": [0, 0, 0]
						},
						"0.2": {
							"vector": [22.26382, 17.40326, 15.34608]
						},
						"0.4333": {
							"vector": [-9.71723, -5.34576, 6.99675]
						},
						"0.5333": {
							"vector": [-9.71723, -5.34576, 6.99675]
						},
						"0.6667": {
							"vector": [-9.71723, -5.34576, 6.99675]
						},
						"0.7333": {
							"vector": [-9.71723, -5.34576, 6.99675]
						},
						"0.8": {
							"vector": [8.28563, 8.5485, 21.85182]
						},
						"0.9": {
							"vector": [8.87657, 11.81068, 19.99537]
						},
						"1.0": {
							"vector": [6.55369, 8.29938, 18.8433]
						},
						"1.1": {
							"vector": [1.55369, 8.29938, 18.8433]
						},
						"1.1667": {
							"vector": [-2.94631, 8.29938, 18.8433]
						},
						"1.3": {
							"vector": [-2.94631, 8.29938, 18.8433]
						},
						"1.4667": {
							"vector": [21.96658, 21.48777, 14.13441]
						},
						"1.7": {
							"vector": [0, 0, 0]
						}
					},
					"position": {
						"0.0": {
							"vector": [0, 0, 0]
						},
						"0.2": {
							"vector": [9.08517, -26.66289, 54.29794]
						},
						"0.2667": {
							"vector": [11.20127, -22.82484, 50.05731]
						},
						"0.4333": {
							"vector": [3.40721, -12.41122, 34.08731]
						},
						"0.5333": {
							"vector": [3.41784, -12.47399, 34.0909]
						},
						"0.6667": {
							"vector": [3.09467, -21.83323, 34.09054]
						},
						"0.7333": {
							"vector": [1.15659, -23.4767, 34.08892]
						},
						"0.8": {
							"vector": [-1.83208, -17.49838, 38.33334]
						},
						"0.9": {
							"vector": [-2.2132, -17.73566, 37.8648]
						},
						"1.0": {
							"vector": [-2.82355, -17.74604, 38.78673]
						},
						"1.1": {
							"vector": [-2.90864, -16.85446, 37.14173]
						},
						"1.1667": {
							"vector": [-2.41381, -13.14923, 35.31712]
						},
						"1.3": {
							"vector": [-2.56128, -13.11848, 35.32033]
						},
						"1.4667": {
							"vector": [-1.21996, -26.39065, 44.29321]
						},
						"1.5667": {
							"vector": [5.15, -15.53, 11.61]
						},
						"1.7": {
							"vector": [0, 0, 0]
						}
					}
				},
				"bolt": {
					"rotation": {
						"vector": [0, 0, 0]
					},
					"position": {
						"vector": [0, 0, 0]
					}
				},
				"rightarm": {
					"rotation": {
						"0.0": {
							"vector": [0, 0, 0]
						},
						"0.2": {
							"vector": [3.73557, -18.02538, -9.64747]
						},
						"1.4": {
							"vector": [3.73557, -18.02538, -9.64747]
						},
						"1.6": {
							"vector": [0, 0, 0]
						}
					},
					"position": {
						"0.0": {
							"vector": [0, 0, 0]
						},
						"0.2": {
							"vector": [-6.025, -0.6, -0.05]
						},
						"1.4": {
							"vector": [-6.025, -0.6, -0.05]
						},
						"1.6": {
							"vector": [0, 0, 0]
						}
					}
				},
				"magazine": {
					"rotation": {
						"0.0": {
							"vector": [0, 0, 0]
						},
						"0.4333": {
							"vector": [0, 0, 0]
						},
						"0.5333": {
							"vector": [0, 0, 0]
						},
						"0.6333": {
							"vector": [0, 0, 0]
						},
						"0.6667": {
							"vector": [0.02618, -0.99966, -1.50023]
						},
						"0.7333": {
							"vector": [0.02618, -0.99966, -1.50023]
						},
						"0.8": {
							"vector": [-7, -2.5, -1.75]
						},
						"0.9": {
							"vector": [-6.68657, 1.51142, -2.17882]
						},
						"1.0": {
							"vector": [0, 0, 0]
						},
						"1.1667": {
							"vector": [0, 0, 0]
						},
						"1.3": {
							"vector": [0, 0, 0]
						},
						"1.4667": {
							"vector": [6.67653, 0.99546, -8.44193]
						}
					},
					"position": {
						"0.0": {
							"vector": [0, 0, 0]
						},
						"0.4333": {
							"vector": [0, 0, 0]
						},
						"0.5333": {
							"vector": [0, 0, 0]
						},
						"0.6333": {
							"vector": [0, -8.2, 0]
						},
						"0.6667": {
							"vector": [0, -9.375, 0]
						},
						"0.7333": {
							"vector": [-1.45, -9.375, 0]
						},
						"0.8": {
							"vector": [-1.45, -6.975, -2.225]
						},
						"0.9": {
							"vector": [-3.63, -7.92, -2.13]
						},
						"1.0": {
							"vector": [-3.75, -8, 0]
						},
						"1.1": {
							"vector": [-3.75, -6.025, 0]
						},
						"1.1667": {
							"vector": [-3.75, 0, 0]
						},
						"1.3": {
							"vector": [-3.75, 0, 0]
						},
						"1.4667": {
							"vector": [-1.9, -24.25, 4.875]
						},
						"1.5667": {
							"vector": [-1.9, -30.475, 13.38]
						}
					}
				},
				"magazine2": {
					"rotation": {
						"0.0": {
							"vector": [0, 0, 0]
						},
						"0.0667": {
							"vector": [0, 0, 0]
						},
						"0.1333": {
							"vector": [9.14281, -5.42636, -11.79396]
						},
						"0.4333": {
							"vector": [0, -0.5, 0.75]
						},
						"0.5333": {
							"vector": [0, -0.5, 0.75]
						},
						"0.6333": {
							"vector": [0, 0, 0]
						},
						"0.6667": {
							"vector": [0.02618, -0.99966, -1.50023]
						},
						"0.7333": {
							"vector": [0.02618, -0.99966, -1.50023]
						},
						"0.8": {
							"vector": [-6.88507, -2.80223, -4.23433]
						},
						"0.9": {
							"vector": [-6.68657, 1.51142, -2.17882]
						},
						"1.0": {
							"vector": [0, 0, 0]
						},
						"1.1667": {
							"vector": [0, 0, 0]
						}
					},
					"position": {
						"0.0": {
							"vector": [0, 0, 0]
						},
						"0.0333": {
							"vector": [0, 0, 46]
						},
						"0.0667": {
							"vector": [18, -28, 46]
						},
						"0.1333": {
							"vector": [17.2, -22.545, 15.25]
						},
						"0.2667": {
							"vector": [8.40432, -9.55361, 5.6641]
						},
						"0.4333": {
							"vector": [3.85, -1.425, 0]
						},
						"0.5333": {
							"vector": [3.85, -1.425, 0]
						},
						"0.6333": {
							"vector": [4, -8.2, 0]
						},
						"0.6667": {
							"vector": [4, -9.375, 0]
						},
						"0.7333": {
							"vector": [2.55, -9.375, 0]
						},
						"0.8": {
							"vector": [2.3, -8.2, -2.225]
						},
						"0.9": {
							"vector": [0.37, -7.445, -2.13]
						},
						"1.0": {
							"vector": [0, -8, 0]
						},
						"1.1": {
							"vector": [0, -6.025, 0]
						},
						"1.1667": {
							"vector": [0, 0, 0]
						}
					},
					"scale": {
						"0.0": {
							"vector": [0, 0, 0]
						},
						"0.0667": {
							"vector": [0, 0, 0]
						},
						"0.1": {
							"vector": [1, 1, 1]
						}
					}
				},
				"bone7": {
					"scale": {
						"vector": [0, 0, 0]
					}
				}
			},
			"sound_effects": {
				"0.0": {
					"effect": "foley_start"
				},
				"0.4333": {
					"effect": "m4_magout"
				},
				"0.9": {
					"effect": "m4_magin"
				},
				"1.2667": {
					"effect": "foley_end"
				}
			}
		},
		"animation.model.fire": {
			"loop": true,
			"animation_length": 0.16,
			"bones": {
				"action": {
					"position": {
						"0.0": {
							"vector": [0, 0, 0]
						},
						"0.04": {
							"vector": [0, 0, 11]
						}
					}
				},
				"main": {
					"rotation": {
						"0.0": {
							"vector": [0, 0, 0]
						},
						"0.04": {
							"vector": [0.79458, -0.82532, -2.87814]
						},
						"0.08": {
							"vector": [1.26844, -0.79039, -1.43654]
						},
						"0.12": {
							"vector": [0, 0, 0]
						}
					},
					"position": {
						"0.0": {
							"vector": [0, 0, 0]
						},
						"0.04": {
							"vector": [0, -0.2, -1.625]
						},
						"0.08": {
							"vector": [0, 0, 0]
						},
						"0.12": {
							"vector": [0, 0, 0]
						}
					}
				},
				"bone7": {
					"position": {
						"0.0": {
							"vector": [0, 0, 0]
						},
						"0.04": {
							"vector": [0, 0, 4.7]
						},
						"0.12": {
							"vector": [0, 0, 0]
						}
					}
				},
				"belt": {
					"position": {
						"0.0": {
							"vector": [0, 0, 0]
						},
						"0.04": {
							"vector": [0, 0, 6.6]
						},
						"0.12": {
							"vector": [0, 0, 0]
						}
					}
				},
				"rightarm": {
					"rotation": {
						"vector": [0, 0, 0]
					},
					"position": {
						"0.0": {
							"vector": [0, 0, 0]
						},
						"0.04": {
							"vector": [0, 0, 2]
						},
						"0.08": {
							"vector": [0, 0, 0]
						}
					}
				},
				"leftarm": {
					"rotation": {
						"0.0": {
							"vector": [0, 0, 0]
						},
						"0.04": {
							"vector": [-2.5, 0, 0]
						},
						"0.12": {
							"vector": [0, 0, 0]
						}
					},
					"position": {
						"0.0": {
							"vector": [0, 0, 0]
						},
						"0.04": {
							"vector": [0, -1, 0]
						},
						"0.12": {
							"vector": [0, 0, 0]
						}
					}
				},
				"bullet2": {
					"rotation": {
						"0.04": {
							"vector": [0, 0, 0]
						},
						"0.12": {
							"vector": [15, 0, 0]
						}
					},
					"position": {
						"0.04": {
							"vector": [0, 0, 0]
						},
						"0.12": {
							"vector": [0, 1.1, -4]
						}
					}
				}
			}
		}
	},
	"geckolib_format_version": 2
}