{
	"format_version": "1.8.0",
	"animations": {
		"animation.model.draw": {
			"loop": true,
			"animation_length": 1.4,
			"bones": {
				"main": {
					"rotation": {
						"0.0": {
							"vector": [57.60469, -28.28858, -29.54836]
						},
						"0.1": {
							"vector": [10.33719, -22.61683, -19.63297]
						},
						"0.15": {
							"vector": [2.83719, -22.61683, -19.63297]
						},
						"0.25": {
							"vector": [-1.8404, -22.61683, -19.63297]
						},
						"0.35": {
							"vector": [-6.5904, -22.61683, -19.63297]
						},
						"0.75": {
							"vector": [1.16358, -13.93716, 0.25169]
						},
						"0.9": {
							"vector": [6.9379, -8.54231, 7.55592]
						},
						"1.05": {
							"vector": [1.78266, -2.77951, 6.00777]
						},
						"1.25": {
							"vector": [0, 0, 0]
						}
					},
					"position": {
						"0.0": {
							"vector": [-3, -7, -8]
						},
						"0.1": {
							"vector": [-7, 1, -7]
						},
						"0.15": {
							"vector": [-7.9, 2.4, -6]
						},
						"0.25": {
							"vector": [-7.9, 3.4, -5.4]
						},
						"0.35": {
							"vector": [-7.9, 3.4, -2.9]
						},
						"0.45": {
							"vector": [-7.9, 2.1, -2.9]
						},
						"0.55": {
							"vector": [-7.9, 2.1, -5.5]
						},
						"0.9": {
							"vector": [0, 0, 0]
						},
						"1.25": {
							"vector": [0, 0, 0]
						}
					}
				},
				"leftarm": {
					"rotation": {
						"0.0": {
							"vector": [32.5, 0, 0]
						},
						"0.7": {
							"vector": [32.5, 0, 0]
						},
						"0.9": {
							"vector": [0, 0, 0]
						}
					},
					"position": {
						"0.0": {
							"vector": [0, -8, 0]
						},
						"0.2": {
							"vector": [0, -25, 0]
						},
						"0.7": {
							"vector": [0, -25, 0]
						},
						"0.9": {
							"vector": [0, 0, 0]
						}
					}
				},
				"bone2": {
					"rotation": {
						"0.0": {
							"vector": [17.5, 0, 0]
						},
						"0.05": {
							"vector": [0, 0, 0]
						},
						"0.1": {
							"vector": [-32.5, 0, 0]
						},
						"0.15": {
							"vector": [-72.5, 0, 0]
						},
						"0.2": {
							"vector": [-105, 0, 0]
						},
						"0.25": {
							"vector": [-140, 0, 0]
						},
						"0.3": {
							"vector": [-167.5, 0, 0]
						},
						"0.35": {
							"vector": [-187.5, 0, 0]
						},
						"0.4": {
							"vector": [-217.5, 0, 0]
						},
						"0.45": {
							"vector": [-245, 0, 0]
						},
						"0.5": {
							"vector": [-297.5, 0, 0]
						},
						"0.55": {
							"vector": [-335, 0, 0]
						},
						"0.65": {
							"vector": [-382.39369, -0.28402, -6.97729]
						},
						"0.7": {
							"vector": [-385.60514, -0.18561, -4.55982]
						},
						"0.8": {
							"vector": [-375.46524, -0.14096, -3.46294]
						},
						"0.9": {
							"vector": [-360, 0, 0]
						}
					},
					"position": {
						"0.0": {
							"vector": [2, 0, 0]
						},
						"0.05": {
							"vector": [2, 0.7, 0]
						},
						"0.1": {
							"vector": [2.2, 1.7, 0]
						},
						"0.15": {
							"vector": [2.8, 2.6, 0.7]
						},
						"0.9": {
							"vector": [0, 0, 0]
						}
					}
				}
			},
			"sound_effects": {
				"0.1": {
					"effect": "foley_start"
				},
				"0.85": {
					"effect": "foley_end"
				}
			}
		},
		"animation.model.inspect": {
			"loop": true,
			"animation_length": 4.26667,
			"bones": {
				"main": {
					"rotation": {
						"0.0": {
							"vector": [0, 0, 0]
						},
						"0.1667": {
							"vector": [-8.41746, -13.59608, -21.21259],
							"easing": "linear"
						},
						"0.3": {
							"vector": [-8.39812, -20.10111, -31.77688]
						},
						"0.4333": {
							"vector": [-9.55676, -20.88889, -28.55629]
						},
						"0.5333": {
							"vector": [-8.77652, -21.21647, -30.72851]
						},
						"0.7667": {
							"vector": [-9.4227, -20.94881, -28.93303]
						},
						"1.0": {
							"vector": [-3.1216, -20.98207, -46.44405]
						},
						"1.1333": {
							"vector": [-4.564, -20.73064, -42.44007]
						},
						"1.2333": {
							"vector": [-4.86325, -20.9153, -41.60203]
						},
						"1.3333": {
							"vector": [-4.58308, -20.97575, -42.38574]
						},
						"1.4667": {
							"vector": [-4.01131, -21.08802, -43.97908]
						},
						"1.6": {
							"vector": [-4.38767, -21.01662, -42.9316]
						},
						"1.7": {
							"vector": [-4.18847, -21.05622, -43.48691],
							"easing": "linear"
						},
						"2.0333": {
							"vector": [-16.91438, 5.38499, 54.40399],
							"easing": "linear"
						},
						"2.1667": {
							"vector": [-15.22513, 5.80082, 60.04554]
						},
						"2.3": {
							"vector": [-15.70981, 5.86025, 59.48558]
						},
						"2.4333": {
							"vector": [-15.93602, 7.03904, 62.69373]
						},
						"2.5667": {
							"vector": [-15.60896, 7.75082, 65.23442]
						},
						"2.7333": {
							"vector": [-15.71675, 7.52491, 64.42194]
						},
						"2.9": {
							"vector": [-15.56389, 7.84019, 65.55973]
						},
						"3.1": {
							"vector": [-15.61778, 7.73186, 65.16659]
						},
						"3.2667": {
							"vector": [-15.9801, 6.93689, 62.33342]
						},
						"3.4": {
							"vector": [-8.86998, 2.42135, 33.56191]
						},
						"3.5333": {
							"vector": [0, -1.75, -2.75]
						},
						"3.7": {
							"vector": [0, 0, 0]
						}
					},
					"position": {
						"0.0": {
							"vector": [0, 0, 0]
						},
						"0.3": {
							"vector": [-0.475, 1.475, -11.7]
						},
						"0.4": {
							"vector": [-0.195, 1, -10.7]
						},
						"0.5333": {
							"vector": [-0.03, 0.725, -10.7]
						},
						"0.7": {
							"vector": [0, 1.125, -10.7]
						},
						"0.9": {
							"vector": [0.125, 1.4, -11.275]
						},
						"1.2": {
							"vector": [-0.02, 1.475, -11]
						},
						"1.4": {
							"vector": [0.11, 1.425, -11.175]
						},
						"1.6667": {
							"vector": [0.275, 1.25, -10.975]
						},
						"1.8": {
							"vector": [-0.13, -1.19, -11.65]
						},
						"1.9667": {
							"vector": [-0.545, -1.325, -10.15]
						},
						"2.1333": {
							"vector": [-0.415, -1.395, -9.545]
						},
						"2.2667": {
							"vector": [-0.525, -1.455, -8.17]
						},
						"2.4": {
							"vector": [-0.49, -1.43, -8.85]
						},
						"2.5667": {
							"vector": [-0.455, -1.5, -8.24]
						},
						"2.7667": {
							"vector": [-0.53, -1.5, -8.27]
						},
						"3.0": {
							"vector": [-0.49, -1.41, -8.3]
						},
						"3.2333": {
							"vector": [-0.545, -1.325, -8.325]
						},
						"3.3667": {
							"vector": [-1.005, -0.61, -6.41]
						},
						"3.6333": {
							"vector": [0, 0, 0]
						}
					}
				},
				"leftarm": {
					"rotation": {
						"0.0": {
							"vector": [0, 0, 0]
						},
						"0.1667": {
							"vector": [94.34183, 65.03608, 48.49136]
						},
						"1.7333": {
							"vector": [94.34183, 65.03608, 48.49136]
						},
						"2.0333": {
							"vector": [-20, 0, -45]
						},
						"3.3": {
							"vector": [-20, 0, -45]
						},
						"3.5667": {
							"vector": [0, 0, 0]
						}
					},
					"position": {
						"0.0": {
							"vector": [0, 0, 0]
						},
						"0.1667": {
							"vector": [6.23986, -46.20851, 24.64864]
						},
						"1.7333": {
							"vector": [6.23986, -46.20851, 24.64864]
						},
						"2.0333": {
							"vector": [10.32656, 5.91547, -0.26029]
						},
						"3.3": {
							"vector": [10.32656, 5.91547, -0.26029]
						},
						"3.5667": {
							"vector": [0, 0, 0]
						}
					}
				},
				"rightarm": {
					"rotation": {
						"0.0": {
							"vector": [0, 0, 0]
						},
						"0.1667": {
							"vector": [0, 0, 0]
						},
						"1.7333": {
							"vector": [0, 0, 0]
						},
						"2.0333": {
							"vector": [0.09396, 19.47939, 4.39424]
						},
						"3.3": {
							"vector": [0.09396, 19.47939, 4.39424]
						},
						"3.5667": {
							"vector": [0, 0, 0]
						}
					},
					"position": {
						"0.0": {
							"vector": [0, 0, 0]
						},
						"0.1667": {
							"vector": [0, 0, 0]
						},
						"1.7333": {
							"vector": [0, 0, 0]
						},
						"2.0333": {
							"vector": [6.85, 1.45, 2.025]
						},
						"3.3": {
							"vector": [6.85, 1.45, 2.025]
						},
						"3.5667": {
							"vector": [0, 0, 0]
						}
					}
				},
				"bone3": {
					"rotation": {
						"vector": [0, 0, 0]
					}
				}
			}
		},
		"animation.model.prepareoneshot": {
			"loop": true,
			"animation_length": 0.8,
			"bones": {
				"main": {
					"rotation": {
						"0.0": {
							"vector": [0, 0, 0]
						},
						"0.1333": {
							"vector": [-8.75117, -4.99606, 1.10277]
						},
						"0.2333": {
							"vector": [-14.47601, -9.19278, 9.67194]
						},
						"0.3667": {
							"vector": [11.45308, -9.67122, 9.66829]
						},
						"0.4667": {
							"vector": [4.86223, -9.46842, 7.14136]
						},
						"0.6": {
							"vector": [-0.63651, -9.40203, 4.83657]
						},
						"0.7": {
							"vector": [1.92111, -9.38086, 4.1016]
						}
					},
					"position": {
						"0.0": {
							"vector": [0, 0, 0]
						},
						"0.1667": {
							"vector": [1.2, 0.7, -1.9]
						},
						"0.2333": {
							"vector": [1.2, 0.7, -1.9]
						},
						"0.3": {
							"vector": [1.2, -2, -3.3]
						},
						"0.5": {
							"vector": [0.8, -0.4, -3.3]
						},
						"0.7": {
							"vector": [0.8, -0.4, -3.3]
						}
					}
				},
				"barrels": {
					"rotation": {
						"0.0": {
							"vector": [0, 0, 0]
						},
						"0.3": {
							"vector": [0, 0, 0]
						},
						"0.4": {
							"vector": [57.5, 0, 0]
						}
					},
					"position": {
						"0.0": {
							"vector": [0, 0, 0]
						},
						"0.3": {
							"vector": [0, 0, 0]
						}
					}
				},
				"shell": {
					"rotation": {
						"0.0": {
							"vector": [0, 0, 0]
						},
						"0.3333": {
							"vector": [0, 0, 0]
						},
						"0.3667": {
							"vector": [0, 16, 0]
						},
						"0.4333": {
							"vector": [74, 71, 0]
						},
						"0.5333": {
							"vector": [164.92849, 25.75476, 37.72147]
						},
						"0.7333": {
							"vector": [460.27147, 7.1787, 47.84006]
						}
					},
					"position": {
						"0.0": {
							"vector": [0, 0, 0]
						},
						"0.3333": {
							"vector": [0, 0, 0]
						},
						"0.3667": {
							"vector": [0.6, 0, 7.15]
						},
						"0.4": {
							"vector": [5.8, 0, 14.3]
						},
						"0.4333": {
							"vector": [12, 0, 17.5]
						},
						"0.5333": {
							"vector": [20, -4, 19.1]
						},
						"0.6333": {
							"vector": [26.9, -14, 17.3]
						},
						"0.7333": {
							"vector": [31.3, -23, 12]
						}
					}
				},
				"leftarm": {
					"rotation": {
						"0.0": {
							"vector": [0, 0, 0]
						},
						"0.1": {
							"vector": [-2.5, 5, 0]
						},
						"0.3": {
							"vector": [-2.5, 5, 0]
						},
						"0.4": {
							"vector": [27.31252, 22.48722, -0.69687]
						}
					},
					"position": {
						"0.0": {
							"vector": [0, 0, 0]
						},
						"0.1": {
							"vector": [0, 2.3, -9]
						},
						"0.3": {
							"vector": [0, 2.3, -9]
						},
						"0.4": {
							"vector": [0, 2.3, -9]
						},
						"0.5667": {
							"vector": [0, 2.3, -9]
						},
						"0.7": {
							"vector": [8, -6.7, 14]
						}
					}
				}
			},
			"sound_effects": {
				"0.2": {
					"effect": "dbshotgun_open"
				}
			}
		},
		"animation.model.prepareempty": {
			"loop": true,
			"animation_length": 0.8,
			"bones": {
				"main": {
					"rotation": {
						"0.0": {
							"vector": [0, 0, 0]
						},
						"0.1333": {
							"vector": [-8.75117, -4.99606, 1.10277]
						},
						"0.2333": {
							"vector": [-14.47601, -9.19278, 9.67194]
						},
						"0.3667": {
							"vector": [11.45308, -9.67122, 9.66829]
						},
						"0.4667": {
							"vector": [4.86223, -9.46842, 7.14136]
						},
						"0.6": {
							"vector": [-0.63651, -9.40203, 4.83657]
						},
						"0.7": {
							"vector": [1.92111, -9.38086, 4.1016]
						}
					},
					"position": {
						"0.0": {
							"vector": [0, 0, 0]
						},
						"0.1667": {
							"vector": [1.2, 0.7, -1.9]
						},
						"0.2333": {
							"vector": [1.2, 0.7, -1.9]
						},
						"0.3": {
							"vector": [1.2, -2, -3.3]
						},
						"0.5": {
							"vector": [0.8, -0.4, -3.3]
						},
						"0.7": {
							"vector": [0.8, -0.4, -3.3]
						}
					}
				},
				"barrels": {
					"rotation": {
						"0.0": {
							"vector": [0, 0, 0]
						},
						"0.3": {
							"vector": [0, 0, 0]
						},
						"0.4": {
							"vector": [57.5, 0, 0]
						}
					},
					"position": {
						"0.0": {
							"vector": [0, 0, 0]
						},
						"0.3": {
							"vector": [0, 0, 0]
						}
					}
				},
				"shell": {
					"rotation": {
						"0.0": {
							"vector": [0, 0, 0]
						},
						"0.3333": {
							"vector": [0, 0, 0]
						},
						"0.3667": {
							"vector": [0, 16, 0]
						},
						"0.4333": {
							"vector": [74, 71, 0]
						},
						"0.5333": {
							"vector": [164.92849, 25.75476, 37.72147]
						},
						"0.7333": {
							"vector": [460.27147, 7.1787, 47.84006]
						}
					},
					"position": {
						"0.0": {
							"vector": [0, 0, 0]
						},
						"0.3333": {
							"vector": [0, 0, 0]
						},
						"0.3667": {
							"vector": [0.6, 0, 7.15]
						},
						"0.4": {
							"vector": [5.8, 0, 14.3]
						},
						"0.4333": {
							"vector": [12, 0, 17.5]
						},
						"0.5333": {
							"vector": [20, -4, 19.1]
						},
						"0.6333": {
							"vector": [26.9, -14, 17.3]
						},
						"0.7333": {
							"vector": [31.3, -23, 12]
						}
					}
				},
				"leftarm": {
					"rotation": {
						"0.0": {
							"vector": [0, 0, 0]
						},
						"0.1": {
							"vector": [-2.5, 5, 0]
						},
						"0.3": {
							"vector": [-2.5, 5, 0]
						},
						"0.4": {
							"vector": [27.31252, 22.48722, -0.69687]
						}
					},
					"position": {
						"0.0": {
							"vector": [0, 0, 0]
						},
						"0.1": {
							"vector": [0, 2.3, -9]
						},
						"0.3": {
							"vector": [0, 2.3, -9]
						},
						"0.4": {
							"vector": [0, 2.3, -9]
						},
						"0.5667": {
							"vector": [0, 2.3, -9]
						},
						"0.7": {
							"vector": [8, -6.7, 14]
						}
					}
				},
				"shell2": {
					"rotation": {
						"0.0": {
							"vector": [0, 0, 0]
						},
						"0.3333": {
							"vector": [0, 0, 0]
						},
						"0.3667": {
							"vector": [0, -10, -30]
						},
						"0.4": {
							"vector": [32.74441, -52.45711, -66.10733]
						},
						"0.5": {
							"vector": [234.24777, -21.53392, -211.17242]
						},
						"0.7333": {
							"vector": [383.83953, 24.74935, -290.69167]
						}
					},
					"position": {
						"0.0": {
							"vector": [0, 0, 0]
						},
						"0.3333": {
							"vector": [0, 0, 0]
						},
						"0.3667": {
							"vector": [-1, 0, 7]
						},
						"0.4": {
							"vector": [-6, 0, 11]
						},
						"0.4333": {
							"vector": [-16.1, -1, 14.9]
						},
						"0.5333": {
							"vector": [-27.5, -12.8, 19.8]
						},
						"0.6333": {
							"vector": [-33.5, -33.8, 22.8]
						},
						"0.7333": {
							"vector": [-33.5, -33.8, 22.8]
						}
					}
				}
			},
			"sound_effects": {
				"0.2": {
					"effect": "dbshotgun_open"
				}
			}
		},
		"animation.model.loadfirst": {
			"loop": true,
			"animation_length": 0.96667,
			"bones": {
				"main": {
					"rotation": {
						"0.0": {
							"vector": [1.92111, -9.38086, 4.1016]
						},
						"0.0667": {
							"vector": [2.13536, -9.44571, 4.01826]
						},
						"0.1333": {
							"vector": [3.17845, -8.72233, 5.40662]
						},
						"0.2": {
							"vector": [2.39004, -8.72425, 7.94846]
						},
						"0.2667": {
							"vector": [3.34004, -8.3839, 7.74212]
						},
						"0.4": {
							"vector": [5.61745, -10.52502, 11.62562]
						},
						"0.5": {
							"vector": [9.71406, -10.52796, 11.62821]
						},
						"0.6": {
							"vector": [9.56862, -11.81343, 18.77582]
						},
						"0.7333": {
							"vector": [5.61745, -10.52502, 11.62562]
						},
						"0.8667": {
							"vector": [1.92111, -9.38086, 4.1016]
						}
					},
					"position": {
						"0.0": {
							"vector": [0.8, -0.4, -3.3]
						},
						"0.1667": {
							"vector": [0.7, -0.5, -3.3]
						},
						"0.4": {
							"vector": [0.8, -0.4, -3.3]
						},
						"0.6": {
							"vector": [0.8, -1.4, -3.3]
						},
						"0.7333": {
							"vector": [0.8, -0.4, -3.3]
						},
						"0.8667": {
							"vector": [0.8, -0.4, -3.3]
						}
					}
				},
				"barrels": {
					"rotation": {
						"vector": [57.5, 0, 0]
					}
				},
				"shell": {
					"position": {
						"vector": [9, -28, -11]
					}
				},
				"shell2": {
					"rotation": {
						"0.0": {
							"vector": [0, 0, 0]
						},
						"0.1": {
							"vector": [0, 0, 0]
						},
						"0.2333": {
							"vector": [-37.5, 0, 0]
						},
						"0.3667": {
							"vector": [-17.5, 0, 0]
						},
						"0.4": {
							"vector": [-17.5, 0, 0]
						},
						"0.5333": {
							"vector": [0, 0, 0]
						}
					},
					"position": {
						"0.0": {
							"vector": [13, -24, -11]
						},
						"0.1": {
							"vector": [10, -18, -11]
						},
						"0.2333": {
							"vector": [5, -4, 6]
						},
						"0.3667": {
							"vector": [1, 2, 7]
						},
						"0.4": {
							"vector": [1, 2, 7]
						},
						"0.4667": {
							"vector": [-0.07, -0.05, 4.33]
						},
						"0.5333": {
							"vector": [0.1, 0, 0]
						}
					}
				},
				"leftarm": {
					"rotation": {
						"0.0": {
							"vector": [57.31252, 22.48722, -0.69687]
						},
						"0.2333": {
							"vector": [-0.94892, 22.86609, 22.80873]
						},
						"0.4": {
							"vector": [-14.25199, 7.938, 16.05582]
						},
						"0.4667": {
							"vector": [-11.87459, 10.18099, 10.28664]
						},
						"0.5667": {
							"vector": [-3.95648, 8.47411, 7.40536]
						},
						"0.6333": {
							"vector": [-4.51119, 12.31547, 4.77012]
						},
						"0.9667": {
							"vector": [-2.79683, 4.78212, 24.80795]
						}
					},
					"position": {
						"0.0": {
							"vector": [8, -6.7, 14]
						},
						"0.1": {
							"vector": [9.6, 0.3, 6.5]
						},
						"0.2333": {
							"vector": [7.4, 7.3, 1]
						},
						"0.3667": {
							"vector": [2.9, 8.2, -2.5]
						},
						"0.4": {
							"vector": [2.9, 8.2, -2.5]
						},
						"0.4667": {
							"vector": [1.9, 9.4, -2.5]
						},
						"0.5667": {
							"vector": [0.6, 8.4, -1.5]
						},
						"0.6333": {
							"vector": [3.6, 8.4, -1.5]
						},
						"0.7": {
							"vector": [4.66, 7.64, 1.29]
						},
						"0.9667": {
							"vector": [12.6, -13.6, 21.5]
						}
					}
				}
			},
			"sound_effects": {
				"0.3667": {
					"effect": "shell_chamber"
				}
			}
		},
		"animation.model.loadsecond": {
			"loop": true,
			"animation_length": 0.96667,
			"bones": {
				"main": {
					"rotation": {
						"0.0": {
							"vector": [1.92111, -9.38086, 4.1016]
						},
						"0.0667": {
							"vector": [2.13536, -9.44571, 4.01826]
						},
						"0.1333": {
							"vector": [3.17845, -8.72233, 5.40662]
						},
						"0.2": {
							"vector": [2.39004, -8.72425, 7.94846]
						},
						"0.2667": {
							"vector": [3.34004, -8.3839, 7.74212]
						},
						"0.4": {
							"vector": [5.61745, -10.52502, 11.62562]
						},
						"0.5": {
							"vector": [9.71406, -10.52796, 11.62821]
						},
						"0.6": {
							"vector": [9.56862, -11.81343, 18.77582]
						},
						"0.7333": {
							"vector": [5.61745, -10.52502, 11.62562]
						},
						"0.8667": {
							"vector": [1.92111, -9.38086, 4.1016]
						}
					},
					"position": {
						"0.0": {
							"vector": [0.8, -0.4, -3.3]
						},
						"0.1667": {
							"vector": [0.7, -0.5, -3.3]
						},
						"0.4": {
							"vector": [0.8, -0.4, -3.3]
						},
						"0.6": {
							"vector": [0.8, -1.4, -3.3]
						},
						"0.7333": {
							"vector": [0.8, -0.4, -3.3]
						},
						"0.8667": {
							"vector": [0.8, -0.4, -3.3]
						}
					}
				},
				"barrels": {
					"rotation": {
						"vector": [57.5, 0, 0]
					}
				},
				"shell": {
					"rotation": {
						"0.0": {
							"vector": [0, 0, 0]
						},
						"0.1": {
							"vector": [0, 0, 0]
						},
						"0.2333": {
							"vector": [-37.5, 0, 0]
						},
						"0.3667": {
							"vector": [-17.5, 0, 0]
						},
						"0.4": {
							"vector": [-17.5, 0, 0]
						},
						"0.5333": {
							"vector": [0, 0, 0]
						},
						"0.7": {
							"vector": [-0.94145, -4.31925, -2.30162]
						}
					},
					"position": {
						"0.0": {
							"vector": [13, -24, -11]
						},
						"0.1": {
							"vector": [10, -18, -11]
						},
						"0.2333": {
							"vector": [5, -4, 6]
						},
						"0.3667": {
							"vector": [1, 2, 7]
						},
						"0.4": {
							"vector": [1, 2, 7]
						},
						"0.4667": {
							"vector": [-0.07, -0.05, 4.33]
						},
						"0.5333": {
							"vector": [0.1, 0, 0]
						}
					}
				},
				"leftarm": {
					"rotation": {
						"0.0": {
							"vector": [57.31252, 22.48722, -0.69687]
						},
						"0.2333": {
							"vector": [-0.94892, 22.86609, 22.80873]
						},
						"0.4": {
							"vector": [-14.25199, 7.938, 16.05582]
						},
						"0.4667": {
							"vector": [-11.87459, 10.18099, 10.28664]
						},
						"0.5667": {
							"vector": [-3.95648, 8.47411, 7.40536]
						},
						"0.6333": {
							"vector": [-4.51119, 12.31547, 4.77012]
						},
						"0.9667": {
							"vector": [-2.79683, 4.78212, 24.80795]
						}
					},
					"position": {
						"0.0": {
							"vector": [8, -6.7, 14]
						},
						"0.1": {
							"vector": [12.6, 0.3, 6.5]
						},
						"0.2333": {
							"vector": [11.4, 7.3, 1]
						},
						"0.3667": {
							"vector": [6.9, 8.2, -2.5]
						},
						"0.4": {
							"vector": [6.9, 8.2, -2.5]
						},
						"0.4667": {
							"vector": [5.9, 9.4, -2.5]
						},
						"0.5667": {
							"vector": [4.6, 8.4, -1.5]
						},
						"0.6333": {
							"vector": [7.6, 8.4, -1.5]
						},
						"0.7": {
							"vector": [8.66, 7.64, 1.29]
						},
						"0.9667": {
							"vector": [12.6, -13.6, 21.5]
						}
					}
				}
			},
			"sound_effects": {
				"0.3667": {
					"effect": "shell_chamber"
				}
			}
		},
		"animation.model.finishoneshot": {
			"loop": true,
			"animation_length": 1.23333,
			"bones": {
				"main": {
					"rotation": {
						"0.0": {
							"vector": [1.92111, -9.38086, 4.1016]
						},
						"0.0667": {
							"vector": [1.26679, -7.83695, 2.55741]
						},
						"0.1667": {
							"vector": [2.27509, -4.20053, -0.74294]
						},
						"0.3": {
							"vector": [-6.95722, -8.10219, 2.40027]
						},
						"0.4": {
							"vector": [-3.05165, -12.77015, 10.23417]
						},
						"0.5667": {
							"vector": [3.91759, -4.48565, 9.79556]
						},
						"0.6667": {
							"vector": [1.02759, -6.00357, 14.06516]
						},
						"0.7333": {
							"vector": [0.4691, -1.68212, 3.67333]
						},
						"0.8667": {
							"vector": [-1.74964, 1.84087, 1.72101]
						},
						"1.0333": {
							"vector": [-4.97275, -0.52199, -5.97733]
						},
						"1.1333": {
							"vector": [0, 0, 0]
						}
					},
					"position": {
						"0.0": {
							"vector": [0.8, -0.4, -3.3]
						},
						"0.0667": {
							"vector": [0.8, -0.8, -3.3]
						},
						"0.1667": {
							"vector": [0.8, -0.4, -3.3]
						},
						"0.3": {
							"vector": [0.8, 1, -1.7]
						},
						"0.5333": {
							"vector": [0.8, -1, -1.7]
						},
						"1.0333": {
							"vector": [0, 0, 0]
						},
						"1.1333": {
							"vector": [0, 0, 0]
						}
					}
				},
				"barrels": {
					"rotation": {
						"0.0": {
							"vector": [57.5, 0, 0]
						},
						"0.2": {
							"vector": [57.5, 0, 0]
						},
						"0.3": {
							"vector": [-2.5, 0, 0]
						}
					},
					"position": {
						"vector": [0, 0, 0]
					}
				},
				"shell": {
					"scale": {
						"vector": [0, 0, 0]
					}
				},
				"leftarm": {
					"rotation": {
						"0.0": {
							"vector": [-2.79683, 4.78212, 24.80795]
						},
						"0.1667": {
							"vector": [-6.3562, 13.10759, 19.19589]
						},
						"0.2": {
							"vector": [-6.3562, 13.10759, 19.19589]
						},
						"0.3": {
							"vector": [-19.02056, 7.27835, 30.50137]
						},
						"0.3667": {
							"vector": [-19.02056, 7.27835, 30.50137]
						},
						"0.4667": {
							"vector": [4.87949, 13.55841, 36.70295]
						},
						"0.5667": {
							"vector": [-10.43616, 8.26223, 29.68688]
						},
						"0.6667": {
							"vector": [-29.67322, 14.21037, -6.18363]
						},
						"0.7667": {
							"vector": [-37.17322, 14.21037, -6.18363]
						},
						"0.8333": {
							"vector": [-49.14283, 14.17537, -6.60817]
						},
						"0.9": {
							"vector": [-48.45888, 13.67326, -4.0654]
						},
						"1.0667": {
							"vector": [0, 0, 0]
						}
					},
					"position": {
						"0.0": {
							"vector": [12.6, -13.6, 21.5]
						},
						"0.1": {
							"vector": [6.12, -6.4, -1.65]
						},
						"0.1333": {
							"vector": [2.86, -6.5, -5.28]
						},
						"0.1667": {
							"vector": [-1.4, -6.6, -7.5]
						},
						"0.2": {
							"vector": [-1.4, -6.6, -7.5]
						},
						"0.3": {
							"vector": [-5.4, -6.1, -18.9]
						},
						"0.3667": {
							"vector": [-5.4, -6.1, -18.9]
						},
						"0.5667": {
							"vector": [4.73, 3, -8.06]
						},
						"0.6667": {
							"vector": [5.55, 6.9, -2.05]
						},
						"0.7667": {
							"vector": [5.55, 6.9, -2.05]
						},
						"0.8333": {
							"vector": [7.55, 4.9, -2.05]
						},
						"0.9": {
							"vector": [7.55, 4.9, -2.05]
						},
						"1.0667": {
							"vector": [0, 0, 0]
						}
					}
				}
			},
			"sound_effects": {
				"0.2333": {
					"effect": "dbshotgun_close"
				}
			}
		},
		"animation.model.finishfull": {
			"loop": true,
			"animation_length": 1.23333,
			"bones": {
				"main": {
					"rotation": {
						"0.0": {
							"vector": [1.92111, -9.38086, 4.1016]
						},
						"0.0667": {
							"vector": [1.26679, -7.83695, 2.55741]
						},
						"0.1667": {
							"vector": [2.27509, -4.20053, -0.74294]
						},
						"0.3": {
							"vector": [-6.95722, -8.10219, 2.40027]
						},
						"0.4": {
							"vector": [-3.05165, -12.77015, 10.23417]
						},
						"0.5667": {
							"vector": [3.91759, -4.48565, 9.79556]
						},
						"0.6667": {
							"vector": [1.02759, -6.00357, 14.06516]
						},
						"0.7333": {
							"vector": [0.4691, -1.68212, 3.67333]
						},
						"0.8667": {
							"vector": [-1.74964, 1.84087, 1.72101]
						},
						"1.0333": {
							"vector": [-4.97275, -0.52199, -5.97733]
						},
						"1.1333": {
							"vector": [0, 0, 0]
						}
					},
					"position": {
						"0.0": {
							"vector": [0.8, -0.4, -3.3]
						},
						"0.0667": {
							"vector": [0.8, -0.8, -3.3]
						},
						"0.1667": {
							"vector": [0.8, -0.4, -3.3]
						},
						"0.3": {
							"vector": [0.8, 1, -1.7]
						},
						"0.5333": {
							"vector": [0.8, -1, -1.7]
						},
						"1.0333": {
							"vector": [0, 0, 0]
						},
						"1.1333": {
							"vector": [0, 0, 0]
						}
					}
				},
				"barrels": {
					"rotation": {
						"0.0": {
							"vector": [57.5, 0, 0]
						},
						"0.2": {
							"vector": [57.5, 0, 0]
						},
						"0.3": {
							"vector": [0, 0, 0]
						}
					},
					"position": {
						"vector": [0, 0, 0]
					}
				},
				"leftarm": {
					"rotation": {
						"0.0": {
							"vector": [-2.79683, 4.78212, 24.80795]
						},
						"0.1667": {
							"vector": [-6.3562, 13.10759, 19.19589]
						},
						"0.2": {
							"vector": [-6.3562, 13.10759, 19.19589]
						},
						"0.3": {
							"vector": [-19.02056, 7.27835, 30.50137]
						},
						"0.3667": {
							"vector": [-19.02056, 7.27835, 30.50137]
						},
						"0.4667": {
							"vector": [4.87949, 13.55841, 36.70295]
						},
						"0.5667": {
							"vector": [-10.43616, 8.26223, 29.68688]
						},
						"0.6667": {
							"vector": [-29.67322, 14.21037, -6.18363]
						},
						"0.7667": {
							"vector": [-37.17322, 14.21037, -6.18363]
						},
						"0.8333": {
							"vector": [-49.14283, 14.17537, -6.60817]
						},
						"0.9": {
							"vector": [-48.45888, 13.67326, -4.0654]
						},
						"1.0667": {
							"vector": [0, 0, 0]
						}
					},
					"position": {
						"0.0": {
							"vector": [12.6, -13.6, 21.5]
						},
						"0.1": {
							"vector": [6.12, -6.4, -1.65]
						},
						"0.1333": {
							"vector": [2.86, -6.5, -5.28]
						},
						"0.1667": {
							"vector": [-1.4, -6.6, -7.5]
						},
						"0.2": {
							"vector": [-1.4, -6.6, -7.5]
						},
						"0.3": {
							"vector": [-5.4, -6.1, -18.9]
						},
						"0.3667": {
							"vector": [-5.4, -6.1, -18.9]
						},
						"0.5667": {
							"vector": [4.73, 3, -8.06]
						},
						"0.6667": {
							"vector": [5.55, 6.9, -2.05]
						},
						"0.7667": {
							"vector": [5.55, 6.9, -2.05]
						},
						"0.8333": {
							"vector": [7.55, 4.9, -2.05]
						},
						"0.9": {
							"vector": [7.55, 4.9, -2.05]
						},
						"1.0667": {
							"vector": [0, 0, 0]
						}
					}
				}
			},
			"sound_effects": {
				"0.2333": {
					"effect": "dbshotgun_close"
				}
			}
		},
		"animation.model.fire": {
			"loop": true,
			"animation_length": 0.46667,
			"bones": {
				"main": {
					"rotation": {
						"0.0": {
							"vector": [0, 0, 0]
						},
						"0.0667": {
							"vector": [-4.7127, -2.68507, -12.2127]
						},
						"0.1333": {
							"vector": [-12.1967, 1.13609, -13.39573]
						},
						"0.2333": {
							"vector": [-8.372, 2.04726, 3.19498]
						},
						"0.3333": {
							"vector": [0, 0, 0]
						}
					},
					"position": {
						"0.0": {
							"vector": [0, 0, 0]
						},
						"0.0667": {
							"vector": [-2, 0, 9]
						},
						"0.3333": {
							"vector": [0, 0, 0]
						}
					}
				},
				"bone2": {
					"rotation": {
						"0.0": {
							"vector": [0, 0, 0]
						},
						"0.0667": {
							"vector": [-10, 0, 0]
						},
						"0.3333": {
							"vector": [0, 0, 0]
						}
					},
					"position": {
						"0.0": {
							"vector": [0, 0, 0]
						},
						"0.3333": {
							"vector": [0, 0, 0]
						}
					}
				},
				"bone": {
					"rotation": {
						"0.0": {
							"vector": [0, 0, 0]
						},
						"0.0333": {
							"vector": [22.5, 0, 0]
						}
					}
				},
				"bone3": {
					"rotation": {
						"0.0": {
							"vector": [0, 0, 0]
						},
						"0.0333": {
							"vector": [22.5, 0, 0]
						}
					}
				},
				"bone4": {
					"position": {
						"0.0": {
							"vector": [0, 0, 0]
						},
						"0.0333": {
							"vector": [0, -0.5, -0.5]
						}
					}
				},
				"bone5": {
					"position": {
						"0.0": {
							"vector": [0, 0, 0]
						},
						"0.0333": {
							"vector": [0, -0.5, -0.5]
						}
					}
				}
			}
		}
	},
	"geckolib_format_version": 2
}