{
	"format_version": "1.8.0",
	"animations": {
		"animation.model.draw": {
			"loop": true,
			"animation_length": 1.0333,
			"bones": {
				"main": {
					"rotation": {
						"0.0": {
							"vector": [39.71128, -17.67415, -14.15251]
						},
						"0.1667": {
							"vector": [37.17, -5.07, -21.86]
						},
						"0.2667": {
							"vector": [25.68, 6.91, -19.1]
						},
						"0.3667": {
							"vector": [14.13, 9.92, -15.38]
						},
						"0.4667": {
							"vector": [-0.58107, 5.56477, -4.98107]
						},
						"0.6333": {
							"vector": [-5.94, -2.34, -3.94]
						},
						"0.8": {
							"vector": [4.23, -0.17, -1.97]
						},
						"1.0": {
							"vector": [0.8, 0, 0]
						}
					},
					"position": {
						"0.0": {
							"vector": [0, -19, 0]
						},
						"0.3333": {
							"vector": [-0.73, -12.6, 0]
						},
						"0.6": {
							"vector": [-1.4, -1.9, 0]
						},
						"0.7333": {
							"vector": [-0.78, 0.96, 0]
						},
						"0.8667": {
							"vector": [0, 0, 0]
						}
					}
				}
			},
			"sound_effects": {
				"0.2333": {
					"effect": "launcher_draw"
				}
			}
		},
		"animation.model.fire": {
			"loop": true,
			"animation_length": 0.7,
			"bones": {
				"rocket": {
					"position": {
						"vector": [0, 0, 0]
					},
					"scale": {
						"0.0": {
							"vector": [1, 1, 1]
						},
						"0.0333": {
							"vector": [0, 0, 0]
						}
					}
				},
				"main": {
					"rotation": {
						"0.0": {
							"vector": [0, 0, 0]
						},
						"0.1": {
							"vector": [-2.33, 1.41, -1.03]
						},
						"0.3667": {
							"vector": [-0.39477, 0.82629, -1.96767]
						},
						"0.6667": {
							"vector": [0, 0, 0]
						}
					},
					"position": {
						"0.0": {
							"vector": [0, 0, 0]
						},
						"0.0333": {
							"vector": [0, 0, 4.4]
						},
						"0.1": {
							"vector": [0, 0, 3.84]
						},
						"0.4667": {
							"vector": [0, 0, 0]
						},
						"0.6667": {
							"vector": [0, 0, 0]
						}
					}
				}
			}
		},
		"animation.model.reload": {
			"loop": true,
			"animation_length": 7.7667,
			"bones": {
				"rocket": {
					"rotation": {
						"0.0": {
							"vector": [0, 0, 0]
						},
						"0.7333": {
							"vector": [0, 0, 0]
						},
						"1.2667": {
							"vector": [188.23785, -135.82818, -136.13061]
						},
						"2.0333": {
							"vector": [188.24, -135.83, -136.13]
						},
						"2.3": {
							"vector": [186.87996, -163.88154, -127.32566]
						},
						"2.5333": {
							"vector": [204.21094, -188.26926, -72.48515]
						},
						"2.9333": {
							"vector": [199.61254, -185.64114, -77.21213]
						},
						"3.0": {
							"vector": [199.61254, -185.64114, -77.21213]
						},
						"3.2333": {
							"vector": [194.79111, -185.64114, -77.21213]
						},
						"3.5": {
							"vector": [187.34111, -185.64114, -77.21213]
						},
						"3.7667": {
							"vector": [187.34111, -185.64114, -77.21213]
						},
						"3.9667": {
							"vector": [187.29111, -185.64114, -77.21213]
						},
						"4.2": {
							"vector": [178.78468, -182.90058, -39.70122]
						},
						"4.5667": {
							"vector": [178.78468, -182.90058, -39.70122]
						},
						"4.6333": {
							"vector": [178.78468, -182.90058, -39.70122]
						},
						"5.0667": {
							"vector": [180, -180, 0]
						},
						"6.4": {
							"vector": [180, -180, 0]
						},
						"6.6333": {
							"vector": [0, 0, 0]
						}
					},
					"position": {
						"0.0": {
							"vector": [0, 0, 0]
						},
						"0.7333": {
							"vector": [19.38896, -4.59504, 55.31685]
						},
						"1.2667": {
							"vector": [48.93784, -14.08341, 38.17387]
						},
						"2.0333": {
							"vector": [48.94, -14.08, 38.17]
						},
						"2.3": {
							"vector": [24.18991, -8.74873, -2.12899]
						},
						"2.5333": {
							"vector": [9.68771, -2.99559, -22.71807]
						},
						"2.9333": {
							"vector": [18.5215, 0.86144, -37.37071]
						},
						"3.0": {
							"vector": [18.5215, 0.86144, -37.37071]
						},
						"3.2333": {
							"vector": [13.02307, 1.87825, -35.10514]
						},
						"3.5": {
							"vector": [6.05331, 2.62435, -26.81697]
						},
						"3.7667": {
							"vector": [6.05331, 2.62435, -26.81697]
						},
						"3.9667": {
							"vector": [5.3818, 2.30042, -22.14466]
						},
						"4.1": {
							"vector": [2.62896, 1.07517, -19.14097]
						},
						"4.2": {
							"vector": [1.13109, 1.80008, -17.01335]
						},
						"4.5667": {
							"vector": [1.13109, 1.80008, -17.01335]
						},
						"4.6333": {
							"vector": [1.13109, 1.80008, -17.01335]
						},
						"5.0667": {
							"vector": [0, 0, 0]
						},
						"6.4": {
							"vector": [0, 0, 0]
						},
						"6.6333": {
							"vector": [0, 0, 0]
						}
					},
					"scale": {
						"0.0": {
							"vector": [0, 0, 0]
						},
						"1.0": {
							"vector": [0, 0, 0]
						},
						"1.0667": {
							"vector": [1, 1, 1]
						},
						"6.4": {
							"vector": [1, 1, 1]
						},
						"6.4333": {
							"vector": [0, 0, 0]
						},
						"6.6": {
							"vector": [0, 0, 0]
						},
						"6.6333": {
							"vector": [1, 1, 1]
						}
					}
				},
				"main": {
					"rotation": {
						"0.0": {
							"vector": [0, 0, 0]
						},
						"0.3667": {
							"vector": [-40.24, -1.5, 2.83]
						},
						"0.6333": {
							"vector": [-52.13499, -9.66976, 10.69283]
						},
						"0.8667": {
							"vector": [-34.63, -27.17, 18.99]
						},
						"1.0667": {
							"vector": [-32.17, -34.87, 10.69]
						},
						"1.2333": {
							"vector": [-36.98, -31.47, 3.69]
						},
						"1.4": {
							"vector": [-40.97, -25.57, -5.31]
						},
						"1.7333": {
							"vector": [-47.53, -25.57, -13.31]
						},
						"2.0": {
							"vector": [-47.53, -25.57, 0.24]
						},
						"2.2333": {
							"vector": [-47.53, -40.77, 11.19]
						},
						"2.6667": {
							"vector": [-50.08, -50.9, 32.35]
						},
						"2.8333": {
							"vector": [-50.93119, -47.19334, 37.19167]
						},
						"3.1": {
							"vector": [-60.03119, -46.39334, 40.49167]
						},
						"3.2": {
							"vector": [-57.53, -42.99, 43.09]
						},
						"3.4": {
							"vector": [-52.53, -39.49, 46.19]
						},
						"3.5333": {
							"vector": [-55.83, -44.69, 47.09]
						},
						"3.6667": {
							"vector": [-56.14, -38.71, 46.69]
						},
						"3.7667": {
							"vector": [-56.31, -39.59, 40.49]
						},
						"3.9667": {
							"vector": [-50.72, -34.49, 44.89]
						},
						"4.2": {
							"vector": [-57.03, -46.39, 44.89]
						},
						"4.4333": {
							"vector": [-58.33, -39.59, 40.49]
						},
						"4.6667": {
							"vector": [-48.46, -42.09, 40.49]
						},
						"4.8667": {
							"vector": [-47.01, -33.79, 46.69]
						},
						"5.0": {
							"vector": [-51.45, -28.8, 46.69]
						},
						"5.1": {
							"vector": [-53.77, -31.29, 46.69]
						},
						"5.2667": {
							"vector": [-53.86, -36.29, 40.49]
						},
						"5.4333": {
							"vector": [-53.95, -38.89, 40.49]
						},
						"5.6": {
							"vector": [-55.63, -39.59, 40.49]
						},
						"5.7333": {
							"vector": [-58.11, -39.59, 40.49]
						},
						"5.9333": {
							"vector": [-47.73, -39.59, 30.99]
						},
						"6.1333": {
							"vector": [-36.23, -29.57, 15.51]
						},
						"6.2667": {
							"vector": [-9.71, -24.37, 2.53]
						},
						"6.4": {
							"vector": [22.11128, -17.67415, -8.05251]
						},
						"6.5": {
							"vector": [33.65, -17.67, -14.15]
						},
						"6.6333": {
							"vector": [39.71128, -17.67415, -20.25251]
						},
						"6.8": {
							"vector": [37.17, -5.07, -21.86]
						},
						"6.9": {
							"vector": [25.68, 6.91, -19.1]
						},
						"7.0": {
							"vector": [14.13, 9.92, -15.38]
						},
						"7.1": {
							"vector": [-0.58107, 5.56477, -4.98107]
						},
						"7.2667": {
							"vector": [-5.94, -2.34, -3.94]
						},
						"7.4333": {
							"vector": [4.23, -0.17, -1.97]
						},
						"7.6333": {
							"vector": [0.8, 0, 0]
						}
					},
					"position": {
						"0.0": {
							"vector": [0, 0, 0]
						},
						"0.5333": {
							"vector": [-5, -3, 0]
						},
						"0.8333": {
							"vector": [-2.4, -5.3, 0]
						},
						"1.0333": {
							"vector": [-2.55, -3.7, 0]
						},
						"1.3": {
							"vector": [-2.75, -1.78, 0]
						},
						"1.4333": {
							"vector": [-3.41, -1.55, 0]
						},
						"1.7333": {
							"vector": [-5, -2, 0]
						},
						"1.9": {
							"vector": [-5.55, -3.4, 1.49]
						},
						"2.0667": {
							"vector": [-6.19, -7.88, 3.25]
						},
						"2.3667": {
							"vector": [-13.6, -12, 6]
						},
						"2.5667": {
							"vector": [-16.75, -12.27, 6]
						},
						"2.7667": {
							"vector": [-19.32, -12.6, 6]
						},
						"3.0333": {
							"vector": [-18, -12, 6]
						},
						"3.3": {
							"vector": [-18.9, -13.5, 6]
						},
						"3.4333": {
							"vector": [-19.5, -14, 6]
						},
						"3.5333": {
							"vector": [-19, -13.1, 6]
						},
						"3.8": {
							"vector": [-17.64, -12, 6]
						},
						"4.0333": {
							"vector": [-19.33, -13.3, 6]
						},
						"4.2": {
							"vector": [-18.31, -13.6, 6]
						},
						"4.4333": {
							"vector": [-17.49, -12.7, 6]
						},
						"4.6333": {
							"vector": [-19.53, -12, 6]
						},
						"4.9": {
							"vector": [-20.81, -12.9, 6]
						},
						"5.1667": {
							"vector": [-18.91, -12.9, 6]
						},
						"5.9333": {
							"vector": [-18, -12, 6]
						},
						"6.4": {
							"vector": [0, -19, 0]
						},
						"6.6333": {
							"vector": [0, -19, 0]
						},
						"6.9667": {
							"vector": [-0.73, -12.6, 0]
						},
						"7.2333": {
							"vector": [-1.4, -1.9, 0]
						},
						"7.3667": {
							"vector": [-0.78, 0.96, 0]
						},
						"7.5": {
							"vector": [0, 0, 0]
						}
					}
				},
				"leftarm": {
					"rotation": {
						"0.7333": {
							"vector": [0, 0, 0]
						},
						"1.1": {
							"vector": [50, 0, 0]
						},
						"2.0333": {
							"vector": [50, 0, 0]
						},
						"2.4333": {
							"vector": [25.99469, -5.89495, 1.55259]
						},
						"2.8667": {
							"vector": [11.98651, 10.36882, 13.39772]
						},
						"2.9333": {
							"vector": [10.18, 13.81, 14.6]
						},
						"3.0": {
							"vector": [10.18, 13.81, 14.6]
						},
						"3.2333": {
							"vector": [5.95055, 21.84588, 17.39643]
						},
						"3.5": {
							"vector": [-16.41872, 29.21403, 8.4569]
						},
						"3.7667": {
							"vector": [44.62339, 51.89432, 77.15623]
						},
						"3.9667": {
							"vector": [63.5976, 51.71147, 97.3428]
						},
						"4.1": {
							"vector": [58.94013, 59.05927, 91.42465]
						},
						"4.2": {
							"vector": [53.16707, 62.66129, 81.86412]
						},
						"4.3": {
							"vector": [53.16707, 62.66129, 81.86412]
						},
						"4.4333": {
							"vector": [40.76671, 38.52975, 75.97356]
						},
						"4.5667": {
							"vector": [40.77, 38.53, 75.97]
						},
						"4.6333": {
							"vector": [40.77, 38.53, 75.97]
						},
						"5.1333": {
							"vector": [-78.39723, 71.59973, -50.99298]
						},
						"5.2667": {
							"vector": [-78.39723, 71.59973, -50.99298]
						},
						"5.5": {
							"vector": [-12.78387, 41.98776, 22.49044]
						},
						"5.7": {
							"vector": [0, 0, 0]
						}
					},
					"position": {
						"0.7333": {
							"vector": [0, 0, 0]
						},
						"1.2667": {
							"vector": [22.66729, 14.44617, 14.00705]
						},
						"2.0333": {
							"vector": [22.67, 14.45, 14.01]
						},
						"2.5333": {
							"vector": [-7.28224, 9.00141, -37.62503]
						},
						"2.9333": {
							"vector": [7.52471, 8.9011, -54.17723]
						},
						"3.0": {
							"vector": [7.52471, 8.9011, -54.17723]
						},
						"3.2333": {
							"vector": [4.48112, 8.31453, -55.20807]
						},
						"3.5": {
							"vector": [3.01921, 6.39599, -51.44136]
						},
						"3.7667": {
							"vector": [3.01921, 6.39599, -51.44136]
						},
						"3.9667": {
							"vector": [1.91995, 6.26098, -47.17011]
						},
						"4.2": {
							"vector": [1.91995, 6.26098, -47.17011]
						},
						"4.3": {
							"vector": [1.91995, 6.26098, -47.17011]
						},
						"4.5667": {
							"vector": [2.31252, 7.50588, -54.42977]
						},
						"4.6333": {
							"vector": [2.31252, 7.50588, -54.42977]
						},
						"5.0667": {
							"vector": [2.31121, 7.46192, -52.1305]
						},
						"5.2": {
							"vector": [2.31121, 7.46192, -52.1305]
						},
						"5.4333": {
							"vector": [4.07913, 6.69749, -34.18144]
						},
						"5.6667": {
							"vector": [0, 0, 0]
						}
					}
				}
			},
			"sound_effects": {
				"0.1333": {
					"effect": "launcher_reloadstart"
				},
				"1.1333": {
					"effect": "foley_start"
				},
				"3.1333": {
					"effect": "s_rpgr"
				},
				"3.7333": {
					"effect": "s_rpgr"
				},
				"4.6333": {
					"effect": "s_rpgr"
				},
				"5.6667": {
					"effect": "launcher_reloadend"
				},
				"6.5333": {
					"effect": "foley_end"
				}
			}
		}
	},
	"geckolib_format_version": 2
}