{
	"format_version": "1.8.0",
	"animations": {
		"animation.model.draw": {
			"loop": true,
			"animation_length": 0.7,
			"bones": {
				"main": {
					"rotation": {
						"0.0": {
							"vector": [35, -57.5, 0]
						},
						"0.15": {
							"vector": [15.88581, -38.54469, 1.45084]
						},
						"0.25": {
							"vector": [5.68591, -21.79426, -6.91574]
						},
						"0.35": {
							"vector": [-9.20121, -1.98796, -10.20041]
						},
						"0.45": {
							"vector": [-7.95217, 1.94291, -4.92621]
						},
						"0.55": {
							"vector": [-3.264, 1.78446, -2.02121]
						},
						"0.65": {
							"vector": [0, 0, 0]
						}
					},
					"position": {
						"0.0": {
							"vector": [0, -15, 0]
						},
						"0.25": {
							"vector": [0, 0, 0]
						},
						"0.5": {
							"vector": [1, 0, 0]
						},
						"0.65": {
							"vector": [0, 0, 0]
						}
					}
				},
				"leftarm": {
					"rotation": {
						"vector": [0, 0, 0]
					},
					"position": {
						"vector": [0, 0, 0]
					}
				}
			}
		},
		"animation.model.fire": {
			"loop": true,
			"animation_length": 0.85,
			"bones": {
				"main": {
					"rotation": {
						"0.0": {
							"vector": [0, 0, 0]
						},
						"0.05": {
							"vector": [3.28542, 1.05432, 5.4478]
						},
						"0.15": {
							"vector": [0, 0, 0]
						},
						"0.2": {
							"vector": [-2.47178, 0.65182, 4.95744]
						},
						"0.25": {
							"vector": [-2.43432, 0.78025, 7.95492]
						},
						"0.3": {
							"vector": [-2.47178, 0.65182, 4.95744]
						},
						"0.4": {
							"vector": [-4.12276, 1.09669, 10.58317]
						},
						"0.5": {
							"vector": [-2.44103, 0.75898, 7.45533]
						},
						"0.65": {
							"vector": [0.85185, 0.34317, 3.37091]
						},
						"0.75": {
							"vector": [0, 0, 0]
						}
					},
					"position": {
						"0.0": {
							"vector": [0, 0, 0]
						},
						"0.05": {
							"vector": [0, 0.8, 2.375]
						},
						"0.1": {
							"vector": [0, 0, 0]
						},
						"0.2": {
							"vector": [0, 0, 0]
						},
						"0.3": {
							"vector": [0, 0, 0]
						},
						"0.4": {
							"vector": [0, 0, 2]
						},
						"0.5": {
							"vector": [0, 0, 0]
						},
						"0.75": {
							"vector": [0, 0, 0]
						}
					}
				},
				"leftarm": {
					"rotation": {
						"0.3": {
							"vector": [0, 0, 0]
						},
						"0.35": {
							"vector": [-10, 0, 0]
						},
						"0.6": {
							"vector": [-10, 0, 0]
						},
						"0.7": {
							"vector": [0, 0, 0]
						}
					},
					"position": {
						"0.3": {
							"vector": [0, 0, 0]
						},
						"0.35": {
							"vector": [0, -2, 5]
						},
						"0.6": {
							"vector": [0, -2, 5]
						},
						"0.7": {
							"vector": [0, 0, 0]
						}
					}
				},
				"action": {
					"position": {
						"0.3": {
							"vector": [0, 0, 0]
						},
						"0.35": {
							"vector": [0, 0, 6]
						},
						"0.6": {
							"vector": [0, 0, 6]
						},
						"0.7": {
							"vector": [0, 0, 0]
						}
					}
				},
				"pump": {
					"position": {
						"0.3": {
							"vector": [0, 0, 0]
						},
						"0.35": {
							"vector": [0, 0, 8]
						},
						"0.4": {
							"vector": [0, 0, 8]
						},
						"0.6": {
							"vector": [0, 0, 8]
						},
						"0.7": {
							"vector": [0, 0, 0]
						}
					}
				}
			},
			"sound_effects": {
				"0.35": {
					"effect": "pump1"
				},
				"0.65": {
					"effect": "pump2"
				}
			}
		},
		"animation.model.inspect": {
			"loop": true,
			"animation_length": 3.3,
			"bones": {
				"main": {
					"rotation": {
						"0.0": {
							"vector": [0, 0, 0]
						},
						"0.2": {
							"vector": [-18.04535, -18.21852, -13.53878]
						},
						"0.3": {
							"vector": [-13.55271, -15.91543, -14.55617]
						},
						"0.75": {
							"vector": [-17.37963, -14.68671, -9.53115]
						},
						"1.0": {
							"vector": [-17.72371, 17.82617, 56.52108]
						},
						"1.2": {
							"vector": [-20.00727, 20.61884, 48.80149]
						},
						"1.55": {
							"vector": [-18.27293, 24.62148, 53.02818]
						},
						"1.65": {
							"vector": [-23.27293, 24.62148, 53.02818]
						},
						"1.9": {
							"vector": [-19.3376, 23.81545, 50.43323]
						},
						"2.25": {
							"vector": [-23.27293, 24.62148, 53.02818]
						},
						"2.55": {
							"vector": [-15.96228, 23.18279, 45.92844]
						},
						"2.9": {
							"vector": [0, 0, 0]
						}
					},
					"position": {
						"0.0": {
							"vector": [0, 0, 0]
						},
						"0.2": {
							"vector": [-1.67, 2.61, 0]
						},
						"0.35": {
							"vector": [-1.7, 1.6, 0]
						},
						"0.75": {
							"vector": [-2.1, 2.2, 0]
						},
						"1.1": {
							"vector": [-0.1, 1.2, 0]
						},
						"1.55": {
							"vector": [-0.1, 1.2, 0]
						},
						"1.65": {
							"vector": [-0.1, -0.8, 1]
						},
						"2.25": {
							"vector": [-0.1, -0.8, 1]
						},
						"2.4": {
							"vector": [-0.1, 0.2, -1]
						},
						"2.9": {
							"vector": [0, 0, 0]
						}
					}
				},
				"leftarm": {
					"rotation": {
						"1.55": {
							"vector": [0, 0, 0]
						},
						"1.65": {
							"vector": [-15, 0, 0]
						},
						"2.25": {
							"vector": [-15, 0, 0]
						},
						"2.35": {
							"vector": [0, 0, 0]
						}
					},
					"position": {
						"1.55": {
							"vector": [0, 0, 0]
						},
						"1.65": {
							"vector": [3, -3, 2]
						},
						"2.25": {
							"vector": [3, -3, 2]
						},
						"2.35": {
							"vector": [0, 0, 0]
						}
					}
				},
				"action": {
					"rotation": {
						"1.55": {
							"vector": [0, 0, 0]
						},
						"2.35": {
							"vector": [0, 0, 0]
						}
					},
					"position": {
						"1.55": {
							"vector": [0, 0, 0]
						},
						"1.65": {
							"vector": [0, 0, 5]
						},
						"2.25": {
							"vector": [0, 0, 5]
						},
						"2.35": {
							"vector": [0, 0, 0]
						}
					}
				},
				"pump": {
					"rotation": {
						"1.55": {
							"vector": [0, 0, 0]
						},
						"2.35": {
							"vector": [0, 0, 0]
						}
					},
					"position": {
						"1.55": {
							"vector": [0, 0, 0]
						},
						"1.65": {
							"vector": [0, 0, 5]
						},
						"2.25": {
							"vector": [0, 0, 5]
						},
						"2.35": {
							"vector": [0, 0, 0]
						}
					}
				},
				"shell": {
					"position": {
						"vector": [0.3, 2.4, -6]
					}
				}
			},
			"sound_effects": {
				"0.0": {
					"effect": "inspect_up"
				},
				"0.4": {
					"effect": "inspect_foley"
				},
				"0.65": {
					"effect": "inspect_turn"
				},
				"1.45": {
					"effect": "pump1"
				},
				"2.25": {
					"effect": "pump2"
				},
				"3.25": {
					"effect": "inspect_down"
				}
			}
		},
		"animation.model.prepare": {
			"loop": true,
			"animation_length": 0.5,
			"bones": {
				"main": {
					"rotation": {
						"0.0": {
							"vector": [0, 0, 0]
						},
						"0.15": {
							"vector": [-5.4739, -3.46861, -24.15403]
						},
						"0.4": {
							"vector": [6.85852, -7.40966, -41.6817]
						}
					},
					"position": {
						"0.0": {
							"vector": [0, 0, 0]
						},
						"0.15": {
							"vector": [-0.9, 0.6, 0]
						},
						"0.3": {
							"vector": [0, 0, 0]
						},
						"0.4": {
							"vector": [1, 2, 0]
						}
					}
				},
				"leftarm": {
					"rotation": {
						"0.0": {
							"vector": [0, 0, 0]
						},
						"0.2": {
							"vector": [-2.5, 17.5, 22.5]
						},
						"0.3": {
							"vector": [8.11562, 8.8659, 22.34067]
						}
					},
					"position": {
						"0.0": {
							"vector": [0, 0, 0]
						},
						"0.25": {
							"vector": [-4, 0.6, 18]
						}
					}
				}
			},
			"sound_effects": {
				"0.0": {
					"effect": "foley_start"
				}
			}
		},
		"animation.model.preparealt": {
			"loop": true,
			"animation_length": 0.5,
			"bones": {
				"main": {
					"rotation": {
						"0.0": {
							"vector": [0, 0, 0]
						},
						"0.15": {
							"vector": [-5.4739, -3.46861, -24.15403]
						},
						"0.4": {
							"vector": [-0.5286, -7.83286, -24.03788]
						}
					},
					"position": {
						"0.0": {
							"vector": [0, 0, 0]
						},
						"0.15": {
							"vector": [-0.9, 0.6, 0]
						},
						"0.3": {
							"vector": [0, 0, 0]
						},
						"0.4": {
							"vector": [0, 0, 0]
						}
					}
				},
				"leftarm": {
					"rotation": {
						"0.0": {
							"vector": [0, 0, 0]
						},
						"0.2": {
							"vector": [-2.5, 17.5, 22.5]
						},
						"0.25": {
							"vector": [-2.5, 17.5, 22.5]
						}
					},
					"position": {
						"0.0": {
							"vector": [0, 0, 0]
						},
						"0.15": {
							"vector": [-1.64, -2.2, 1.68]
						},
						"0.25": {
							"vector": [-3, -1.6, -1]
						}
					}
				}
			},
			"sound_effects": {
				"0.0": {
					"effect": "foley_start"
				}
			}
		},
		"animation.model.chamberload": {
			"loop": true,
			"animation_length": 2.1,
			"bones": {
				"main": {
					"rotation": {
						"0.0": {
							"vector": [-0.5286, -7.83286, -24.03788]
						},
						"0.15": {
							"vector": [-2.15698, 1.0149, 3.80004]
						},
						"0.3": {
							"vector": [-9.11886, 9.0682, 29.13837]
						},
						"0.45": {
							"vector": [-12.12143, 10.65229, 40.60433]
						},
						"0.65": {
							"vector": [-9.85544, 11.5617, 39.68175]
						},
						"0.8": {
							"vector": [-7.71659, 11.20951, 43.31739]
						},
						"1.0": {
							"vector": [-3.30578, 11.0077, 39.38289]
						},
						"1.15": {
							"vector": [-0.70889, 11.21, 43.32]
						},
						"1.3": {
							"vector": [3.6706, 13.88322, 40.72004]
						},
						"1.45": {
							"vector": [1.1706, 13.88322, 40.72004]
						},
						"1.6": {
							"vector": [3.21261, 7.90131, 22.11591]
						},
						"1.75": {
							"vector": [0.02563, -1.07155, -5.79029]
						},
						"1.95": {
							"vector": [6.85852, -7.40966, -41.6817]
						}
					},
					"position": {
						"0.0": {
							"vector": [0, 0, 0]
						},
						"0.25": {
							"vector": [2, -0.4, 0.6]
						},
						"0.8": {
							"vector": [2, -0.4, 0.6]
						},
						"1.0": {
							"vector": [2, -0.4, -0.4]
						},
						"1.15": {
							"vector": [2, -1.4, -2.4]
						},
						"1.2": {
							"vector": [2, -1.4, -2.4]
						},
						"1.3": {
							"vector": [2, -0.4, -3.4]
						},
						"1.75": {
							"vector": [0.3, 1, -0.84]
						},
						"1.95": {
							"vector": [1, 2, 0]
						}
					}
				},
				"rightarm": {
					"rotation": {
						"0.0": {
							"vector": [0, 0, 0]
						},
						"0.3": {
							"vector": [0, 0, 0]
						},
						"0.5": {
							"vector": [43.63511, 14.20338, -37.65979]
						},
						"0.6": {
							"vector": [28.74167, 18.98828, -36.2047]
						},
						"0.75": {
							"vector": [23.78691, 4.63319, -40.56736]
						},
						"0.9": {
							"vector": [4.17564, -6.26595, -27.4662]
						},
						"0.95": {
							"vector": [2.88436, -5.68161, -23.35045]
						},
						"1.05": {
							"vector": [-0.76646, -3.23759, -10.59048]
						},
						"1.15": {
							"vector": [-1.79262, 3.32991, -4.27793]
						},
						"1.2": {
							"vector": [-1.79262, 3.32991, -4.27793]
						},
						"1.3": {
							"vector": [0.00115, 9.24213, -5.42871]
						},
						"1.4": {
							"vector": [1.20577, 6.68007, -18.68617]
						},
						"1.5": {
							"vector": [0, 0, 0]
						}
					},
					"position": {
						"0.0": {
							"vector": [0, 0, 0]
						},
						"0.3": {
							"vector": [0, 0, 0]
						},
						"0.45": {
							"vector": [-5, 0, 5]
						},
						"0.6": {
							"vector": [-9, 5, 5]
						},
						"0.75": {
							"vector": [-8.9, 2.5, -2.1]
						},
						"0.9": {
							"vector": [-5.7, 4.3, -13.7]
						},
						"0.95": {
							"vector": [-4.6, 4.3, -14.8]
						},
						"1.05": {
							"vector": [-3.7, 6.1, -14.8]
						},
						"1.15": {
							"vector": [-3.2, 6.1, -17.8]
						},
						"1.2": {
							"vector": [-3.2, 6.1, -17.8]
						},
						"1.3": {
							"vector": [-3.44, 2.93, -8.54]
						},
						"1.4": {
							"vector": [-3.33, 1.3, -3.8]
						},
						"1.5": {
							"vector": [0, 0, 0]
						}
					}
				},
				"leftarm": {
					"rotation": {
						"0.05": {
							"vector": [-2.5, 17.5, 22.5]
						},
						"0.15": {
							"vector": [-12.5, 17.5, 22.5]
						},
						"1.2": {
							"vector": [-12.5, 17.5, 22.5]
						},
						"1.3": {
							"vector": [-2.5, 17.5, 22.5]
						},
						"1.45": {
							"vector": [-2.5, 17.5, 22.5]
						},
						"1.7": {
							"vector": [8.11562, 8.8659, 22.34067]
						}
					},
					"position": {
						"0.05": {
							"vector": [-3, -1.6, -1]
						},
						"0.15": {
							"vector": [-1.7, -5.1, 5]
						},
						"1.2": {
							"vector": [-1.7, -5.1, 5]
						},
						"1.3": {
							"vector": [-3, -1.6, -1]
						},
						"1.45": {
							"vector": [-3, -1.6, -1]
						},
						"1.7": {
							"vector": [-4, 0.6, 18]
						}
					}
				},
				"action": {
					"position": {
						"0.05": {
							"vector": [0, 0, 0]
						},
						"0.15": {
							"vector": [0, 0, 7]
						},
						"1.2": {
							"vector": [0, 0, 7]
						},
						"1.3": {
							"vector": [0, 0, 0]
						}
					}
				},
				"pump": {
					"position": {
						"0.05": {
							"vector": [0, 0, 0]
						},
						"0.15": {
							"vector": [0, 0, 7]
						},
						"1.2": {
							"vector": [0, 0, 7]
						},
						"1.3": {
							"vector": [0, 0, 0]
						}
					}
				},
				"shell": {
					"rotation": {
						"0.5": {
							"vector": [0, 0, 0]
						},
						"0.55": {
							"vector": [-14, -19, 0]
						},
						"0.65": {
							"vector": [-14, -19, 0]
						},
						"0.75": {
							"vector": [-33, -34, -18]
						},
						"0.9": {
							"vector": [13, -10, -36]
						},
						"1.05": {
							"vector": [15.77747, -4.33873, -57.95924]
						},
						"1.15": {
							"vector": [-2.22, 0.66, -1.96]
						}
					},
					"position": {
						"0.0": {
							"vector": [-13, -10, 24]
						},
						"0.5": {
							"vector": [-13, -10, 24]
						},
						"0.55": {
							"vector": [-10.87, -9.49, 19.73]
						},
						"0.75": {
							"vector": [-5.87, -6.16, 9.73]
						},
						"0.9": {
							"vector": [-2.2, 2.2, 0]
						},
						"1.05": {
							"vector": [-0.2, 2.6, -2.2]
						},
						"1.15": {
							"vector": [0.2, 2.35, -7.2]
						}
					}
				}
			},
			"sound_effects": {
				"0.05": {
					"effect": "pump1"
				},
				"1.0": {
					"effect": "shell_chamber"
				},
				"1.25": {
					"effect": "pump2"
				},
				"1.35": {
					"effect": "foley_start"
				}
			}
		},
		"animation.model.iterativeload": {
			"loop": true,
			"animation_length": 1,
			"bones": {
				"main": {
					"rotation": {
						"0.0": {
							"vector": [6.85852, -7.40966, -41.6817]
						},
						"0.15": {
							"vector": [8.7698, -6.27199, -49.09221]
						},
						"0.4": {
							"vector": [0.17539, -6.41431, -47.4546]
						},
						"0.55": {
							"vector": [-2.27328, -10.1332, -52.3426]
						},
						"0.65": {
							"vector": [-7.18995, -10.1332, -52.3426]
						},
						"0.85": {
							"vector": [0.36545, -9.12574, -52.07565]
						},
						"0.95": {
							"vector": [6.85852, -7.40966, -41.6817]
						}
					},
					"position": {
						"0.0": {
							"vector": [1, 2, 0]
						},
						"0.3": {
							"vector": [1, 3, 0]
						},
						"0.55": {
							"vector": [1.5, 3.3, 0]
						},
						"0.65": {
							"vector": [1.5, 3.3, 0]
						},
						"0.7": {
							"vector": [1.5, 3.3, -1]
						},
						"0.95": {
							"vector": [1, 2, 0]
						}
					}
				},
				"leftarm": {
					"rotation": {
						"0.0": {
							"vector": [8.11562, 8.8659, 22.34067]
						},
						"0.2": {
							"vector": [46.9295, 28.96668, 26.25018]
						},
						"0.35": {
							"vector": [45.33, 17.5, 22.5]
						},
						"0.4": {
							"vector": [44.82, 15.83, 23.65]
						},
						"0.6": {
							"vector": [-3.47117, 11.2562, 26.82651]
						},
						"0.8": {
							"vector": [8.11562, 8.8659, 22.34067]
						}
					},
					"position": {
						"0.0": {
							"vector": [-4, 0.6, 18]
						},
						"0.15": {
							"vector": [-1, -13, 12]
						},
						"0.35": {
							"vector": [-1, -11, 12]
						},
						"0.6": {
							"vector": [-4, -6, 17]
						},
						"0.65": {
							"vector": [-4, -5, 17.3]
						},
						"0.8": {
							"vector": [-4, 0.6, 18]
						}
					}
				},
				"chamber": {
					"rotation": {
						"0.6": {
							"vector": [0, 0, 0]
						},
						"0.7": {
							"vector": [-17.5, 0, 0]
						},
						"0.9": {
							"vector": [-17.5, 0, 0]
						},
						"1.0": {
							"vector": [0, 0, 0]
						}
					}
				},
				"shell": {
					"rotation": {
						"0.35": {
							"vector": [0, 0, 0]
						},
						"0.5": {
							"vector": [-8, 0, 0]
						},
						"0.6": {
							"vector": [-20, 0, 0]
						},
						"0.8": {
							"vector": [0, 0, 0]
						}
					},
					"position": {
						"0.0": {
							"vector": [0, -30, -9]
						},
						"0.35": {
							"vector": [0, -30, -9]
						},
						"0.5": {
							"vector": [0, -15.02, -2.7]
						},
						"0.6": {
							"vector": [0, -3, 1]
						},
						"0.8": {
							"vector": [0.1, 0, -3]
						},
						"0.95": {
							"vector": [-0.2, 0, -6.4]
						}
					},
					"scale": {
						"0.8": {
							"vector": [1, 1, 1]
						},
						"0.95": {
							"vector": [1, 1, 0.1]
						}
					}
				}
			},
			"sound_effects": {
				"0.6": {
					"effect": "shell"
				}
			}
		},
		"animation.model.finish": {
			"loop": true,
			"animation_length": 0.55,
			"bones": {
				"main": {
					"rotation": {
						"0.0": {
							"vector": [6.85852, -7.40966, -41.6817]
						},
						"0.25": {
							"vector": [0, -2.5, 9]
						},
						"0.45": {
							"vector": [0, 0, 0]
						}
					},
					"position": {
						"0.0": {
							"vector": [1, 2, 0]
						},
						"0.25": {
							"vector": [0, 0, 2.2]
						},
						"0.4": {
							"vector": [0, 0, 0]
						}
					}
				},
				"leftarm": {
					"rotation": {
						"0.0": {
							"vector": [8.11562, 8.8659, 22.34067]
						},
						"0.25": {
							"vector": [0, 0, 0]
						},
						"0.35": {
							"vector": [0, 0, 0]
						}
					},
					"position": {
						"0.0": {
							"vector": [-4, 0.6, 18]
						},
						"0.25": {
							"vector": [0, 0, 0]
						},
						"0.35": {
							"vector": [0, 0, 0]
						}
					}
				}
			},
			"sound_effects": {
				"0.0": {
					"effect": "foley_end"
				}
			}
		}
	},
	"geckolib_format_version": 2
}