{
  "type": "pointblank:default",
  "ingredients": [
    {
      "count": 40,
      "item": "pointblank:gunmetal_ingot"
    },
    {
      "count": 7,
      "item": "pointblank:guninternals"
    },
    {
      "count": 10,
      "tag": "forge:ingots/iron"
    },
    {
      "count": 2,
      "item": "minecraft:diamond"
    },
    {
      "count": 2,
      "item": "minecraft:gold_ingot"
    },
    {
      "count": 8,
      "item": "minecraft:planks"
    }
  ],
  "result": {
    "item": "pointblank:4bore"
  }
}