{
  "type": "pointblank:default",
  "ingredients": [
    {
      "count": 40,
      "item": "pointblank:gunmetal_ingot"
    },
    {
      "count": 20,
      "item": "pointblank:guninternals"
    },
    {
      "count": 16,
      "tag": "forge:ingots/iron"
    },
    {
      "count": 3,
      "item": "minecraft:diamond"
    },
    {
      "count": 1,
      "item": "minecraft:netherite_ingot"
    },
    {
      "count": 8,
      "item": "minecraft:gold_ingot"
    }
  ],
  "result": {
    "item": "pointblank:fatmac"
  }
}