{
	"format_version": "1.8.0",
	"animations": {
		"animation.model.reload": {
			"loop": true,
			"animation_length": 4.7667,
			"bones": {
				"main": {
					"rotation": {
						"0.0": {
							"vector": [0, 0, 0]
						},
						"0.5667": {
							"vector": [0, 0, -6.97]
						},
						"0.6333": {
							"vector": [0, 0, -5]
						},
						"0.6667": {
							"vector": [0, 0, -6.25]
						},
						"0.7333": {
							"vector": [0, 0, -2.5]
						},
						"0.8": {
							"vector": [0, 0, -1.5]
						},
						"0.9": {
							"vector": [0, 0, -5.46]
						},
						"1.0": {
							"vector": [0, 0, -5.73]
						},
						"1.2333": {
							"vector": [0, 0, -10]
						},
						"1.3": {
							"vector": [0, 0, -7.5]
						},
						"1.4667": {
							"vector": [0, 0, -5.5]
						},
						"1.5667": {
							"vector": [0, 0, -8.75]
						},
						"1.6667": {
							"vector": [0, 0, -7.46]
						},
						"1.7333": {
							"vector": [0, 0, -8.48]
						},
						"2.0": {
							"vector": [0, 0, -7.5]
						},
						"2.1": {
							"vector": [0, 0, -1]
						},
						"2.2": {
							"vector": [0, 0, -7.5]
						},
						"2.3": {
							"vector": [-0.02455, -0.0203, -9.28167]
						},
						"2.5333": {
							"vector": [-0.08415, -0.06478, -6.77225]
						},
						"2.7": {
							"vector": [0.27616, 0.23223, -9.97327]
						},
						"2.7667": {
							"vector": [0, 0, -7.5]
						},
						"2.8333": {
							"vector": [0, 0, -3.25]
						},
						"2.9667": {
							"vector": [0, 0, -8.03]
						},
						"3.4": {
							"vector": [0, 0, -3.59]
						},
						"3.5333": {
							"vector": [0, 0, -5.34]
						},
						"3.6333": {
							"vector": [0, 0, -3.65]
						},
						"3.9333": {
							"vector": [0, 0, -2.59]
						},
						"4.0333": {
							"vector": [0, 0, -4.78]
						},
						"4.3": {
							"vector": [0, 0, -3.28]
						},
						"4.6667": {
							"vector": [0, 0, 0.58]
						},
						"4.7667": {
							"vector": [0, 0, 0]
						}
					},
					"position": {
						"0.0": {
							"vector": [0, 0, 0]
						},
						"4.7667": {
							"vector": [0, 0, 0]
						}
					}
				},
				"gun": {
					"rotation": {
						"0.0": {
							"vector": [0, 0, 0]
						},
						"0.1667": {
							"vector": [0, 0, 15]
						},
						"0.2667": {
							"vector": [0, 0, -2.5]
						},
						"0.4": {
							"vector": [0, 0, 10.2]
						},
						"3.7": {
							"vector": [0, 0, 15]
						},
						"3.8333": {
							"vector": [0, 0, 0]
						},
						"3.9667": {
							"vector": [0, 0, -2.5]
						},
						"4.0667": {
							"vector": [0, 0, 0]
						},
						"4.7667": {
							"vector": [0, 0, 0]
						}
					},
					"position": {
						"0.0": {
							"vector": [0, 0, 0]
						},
						"0.1333": {
							"vector": [4, 0, 0]
						},
						"0.2667": {
							"vector": [2.85, 0, 0]
						},
						"0.3": {
							"vector": [3.5, -0.75, 0]
						},
						"0.3667": {
							"vector": [3.76, 0, 0]
						},
						"3.7": {
							"vector": [4, 0, 0]
						},
						"3.8": {
							"vector": [0, 0, 0]
						},
						"3.9333": {
							"vector": [1, 0, 0]
						},
						"4.1333": {
							"vector": [0, 0, 0]
						},
						"4.7667": {
							"vector": [0, 0, 0]
						}
					}
				},
				"Fallingblock": {
					"position": {
						"0.0": {
							"vector": [0, 0, 0]
						},
						"0.5": {
							"vector": [0, 0, 0]
						},
						"0.6667": {
							"vector": [0, -3, 0]
						},
						"4.1667": {
							"vector": [0, -3, 0]
						},
						"4.3333": {
							"vector": [0, 0, 0]
						}
					}
				},
				"Hinge": {
					"rotation": {
						"0.0": {
							"vector": [0, 0, 0]
						},
						"0.5": {
							"vector": [0, 0, 0]
						},
						"0.6667": {
							"vector": [-42.5, 0, 0]
						},
						"4.1667": {
							"vector": [-42.5, 0, 0]
						},
						"4.3333": {
							"vector": [0, 0, 0]
						}
					},
					"position": {
						"0.0": {
							"vector": [0, 0, 0]
						},
						"0.5": {
							"vector": [0, 0, 0]
						}
					}
				},
				"rightarm": {
					"rotation": {
						"0.0": {
							"vector": [0, 0, 0]
						},
						"0.2667": {
							"vector": [0, 0, 0]
						},
						"0.4667": {
							"vector": [-7.5, 0, 0]
						},
						"0.6": {
							"vector": [-32.5, 0, 0]
						},
						"0.8333": {
							"vector": [34.51399, 0.87338, -1.52174]
						},
						"0.8667": {
							"vector": [34.12467, 5.71561, 6.33046]
						},
						"0.9333": {
							"vector": [36.1135, 5.46281, -0.81421]
						},
						"1.0333": {
							"vector": [37.5, 0, 0]
						},
						"1.2": {
							"vector": [0, 2.5, 0]
						},
						"1.3667": {
							"vector": [6.94569, -7.27946, 2.16331]
						},
						"1.6": {
							"vector": [6.94569, -7.27946, 2.16331]
						},
						"1.8333": {
							"vector": [-58.34531, -16.67935, 22.83068]
						},
						"2.1": {
							"vector": [-58.34531, -16.67935, 22.83068]
						},
						"2.1667": {
							"vector": [-58.34531, -16.67935, -19.66932]
						},
						"2.4667": {
							"vector": [-58.34531, -16.67935, 25.33068]
						},
						"2.7": {
							"vector": [82.09379, -11.04144, -8.48437]
						},
						"3.0333": {
							"vector": [16.76649, 5.49722, 17.81197]
						},
						"3.1": {
							"vector": [6.76885, 4.31376, 19.71577]
						},
						"3.2333": {
							"vector": [10.35995, 9.00694, 21.29237]
						},
						"3.3": {
							"vector": [15.5731, 8.65096, 34.45781]
						},
						"3.4667": {
							"vector": [16.90112, 12.83071, 26.03243]
						},
						"3.6667": {
							"vector": [-5.25815, -7.18445, 24.25446]
						},
						"4.1667": {
							"vector": [22.24185, -7.18445, 24.25446]
						},
						"4.3333": {
							"vector": [21.6025, -8.1848, 26.68513]
						},
						"4.5667": {
							"vector": [22.75234, -7.67325, 25.01731]
						},
						"4.7": {
							"vector": [0, 0, 0]
						}
					},
					"position": {
						"0.0": {
							"vector": [0, 0, 0]
						},
						"0.2667": {
							"vector": [0, 0, 0]
						},
						"0.5": {
							"vector": [0, -6, -10]
						},
						"0.6667": {
							"vector": [0, -18, -17]
						},
						"0.8333": {
							"vector": [0, -5, -12]
						},
						"1.0667": {
							"vector": [0, -4, -12]
						},
						"1.2333": {
							"vector": [-2, 6, -12]
						},
						"1.4": {
							"vector": [1, 13, -18]
						},
						"1.6": {
							"vector": [1, 13, -8]
						},
						"1.8333": {
							"vector": [-7, 0, -13]
						},
						"2.0667": {
							"vector": [-7, 0, -13]
						},
						"2.4": {
							"vector": [-5, 0, -17]
						},
						"2.9667": {
							"vector": [-5, 7, -9]
						},
						"3.1": {
							"vector": [-4, 9, -2]
						},
						"3.2": {
							"vector": [-1, 14, 2]
						},
						"3.3": {
							"vector": [7.25, 18, -2.5]
						},
						"3.4667": {
							"vector": [8, 18, -16]
						},
						"3.7333": {
							"vector": [-6, 15, -16]
						},
						"4.2": {
							"vector": [-6, 1.5, -12]
						},
						"4.3": {
							"vector": [-4, 6, -4]
						},
						"4.5": {
							"vector": [-3.58, 5.37, -4.58]
						},
						"4.7667": {
							"vector": [0, 0, 0]
						}
					}
				},
				"leftarm": {
					"rotation": {
						"0.0": {
							"vector": [0, 0, 0]
						},
						"3.8": {
							"vector": [-3.48101, -1.52013, -8.05358]
						},
						"3.9333": {
							"vector": [0.10262, -0.26797, -0.31861]
						},
						"4.0667": {
							"vector": [0.41379, -0.24283, 0.6853]
						},
						"4.7667": {
							"vector": [0, 0, 0]
						}
					},
					"position": {
						"0.0": {
							"vector": [0, 0, 0]
						},
						"0.1667": {
							"vector": [1.67, 0, 2.17]
						},
						"0.2333": {
							"vector": [2, 0, 5]
						},
						"0.3": {
							"vector": [1.73, 0, 5]
						},
						"0.3667": {
							"vector": [1.97, 0, 5]
						},
						"3.7": {
							"vector": [4.9, -0.29, 4.81]
						},
						"3.8": {
							"vector": [-0.16, -0.3, 4.8]
						},
						"3.9667": {
							"vector": [1, 0, 5]
						},
						"4.1333": {
							"vector": [0.7, 0, 5]
						},
						"4.7667": {
							"vector": [0, 0, 0]
						}
					}
				},
				"bullet": {
					"rotation": {
						"0.0": {
							"vector": [0, 0, 0]
						},
						"1.4": {
							"vector": [0, 0, 0]
						},
						"1.6": {
							"vector": [0, 0, 0]
						},
						"1.8333": {
							"vector": [-77.5, 0, 0]
						},
						"2.1": {
							"vector": [-77.5, 0, 0]
						},
						"2.1667": {
							"vector": [-78.42482, 4.75113, -52.01816]
						},
						"2.2": {
							"vector": [-101.28543, 11.61481, -168.01411]
						},
						"2.2333": {
							"vector": [0, 0, 0]
						},
						"4.7667": {
							"vector": [0, 0, 0]
						}
					},
					"position": {
						"0.0": {
							"vector": [0, 0, 0]
						},
						"1.4": {
							"vector": [0, 0, 0]
						},
						"1.6": {
							"vector": [0, 0, 11.5]
						},
						"1.8333": {
							"vector": [-4, 2.8, 21.5]
						},
						"2.1": {
							"vector": [-4, 2.8, 21.5]
						},
						"2.1667": {
							"vector": [-25, 3.8, 21.5]
						},
						"2.2": {
							"vector": [-56, -2.2, 17.5]
						},
						"2.2333": {
							"vector": [-49, -31, 20]
						},
						"2.3333": {
							"vector": [-45, -37, 20]
						},
						"2.3667": {
							"vector": [3, -38, 20]
						},
						"2.9667": {
							"vector": [-7, -21, 11]
						},
						"3.0333": {
							"vector": [-8, -16, 13]
						},
						"3.1": {
							"vector": [-8, -10, 15]
						},
						"3.2": {
							"vector": [-8, -5, 19]
						},
						"3.2333": {
							"vector": [-8, -5, 17]
						},
						"3.3": {
							"vector": [-1, 0, 15]
						},
						"3.4667": {
							"vector": [0, 0, 0]
						},
						"4.7667": {
							"vector": [0, 0, 0]
						}
					}
				},
				"_camera_": {
					"rotation": {
						"0.0": {
							"vector": [0, 0, 0]
						},
						"0.1333": {
							"vector": [1.2566, 0.73888, 0.51628]
						},
						"0.5": {
							"vector": [4.50662, -0.75648, 0.39843],
							"easing": "easeOutSine"
						},
						"1.1667": {
							"vector": [3.26887, 0.07099, -0.55578],
							"easing": "easeOutSine"
						},
						"1.6667": {
							"vector": [2.01973, -0.48523, 0.41407],
							"easing": "linear"
						},
						"1.9": {
							"vector": [0.59, -0.14, 0.12],
							"easing": "linear"
						},
						"2.0333": {
							"vector": [0.15, -0.04, -1.41]
						},
						"2.2333": {
							"vector": [0, 0, 0],
							"easing": "linear"
						},
						"2.4333": {
							"vector": [0, 0, 0]
						},
						"2.5667": {
							"vector": [1.2566, 0.73888, 0.51628]
						},
						"2.9333": {
							"vector": [4.50662, -0.75648, 0.39843],
							"easing": "easeOutSine"
						},
						"3.6": {
							"vector": [3.26887, 0.07099, -0.55578],
							"easing": "easeOutSine"
						},
						"4.1": {
							"vector": [2.01973, -0.48523, 0.41407],
							"easing": "linear"
						},
						"4.3333": {
							"vector": [0.59, -0.14, 0.12],
							"easing": "linear"
						},
						"4.4667": {
							"vector": [0.15, -0.04, -1.41]
						},
						"4.6667": {
							"vector": [0, 0, 0],
							"easing": "linear"
						},
						"4.7667": {
							"vector": [0, 0, 0]
						}
					}
				}
			}
		},
		"animation.model.fire": {
			"loop": true,
			"animation_length": 0.25,
			"bones": {
				"main": {
					"rotation": {
						"0.0": {
							"vector": [0, 0, 0]
						},
						"0.05": {
							"vector": [-7.5, 0, 0]
						},
						"0.0667": {
							"vector": [-11.25, 0, 0]
						},
						"0.15": {
							"vector": [0, 0, 0]
						}
					},
					"position": {
						"0.0": {
							"vector": [0, 0, 0]
						},
						"0.0333": {
							"vector": [0, 0, 14]
						},
						"0.2167": {
							"vector": [0, 0, 0]
						}
					}
				},
				"_camera_": {
					"rotation": {
						"0.0": {
							"vector": [0, 0, 0]
						},
						"0.0333": {
							"vector": [-10.75, 0, 2]
						},
						"0.1": {
							"vector": [11, 0, 4]
						},
						"0.1333": {
							"vector": [3.48185, 0.61302, -1.11678]
						},
						"0.2": {
							"vector": [3.39946, 1.19952, -5.87762]
						},
						"0.25": {
							"vector": [0, 0, 0]
						}
					}
				}
			}
		},
		"animation.model.reloadempty": {
			"loop": true,
			"animation_length": 3.8667,
			"bones": {
				"main": {
					"rotation": {
						"0.0": {
							"vector": [0, 0, 0]
						},
						"0.1333": {
							"vector": [0.64781, -1.92317, 2.11906]
						},
						"0.2333": {
							"vector": [0.41366, -1.1717, -1.74913]
						},
						"0.3333": {
							"vector": [0.14724, -0.88341, 1.90982]
						},
						"0.4333": {
							"vector": [0.03052, -0.73939, -2.1845]
						},
						"0.5333": {
							"vector": [-0.21768, -1.34131, 0.09715]
						},
						"0.6333": {
							"vector": [-0.31307, -1.96359, -4.12296]
						},
						"0.7667": {
							"vector": [-0.91507, -1.11805, 0.06459]
						},
						"0.9333": {
							"vector": [-1.30843, -1.95067, -12.75752]
						},
						"1.0": {
							"vector": [-1.20436, -1.76652, -15.76385]
						},
						"1.1": {
							"vector": [-2.19585, -0.66407, -4.28449]
						},
						"1.2333": {
							"vector": [-2.14317, -1.32459, -8.51311]
						},
						"1.3333": {
							"vector": [-2.14816, -0.78765, -7.53237]
						},
						"1.4667": {
							"vector": [-2.69761, -0.98041, -6.02393]
						},
						"1.6": {
							"vector": [-4.67386, -0.8213, -10.3749]
						},
						"1.7667": {
							"vector": [-6.23581, -3.98344, -23.74375]
						},
						"1.9": {
							"vector": [-7.00598, -2.73019, -19.607]
						},
						"2.0": {
							"vector": [-6.88866, -3.46835, -21.53465]
						},
						"2.1": {
							"vector": [-6.94778, -3.3479, -20.54017]
						},
						"2.2": {
							"vector": [-7.00095, -2.97831, -19.57646]
						},
						"2.3": {
							"vector": [-6.51297, -4.14014, -27.25791]
						},
						"2.4333": {
							"vector": [-5.88771, -2.38499, -16.11998]
						},
						"2.5667": {
							"vector": [-3.45755, 0.06607, -12.23912]
						},
						"2.6667": {
							"vector": [-2.93692, -0.99688, -13.43604]
						},
						"2.7667": {
							"vector": [-3.05833, -1.5198, -9.10185]
						},
						"2.8333": {
							"vector": [-2.23973, -1.6554, -11.64917]
						},
						"2.9333": {
							"vector": [-2.56026, -0.24864, -8.71902]
						},
						"3.0333": {
							"vector": [-2.53308, -0.32837, -10.21679]
						},
						"3.1667": {
							"vector": [-1.57883, 1.30264, -1.45277]
						},
						"3.3": {
							"vector": [0, 0, 0]
						}
					},
					"position": {
						"0.0": {
							"vector": [0, 0, 0]
						},
						"0.1": {
							"vector": [-0.31, -0.15, -2.635]
						},
						"0.2667": {
							"vector": [-0.135, -0.36, -2.105]
						},
						"0.3333": {
							"vector": [-0.26, -0.43, -1.99]
						},
						"0.4": {
							"vector": [-0.28, -0.5, -0.73]
						},
						"0.5667": {
							"vector": [-0.39, -1.085, -2.23]
						},
						"0.7": {
							"vector": [-0.57, -1.22, -2.73]
						},
						"0.8667": {
							"vector": [-0.805, -0.63, -3.35]
						},
						"0.9667": {
							"vector": [-0.305, -0.395, -1.925]
						},
						"1.0667": {
							"vector": [-0.45, -2.12, -2.67]
						},
						"1.2": {
							"vector": [-0.6, -1.92, -3.145]
						},
						"1.3333": {
							"vector": [-0.375, -1.345, -3.1]
						},
						"1.5": {
							"vector": [-0.72, -1.49, -3.65]
						},
						"1.6333": {
							"vector": [-1.455, -1.69, -3.325]
						},
						"1.8": {
							"vector": [-1.2, -1.565, -3.455]
						},
						"2.0": {
							"vector": [-1.325, -1.115, -4.125]
						},
						"2.1": {
							"vector": [-1.435, -1.1, -3.86]
						},
						"2.2": {
							"vector": [-1.195, -1.09, -3.595]
						},
						"2.3": {
							"vector": [-1.265, -0.065, -3.12]
						},
						"2.4": {
							"vector": [-0.985, -0.815, -3.47]
						},
						"2.5667": {
							"vector": [-0.13, -1.22, -3.47]
						},
						"2.7": {
							"vector": [0.02, -0.82, -3.47]
						},
						"2.8": {
							"vector": [-0.08, -0.82, -4.645]
						},
						"2.9333": {
							"vector": [0.12, -0.97, -3.895]
						},
						"3.1": {
							"vector": [0.02, -1.095, -1.905]
						},
						"3.2333": {
							"vector": [0, 0, 0]
						}
					}
				},
				"leftarm": {
					"rotation": {
						"0.0": {
							"vector": [0, 0, 0]
						},
						"0.1333": {
							"vector": [-2.40721, 1.30397, -2.93506]
						},
						"0.5": {
							"vector": [-2.40721, 1.30397, -2.93506]
						},
						"0.7333": {
							"vector": [-11.82939, 3.6767, -3.38085]
						},
						"0.8333": {
							"vector": [-11.82939, 3.6767, -3.38085]
						},
						"0.9": {
							"vector": [-11.62431, -0.26612, 0.0924]
						},
						"0.9667": {
							"vector": [-11.64488, 0.48573, -0.56726]
						},
						"1.0667": {
							"vector": [-11.64488, 0.48573, -0.56726]
						},
						"1.1333": {
							"vector": [-22.35614, -0.85285, 0.91928]
						},
						"1.2333": {
							"vector": [14.94865, 7.61686, -1.28828]
						},
						"1.6667": {
							"vector": [14.94865, 7.61686, -1.28828]
						},
						"1.8333": {
							"vector": [-20.79696, -9.70273, 11.75063]
						},
						"1.9": {
							"vector": [-20.88097, -10.18026, 12.33503]
						},
						"2.0": {
							"vector": [-26.63097, -10.18026, 12.33503]
						},
						"2.1": {
							"vector": [-25.43297, -9.8762, 11.00948]
						},
						"2.1667": {
							"vector": [-25.82586, -11.58671, 13.50527]
						},
						"2.2333": {
							"vector": [-26.55266, -12.42436, 14.7701]
						},
						"2.3": {
							"vector": [-23.83331, -11.53331, 13.54366]
						},
						"2.4333": {
							"vector": [-23.83331, -11.53331, 13.54366]
						},
						"2.6333": {
							"vector": [-2.40721, 1.30397, -2.93506]
						},
						"3.0": {
							"vector": [-2.40721, 1.30397, -2.93506]
						},
						"3.2": {
							"vector": [0, 0, 0]
						}
					},
					"position": {
						"0.0": {
							"vector": [0, 0, 0]
						},
						"0.1333": {
							"vector": [1.675, 0, 4.025]
						},
						"0.5": {
							"vector": [1.675, 0, 4.025]
						},
						"0.6333": {
							"vector": [4.5406, -2.73838, 7.76069]
						},
						"0.7333": {
							"vector": [4.25137, -6.07187, 18.26467]
						},
						"0.8333": {
							"vector": [4.25137, -6.07187, 18.26467]
						},
						"0.9": {
							"vector": [1.96317, -8.17068, 13.95366]
						},
						"0.9667": {
							"vector": [1.96317, -8.17068, 9.77866]
						},
						"1.0667": {
							"vector": [1.96, -12.795, 9.78]
						},
						"1.1333": {
							"vector": [3.26, -21.14, 2.355]
						},
						"1.2333": {
							"vector": [1.085, -24.015, 15.035]
						},
						"1.6667": {
							"vector": [1.085, -24.015, 15.035]
						},
						"1.8333": {
							"vector": [-0.995, -18.06, 8.64]
						},
						"1.9": {
							"vector": [-1.49, -17.585, 8.64]
						},
						"2.0": {
							"vector": [-1.29, -19.755, 7.765]
						},
						"2.1": {
							"vector": [-1.29, -18.55, 7.77]
						},
						"2.1667": {
							"vector": [-3.09, -19.175, 6.645]
						},
						"2.2333": {
							"vector": [-3.365, -17.17, 6.65]
						},
						"2.3": {
							"vector": [-2.96, -12.145, 7.8]
						},
						"2.4333": {
							"vector": [-2.96, -12.145, 7.8]
						},
						"2.6333": {
							"vector": [1.675, 0, 4.025]
						},
						"3.0": {
							"vector": [1.675, 0, 4.025]
						},
						"3.2": {
							"vector": [0, 0, 0]
						}
					}
				},
				"magazine": {
					"rotation": {
						"0.0": {
							"vector": [0, 0, 0]
						},
						"0.9667": {
							"vector": [0, 0, 0]
						},
						"1.0667": {
							"vector": [0, 0, 0]
						},
						"1.1333": {
							"vector": [-19.78747, 11.27212, -7.98045]
						},
						"1.2333": {
							"vector": [-6.17956, 7.79615, -9.34672]
						},
						"1.6667": {
							"vector": [-6.17956, 7.79615, -9.34672]
						},
						"1.8333": {
							"vector": [-9.5, -1, 3.5]
						},
						"1.9": {
							"vector": [-9.47425, 0.27348, 2.01994]
						},
						"2.0": {
							"vector": [-12.38524, -2.47881, -0.81779]
						},
						"2.1": {
							"vector": [-5.00512, -3.0657, -3.50759]
						},
						"2.1667": {
							"vector": [0, 0, 0]
						},
						"2.2333": {
							"vector": [0, 0, 0]
						},
						"2.3": {
							"vector": [0, 0, 0]
						}
					},
					"position": {
						"0.0": {
							"vector": [0, 0, 0]
						},
						"0.9667": {
							"vector": [0, 0, 0]
						},
						"1.0667": {
							"vector": [0, -5.9, 0]
						},
						"1.1333": {
							"vector": [1.23, -13.07, -4.375]
						},
						"1.2333": {
							"vector": [2.875, -22.625, 0]
						},
						"1.6667": {
							"vector": [2.875, -22.625, 0]
						},
						"1.8333": {
							"vector": [1.275, -6.075, -0.825]
						},
						"1.9": {
							"vector": [1.275, -5.825, -0.825]
						},
						"2.0": {
							"vector": [0.855, -6.855, -0.22]
						},
						"2.1": {
							"vector": [0.685, -5.775, -0.22]
						},
						"2.1667": {
							"vector": [0, -5.9, 0]
						},
						"2.2333": {
							"vector": [0, -4.05, 0]
						},
						"2.3": {
							"vector": [0, 0, 0]
						}
					}
				},
				"bolt1": {
					"rotation": {
						"0.0": {
							"vector": [0, 0, 0]
						},
						"0.3": {
							"vector": [0, 0, 0]
						}
					},
					"position": {
						"0.0": {
							"vector": [0, 0, 0]
						},
						"0.3": {
							"vector": [0, 0, 0]
						},
						"0.4": {
							"vector": [0, 0, 12.775]
						},
						"2.7667": {
							"vector": [0, 0, 12.775]
						},
						"2.8667": {
							"vector": [0, 0, 0]
						}
					}
				},
				"bolt2": {
					"rotation": {
						"0.0": {
							"vector": [0, 0, 0]
						},
						"0.1667": {
							"vector": [0, 0, 0]
						},
						"0.2333": {
							"vector": [0, 0, 75]
						},
						"0.3": {
							"vector": [0, 0, 75]
						},
						"2.8667": {
							"vector": [0, 0, 75]
						},
						"3.0": {
							"vector": [0, 0, 0]
						}
					},
					"position": {
						"0.0": {
							"vector": [0, 0, 0]
						},
						"0.1667": {
							"vector": [0, 0, 0]
						}
					}
				},
				"rightarm": {
					"rotation": {
						"0.0": {
							"vector": [0, 0, 0]
						},
						"0.1667": {
							"vector": [-13.14323, 11.52517, 39.95488]
						},
						"0.2": {
							"vector": [-19.95801, 21.95469, 38.62144]
						},
						"0.2333": {
							"vector": [-26.41545, 28.55457, 39.67801]
						},
						"0.3": {
							"vector": [-26.41545, 28.55457, 39.67801]
						},
						"0.4": {
							"vector": [-52.91168, 29.7452, 37.08921]
						},
						"0.4667": {
							"vector": [-52.91168, 29.7452, 37.08921]
						},
						"0.6333": {
							"vector": [0, 0, 0]
						},
						"2.5333": {
							"vector": [0, 0, 0]
						},
						"2.7": {
							"vector": [-52.91168, 29.7452, 37.08921]
						},
						"2.7667": {
							"vector": [-52.91168, 29.7452, 37.08921]
						},
						"2.8667": {
							"vector": [-26.41545, 28.55457, 39.67801]
						},
						"2.9": {
							"vector": [-23.32215, 25.73041, 38.71814]
						},
						"3.0": {
							"vector": [-13.14323, 11.52517, 39.95488]
						},
						"3.1333": {
							"vector": [0, 0, 0]
						}
					},
					"position": {
						"0.0": {
							"vector": [0, 0, 0]
						},
						"0.0667": {
							"vector": [-6.515, 0.43, -6.28]
						},
						"0.1667": {
							"vector": [-8.175, 0.775, -8.6]
						},
						"0.2": {
							"vector": [-8.37, 1.005, -10.53]
						},
						"0.2333": {
							"vector": [-8.57, 2.88, -12.45]
						},
						"0.3": {
							"vector": [-8.57, 2.88, -12.45]
						},
						"0.4": {
							"vector": [-12.57, -0.595, -8.5]
						},
						"0.4667": {
							"vector": [-12.57, -0.595, -8.5]
						},
						"0.5667": {
							"vector": [-5.03, -6.515, -4.2]
						},
						"0.6333": {
							"vector": [0, 0, 0]
						},
						"2.5333": {
							"vector": [0, 0, 0]
						},
						"2.6": {
							"vector": [-9.805, -0.3, -2.65]
						},
						"2.7": {
							"vector": [-12.57, -0.595, -8.5]
						},
						"2.7667": {
							"vector": [-12.57, -0.595, -8.5]
						},
						"2.8667": {
							"vector": [-8.57, 2.88, -12.45]
						},
						"2.9333": {
							"vector": [-9.445, 1.83, -10.53]
						},
						"3.0": {
							"vector": [-8.175, 0.775, -8.6]
						},
						"3.0667": {
							"vector": [-4.09, 0.39, -0.025]
						},
						"3.1333": {
							"vector": [0, 0, 0]
						}
					}
				},
				"bullet": {
					"position": {
						"0.0": {
							"vector": [0, -1, 0]
						},
						"1.4667": {
							"vector": [0, -1, 0]
						},
						"1.5": {
							"vector": [0, 0, 0]
						}
					}
				},
				"_camera_": {
					"rotation": {
						"0.0": {
							"vector": [0, 0, 0]
						},
						"0.1667": {
							"vector": [1.2566, 0.73888, 0.51628]
						},
						"0.5333": {
							"vector": [4.50662, -0.75648, 0.39843],
							"easing": "easeOutSine"
						},
						"1.2": {
							"vector": [3.26887, 0.07099, -0.55578],
							"easing": "easeOutSine"
						},
						"1.7": {
							"vector": [2.01973, -0.48523, 0.41407],
							"easing": "linear"
						},
						"2.1333": {
							"vector": [2.0064, 3.01152, 0.11981],
							"easing": "easeInSine"
						},
						"2.4": {
							"vector": [2.54835, 3.7606, -0.85042],
							"easing": "easeOutSine"
						},
						"2.7667": {
							"vector": [3.0954, 2.43917, 0.89968],
							"easing": "easeInSine"
						},
						"3.1333": {
							"vector": [0, 0, 0],
							"easing": "easeOutSine"
						}
					}
				}
			},
			"sound_effects": {
				"0.1": {
					"effect": "boltback"
				},
				"0.5333": {
					"effect": "rifle_magout"
				},
				"1.0667": {
					"effect": "foley_start"
				},
				"1.7": {
					"effect": "rifle_magin"
				},
				"2.5333": {
					"effect": "boltforward"
				},
				"2.9333": {
					"effect": "foley_end"
				}
			}
		},
		"animation.model.draw": {
			"loop": true,
			"animation_length": 1.2,
			"bones": {
				"main": {
					"rotation": {
						"0.0": {
							"vector": [32.09413, -54.38778, -8.29667]
						},
						"0.3": {
							"vector": [1.77698, -9.99529, 27.44148]
						},
						"0.55": {
							"vector": [0.58201, -1.04064, 9.6563]
						},
						"0.7": {
							"vector": [0.32388, 0.39763, -2.15014]
						},
						"0.8": {
							"vector": [0, 0, 0]
						}
					},
					"position": {
						"0.0": {
							"vector": [0, -17.3, 0]
						},
						"0.4": {
							"vector": [-0.4, -1.2, -2.75]
						},
						"0.5": {
							"vector": [0.4, -0.3, -2.6]
						},
						"0.65": {
							"vector": [0.16, -0.4, 0.275]
						},
						"0.75": {
							"vector": [0, 0, 0]
						}
					}
				},
				"leftarm": {
					"rotation": {
						"0.0": {
							"vector": [0.43845, 0.69514, -16.79292]
						},
						"0.35": {
							"vector": [4.55735, -3.32393, -13.81502]
						},
						"0.6": {
							"vector": [7.05735, -3.32393, -13.81502]
						},
						"0.7": {
							"vector": [0, 0, 0]
						}
					},
					"position": {
						"0.0": {
							"vector": [3.51333, 11.0663, -0.30914]
						},
						"0.35": {
							"vector": [1.60023, 4.25091, 8.30656]
						},
						"0.6": {
							"vector": [1.09035, 3.3599, 1.48286]
						},
						"0.7": {
							"vector": [0, 0, 0]
						}
					}
				},
				"_camera_": {
					"rotation": {
						"0.0": {
							"vector": [0, 0, 0]
						},
						"0.25": {
							"vector": [1.80315, -1.89688, -1.62846],
							"easing": "easeInOutSine"
						},
						"0.45": {
							"vector": [1.24924, -0.00333, 0.0435]
						},
						"0.55": {
							"vector": [0.44082, -0.01767, 1.01624]
						},
						"0.7": {
							"vector": [0, 0, 0],
							"easing": "easeOutSine"
						}
					}
				}
			},
			"sound_effects": {
				"0.0": {
					"effect": "draw"
				}
			}
		},
		"animation.model.inspect": {
			"loop": true,
			"animation_length": 6.1167,
			"bones": {
				"main": {
					"rotation": {
						"0.0": {
							"vector": [0, 0, 0]
						},
						"0.3833": {
							"vector": [7.06156, -26.41375, -22.36547],
							"easing": "easeInOutSine"
						},
						"0.5833": {
							"vector": [8.09726, -28.29619, -23.48159],
							"easing": "easeOutSine"
						},
						"0.8": {
							"vector": [7.0567, -29.23721, -21.90019]
						},
						"1.1": {
							"vector": [7.36281, -28.62607, -22.85413]
						},
						"1.25": {
							"vector": [7.19021, -28.39831, -22.64492],
							"easing": "easeInOutSine"
						},
						"1.55": {
							"vector": [14.16854, -27.26701, -34.19134],
							"easing": "easeInOutSine"
						},
						"1.9333": {
							"vector": [14.16854, -27.26701, -34.19134],
							"easing": "easeInOutSine"
						},
						"2.2333": {
							"vector": [12.88141, -29.18447, -29.74593],
							"easing": "easeInOutSine"
						},
						"2.4667": {
							"vector": [13.28802, -29.01467, -30.58199],
							"easing": "easeOutSine"
						},
						"2.9333": {
							"vector": [-16.33619, 2.89014, 50.94927],
							"easing": "easeInOutSine"
						},
						"3.2167": {
							"vector": [-15.98525, 5.04084, 56.58652],
							"easing": "linear"
						},
						"3.4333": {
							"vector": [-16.0474, 4.83432, 55.8644]
						},
						"3.7667": {
							"vector": [-15.80629, 5.58867, 58.51834]
						},
						"4.05": {
							"vector": [-15.73437, 5.79251, 59.24369]
						},
						"4.55": {
							"vector": [-15.73437, 5.79251, 59.24369]
						},
						"4.9167": {
							"vector": [1.77698, -9.99529, 27.44148],
							"easing": "easeInOutSine"
						},
						"5.1667": {
							"vector": [0.58201, -1.04064, 9.6563]
						},
						"5.3167": {
							"vector": [0.32388, 0.39763, -2.15014]
						},
						"5.4167": {
							"vector": [0, 0, 0]
						}
					},
					"position": {
						"0.0": {
							"vector": [0, 0, 0]
						},
						"0.1333": {
							"vector": [-1.65, -2.615, -2.94],
							"easing": "easeOutSine"
						},
						"0.3": {
							"vector": [-3.625, -2.375, -6.475],
							"easing": "easeInOutSine"
						},
						"0.5667": {
							"vector": [-3.62, -1.72, -6.52]
						},
						"0.85": {
							"vector": [-3.645, -2.175, -6.5]
						},
						"1.1833": {
							"vector": [-3.625, -2.075, -6.475],
							"easing": "easeInOutSine"
						},
						"1.4833": {
							"vector": [-0.62, -0.67, -6.47],
							"easing": "easeInOutSine"
						},
						"1.7167": {
							"vector": [-0.62, -0.37, -6.47]
						},
						"1.9167": {
							"vector": [-0.62, -0.27, -6.47],
							"easing": "easeInOutSine"
						},
						"2.1333": {
							"vector": [-0.745, -0.77, -6.57]
						},
						"2.4333": {
							"vector": [-0.745, -0.72, -6.47]
						},
						"2.6333": {
							"vector": [2.99, -4.27, -7.82],
							"easing": "easeInSine"
						},
						"2.8833": {
							"vector": [6.725, -4.78, -9.17],
							"easing": "easeOutSine"
						},
						"3.1667": {
							"vector": [6.875, -4.53, -9.17],
							"easing": "easeOutSine"
						},
						"3.4333": {
							"vector": [6.88, -4.58, -9.17]
						},
						"3.6833": {
							"vector": [7.03, -5.38, -9.17]
						},
						"3.9": {
							"vector": [6.98, -5.705, -9.17]
						},
						"4.25": {
							"vector": [6.98, -5.6, -9.17]
						},
						"4.6167": {
							"vector": [6.98, -5.6, -9.17]
						},
						"5.0667": {
							"vector": [0.4, -0.3, -2.6],
							"easing": "easeInOutSine"
						},
						"5.2667": {
							"vector": [0.16, -0.4, 0.275]
						},
						"5.3667": {
							"vector": [0, 0, 0]
						}
					}
				},
				"rightarm": {
					"rotation": {
						"0.0": {
							"vector": [0, 0, 0]
						},
						"1.6833": {
							"vector": [0, 0, 0]
						},
						"1.85": {
							"vector": [-3.03125, -1.73386, -5.12329]
						},
						"2.05": {
							"vector": [-2.36078, -1.33103, -3.99466],
							"easing": "easeOutSine"
						},
						"3.2": {
							"vector": [-3.21614, -0.38546, -0.26637]
						},
						"3.4833": {
							"vector": [-2.36078, -1.33103, -3.99466],
							"easing": "easeInSine"
						},
						"3.8833": {
							"vector": [-1.94913, 13.23048, -7.62813],
							"easing": "easeInOutSine"
						},
						"4.35": {
							"vector": [-1.90134, 13.8242, -5.19917]
						},
						"4.4833": {
							"vector": [-0.9918, 10.16956, -3.42763]
						},
						"4.6333": {
							"vector": [0, 0, 0]
						}
					},
					"position": {
						"0.0": {
							"vector": [0, 0, 0]
						},
						"1.6833": {
							"vector": [0, 0, 0]
						},
						"1.85": {
							"vector": [0, -1.5, 0]
						},
						"2.05": {
							"vector": [0, -0.775, 0],
							"easing": "easeOutSine"
						},
						"3.4167": {
							"vector": [0, -0.775, 0],
							"easing": "easeOutSine"
						},
						"3.6333": {
							"vector": [-1.17454, -0.61892, 3.24778],
							"easing": "easeInSine"
						},
						"3.9": {
							"vector": [-0.95721, 1.92156, 9.52826],
							"easing": "easeOutSine"
						},
						"4.3667": {
							"vector": [-0.95721, 1.92156, 9.52826],
							"easing": "easeOutSine"
						},
						"4.4833": {
							"vector": [-0.32805, 0.52343, 3.37901]
						},
						"4.6333": {
							"vector": [0, 0, 0]
						}
					}
				},
				"leftarm": {
					"rotation": {
						"0.0": {
							"vector": [0, 0, 0]
						},
						"0.3667": {
							"vector": [-12.15512, -5.26947, 6.03509]
						},
						"1.1667": {
							"vector": [-12.15512, -5.26947, 6.03509]
						},
						"1.55": {
							"vector": [-10.68821, -9.66155, 11.22139]
						},
						"2.45": {
							"vector": [-10.68821, -9.66155, 11.22139]
						},
						"2.8667": {
							"vector": [-19.81504, 6.36231, -32.26083]
						},
						"4.5333": {
							"vector": [-19.81504, 6.36231, -32.26083]
						},
						"5.1": {
							"vector": [0, 0, 0]
						}
					},
					"position": {
						"0.0": {
							"vector": [0, 0, 0]
						},
						"0.3667": {
							"vector": [0.89858, -7.5402, -3.28884]
						},
						"1.1667": {
							"vector": [0.89858, -7.5402, -3.28884]
						},
						"1.55": {
							"vector": [-2.06554, -8.79345, -2.03001]
						},
						"2.45": {
							"vector": [-2.06554, -8.79345, -2.03001]
						},
						"2.8667": {
							"vector": [15.70124, 9.9839, 7.1462]
						},
						"4.5333": {
							"vector": [15.70124, 9.9839, 7.1462]
						},
						"5.1": {
							"vector": [0, 0, 0]
						}
					},
					"scale": {
						"0.0": {
							"vector": [1, 1, 1]
						},
						"0.3667": {
							"vector": [1.2, 1.2, 1.2]
						},
						"1.1667": {
							"vector": [1.2, 1.2, 1.2]
						},
						"4.5333": {
							"vector": [1.2, 1.2, 1.2]
						},
						"5.1": {
							"vector": [1, 1, 1]
						}
					}
				},
				"_camera_": {
					"rotation": {
						"0.0": {
							"vector": [0, 0, 0]
						},
						"0.2833": {
							"vector": [4.93762, -1.96764, -0.43816],
							"easing": "easeInOutSine"
						},
						"0.6333": {
							"vector": [4.29572, -3.39232, 0.41239],
							"easing": "easeOutSine"
						},
						"0.9833": {
							"vector": [4.57514, -2.56469, -0.53242]
						},
						"1.4333": {
							"vector": [10.3391, 6.47089, -0.2536],
							"easing": "easeInSine"
						},
						"1.8667": {
							"vector": [12.23277, 16.03328, 0.3455],
							"easing": "easeOutSine"
						},
						"2.2667": {
							"vector": [12.52304, 15.27698, 1.50198],
							"easing": "easeOutSine"
						},
						"2.6": {
							"vector": [9.40988, 6.67571, 0.24321],
							"easing": "easeInSine"
						},
						"3.0167": {
							"vector": [6.60415, -0.62351, -1.53663],
							"easing": "easeOutSine"
						},
						"3.3833": {
							"vector": [6.09509, -1.16464, -1.09602],
							"easing": "easeInOutSine"
						},
						"4.1167": {
							"vector": [12.31651, 1.97959, -1.43205],
							"easing": "easeInOutSine"
						},
						"4.4333": {
							"vector": [12.83314, 1.86712, -0.93787],
							"easing": "linear"
						},
						"4.9667": {
							"vector": [2.09575, -0.93284, -2.95994],
							"easing": "easeInSine"
						},
						"5.2333": {
							"vector": [0.49507, -0.23873, 1.04077]
						},
						"5.4167": {
							"vector": [0, 0, 0],
							"easing": "easeOutSine"
						}
					}
				}
			},
			"sound_effects": {
				"0.0": {
					"effect": "inspect_up"
				},
				"1.3167": {
					"effect": "inspect_foley"
				},
				"2.15": {
					"effect": "inspect_turn"
				},
				"4.6833": {
					"effect": "inspect_down"
				}
			}
		}
	},
	"geckolib_format_version": 2
}