{
	"format_version": "1.8.0",
	"animations": {
		"animation.model.fire": {
			"animation_length": 0.12,
			"bones": {
				"bolt": {
					"position": {
						"0.0": [0, 0, 0],
						"0.04": [0, 0, 12],
						"0.12": [0, 0, 0]
					}
				},
				"action": {
					"position": {
						"0.0": [0, 0, 0],
						"0.04": [0, 0, 14],
						"0.12": [0, 0, 0]
					}
				},
				"action2": {
					"position": {
						"0.0": [0, 0, 0],
						"0.04": [0, 0, 7.8]
					}
				}
			}
		},
		"animation.model.draw": {
			"loop": true,
			"animation_length": 1.2,
			"bones": {
				"main": {
					"rotation": {
						"0.0": [-50.60123, -38.99394, 92.01937],
						"0.1667": [-3.27585, -3.91843, 52.5061],
						"0.4333": [1.57141, -1.85374, -1.9128],
						"0.5167": [0.27288, -0.37236, 1.59554],
						"0.6": [0, 0, 0]
					},
					"position": {
						"0.0": [0, -17.3, 0],
						"0.1167": [-0.03, -9.09, 0.045],
						"0.3167": [0.02894, -1.60775, -6.90297],
						"0.4": [0.05077, -1.45863, -3.79557],
						"0.5167": [-0.01391, -0.26895, -0.26276],
						"0.6": [0, 0, 0]
					}
				},
				"leftarm": {
					"rotation": {
						"0.0": [-22, 0, 0],
						"0.1167": [-7, 0, -22],
						"0.3667": [0, 0, 0]
					},
					"position": {
						"0.0": [3.325, -2.275, 0],
						"0.1167": [6.01401, 5.6254, 6.79783],
						"0.3667": [0, 0, 0]
					}
				},
				"_camera_": {
					"rotation": {
						"0.0": [0, 0, 0],
						"0.1667": [1.80315, -1.89688, -1.62846],
						"0.2833": [1.24924, -0.00333, 0.0435],
						"0.3833": [0.44082, -0.01767, 1.01624],
						"0.5167": [0, 0, 0]
					},
					"position": [0, 0, 0]
				}
			},
			"sound_effects": {
				"0.0": {
					"effect": "draw"
				}
			}
		},
		"animation.model.reloadempty": {
			"animation_length": 2.4333,
			"bones": {
				"main": {
					"rotation": {
						"0.0": [0, 0, 0],
						"0.1333": [-5.21485, -2.95862, -15.29475],
						"0.2": [-5.32661, -2.7519, -13.05148],
						"0.3": [-6.02889, 0.16976, 5.24751],
						"0.4": [-6.24711, -1.203, -0.38662],
						"0.5333": [-6.11401, -0.24184, -2.94553],
						"0.6667": [-5.5641, -3.67217, -16.73407],
						"0.8": [-7.88595, -7.55317, -28.24841],
						"0.9333": [-8.4828, -8.28104, -32.98754],
						"1.0667": [-9.07014, -7.63227, -28.74648],
						"1.1667": [-6.70888, -8.74921, -39.37529],
						"1.2667": [-6.67274, -8.47385, -33.47033],
						"1.4": [-5.86289, -2.40977, -11.40369],
						"1.5": [-4.2087, -2.63592, -10.37925],
						"1.5667": [-4.58987, -3.21883, -6.56827],
						"1.6333": [-4.11046, -4.49378, -15.26629],
						"1.7333": [-4.45759, -3.23557, -8.57663],
						"1.8333": [-2.20403, -1.87632, -8.36146],
						"1.8667": [-1.922, -1.8142, -10.53862],
						"1.9667": [-1.01582, -1.30017, -12.71142],
						"2.0667": [-4.58987, -3.21883, -6.56827],
						"2.1333": [-4.11046, -4.49378, -15.26629],
						"2.3": [0.65978, 0.18913, -3.84963],
						"2.4333": [0, 0, 0]
					},
					"position": {
						"0.0": [0, 0, 0],
						"0.0667": [-0.575, 0, 0],
						"0.1667": [-0.38, 0.875, 0.35],
						"0.3": [-0.705, -3.5, -0.675],
						"0.4333": [-1.4, -2.195, -1.475],
						"0.6": [-0.705, -1.725, -1.575],
						"0.7333": [-0.55, -1.27, -3.6],
						"0.8667": [-0.7, -0.55, -1.85],
						"0.9667": [-0.85, -0.45, -1.3],
						"1.0333": [-1.025, -0.3, -1.3],
						"1.1333": [-1.15, 0.125, -1.3],
						"1.2": [-1.575, 0.5, -0.775],
						"1.3": [-1.075, -0.55, -1.025],
						"1.4333": [-0.18, -0.51, -0.98],
						"1.5333": [-0.505, -0.985, -1.855],
						"1.5667": [-0.66, -0.96, -1.81],
						"1.6333": [-2.04, -0.92, -1.73],
						"1.7333": [-0.44, -0.85, -1.97],
						"1.8": [-0.405, -0.81, -2.13],
						"2.0333": [-0.505, -0.985, -1.855],
						"2.0667": [-0.66, -0.96, -1.81],
						"2.1333": [-2.04, -0.92, -1.73],
						"2.2333": [0.34, -0.865, -2.46],
						"2.3667": [0, 0, 0]
					}
				},
				"bolt": {
					"position": {
						"0.0": [0, 0, -0.4],
						"1.6333": [0, 0, -0.4],
						"1.7": [0, 0, 7.6],
						"1.8": [0, 0, 7.6],
						"1.8333": [0, 0, -0.4]
					}
				},
				"action": {
					"rotation": [0, 0, 0],
					"position": {
						"0.0": [0, 0, 0],
						"1.6333": [0, 0, 0],
						"1.7": [0, 0, 13],
						"1.8": [0, 0, 13],
						"1.8333": [0, 0, 0]
					}
				},
				"leftarm": {
					"rotation": {
						"0.0": [0, 0, 0],
						"0.0667": [-19.45644, -5.86858, 7.49224],
						"0.1333": [-19.1063, -9.63723, 4.18713],
						"0.2333": [-15.03103, -13.37925, 0.82083],
						"0.3333": [43.07804, 15.85303, 7.64839],
						"0.8333": [9.84584, 4.15599, 15.03241],
						"0.9": [9.77665, 5.80251, 14.43551],
						"0.9667": [6.77665, 5.80251, 14.43551],
						"1.0333": [6.85598, 4.18921, 15.11822],
						"1.1": [0.91192, 3.09309, 15.72168],
						"1.3333": [0.91192, 3.09309, 15.72168],
						"1.5667": [-50.57817, 0.69189, 29.90321],
						"1.6333": [-50.57817, 0.69189, 29.90321],
						"1.7": [-60.86554, 0.6507, 22.89744],
						"1.8": [-63.36554, 0.6507, 22.89744],
						"1.8333": [-78.36554, 0.6507, 22.89744],
						"1.8667": [-62.53221, 0.6507, 22.89744],
						"1.9333": [-60.86554, 0.6507, 22.89744],
						"2.1333": [-60.86554, 0.6507, 22.89744],
						"2.4": [0, 0, 0]
					},
					"position": {
						"0.0": [0, 0, 0],
						"0.0667": [0, -8.975, 1.45],
						"0.1333": [0, -9.975, 4.45],
						"0.2333": [-0.575, -9.975, 6.425],
						"0.3333": [-0.58, -9.97, 13.38],
						"0.7": [-6.055, -20.32, 16.98],
						"0.8333": [-3.435, -16.77, 14.98],
						"0.9": [-3.78, -16.42, 14.23],
						"0.9667": [-3.805, -17.595, 14.755],
						"1.0333": [-3.9, -16.575, 14.76],
						"1.1": [-3.9, -13.175, 14.76],
						"1.3333": [-3.9, -13.175, 14.76],
						"1.5667": [-0.65, -3, -0.4],
						"1.6333": [-0.65, -3, -0.4],
						"1.7": [1.65, -1.7, 8.6],
						"1.8333": [1.65, -1.7, 7.6],
						"1.9333": [1.65, -1.7, 8.6],
						"2.1333": [-2.35, -10.7, -3.4],
						"2.2667": [5.58, -7.25, -1.7],
						"2.4": [0, 0, 0]
					}
				},
				"magazine": {
					"rotation": {
						"0.0": [0, 0, 0],
						"0.2333": [0, 0, 0],
						"0.6667": [0, 0, 0],
						"0.8": [-8.5, -2, 1.25],
						"0.9": [-8.44764, 1.25068, -0.24794],
						"0.9667": [0.10142, 1.24766, 2.00259],
						"1.0333": [0, 0, -0.75],
						"1.1": [0, 0, 0]
					},
					"position": {
						"0.0": [0, 0, 0],
						"0.2333": [0, 0, 0],
						"0.3333": [0, -23, 0],
						"0.6667": [0, -23, 0],
						"0.8": [0.725, -7.55, -1.9],
						"0.9": [0.125, -7.605, -2.075],
						"0.9667": [-0.645, -7.1, 0],
						"1.0333": [0, -6.025, 0],
						"1.1": [0, 0, 0]
					}
				},
				"bullet": {
					"position": {
						"0.0": [0, -1, 0],
						"0.6667": [0, -1, 0],
						"0.7": [0, 0, 0]
					}
				},
				"magazine2": {
					"scale": 0
				},
				"_camera_": {
					"rotation": {
						"0.0": [0, 0, 0],
						"0.1667": [1.02619, 1.99983, 0.75046],
						"0.3": [2.22191, 2.5485, -0.47992],
						"0.4667": [2.22081, 1.79906, -0.50901],
						"0.8667": [5.23835, 0.66475, 0.91562],
						"1.1333": [4.72927, 0.72665, 0.16813],
						"1.4667": [5.22885, -0.02023, 0.09977],
						"1.8333": [2.91215, 1.27719, -0.63902],
						"2.2667": [0, 0, 0]
					},
					"position": [0, 0, 0]
				}
			},
			"sound_effects": {
				"0.1667": {
					"effect": "m4_magout"
				},
				"0.3667": {
					"effect": "foley_start"
				},
				"0.8333": {
					"effect": "m4_magin"
				},
				"1.5": {
					"effect": "foley_end"
				},
				"1.5667": {
					"effect": "m4_hit"
				}
			}
		},
		"animation.model.inspect": {
			"loop": true,
			"animation_length": 6.2667,
			"bones": {
				"main": {
					"rotation": {
						"0.0": [0, 0, 0],
						"0.35": [-26.32055, -28.95323, -38.41824],
						"0.45": [-25.66239, -31.53589, -44.68762],
						"0.5833": [-29.3192, -30.58227, -40.03448],
						"0.75": [-27.10413, -31.89841, -42.85878],
						"0.8833": [-27.78689, -31.32225, -41.55621],
						"1.0333": [-27.51613, -31.5543, -42.0753],
						"1.2333": [-23.71064, -34.36823, -49.06156],
						"1.4": [-21.1074, -35.89402, -53.58343],
						"1.5667": [-21.94193, -35.43536, -52.15215],
						"1.7833": [-20.76832, -36.0727, -54.16054],
						"2.55": [-23.3185, -35.45401, -49.81532],
						"2.75": [-51.25525, -13.69623, -15.09178],
						"2.8833": [-65.63972, 2.32296, -3.688],
						"3.0667": [-74.01117, 23.8148, -0.67983],
						"3.2167": [-79.3734, 25.56465, -3.9573],
						"3.4333": [-78.98912, 24.70845, -3.62085],
						"3.6667": [-78.89762, 23.48902, -2.80696],
						"3.9167": [-78.94097, 24.0015, -2.60182],
						"4.2667": [-78.95092, 23.9453, -3.0957],
						"4.6667": [-78.95092, 23.9453, -3.0957],
						"5.05": [-3.27585, -3.91843, 52.5061],
						"5.3167": [1.57141, -1.85374, -1.9128],
						"5.4": [0.27288, -0.37236, 1.59554],
						"5.4833": [0, 0, 0]
					},
					"position": {
						"0.0": [0, 0, 0],
						"0.3": [-4.15, 1.75, -15.475],
						"0.4": [-4.15, -0.15, -14.6],
						"0.5167": [-4.15, -0.925, -14.6],
						"0.7": [-4.2, -0.42, -14.6],
						"0.9": [-4.12, -0.57, -14.6],
						"1.0667": [-4.15, -0.47, -14.6],
						"1.3": [-4.15, -0.12, -14.825],
						"1.5333": [-4.2, -0.12, -15.04],
						"1.7": [-4.2, -0.02, -15.04],
						"2.3": [-4.2, -1.495, -15.04],
						"2.4333": [-4.03, -1.67, -15.04],
						"2.55": [-3.7, 0.08, -15.04],
						"2.65": [-0.18968, 5.0153, -18.15932],
						"2.75": [4.78001, 6.68487, -20.58417],
						"2.85": [12.24, 1.085, -21.53],
						"3.0333": [24.8, -17.445, -24.215],
						"3.1667": [26.05, -19.97, -23.16],
						"3.4167": [26.05, -18.915, -23.16],
						"3.9": [26.05, -18.145, -23.16],
						"4.2667": [26.05, -18.34, -23.16],
						"4.6667": [25.39, -20.09, -22.52],
						"4.8167": [14.76, -16.93, -12.15],
						"5.0": [2.27, -9.09, 0.045],
						"5.2": [0.02894, -1.60775, -6.90297],
						"5.2833": [0.05077, -1.45863, -3.79557],
						"5.4": [-0.01391, -0.26895, -0.26276],
						"5.4833": [0, 0, 0]
					}
				},
				"rightarm": {
					"rotation": {
						"0.0": [0, 0, 0],
						"2.65": [0, 0, 0],
						"4.9833": [0, 0, 0]
					},
					"position": {
						"0.0": [0, 0, 0],
						"2.65": [0, 0, 0],
						"2.7833": [-6.30177, -6.68954, 29.94651],
						"4.75": [-6.30177, -6.68954, 29.94651],
						"4.9833": [0, 0, 0]
					}
				},
				"leftarm": {
					"rotation": {
						"0.0": [0, 0, 0],
						"0.2833": [-45.13234, 71.33372, -81.76837],
						"2.6333": [-45.13234, 71.33372, -81.76837],
						"2.6833": [96.97325, 30.0031, 35.42478],
						"3.0333": [96.97325, 30.0031, 35.42478],
						"4.6667": [96.97325, 30.0031, 35.42478],
						"5.1667": [0, 0, 0]
					},
					"position": {
						"0.0": [0, 0, 0],
						"0.0667": [9.47769, -9.10617, 9.45309],
						"0.2833": [12.05588, -33.69803, 37.55014],
						"2.6333": [12.05588, -33.69803, 37.55014],
						"2.7667": [16.26701, 33.15434, 47.96913],
						"3.0333": [0.10728, 40.33525, 11.67686],
						"4.6667": [0.10728, 40.33525, 11.67686],
						"5.1667": [0, 0, 0]
					},
					"scale": {
						"0.0": [1, 1, 1],
						"2.6333": [1, 1, 1],
						"2.7667": [1.2, 1.4, 1.2],
						"3.0333": [1.2, 1.4, 1.2],
						"4.6667": [1.2, 1.4, 1.2],
						"5.1667": [1, 1, 1]
					}
				},
				"_camera_": {
					"rotation": {
						"0.0": [0, 0, 0],
						"0.1333": [-0.01091, 1.24995, -0.50012],
						"0.2833": [-1.31346, 1.78854, -1.03401],
						"0.4833": [-3.43914, 2.08948, 0.95199],
						"0.8333": [-4.99004, 2.77768, -0.09243],
						"1.0667": [-5.49004, 2.77768, -0.09243],
						"1.7333": [7.44976, 9.00685, -1.60374],
						"1.95": [9.88265, 9.8236, -2.03661],
						"2.25": [10.3897, 9.84427, -1.20003],
						"2.5667": [9.96385, 7.66225, 1.88547],
						"2.7833": [1.24375, 5.27922, 3.31414],
						"2.9667": [5.41765, 2.01024, 2.19487],
						"3.2167": [12.17135, -3.19168, -0.93824],
						"3.5833": [9.63273, -4.12615, 0.15611],
						"4.3": [5.12655, -3.80897, -0.98969],
						"4.5167": [4.61883, -3.81704, -0.95786],
						"4.9667": [2.5026, -0.00111, -0.00518],
						"5.1333": [1.75872, -0.39593, -1.62595],
						"5.25": [1.24924, -0.00333, 0.0435],
						"5.35": [0.44082, -0.01767, 1.01624],
						"5.4833": [0, 0, 0]
					},
					"position": {
						"0.0": [0, 0, 0],
						"4.9667": [0, 0, 0]
					}
				}
			},
			"sound_effects": {
				"0.0": {
					"effect": "inspect_up"
				},
				"1.0667": {
					"effect": "inspect_foley"
				},
				"2.25": {
					"effect": "inspect_turn"
				},
				"2.6667": {
					"effect": "inspect_down"
				},
				"4.95": {
					"effect": "inspect_down"
				}
			}
		},
		"animation.model.reload": {
			"animation_length": 2.2667,
			"blend_weight": "1",
			"bones": {
				"main": {
					"rotation": {
						"0.0": [0, 0, 0],
						"0.2": [-2.82845, -3.14202, -11.53827],
						"0.3": [-6.1257, -3.02931, -21.44076],
						"0.4": [-8.99714, -2.88714, -18.93428],
						"0.5": [-8.56216, -3.74773, -26.14959],
						"0.6667": [-8.93449, -3.57494, -20.09324],
						"0.8": [-8.23835, -5.39519, -30.46877],
						"0.9": [-8.4224, -4.29086, -28.09539],
						"1.0": [-7.70135, -5.48509, -36.54201],
						"1.1": [-6.11762, -4.35841, -32.12568],
						"1.2333": [-5.32391, -3.82513, -33.76028],
						"1.4667": [0, 0, -5.25],
						"1.5667": [0, 0, 1.13],
						"1.6667": [0, 0, 0]
					},
					"position": {
						"0.0": [0, 0, 0],
						"0.1333": [0.355, -0.42, -4.425],
						"0.3667": [-0.35, -1.75, 0.05],
						"0.5667": [-0.15, -0.6, 1],
						"0.6667": [-0.52, -1.72, 0.475],
						"0.8": [-0.85, -2.275, 1],
						"0.9": [-0.65, -1.475, 1],
						"1.0": [-1.35, -0.225, 0.525],
						"1.1333": [-1.575, -2.1, -1.075],
						"1.4": [0, -1.3, -3.4],
						"1.5": [0, -0.425, -2.45],
						"1.6": [0, 0, 0]
					}
				},
				"leftarm": {
					"rotation": {
						"0.0": [0, 0, 0],
						"0.1": [20.7545, 6.23781, -12.10268],
						"0.1667": [45.89249, 9.11862, -11.25407],
						"0.3667": [34.00422, 19.3818, 12.82924],
						"0.4667": [-20.96319, -3.65402, 9.67668],
						"0.5667": [-20.96319, -3.65402, 9.67668],
						"0.6667": [-20.92965, -2.54227, 8.32476],
						"0.8": [10.45147, 11.66703, 7.23928],
						"0.9": [13.90283, 13.07233, 12.18586],
						"1.0": [4.45827, 10.36016, 13.50411],
						"1.1667": [4.45827, 10.36016, 13.50411],
						"1.4": [16.95827, 10.36016, 13.50411],
						"1.6": [0, 0, 0]
					},
					"position": {
						"0.0": [0, 0, 0],
						"0.1": [4.1, -3.7, 4.5],
						"0.1667": [4.1, -3.7, 20.8],
						"0.3667": [-1.25, -13.55, 18.575],
						"0.4667": [3.55, -14.525, 11.3],
						"0.5667": [3.55, -14.525, 11.3],
						"0.6667": [3.45, -21.22, 11.3],
						"0.7": [2.385, -22.815, 13.35],
						"0.7667": [0.795, -19.38, 15.99],
						"0.8": [-1.475, -12.145, 14.55],
						"0.9": [-1.48, -10.365, 15.55],
						"1.0": [-1.48, -8.335, 14.55],
						"1.1667": [-1.48, -8.335, 14.55],
						"1.4": [-3.905, -27.73, 28.3],
						"1.4667": [6.595, -20.8, 21.23],
						"1.6": [0, 0, 0]
					}
				},
				"magazine": {
					"rotation": {
						"0.0": [0, 0, 0],
						"0.4667": [0, 0, 0],
						"0.5667": [0, 0, 0],
						"0.6667": [-0.26089, -1.15045, -1.56793],
						"0.8": [-70.70042, -2.16252, -4.56501],
						"0.9": [-70.80176, -2.13657, -0.84623],
						"1.1667": [-70.80176, -2.13657, -0.84623]
					},
					"position": {
						"0.0": [0, 0, 0],
						"0.4667": [0, 0, 0],
						"0.5667": [0, 0, 0],
						"0.6667": [0.3, -8.425, -0.2],
						"0.7": [-0.15, -12.605, -4.275],
						"0.7667": [-1.77, -10.16, -8.625],
						"0.8": [-3.65, -3.605, -10.525],
						"0.8667": [-3.45, -1.61, -10.52],
						"1.0": [-3.65, 4.39, -10.52],
						"1.1667": [-3.65, 4.39, -10.52],
						"1.4": [-3.65, -26.21, 0.73]
					}
				},
				"magazine2": {
					"rotation": {
						"0.0": [0, 0, 0],
						"0.3": [0, 0, 0],
						"0.4667": [51.25255, 0.44831, -2.31714],
						"0.5667": [51.25255, 0.44831, -2.31714],
						"0.6667": [51.25129, 0.29183, -2.51212],
						"0.8": [-5.0289, -7.32168, -3.37272],
						"0.9": [-0.26089, -1.15045, -1.56793],
						"1.0": [0, 0, 0]
					},
					"position": {
						"0.0": [0, 0, 0],
						"0.3": [0, -20, 0],
						"0.4667": [4.3, 4.275, 4.725],
						"0.5667": [4.3, 4.275, 4.725],
						"0.6667": [4.35, -2.125, 4.725],
						"0.7": [3.4, -7.32, 2.72],
						"0.7667": [1.7, -8.335, 0.71],
						"0.8": [0, -6.675, -1.3],
						"0.9": [0.3, -5.6, -0.2],
						"1.0": [0, 0, 0]
					},
					"scale": {
						"0.0": [-0.01, 0, 0],
						"0.3": [1, 1, 1]
					}
				}
			},
			"sound_effects": {
				"0.0": {
					"effect": "foley_start"
				},
				"0.4667": {
					"effect": "m4_magout"
				},
				"0.7667": {
					"effect": "m4_magin"
				},
				"1.1667": {
					"effect": "foley_end"
				}
			}
		}
	},
	"geckolib_format_version": 2
}