{
	"format_version": "1.8.0",
	"animations": {
		"animation.model.draw": {
			"loop": "hold_on_last_frame",
			"animation_length": 1.75,
			"bones": {
				"main": {
					"rotation": {
						"0.0": [33.8998, -43.57103, 7.22758],
						"0.05": [45.66398, -30.62902, -12.03568],
						"0.2": [-17.51195, -18.76354, -16.37639],
						"0.3": [-36.47563, -21.4846, -26.62771],
						"0.4": [-48.97563, -21.4846, -26.62771],
						"0.45": [-46.00974, -21.925, -30.76689],
						"0.5": [-43.2259, -21.22867, -31.5387],
						"0.6": [-40.7259, -21.22867, -31.5387],
						"0.7": [-13.0648, -6.56221, -7.07167],
						"0.75": [0, 2.5, 12.5],
						"0.8": [2.49962, 0.04362, -0.99905],
						"0.9": [-1, 0, 0],
						"1.1": [0, 0, 0],
						"1.75": [0, 0, 0]
					},
					"position": {
						"0.0": [5, -42, 0],
						"0.05": [1, -25, 0],
						"0.15": [-10, -8, 0],
						"0.2": [-13, -4, -3],
						"0.3": [-7, -2, -5],
						"0.4": [-9, -2, -3],
						"0.5": [-9, -2.2, -4.3],
						"0.6": [-7, -2.2, -3.3],
						"0.7": [-4.6, 1.6, -1.3],
						"0.75": [-0.4, -1, -0.3],
						"0.8": [0, 0, 0],
						"1.1": [0, 0, 0],
						"1.75": [0, 0, 0]
					}
				},
				"leftarm": {
					"rotation": {
						"0.0": [122.59324, -3.62237, 26.66344],
						"0.5": [122.59324, -3.62237, 26.66344],
						"0.8": [1.91193, -3.37991, -6.72195],
						"0.9": [2.25136, 0.801, 1.06415],
						"1.0": [0, 0, 0]
					},
					"position": {
						"0.0": [6, -3, 17],
						"0.5": [6, -3, 17],
						"0.8": [0, 1, -1],
						"0.9": [0, 1, 1],
						"1.0": [0, 0, 0]
					}
				},
				"gun": {
					"rotation": {
						"0.05": [105, 0, 0],
						"0.2": [103.91239, 12.80002, -9.67353],
						"0.3": [13.91239, 12.80002, -9.67353],
						"0.4": [0, 0, 0]
					},
					"position": {
						"0.05": [2, 3, 1],
						"0.4": [0, 0, 0]
					}
				},
				"_camera_": {
					"rotation": {
						"0.0": [0, 0, 0],
						"0.15": [1.80315, -1.89688, -1.62846],
						"0.3": [1.24924, -0.00333, 0.0435],
						"0.4": [0.44082, -0.01767, 1.01624],
						"0.5": [0, 0, 0]
					},
					"position": [0, 0, 0]
				}
			}
		},
		"animation.model.inspect": {
			"loop": "hold_on_last_frame",
			"animation_length": 4.2667,
			"bones": {
				"main": {
					"rotation": {
						"0.0": [0, 0, 0],
						"0.0667": [2.49658, -0.1308, 2.99715],
						"0.1333": [2.49658, -0.1308, 2.99715],
						"0.2667": [-54.69543, -1.34109, -3.96571],
						"0.3333": [-61.70569, -9.05856, -11.46013],
						"0.4": [-58.48, -26.44572, -21.89193],
						"0.4667": [-75.29582, -31.28974, -23.30775],
						"0.5667": [-72.95056, -30.84173, -23.01342],
						"0.6333": [-70.27124, -31.79733, -23.35838],
						"0.7333": [-71.06742, -32.74381, -23.74011],
						"1.0667": [-71.27, -32.58, -23.68],
						"1.3333": [-71.06742, -32.74381, -23.74011],
						"1.5667": [-55.65881, 46.53382, 70.82816],
						"1.6667": [-15.89087, 65.86048, 114.43457],
						"1.7667": [-23.49619, 64.96585, 108.82116],
						"1.8667": [-25.70992, 61.60124, 106.40504],
						"1.9667": [-26.53984, 62.4991, 105.46557],
						"2.0333": [-26.95704, 61.82757, 104.99131],
						"2.5": [-27.52, 61.72, 104.6],
						"2.7667": [-26.95704, 61.82757, 104.99131],
						"2.8333": [-32.99859, 52.72097, 88.97552],
						"2.9": [-22.63219, 54.03021, 92.54642],
						"2.9667": [-65.13219, 54.03021, 92.54642],
						"3.0333": [-52.9019, 62.02815, 103.9781],
						"3.1": [-50.13219, 54.03021, 92.54642],
						"3.1667": [-52.63219, 54.03021, 92.54642],
						"3.2333": [-54.53101, 44.43041, 80.19985],
						"3.3333": [4.86781, 54.03021, 92.54642],
						"3.4": [18.09741, 66.10932, 99.11933],
						"3.4667": [13.1, 66.11, 99.12],
						"3.6333": [13.1, 66.11, 99.12],
						"3.9": [5.1092, -4.88612, -2.61367],
						"4.0": [-1, 1, 0],
						"4.1": [0, 0, 0],
						"4.2667": [0, 0, 0]
					},
					"position": {
						"0.0": [0, 0, 0],
						"0.1333": [0, 0, 0],
						"0.2667": [0, 1, -1],
						"0.3333": [-3, 1.4, -2],
						"0.4": [-6, 1.4, -2],
						"0.4667": [-7, -1.6, -1],
						"0.5667": [-7, -2.6, -1],
						"0.6333": [-6.9, -2.59, -1.3],
						"0.7": [-7, -2.525, -1],
						"1.0667": [-7.04, -2.52, -1],
						"1.3333": [-7, -2.6, -1],
						"1.5667": [-1, -3.6, -1],
						"1.6667": [-2, -4.6, 0],
						"2.0333": [-2, -4.6, 0],
						"2.4667": [-2, -4.62, 0],
						"2.7333": [-2, -4.6, 0],
						"2.7667": [-2, -4.6, 0],
						"2.8333": [-1, -5.6, -1],
						"2.9": [4, -0.6, -1],
						"2.9667": [4, -7.6, -2],
						"3.0333": [4, -7.6, -3],
						"3.2333": [2, -5.6, -1],
						"3.3333": [1, -3.6, -7],
						"3.4": [5, -3.6, -7],
						"3.4667": [5, -3.6, -7],
						"3.6333": [5, -3.6, -7],
						"3.7667": [1, -0.3, -3],
						"3.8667": [1, -1, -1],
						"4.0": [0, 0, 0],
						"4.1": [0, 0, 0],
						"4.2667": [0, 0, 0]
					}
				},
				"leftarm": {
					"rotation": {
						"0.0": [0, 0, 0],
						"0.1": [11.28582, -8.21518, -26.29441],
						"0.2": [122.59324, -3.62237, 26.66344],
						"3.9": [1.91193, -3.37991, -6.72195],
						"4.0": [2.25136, 0.801, 1.06415],
						"4.0667": [0, 0, 0]
					},
					"position": {
						"0.0": [0, 0, 0],
						"0.1": [13, 0, 3],
						"0.2": [6, -3, 17],
						"0.3": [6, -3, 43],
						"3.7": [6, -3, 43],
						"3.8": [6, -3, 17],
						"3.9": [0, 1, -1],
						"4.0": [0, 1, 1],
						"4.0667": [0, 0, 0]
					},
					"scale": 1
				},
				"loader": {
					"rotation": [0, 0, 0],
					"position": [0, 0, 0]
				},
				"gun": {
					"rotation": {
						"0.0": [0, 0, 0],
						"2.9": [0, 0, 0],
						"2.9667": [-67.99, 7.28, -6.1],
						"3.0667": [-169.98344, 18.20151, -15.25908],
						"3.1333": [-233.32, 12.13, -10.17],
						"3.2": [-296.66, 6.06, -5.08],
						"3.2667": [-360, 0, 0]
					},
					"position": {
						"0.0": [0, 0, 0],
						"2.9": [0, 0, 0],
						"2.9667": [1.8, 1.6, 4.4],
						"3.0667": [2, 4, 1],
						"3.1333": [1.33, 4.67, 1.67],
						"3.2": [0.66, 7.33, 3.33],
						"3.2667": [0, 0, 0]
					}
				},
				"rearsight": {
					"rotation": [0, 0, 0],
					"position": [0, 0, 0],
					"scale": 1
				},
				"chamber": {
					"rotation": [0, 0, 0],
					"position": [0, 0, 0]
				},
				"_camera_": {
					"rotation": {
						"0.0": [0, 0, 0],
						"0.1333": [-0.01091, 1.24995, -0.50012],
						"0.2667": [-1.31346, 1.78854, -1.03401],
						"0.4667": [-3.43914, 2.08948, 0.95199],
						"0.8333": [-4.99004, 2.77768, -0.09243],
						"1.0667": [-5.49004, 2.77768, -0.09243],
						"1.7333": [11.31148, 1.6539, -3.08909],
						"1.9667": [11.31148, 1.6539, -3.08909],
						"2.2667": [14.18799, 2.57565, -3.06079],
						"2.5667": [9.96385, 7.66225, 1.88547],
						"2.7667": [1.24375, 5.27922, 3.31414],
						"3.2333": [12.11503, -3.40204, 0.04101],
						"3.4": [12.09749, 1.4869, 1.08947],
						"3.5": [5.12568, 3.66112, -0.32005],
						"3.7333": [4.6098, -1.32514, -0.75655],
						"3.9": [2.5026, -0.00111, -0.00518],
						"4.0": [1.75872, -0.39593, -1.62595],
						"4.1333": [1.24924, -0.00333, 0.0435],
						"4.2": [0.44082, -0.01767, 1.01624],
						"4.2667": [0, 0, 0]
					},
					"position": {
						"0.0": [0, 0, 0],
						"3.9": [0, 0, 0]
					}
				}
			}
		},
		"animation.model.preparefire": {
			"loop": true,
			"animation_length": 0.0667,
			"bones": {
				"main": {
					"rotation": {
						"0.0": {
							"vector": [0, 0, 0]
						},
						"0.0333": {
							"vector": [0, -0.25, 1.75]
						},
						"0.0667": {
							"vector": [0, 0, 0]
						}
					},
					"position": {
						"0.0": {
							"vector": [0, 0, 0]
						},
						"0.0333": {
							"vector": [-0.05, 0, 0.175]
						},
						"0.0667": {
							"vector": [0, 0, 0]
						}
					}
				}
			},
			"sound_effects": {
				"0.0": {
					"effect": "click"
				}
			}
		},
		"animation.model.reload": {
			"loop": true,
			"animation_length": 2.8667,
			"bones": {
				"main": {
					"rotation": {
						"0.0": {
							"vector": [0, 0, 0]
						},
						"0.0667": {
							"vector": [-2.41653, -2.56199, -2.64083]
						},
						"0.1333": {
							"vector": [-2.44697, -3.2901, -0.10878]
						},
						"0.2": {
							"vector": [-2.63425, -3.57064, 10.93731]
						},
						"0.3": {
							"vector": [-2.72869, -3.2307, 0.89802]
						},
						"0.4333": {
							"vector": [-12.00127, 11.04613, 27.65399]
						},
						"0.5667": {
							"vector": [-26.97188, 30.25107, 51.94677]
						},
						"0.6333": {
							"vector": [-26.41047, 35.01797, 56.46824]
						},
						"0.7": {
							"vector": [-27.79977, 31.64944, 53.14342]
						},
						"0.8333": {
							"vector": [-23.96993, 34.21414, 57.23988]
						},
						"0.9": {
							"vector": [-30.0796, 28.55793, 45.14902]
						},
						"1.0": {
							"vector": [-22.60691, 15.46373, 33.68227]
						},
						"1.1333": {
							"vector": [-12.79361, -4.79688, 12.76141]
						},
						"1.2333": {
							"vector": [-10.95547, -5.67774, 21.42138]
						},
						"1.3333": {
							"vector": [-10.38684, -5.95908, 15.84892]
						},
						"1.4333": {
							"vector": [-10.7494, -5.27108, 19.55307]
						},
						"1.5333": {
							"vector": [-10.58582, -5.59505, 17.82555]
						},
						"1.6333": {
							"vector": [-9.03502, -3.3874, 23.29053]
						},
						"1.7667": {
							"vector": [-9.33622, -4.56448, 17.38392]
						},
						"1.9": {
							"vector": [-8.71869, -4.28113, 19.09935]
						},
						"2.0333": {
							"vector": [-8.58998, -3.0239, 17.38738]
						},
						"2.1333": {
							"vector": [-8.59425, -3.51828, 17.4622]
						},
						"2.2333": {
							"vector": [-8.85647, -1.21759, 24.19649]
						},
						"2.3333": {
							"vector": [-8.57177, -2.54578, 15.54302]
						},
						"2.4333": {
							"vector": [-6.12815, 0.40602, 15.13889]
						},
						"2.5333": {
							"vector": [-3.51817, 1.16499, 5.97413]
						},
						"2.6667": {
							"vector": [0, 0, 0]
						}
					},
					"position": {
						"0.0": {
							"vector": [0, 0, 0]
						},
						"0.0667": {
							"vector": [0, -0.15, 1.35]
						},
						"0.1333": {
							"vector": [0.075, -0.15, 1.35]
						},
						"0.2": {
							"vector": [0.155, -0.275, 1.35]
						},
						"0.2667": {
							"vector": [0.035, -0.28, 1.9]
						},
						"0.4": {
							"vector": [-0.02, -1.955, 3.575]
						},
						"0.5": {
							"vector": [0.61, -3.405, 4.58]
						},
						"0.5667": {
							"vector": [0.435, -3.125, 4.58]
						},
						"0.6667": {
							"vector": [0.43, -5.575, 5.655]
						},
						"0.7667": {
							"vector": [0.43, -4.995, 4.98]
						},
						"0.8667": {
							"vector": [0.555, -3.665, 4.63]
						},
						"0.9667": {
							"vector": [-0.245, -3.23, 1.63]
						},
						"1.0667": {
							"vector": [-1.315, -3.67, 4.63]
						},
						"1.2": {
							"vector": [-1.76, -4.92, 4.73]
						},
						"1.3333": {
							"vector": [-1.53, -4.045, 4.33]
						},
						"1.4333": {
							"vector": [-1.4, -3.62, 4.33]
						},
						"1.5": {
							"vector": [-1.35, -3.67, 3.93]
						},
						"1.6": {
							"vector": [-1.35, -3.67, 3.63]
						},
						"1.7333": {
							"vector": [-1.4, -3.62, 4.48]
						},
						"1.8667": {
							"vector": [-1.6, -3.62, 4.755]
						},
						"2.0": {
							"vector": [-1.425, -3.62, 5.035]
						},
						"2.1333": {
							"vector": [-1.37, -3.62, 5.03]
						},
						"2.2667": {
							"vector": [-1.195, -3.62, 5.03]
						},
						"2.4": {
							"vector": [-1.195, -3.195, 5.03]
						},
						"2.5": {
							"vector": [-1.255, -2.345, 2.87]
						},
						"2.6333": {
							"vector": [0, 0, 0]
						}
					}
				},
				"rightarm": {
					"rotation": {
						"0.0": {
							"vector": [0, 0, 0]
						},
						"0.0667": {
							"vector": [-7.09181, -10.12274, -12.45931]
						},
						"0.1333": {
							"vector": [-7.38961, -8.64845, -8.09878]
						},
						"0.7": {
							"vector": [-7.38961, -8.64845, -8.09878]
						},
						"0.8333": {
							"vector": [-7.81565, -11.19534, -6.97738]
						},
						"0.9333": {
							"vector": [-7.81565, -11.19534, -6.97738]
						},
						"1.2667": {
							"vector": [-9.58988, -0.19095, 0.6242]
						},
						"2.3333": {
							"vector": [-9.58988, -0.19095, 0.6242]
						},
						"2.5333": {
							"vector": [0, 0, 0]
						}
					},
					"position": {
						"0.0": {
							"vector": [0, 0, 0]
						},
						"0.0667": {
							"vector": [0, -1.375, -1.1]
						},
						"0.1333": {
							"vector": [0, -1.47, -1.1]
						},
						"0.7": {
							"vector": [0, -1.47, -1.1]
						},
						"0.8333": {
							"vector": [-2.3, -2.57, 0.25]
						},
						"0.9333": {
							"vector": [-2.3, -2.57, 0.25]
						},
						"1.0333": {
							"vector": [-1.16, -1.47, 2.5]
						},
						"1.1667": {
							"vector": [-3.58, -1.47, 3.725]
						},
						"1.2667": {
							"vector": [-2.325, -1.47, 0.7]
						},
						"2.3333": {
							"vector": [-2.325, -1.47, 0.7]
						},
						"2.4333": {
							"vector": [-1.39, -0.88, 5.37]
						},
						"2.5333": {
							"vector": [0, 0, 0]
						}
					}
				},
				"chamber": {
					"rotation": {
						"0.0": {
							"vector": [0, 0, 0]
						},
						"0.1333": {
							"vector": [0, 0, 0]
						},
						"0.2": {
							"vector": [0, 0, 70.25]
						},
						"0.3": {
							"vector": [0, 0, 62.5]
						},
						"2.1667": {
							"vector": [0, 0, 62.5]
						},
						"2.2667": {
							"vector": [0, 0, 0]
						}
					},
					"position": {
						"0.0": {
							"vector": [0, 0, 0]
						},
						"0.1333": {
							"vector": [0, 0, 0]
						},
						"2.1667": {
							"vector": [0, 0, 0]
						},
						"2.2667": {
							"vector": [0, 0, 0]
						}
					}
				},
				"rotatey": {
					"rotation": {
						"0.0": {
							"vector": [0, 0, 0]
						},
						"0.1333": {
							"vector": [0, 0, 0]
						},
						"0.2": {
							"vector": [0, 0, 10]
						},
						"0.3": {
							"vector": [0, 0, 0]
						},
						"2.1667": {
							"vector": [0, 0, 0]
						},
						"2.2667": {
							"vector": [0, 0, -12.25]
						},
						"2.3667": {
							"vector": [0, 0, 0]
						}
					},
					"position": {
						"0.0": {
							"vector": [0, 0, 0]
						},
						"0.1333": {
							"vector": [0, 0, 0]
						},
						"2.1667": {
							"vector": [0, 0, 0]
						}
					}
				},
				"speedloader": {
					"rotation": {
						"0.0": {
							"vector": [0, 0, 0]
						},
						"1.0667": {
							"vector": [0, 0, 0]
						},
						"1.1667": {
							"vector": [6, 43.5, 0]
						},
						"1.2": {
							"vector": [6, 43.5, 0]
						},
						"1.3667": {
							"vector": [9.43704, 3.32301, 9.02436]
						},
						"1.4333": {
							"vector": [-2.5, 0, 0]
						},
						"1.5": {
							"vector": [0, 0, 0]
						},
						"1.6": {
							"vector": [0, 0, 0]
						}
					},
					"position": {
						"0.0": {
							"vector": [0, 0, 0]
						},
						"1.0667": {
							"vector": [0, 0, 0]
						},
						"1.1667": {
							"vector": [11.3, 0, 12.425]
						},
						"1.2": {
							"vector": [11.3, 0, 12.425]
						},
						"1.3667": {
							"vector": [0.225, -0.375, 4.45]
						},
						"1.4333": {
							"vector": [0, -0.1, 4.45]
						},
						"1.5": {
							"vector": [0, 0, 4.45]
						},
						"1.6": {
							"vector": [0, 0, 0]
						}
					}
				},
				"bullets": {
					"rotation": {
						"0.0": {
							"vector": [0, 0, 0]
						},
						"0.6333": {
							"vector": [0, 0, 0]
						},
						"0.7": {
							"vector": [0, 0, 0]
						},
						"0.8": {
							"vector": [15.81502, 41.64987, 10.66086]
						},
						"0.9667": {
							"vector": [15.81502, 41.64987, 10.66086]
						},
						"1.1667": {
							"vector": [15.81502, 41.64987, 10.66086]
						},
						"1.2": {
							"vector": [0, 0, 0]
						}
					},
					"position": {
						"0.0": {
							"vector": [0, 0, 0]
						},
						"0.6333": {
							"vector": [0, 0, 0]
						},
						"0.7": {
							"vector": [0, 0, 4.5]
						},
						"0.8": {
							"vector": [7.875, 0, 16.15]
						},
						"0.9667": {
							"vector": [7.875, 0, 16.15]
						},
						"1.1667": {
							"vector": [7.875, 0, 16.15]
						},
						"1.2": {
							"vector": [0, 0, 0]
						}
					}
				},
				"loader": {
					"rotation": {
						"0.0": {
							"vector": [0, 0, 0]
						},
						"1.1": {
							"vector": [0, 0, 0]
						},
						"1.1667": {
							"vector": [0, 0, 0]
						},
						"1.2": {
							"vector": [0, 0, 0]
						},
						"1.6333": {
							"vector": [0, 0, 0]
						},
						"1.7": {
							"vector": [0, 0, 17.75]
						},
						"1.7667": {
							"vector": [0, 0, 17.75]
						},
						"1.9": {
							"vector": [13.81355, 20.52552, 20.86179]
						},
						"2.0333": {
							"vector": [0, 0, 0]
						}
					},
					"position": {
						"0.0": {
							"vector": [0, 0, 0]
						},
						"1.1": {
							"vector": [0, 0, 0]
						},
						"1.1667": {
							"vector": [0.83789, 9.66271, -0.99619]
						},
						"1.2": {
							"vector": [1.215, 7.96, -5.975]
						},
						"1.6333": {
							"vector": [1.215, 7.96, -5.975]
						},
						"1.7": {
							"vector": [0.735, 7.96, -5.97]
						},
						"1.7667": {
							"vector": [0.735, 7.96, -5.97]
						},
						"1.8333": {
							"vector": [1.245, 8.5, -2.94]
						},
						"1.9": {
							"vector": [8.105, 9.485, 7.43]
						},
						"2.0333": {
							"vector": [0, 0, 0]
						}
					},
					"scale": {
						"0.0": {
							"vector": [0, 0, 0]
						},
						"1.1": {
							"vector": [0, 0, 0]
						},
						"1.1667": {
							"vector": [1, 1, 1]
						},
						"1.2": {
							"vector": [1, 1, 1]
						},
						"1.6333": {
							"vector": [1, 1, 1]
						},
						"1.9": {
							"vector": [1, 1, 1]
						},
						"1.9333": {
							"vector": [0, 0, 0]
						},
						"2.0333": {
							"vector": [0, 0, 0]
						}
					}
				},
				"leftarm": {
					"rotation": {
						"0.0": {
							"vector": [0, 0, 0]
						},
						"0.1": {
							"vector": [-7.20831, -2.9333, -6.49879]
						},
						"0.2667": {
							"vector": [-7.20831, -2.9333, -6.49879]
						},
						"0.4": {
							"vector": [-15.03356, -9.92801, -18.85608]
						},
						"0.5": {
							"vector": [-15.58065, 1.92787, -30.36515]
						},
						"0.8667": {
							"vector": [-15.58065, 1.92787, -30.36515]
						},
						"1.1333": {
							"vector": [1.01168, 2.74975, -48.58433]
						},
						"1.2": {
							"vector": [1.01168, 2.74975, -48.58433]
						},
						"1.3667": {
							"vector": [-12.44115, -6.76616, -32.85776]
						},
						"1.4333": {
							"vector": [-9.12225, -14.05772, -41.44529]
						},
						"1.5": {
							"vector": [-5.67197, -13.74916, -41.04872]
						},
						"1.6": {
							"vector": [2.32803, -13.74916, -41.04872]
						},
						"1.7": {
							"vector": [-1.27378, -9.87774, -34.3068]
						},
						"1.7667": {
							"vector": [-1.27378, -9.87774, -34.3068]
						},
						"1.8333": {
							"vector": [-5.54689, -10.52566, -33.92834]
						},
						"1.9": {
							"vector": [-8.87919, -11.52554, -30.30437]
						},
						"1.9667": {
							"vector": [-8.50714, -15.25492, -26.93389]
						},
						"2.1": {
							"vector": [-20.6351, -18.9843, -23.56342]
						},
						"2.1667": {
							"vector": [-20.6351, -18.9843, -23.56342]
						},
						"2.2667": {
							"vector": [-21.03615, -14.54005, -19.08707]
						},
						"2.3667": {
							"vector": [-21.48865, -10.98352, -15.13052]
						},
						"2.5333": {
							"vector": [-21.48865, -10.98352, -15.13052]
						},
						"2.6667": {
							"vector": [0, 0, 0]
						}
					},
					"position": {
						"0.0": {
							"vector": [0, 0, 0]
						},
						"0.1": {
							"vector": [4.2, -0.55, -4.925]
						},
						"0.2667": {
							"vector": [4.2, -0.55, -4.925]
						},
						"0.4": {
							"vector": [8.00731, 3.8165, -10.34597]
						},
						"0.5": {
							"vector": [11.94561, 9.44909, -10.08079]
						},
						"0.8667": {
							"vector": [11.94561, 9.44909, -10.08079]
						},
						"1.1333": {
							"vector": [17.72148, 11.97055, 22.3537]
						},
						"1.2": {
							"vector": [17.72148, 11.97055, 22.3537]
						},
						"1.3667": {
							"vector": [11.845, 8.695, 0.875]
						},
						"1.4333": {
							"vector": [9.645, 9.22, 1.65]
						},
						"1.5": {
							"vector": [8.775, 9.745, 2.35]
						},
						"1.6": {
							"vector": [5.88, 10.19, -0.45]
						},
						"1.7": {
							"vector": [7.305, 9.415, -0.45]
						},
						"1.7667": {
							"vector": [7.305, 9.415, -0.45]
						},
						"1.8333": {
							"vector": [9.16, 7.985, 0.95]
						},
						"1.9": {
							"vector": [13.735, 0.615, 9.75]
						},
						"1.9667": {
							"vector": [15.065, 1.45, 0.64]
						},
						"2.1": {
							"vector": [9.38, 2.71, -13.025]
						},
						"2.1667": {
							"vector": [9.38, 2.71, -13.025]
						},
						"2.2667": {
							"vector": [4.63, 3.585, -13.545]
						},
						"2.3667": {
							"vector": [3.83, 3.18, -13.54]
						},
						"2.5333": {
							"vector": [3.83, 3.18, -13.54]
						},
						"2.6667": {
							"vector": [0, 0, 0]
						}
					}
				}
			},
			"sound_effects": {
				"0.0": {
					"effect": "revolver_open"
				},
				"0.4667": {
					"effect": "revolver_shellsout"
				},
				"1.4333": {
					"effect": "revolver_speedloader"
				},
				"2.1333": {
					"effect": "revolver_close"
				}
			}
		},
		"animation.model.fire": {
			"loop": true,
			"animation_length": 0.25,
			"bones": {
				"main": {
					"rotation": {
						"0.0": [0, 0, 0],
						"0.05": [-8.23643, -0.69169, -0.6604],
						"0.1": [-2.55384, -0.3607, 3.58246],
						"0.15": [1.24881, -0.47591, -1.44913],
						"0.25": [0, 0, 2.5]
					},
					"position": {
						"0.0": [0, 0, 0],
						"0.05": [0, 0, 2.225],
						"0.1": [-0.1, 0, 1.28],
						"0.2": [0, 0, 0]
					}
				},
				"rotatey": {
					"rotation": {
						"0.0": [0, 0, 0],
						"0.05": [0, 0, 0],
						"0.15": [0, 0, -60],
						"0.16": [0, 0, 0]
					},
					"position": {
						"0.0": [0, 0, 0],
						"0.05": [0, 0, 0],
						"0.15": [0, 0, 0],
						"0.16": [0, 0, 0]
					}
				},
				"speedloader": {
					"scale": 0
				},
				"_camera_": {
					"rotation": {
						"0.0": [0, 0, 0],
						"0.03": [-2.49762, -0.10901, -2.49762],
						"0.07": [-1.38889, 0.00001, 1.1117],
						"0.12": [0, 0, 0],
						"0.21": [0, 0, 0]
					}
				}
			}
		}
	},
	"geckolib_format_version": 2
}