{
  "type": "pointblank:default",
  "ingredients": [
    {
      "count": 30,
      "item": "pointblank:gunmetal_ingot"
    },
    {
      "count": 18,
      "item": "pointblank:guninternals"
    },
    {
      "count": 14,
      "tag": "forge:ingots/iron"
    },
	{
      "count": 10,
      "tag": "forge:gems/diamond"
    },
    {
      "count": 2,
      "tag": "forge:ingots/gold"
    },
	{
      "count": 3,
      "tag": "forge:ingots/netherite"
    }
  ],
  "result": {
    "item": "pointblank:raygun"
  }
}