{
  "type": "pointblank:default",
  "ingredients": [
    {
      "count": 64,
      "item": "pointblank:gunmetal_ingot"
    },
    {
      "count": 22,
      "item": "pointblank:guninternals"
    },
    {
      "count": 15,
      "tag": "forge:ingots/iron"
    },
	{
      "count": 20,
      "tag": "forge:gems/diamond"
    },
    {
      "count": 10,
      "tag": "forge:ingots/gold"
    },
	{
      "count": 12,
      "tag": "forge:ingots/netherite"
    }
  ],
  "result": {
    "item": "pointblank:thundergun"
  }
}