{
  "type": "pointblank:default",
  "ingredients": [
    {
      "count": 25,
      "item": "pointblank:gunmetal_ingot"
    },
    {
      "count": 16,
      "item": "pointblank:guninternals"
    },
    {
      "count": 6,
      "tag": "forge:ingots/iron"
    },
	{
      "count": 1,
      "tag": "forge:gems/diamond"
    },
    {
      "count": 2,
      "tag": "forge:ingots/gold"
    },
	{
      "count": 1,
      "tag": "forge:ingots/netherite"
    }
  ],
  "result": {
    "item": "pointblank:cheytacm200"
  }
}