{
  "name" : "blunderbuss",
  "type": "Gun",
  "maxAmmoCapacity" : 1,
  "maxAmmoPerReloadIteration" : 1,
  "compatibleAmmo" : ["lead_ball", "ammocreative"],
  "pelletCount" : 10,
  "pelletSpread" : 0.1,
  "damage" : 5.5,
  "rpm" : 50,
  "reloadCooldownDuration" : 2500,
  "fireModes" : ["SINGLE"],
  "fireSound" : "blunderbuss_action",
  "drawCooldownDuration" : 630,
  "aimingZoom" : 0.1,
  "gunRecoilInitialAmplitude" : 0.8,
  "shakeRecoilAmplitude" : 0.65,
  "shakeRecoilSpeed" : 3.5,
  "viewRecoilAmplitude" : 7,
  "inspectCooldownDuration" : 7000,
  "muzzleFlashScale" : 2,
  "effects": [
    {
      "phase": "hit_scan_acquired",
      "name": "tracer"
    },
    {
      "phase": "firing",
      "name": "muzzle_flash_big"
    }
  ],
  "phasedReloads": [
    {
      "phase": "PREPARING",
      "condition": "reloadIterationIndex <= 0",
      "duration": 800,
      "animation": "animation.model.prepare"
    },
    {
      "phase": "RELOADING",
      "condition": "reloadIterationIndex == 0",
      "duration": 1000,
      "animation": "animation.model.iterativeload",						
      "shakeEffects": [
        {
          "start": 380,
          "duration": 500,
          "initialAmplitude": 0.15,
          "rateOfAmplitudeDecay": 0.3
        }
      ]
    },
    {
      "phase": "COMPLETETING",
      "condition": "reloadIterationIndex >= 0",
      "duration": 1700,
      "animation": "animation.model.finish",
      "shakeEffects": [
        {
          "start": 300,
          "duration": 550,
          "initialAmplitude": 0.2,
          "rateOfAmplitudeDecay": 0.8
        }
      ]
    }
  ]
}
