{
  "name" : "eye_of_reach",
  "type": "Gun",
  "maxAmmoCapacity" : 1,
  "compatibleAmmo" : ["lead_ball", "ammocreative"],
  "damage" : 35.0,
  "rpm" : 50,
  "fireModes" : ["SINGLE"],
  "fireSound" : "eye_of_reach_action",
  "drawCooldownDuration" : 630,
  "aimingZoom" : 0.9,
  "gunRecoilInitialAmplitude" : 1.3,
  "shakeRecoilAmplitude" : 0.35,
  "shakeRecoilSpeed" : 2,
  "viewRecoilAmplitude" : 8,
  "inspectCooldownDuration": 7000,
  "muzzleFlashScale" : 2,
  "effects": [
    {
      "phase": "hit_scan_acquired",
      "name": "tracer"
    },
    {
      "phase": "firing",
      "name": "muzzle_flash"
    }
  ],
  "scopeOverlay" : "textures/gui/spyglass_scope.png",
  "phasedReloads": [
    {
      "phase": "RELOADING",
      "duration": 3600,
      "animation": "animation.model.reload",
      "shakeEffects": [
        {
          "start": 1100,
          "duration": 1500,
          "initialAmplitude": 0.2,
          "rateOfAmplitudeDecay": 0.6
        },
        {
          "start": 2100,
          "duration": 1200,
          "initialAmplitude": 0.2,
          "rateOfAmplitudeDecay": 0.4
        }
      ]
    }
  ]
}
