{
  "name" : "s_gauss",
  "type": "Gun",
  "maxAmmoCapacity" : 10,
  "compatibleAmmo" : ["ammocreative","s_gausa"],
  "damage" : 25,
  "rpm" : 89,
  "fireModes" : ["SINGLE"],
  "fireSound" : "s_gauss",
  "drawCooldownDuration" : 1200,
  "gunRecoilInitialAmplitude" : 0.8,
  "shakeRecoilAmplitude" : 0.35,
  "shakeRecoilSpeed" : 2,
  "viewRecoilAmplitude" : 2,
  "inspectCooldownDuration": 3700,
  "prepareFireCooldownDuration": 600,
  "bobbing" : 0.7,
  "aimingZoom" : 0.6,
  "pipScopeZoom" : 0.9,
  "bobbingOnAim" : 0.1,
  "reticleOverlay" : "textures/gui/s_pso_scope_pip.png",
  "glowingParts": [
    {
      "name": "coil8" 
    },
    {
      "name": "coil9" 
    },
    {
      "name": "coil10" 
    },
    {
      "name": "coil11" 
    },
    {
      "name": "coil12" 
    },
    {
      "name": "coil13" 
    },
    {
      "name": "coil14" 
    }
  ],
  "phasedReloads": [
{
      "phase": "RELOADING",
      "condition": "reloadIterationIndex == 0",
      "duration": 3500,
      "animation": "animation.model.reloadempty",
      "shakeEffects": [
        {
          "start": 0,
          "duration": 1500,
          "initialAmplitude": 0.2,
          "rateOfAmplitudeDecay": 0.8
        },
        {
          "start": 250,
          "duration": 1000,
          "initialAmplitude": 0.2,
          "rateOfAmplitudeDecay": 0.5
        },
        {
          "start": 800,
          "duration": 1000,
          "initialAmplitude": 0.15,
          "rateOfAmplitudeDecay": 0.5
        },
        {
          "start": 1100,
          "duration": 600,
          "initialAmplitude": 0.2,
          "rateOfAmplitudeDecay": 0.3
        },
        {
          "start": 1600,
          "duration": 400,
          "initialAmplitude": 0.35,
          "rateOfAmplitudeDecay": 0.3
        }
      ]
    },
    {
      "phase": "RELOADING",
      "condition": "reloadIterationIndex > 0",
      "duration": 3500,
      "animation": "animation.model.reload",						
      "shakeEffects": [
        {
          "start": 0,
          "duration": 1500,
          "initialAmplitude": 0.2,
          "rateOfAmplitudeDecay": 0.8
        },
        {
          "start": 600,
          "duration": 1000,
          "initialAmplitude": 0.15,
          "rateOfAmplitudeDecay": 0.5
        },
        {
          "start": 900,
          "duration": 800,
          "initialAmplitude": 0.17,
          "rateOfAmplitudeDecay": 0.5
        },
        {
          "start": 1000,
          "duration": 400,
          "initialAmplitude": 0.22,
          "rateOfAmplitudeDecay": 0.6
        }
      ]
    }
  ],
  "effects": [
        {
                "phase": "hit_scan_acquired",
                "name": "s_gauss_tracer"
        },
        {
                "phase": "firing",
                "name": "s_gauss_flash"
        },
        { 
		"phase": "preparing",
		"name": "s_gauss_charge"
  	}
  ]
}