{
	"format_version": "1.8.0",
	"animations": {
		"animation.model.draw": {
			"loop": true,
			"animation_length": 2.5,
			"bones": {
				"main": {
					"rotation": {
						"0.0": {
							"vector": [-77.19478, -47.59537, 55.51106]
						},
						"0.6667": {
							"vector": [-65.2534, -48.08775, 44.01376],
							"easing": "easeInOutSine"
						},
						"1.3": {
							"vector": [-12.40026, -28.6501, -12.82374],
							"easing": "easeInOutSine"
						},
						"2.5": {
							"vector": [0, 0, 0],
							"easing": "easeInElastic"
						}
					},
					"position": {
						"0.0": {
							"vector": [0, -33, 0]
						},
						"1.4667": {
							"vector": [0, -4, 0],
							"easing": "easeInElastic"
						},
						"2.3": {
							"vector": [0, 0, 0],
							"easing": "easeInElastic"
						}
					}
				},
				"leftarm": {
					"rotation": {
						"1.7667": {
							"vector": [-32.5, 0, 0]
						},
						"2.5": {
							"vector": [0, 0, 0],
							"easing": "easeInElastic"
						}
					},
					"position": {
						"1.7667": {
							"vector": [4, -6, -5]
						},
						"2.5": {
							"vector": [0, 0, 0],
							"easing": "easeInElastic"
						}
					}
				},
				"handle": {
					"rotation": {
						"1.5333": {
							"vector": [0, 0, -90]
						},
						"1.9667": {
							"vector": [0, 0, 5],
							"easing": "easeInSine"
						},
						"2.2": {
							"vector": [-0.32652, -2.4786, -14.99294],
							"easing": "easeInSine"
						},
						"2.5": {
							"vector": [0, 0, 0],
							"easing": "easeInSine"
						}
					}
				},
				"rightarm": {
					"rotation": {
						"1.1667": {
							"vector": [49.76796, 17.8258, -24.28791]
						},
						"2.5": {
							"vector": [0, 0, 0],
							"easing": "easeInElastic"
						}
					},
					"position": {
						"1.1667": {
							"vector": [-10, 31, -20]
						},
						"2.5": {
							"vector": [0, 0, 0],
							"easing": "easeInElastic"
						}
					}
				}
			},
			"sound_effects": {
				"0.5333": {
					"effect": "foley_start"
				},
				"1.2667": {
					"effect": "foley_end"
				}
			}
		},
		"animation.model.inspect": {
			"animation_length": 3,
			"bones": {
				"main": {
					"rotation": {
						"0.0": {
							"vector": [0, 0, 0]
						},
						"0.9333": {
							"vector": [-13.08619, -17.07228, 3.90399],
							"easing": "easeInOutSine"
						},
						"2.0333": {
							"vector": [-18.23147, -16.23426, 10.37947],
							"easing": "easeInOutSine"
						},
						"3.0": {
							"vector": [0, 0, 0],
							"easing": "easeInOutSine"
						}
					},
					"position": {
						"0.0": {
							"vector": [0, 0, 0]
						},
						"3.0": {
							"vector": [0, 0, 0],
							"easing": "easeInOutSine"
						}
					}
				}
			}
		},
		"animation.model.fire": {
			"loop": true,
			"animation_length": 0.2,
			"bones": {
				"main": {
					"rotation": {
						"0.0": {
							"vector": [0, 0, 0]
						},
						"0.0333": {
							"vector": [-0.99905, 0.04362, 0.99962],
							"easing": "easeOutElastic"
						},
						"0.2": {
							"vector": [0, 0, 0],
							"easing": "easeInElastic"
						}
					},
					"position": {
						"0.0": {
							"vector": [0, 0, 0]
						},
						"0.0333": {
							"vector": [0, 0, 2],
							"easing": "easeOutElastic"
						},
						"0.2": {
							"vector": [0, 0, 0],
							"easing": "easeInElastic"
						}
					}
				},
				"chain": {
					"rotation": {
						"0.0": {
							"vector": [0, 0, 0]
						},
						"0.0667": {
							"vector": [0, 0, -22.5],
							"easing": "easeInElastic"
						},
						"0.1": {
							"vector": [0, 0, 0],
							"easing": "easeOutBack",
							"easingArgs": [1]
						}
					}
				},
				"handle": {
					"rotation": {
						"0.0": {
							"vector": [0, 0, 0]
						},
						"0.0333": {
							"vector": [0, 0, -25]
						},
						"0.2": {
							"vector": [0, 0, 0],
							"easing": "easeInElastic"
						}
					}
				},
				"bipodr": {
					"rotation": {
						"0.0": {
							"vector": [0, 0, 0]
						},
						"0.0333": {
							"vector": [9.9985, -0.17408, -0.01065],
							"easing": "linear"
						},
						"0.0667": {
							"vector": [-4.99998, 0.01423, -0.0012],
							"easing": "linear"
						},
						"0.1": {
							"vector": [4.9985, -0.16011, 0.00336],
							"easing": "linear"
						},
						"0.2": {
							"vector": [0, 0, 0],
							"easing": "easeInElastic"
						}
					}
				},
				"bipodl": {
					"rotation": {
						"0.0": {
							"vector": [0, 0, 0]
						},
						"0.0333": {
							"vector": [9.9985, -0.17408, -0.01065],
							"easing": "linear"
						},
						"0.0667": {
							"vector": [-4.99998, 0.01423, -0.0012],
							"easing": "linear"
						},
						"0.1": {
							"vector": [4.9985, -0.16011, 0.00336],
							"easing": "linear"
						},
						"0.2": {
							"vector": [0, 0, 0],
							"easing": "easeInElastic"
						}
					}
				},
				"chaineject": {
					"rotation": {
						"0.0": {
							"vector": [0, 0, 0]
						},
						"0.2": {
							"vector": [0, -32.5, 360]
						}
					},
					"position": {
						"0.0333": {
							"vector": [0, 0, 0]
						},
						"0.0667": {
							"vector": [-5.57141, 0.27161, 0.01214]
						},
						"0.1333": {
							"vector": [-14.60219, -8.4, -0.00219]
						},
						"0.2": {
							"vector": [-22, -17, 0]
						}
					}
				},
				"bulleteject": {
					"rotation": {
						"0.0": {
							"vector": [0, 0, 0]
						},
						"0.2": {
							"vector": [0, 40, 360]
						}
					},
					"position": {
						"0.0333": {
							"vector": [0, 0, 0]
						},
						"0.0667": {
							"vector": [-5.95711, 2.20742, 0.01821]
						},
						"0.1333": {
							"vector": [-18.70328, -4.7, -0.00328]
						},
						"0.2": {
							"vector": [-25, -9, 0]
						}
					}
				},
				"sighta": {
					"rotation": {
						"0.0": {
							"vector": [0, 0, 0]
						},
						"0.0333": {
							"vector": [-2.5, 0, 0]
						},
						"0.2": {
							"vector": [0, 0, 0],
							"easing": "easeInElastic"
						}
					}
				}
			}
		},
		"animation.model.reload": {
			"loop": true,
			"animation_length": 3.8,
			"blend_weight": "1",
			"bones": {
				"main": {
					"rotation": {
						"0.0": {
							"vector": [0, 0, 0],
							"easing": "easeInElastic"
						},
						"0.3667": {
							"vector": [0.90564, 0.07921, 3.18354],
							"easing": "easeInElastic"
						},
						"0.7333": {
							"vector": [2.4905, 0.21782, -4.99527],
							"easing": "easeInElastic"
						},
						"1.1667": {
							"vector": [1.01067, 0.08839, 7.97286],
							"easing": "easeInElastic"
						},
						"1.9": {
							"vector": [0.05109, 0.00447, -2.09698],
							"easing": "easeInElastic"
						},
						"2.6": {
							"vector": [0, 0, 0],
							"easing": "easeInElastic"
						},
						"2.9667": {
							"vector": [0, 0, 27.5],
							"easing": "easeInOutSine"
						},
						"3.4333": {
							"vector": [0, 0, 27.5],
							"easing": "easeInOutSine"
						},
						"3.8": {
							"vector": [0, 0, 0],
							"easing": "easeInOutSine"
						}
					},
					"position": {
						"0.0": {
							"vector": [0, 0, 0],
							"easing": "easeInElastic"
						},
						"0.5667": {
							"vector": [0, 0, 0]
						},
						"1.0667": {
							"vector": [0, -5, 0],
							"easing": "easeInElastic"
						},
						"1.7667": {
							"vector": [0, -5, 0],
							"easing": "easeInElastic"
						},
						"2.3333": {
							"vector": [0, -5.08, 0],
							"easing": "easeInElastic"
						},
						"2.4667": {
							"vector": [0, -5, 0],
							"easing": "easeInElastic"
						},
						"2.8": {
							"vector": [0, -5, 0],
							"easing": "easeInElastic"
						},
						"2.9667": {
							"vector": [1, -5, 0],
							"easing": "easeInOutSine"
						},
						"3.2667": {
							"vector": [1, -5, 2],
							"easing": "easeInOutSine"
						},
						"3.4667": {
							"vector": [1, -4, 0],
							"easing": "easeInOutSine"
						},
						"3.8": {
							"vector": [0, 0, 0],
							"easing": "easeInOutSine"
						}
					}
				},
				"rightarm": {
					"rotation": {
						"2.8": {
							"vector": [0, 0, 0]
						},
						"2.9": {
							"vector": [3.80964, 12.92299, 17.26918]
						},
						"3.2333": {
							"vector": [3.17453, 11.63177, 8.86164]
						},
						"3.6": {
							"vector": [0, 0, 0]
						}
					},
					"position": {
						"2.8": {
							"vector": [0, 0, 0]
						},
						"2.9": {
							"vector": [-3, 6, 0]
						},
						"3.1": {
							"vector": [-3, 6, 7]
						},
						"3.2333": {
							"vector": [-3, 6, 7]
						},
						"3.6": {
							"vector": [0, 0, 0]
						}
					}
				},
				"chain": {
					"rotation": {
						"0.9": {
							"vector": [0, 0, 0]
						},
						"1.2333": {
							"vector": [0, 0, 65]
						},
						"1.2667": {
							"vector": [0, 0, 65]
						},
						"1.7": {
							"vector": [0, 0, 65]
						},
						"2.0": {
							"vector": [0, 0, 0]
						}
					},
					"position": {
						"0.9": {
							"vector": [0, 0, 0]
						},
						"1.2333": {
							"vector": [14, -13, 0]
						},
						"1.5": {
							"vector": [0, 0, 0]
						}
					}
				},
				"handle": {
					"rotation": {
						"0.0": {
							"vector": [0, 0, 0]
						},
						"0.6": {
							"vector": [0, 0, 0],
							"easing": "easeInElastic"
						},
						"0.6667": {
							"vector": [0, 0, -17.5],
							"easing": "easeInElastic"
						},
						"0.7333": {
							"vector": [0, 0, 0],
							"easing": "easeInElastic"
						},
						"0.8": {
							"vector": [0, 0, -2.5],
							"easing": "easeInElastic"
						},
						"0.9": {
							"vector": [0, 0, 0],
							"easing": "easeInElastic"
						},
						"2.4667": {
							"vector": [0, 0, 0],
							"easing": "easeInElastic"
						},
						"2.5333": {
							"vector": [0, 0, -17.5],
							"easing": "easeInElastic"
						},
						"2.6": {
							"vector": [0, 0, 0],
							"easing": "easeInElastic"
						},
						"2.6667": {
							"vector": [0, 0, -2.5],
							"easing": "easeInElastic"
						},
						"2.7667": {
							"vector": [0, 0, 0],
							"easing": "easeInElastic"
						},
						"3.0": {
							"vector": [0, 0, 0],
							"easing": "easeInElastic"
						},
						"3.0667": {
							"vector": [0, 0, -17.5],
							"easing": "easeInElastic"
						},
						"3.1333": {
							"vector": [0, 0, 0],
							"easing": "easeInElastic"
						},
						"3.2": {
							"vector": [0, 0, -2.5],
							"easing": "easeInElastic"
						},
						"3.3": {
							"vector": [0, 0, 0],
							"easing": "easeInElastic"
						},
						"3.3667": {
							"vector": [0, 0, -17.5],
							"easing": "easeInElastic"
						},
						"3.4333": {
							"vector": [0, 0, 0],
							"easing": "easeInElastic"
						},
						"3.5": {
							"vector": [0, 0, -2.5],
							"easing": "easeInElastic"
						},
						"3.6": {
							"vector": [0, 0, 0],
							"easing": "easeInElastic"
						},
						"3.8": {
							"vector": [0, 0, 0],
							"easing": "easeInElastic"
						}
					}
				},
				"cover": {
					"rotation": {
						"0.3": {
							"vector": [0, 0, 0]
						},
						"0.6": {
							"vector": [105, 0, 0]
						},
						"2.3": {
							"vector": [105, 0, 0]
						},
						"2.5": {
							"vector": [0, 0, 0]
						}
					}
				},
				"leftarm": {
					"rotation": {
						"0.0": {
							"vector": [0, 0, 0]
						},
						"0.1": {
							"vector": [5.34481, -19.70534, 11.02818]
						},
						"0.3": {
							"vector": [-1.33436, -10.74909, 2.23558]
						},
						"0.6": {
							"vector": [-11.26737, -17.47229, 6.33415]
						},
						"0.9": {
							"vector": [11.79192, -2.02852, 3.02197]
						},
						"1.2": {
							"vector": [61.50617, 0.12451, -8.41795]
						},
						"1.5": {
							"vector": [11.79192, -2.02852, 3.02197]
						},
						"1.7": {
							"vector": [3.00374, 10.17158, 2.13504]
						},
						"1.8667": {
							"vector": [-0.75614, 10.90522, 1.25246]
						},
						"2.0": {
							"vector": [-0.06218, 14.1895, 1.40013]
						},
						"2.3": {
							"vector": [-11.26737, -17.47229, 6.33415]
						},
						"2.5": {
							"vector": [-1.33436, -10.74909, 2.23558]
						},
						"2.7": {
							"vector": [5.34481, -19.70534, 11.02818]
						},
						"2.9": {
							"vector": [0, 0, 0]
						}
					},
					"position": {
						"0.0": {
							"vector": [0, 0, 0]
						},
						"0.3": {
							"vector": [1, 5, 26]
						},
						"0.6": {
							"vector": [-1, 15, 11]
						},
						"0.9": {
							"vector": [7, 3, 19]
						},
						"1.5": {
							"vector": [7, 3, 19]
						},
						"1.7": {
							"vector": [3, 9, 15]
						},
						"2.0": {
							"vector": [3, 9, 15]
						},
						"2.3": {
							"vector": [-1, 15, 11]
						},
						"2.5": {
							"vector": [1, 5, 26]
						},
						"2.9": {
							"vector": [0, 0, 0]
						}
					}
				},
				"chargehandle": {
					"position": {
						"2.9": {
							"vector": [0, 0, 0]
						},
						"3.1": {
							"vector": [0, 0, 11],
							"easing": "linear"
						},
						"3.5": {
							"vector": [0, 0, 0],
							"easing": "linear"
						}
					}
				},
				"box": {
					"position": {
						"0.9": {
							"vector": [0, 0, 0]
						},
						"1.2333": {
							"vector": [14, -13, 0]
						},
						"1.5": {
							"vector": [0, 0, 0]
						}
					}
				}
			},
			"sound_effects": {
				"0.1667": {
					"effect": "lmg_magout"
				},
				"0.3": {
					"effect": "lmg_coverup"
				},
				"0.9": {
					"effect": "lmg_magin"
				},
				"1.7": {
					"effect": "lmg_bulletchain"
				},
				"2.3": {
					"effect": "lmg_coverdown"
				},
				"2.9": {
					"effect": "ak_actionback"
				},
				"3.3": {
					"effect": "ak_actionforward"
				}
			}
		},
		"animation.model.reloadempty": {
			"loop": true,
			"animation_length": 3.8,
			"blend_weight": "1",
			"bones": {
				"main": {
					"rotation": {
						"0.0": {
							"vector": [0, 0, 0],
							"easing": "easeInElastic"
						},
						"0.3667": {
							"vector": [0.90564, 0.07921, 3.18354],
							"easing": "easeInElastic"
						},
						"0.7333": {
							"vector": [2.4905, 0.21782, -4.99527],
							"easing": "easeInElastic"
						},
						"1.1667": {
							"vector": [1.01067, 0.08839, 7.97286],
							"easing": "easeInElastic"
						},
						"1.9": {
							"vector": [0.05109, 0.00447, -2.09698],
							"easing": "easeInElastic"
						},
						"2.6": {
							"vector": [0, 0, 0],
							"easing": "easeInElastic"
						},
						"2.9667": {
							"vector": [0, 0, 27.5],
							"easing": "easeInOutSine"
						},
						"3.4333": {
							"vector": [0, 0, 27.5],
							"easing": "easeInOutSine"
						},
						"3.8": {
							"vector": [0, 0, 0],
							"easing": "easeInOutSine"
						}
					},
					"position": {
						"0.0": {
							"vector": [0, 0, 0],
							"easing": "easeInElastic"
						},
						"0.5667": {
							"vector": [0, 0, 0]
						},
						"1.0667": {
							"vector": [0, -5, 0],
							"easing": "easeInElastic"
						},
						"1.7667": {
							"vector": [0, -5, 0],
							"easing": "easeInElastic"
						},
						"2.3333": {
							"vector": [0, -5.08, 0],
							"easing": "easeInElastic"
						},
						"2.4667": {
							"vector": [0, -5, 0],
							"easing": "easeInElastic"
						},
						"2.8": {
							"vector": [0, -5, 0],
							"easing": "easeInElastic"
						},
						"2.9667": {
							"vector": [1, -5, 0],
							"easing": "easeInOutSine"
						},
						"3.2667": {
							"vector": [1, -5, 2],
							"easing": "easeInOutSine"
						},
						"3.4667": {
							"vector": [1, -4, 0],
							"easing": "easeInOutSine"
						},
						"3.8": {
							"vector": [0, 0, 0],
							"easing": "easeInOutSine"
						}
					}
				},
				"rightarm": {
					"rotation": {
						"2.8": {
							"vector": [0, 0, 0]
						},
						"2.9": {
							"vector": [3.80964, 12.92299, 17.26918]
						},
						"3.2333": {
							"vector": [3.17453, 11.63177, 8.86164]
						},
						"3.6": {
							"vector": [0, 0, 0]
						}
					},
					"position": {
						"2.8": {
							"vector": [0, 0, 0]
						},
						"2.9": {
							"vector": [-3, 6, 0]
						},
						"3.1": {
							"vector": [-3, 6, 7]
						},
						"3.2333": {
							"vector": [-3, 6, 7]
						},
						"3.6": {
							"vector": [0, 0, 0]
						}
					}
				},
				"chain": {
					"rotation": {
						"0.0": {
							"vector": [0, 0, 65]
						},
						"1.2333": {
							"vector": [0, 0, 65]
						},
						"1.2667": {
							"vector": [0, 0, 65]
						},
						"1.7": {
							"vector": [0, 0, 65]
						},
						"2.0": {
							"vector": [0, 0, 0]
						}
					},
					"position": {
						"0.0": {
							"vector": [14, -13, 0]
						},
						"1.2333": {
							"vector": [14, -13, 0]
						},
						"1.5": {
							"vector": [0, 0, 0]
						}
					}
				},
				"handle": {
					"rotation": {
						"0.0": {
							"vector": [0, 0, 0]
						},
						"0.6": {
							"vector": [0, 0, 0],
							"easing": "easeInElastic"
						},
						"0.6667": {
							"vector": [0, 0, -17.5],
							"easing": "easeInElastic"
						},
						"0.7333": {
							"vector": [0, 0, 0],
							"easing": "easeInElastic"
						},
						"0.8": {
							"vector": [0, 0, -2.5],
							"easing": "easeInElastic"
						},
						"0.9": {
							"vector": [0, 0, 0],
							"easing": "easeInElastic"
						},
						"2.4667": {
							"vector": [0, 0, 0],
							"easing": "easeInElastic"
						},
						"2.5333": {
							"vector": [0, 0, -17.5],
							"easing": "easeInElastic"
						},
						"2.6": {
							"vector": [0, 0, 0],
							"easing": "easeInElastic"
						},
						"2.6667": {
							"vector": [0, 0, -2.5],
							"easing": "easeInElastic"
						},
						"2.7667": {
							"vector": [0, 0, 0],
							"easing": "easeInElastic"
						},
						"3.0": {
							"vector": [0, 0, 0],
							"easing": "easeInElastic"
						},
						"3.0667": {
							"vector": [0, 0, -17.5],
							"easing": "easeInElastic"
						},
						"3.1333": {
							"vector": [0, 0, 0],
							"easing": "easeInElastic"
						},
						"3.2": {
							"vector": [0, 0, -2.5],
							"easing": "easeInElastic"
						},
						"3.3": {
							"vector": [0, 0, 0],
							"easing": "easeInElastic"
						},
						"3.3667": {
							"vector": [0, 0, -17.5],
							"easing": "easeInElastic"
						},
						"3.4333": {
							"vector": [0, 0, 0],
							"easing": "easeInElastic"
						},
						"3.5": {
							"vector": [0, 0, -2.5],
							"easing": "easeInElastic"
						},
						"3.6": {
							"vector": [0, 0, 0],
							"easing": "easeInElastic"
						},
						"3.8": {
							"vector": [0, 0, 0],
							"easing": "easeInElastic"
						}
					}
				},
				"cover": {
					"rotation": {
						"0.3": {
							"vector": [0, 0, 0]
						},
						"0.6": {
							"vector": [105, 0, 0]
						},
						"2.3": {
							"vector": [105, 0, 0]
						},
						"2.5": {
							"vector": [0, 0, 0]
						}
					}
				},
				"leftarm": {
					"rotation": {
						"0.0": {
							"vector": [0, 0, 0]
						},
						"0.1": {
							"vector": [5.34481, -19.70534, 11.02818]
						},
						"0.3": {
							"vector": [-1.33436, -10.74909, 2.23558]
						},
						"0.6": {
							"vector": [-11.26737, -17.47229, 6.33415]
						},
						"0.9": {
							"vector": [11.79192, -2.02852, 3.02197]
						},
						"1.2": {
							"vector": [61.50617, 0.12451, -8.41795]
						},
						"1.5": {
							"vector": [11.79192, -2.02852, 3.02197]
						},
						"1.7": {
							"vector": [3.00374, 10.17158, 2.13504]
						},
						"1.8667": {
							"vector": [-0.75614, 10.90522, 1.25246]
						},
						"2.0": {
							"vector": [-0.06218, 14.1895, 1.40013]
						},
						"2.3": {
							"vector": [-11.26737, -17.47229, 6.33415]
						},
						"2.5": {
							"vector": [-1.33436, -10.74909, 2.23558]
						},
						"2.7": {
							"vector": [5.34481, -19.70534, 11.02818]
						},
						"2.9": {
							"vector": [0, 0, 0]
						}
					},
					"position": {
						"0.0": {
							"vector": [0, 0, 0]
						},
						"0.3": {
							"vector": [1, 5, 26]
						},
						"0.6": {
							"vector": [-1, 15, 11]
						},
						"0.9": {
							"vector": [7, 3, 19]
						},
						"1.5": {
							"vector": [7, 3, 19]
						},
						"1.7": {
							"vector": [3, 9, 15]
						},
						"2.0": {
							"vector": [3, 9, 15]
						},
						"2.3": {
							"vector": [-1, 15, 11]
						},
						"2.5": {
							"vector": [1, 5, 26]
						},
						"2.9": {
							"vector": [0, 0, 0]
						}
					}
				},
				"chargehandle": {
					"position": {
						"2.9": {
							"vector": [0, 0, 0]
						},
						"3.1": {
							"vector": [0, 0, 11],
							"easing": "linear"
						},
						"3.5": {
							"vector": [0, 0, 0],
							"easing": "linear"
						}
					}
				},
				"box": {
					"position": {
						"0.9": {
							"vector": [0, 0, 0]
						},
						"1.2333": {
							"vector": [14, -13, 0]
						},
						"1.5": {
							"vector": [0, 0, 0]
						}
					}
				}
			},
			"sound_effects": {
				"0.1667": {
					"effect": "lmg_magout"
				},
				"0.3": {
					"effect": "lmg_coverup"
				},
				"0.9": {
					"effect": "lmg_magin"
				},
				"1.7": {
					"effect": "lmg_bulletchain"
				},
				"2.3": {
					"effect": "lmg_coverdown"
				},
				"2.9": {
					"effect": "ak_actionback"
				},
				"3.3": {
					"effect": "ak_actionforward"
				}
			}
		}
	},
	"geckolib_format_version": 2
}