{
  "loader": "forge:separate_transforms",
    "gui_light": "front",
    "base": 
{
  "credit": "Made with Blockbench",
  "parent": "builtin/entity",
  "texture_size": [
    256,
    256
  ],
  "display": {
    "thirdperson_righthand": {
      "rotation": [
        0,
        0,
        -2
      ],
      "translation": [
        0,
        -3.25,
        0.5
      ],
      "scale": [
        0.25,
        0.25,
        0.25
      ]
    },
    "thirdperson_lefthand": {
      "rotation": [
        0,
        0,
        -2
      ],
      "translation": [
        0,
        -3.25,
        0.5
      ],
      "scale": [
        0.25,
        0.25,
        0.25
      ]
    },
    "firstperson_righthand": {
      "translation": [
        1.75,
        -25,
        -10
      ]
    },
    "firstperson_lefthand": {
      "translation": [
        -0.75,
        -25,
        -10
      ]
    },
    "ground": {
      "scale": [
        0.3,
        0.3,
        0.3
      ]
    },
    "gui": {
      "rotation": [
        71,
        46,
        -47.34
      ],
      "translation": [
        3,
        -4.75,
        0
      ],
      "scale": [
        0.1,
        0.1,
        0.1
      ]
    },
    "fixed": {
      "rotation": [
        90,
        -50,
        90
      ],
      "translation": [
        -3.5,
        -6,
        -1
      ],
      "scale": [
        0.13,
        0.13,
        0.13
      ]
    }
  }
},
 "perspectives": {
   "gui": {
     "parent": "item/generated",
     "textures": {
       "layer0": "pointblank:item/spr2.icon"
     }
   }
  }
}