{
  "name" : "chiangkaishekrifle",
  "type": "Gun",
  "maxAmmoCapacity" : 5,
  "maxAmmoPerReloadIteration" : 1,
  "compatibleAmmo" : ["ammocreative","ammo792x57"],
  "damage" : 14,
  "rpm" : 37,
  "fireModes" : ["SINGLE"],
  "fireSound" : "fire_boltaction",
  "drawCooldownDuration" : 800,
  "aimingZoom" : 0.25,
  "gunRecoilInitialAmplitude" : 1.0,
  "shakeRecoilAmplitude" : 0.35,
  "shakeRecoilSpeed" : 1,
  "viewRecoilAmplitude" : 2,
  "inspectCooldownDuration": 4000,


	"compatibleAttachmentGroups":[
			"snipers_sights",
			"rf_muzzle"
		],

	"features": [
		{
			"type": "Aiming",
				"zoom": 0.25,
				"condition": {
				"doesNotHaveAttachmentGroup": "snipers_sights"
			}
		},
		{
			"type": "Sound",
			"fireSound": "ballista_silenced",
			"fireSoundVolume": 1,
			"condition": {
				"hasAttachmentGroup": "rf_muzzle"
			}
		},

		{
			"type": "PartVisibility",
				"parts": [
					{
						"name":"bayonet",
						"visible":false,
						"condition":{
						"hasAttachmentGroup":"rf_muzzle"
					}
				}
			]
		}
	],


  "phasedReloads": [
    {
		"phase": "PREPARING",
		"condition": "reloadIterationIndex == -1",
		"duration": 1000,
		"animation": "animation.model.reload_prepareempty",
		"shakeEffects": [
			{
				"start": 0,
				"duration": 1000,
				"initialAmplitude": 0.2,
				"rateOfAmplitudeDecay": 0.1
			},
			{
				"start": 500,
				"duration": 500,
				"initialAmplitude": 0.3,
				"rateOfAmplitudeDecay": 0.2
			}
		]
	},
    {
		"phase": "PREPARING",
		"condition": "reloadIterationIndex > 0",
		"duration": 1000,
		"animation": "animation.model.reload_prepare",
		"shakeEffects": [
			{
				"start": 0,
				"duration": 1000,
				"initialAmplitude": 0.2,
				"rateOfAmplitudeDecay": 0.1
			},
			{
				"start": 500,
				"duration": 500,
				"initialAmplitude": 0.3,
				"rateOfAmplitudeDecay": 0.2
			}
		]
	},
	{
		"phase": "RELOADING",
		"condition": "reloadIterationIndex > 0",
		"duration": 400,
		"animation": "animation.model.reload_load",						
		"shakeEffects": [
			{
				"start": 0,
				"duration": 400,
				"initialAmplitude": 0.2,
				"rateOfAmplitudeDecay": 0.8
			}
		]
	},
	{
		"phase": "COMPLETETING",
		"condition": "reloadIterationIndex >= 0",
		"duration": 700,
		"animation": "animation.model.reload_finish",
		"shakeEffects": [
			{
				"start": 0,
				"duration": 700,
				"initialAmplitude": 0.3,
				"rateOfAmplitudeDecay": 0.4
			}
		]
    }
  ],
  "effects": [
  	{ 
		"phase": "hit_scan_acquired",
		"name": "tracerminigun"
  	},
        { 
		"phase": "firing",
		"name": "muzzle_flash"
  	}
  ]
}