{
  "name" : "tw_m1_garand",
  "type": "Gun",
  "maxAmmoCapacity" : 8,
  "compatibleAmmo" : ["ammocreative","ammo30-06"],
  "damage" : 9,
  "rpm" : 725,
  "fireModes" : ["SINGLE"],
  "fireSound" : "fire_autorifle762",
  "drawCooldownDuration" : 650,
  "aimingZoom" : 0.3,
  "gunRecoilInitialAmplitude" : 1.0,
  "shakeRecoilAmplitude" : 0.35,
  "shakeRecoilSpeed" : 1,
  "viewRecoilAmplitude" : 2,
  "inspectCooldownDuration": 3730,

	"compatibleAttachmentGroups":[
			"rf_muzzle"
		],

	"features": [
		{
			"type": "Sound",
			"fireSound": "mk14ebr_silenced",
			"fireSoundVolume": 1,
			"condition": {
				"hasAttachmentGroup": "rf_muzzle"
			}
		},

		{
			"type": "PartVisibility",
				"parts": [
					{
						"name":"bayonet",
						"visible":false,
						"condition":{
						"hasAttachmentGroup":"rf_muzzle"
					}
				}
			]
		}
	],

  "phasedReloads": [
    {
      "phase": "RELOADING",
      "condition": "reloadIterationIndex == 0",
      "duration": 2800,
      "animation": "animation.model.reloadempty",
      "shakeEffects": [
        {
          "start": 0,
          "duration": 1500,
          "initialAmplitude": 0.2,
          "rateOfAmplitudeDecay": 0.8
        },
        {
          "start": 250,
          "duration": 1000,
          "initialAmplitude": 0.2,
          "rateOfAmplitudeDecay": 0.5
        },
        {
          "start": 800,
          "duration": 1000,
          "initialAmplitude": 0.15,
          "rateOfAmplitudeDecay": 0.5
        },
        {
          "start": 1100,
          "duration": 600,
          "initialAmplitude": 0.2,
          "rateOfAmplitudeDecay": 0.3
        },
        {
          "start": 1600,
          "duration": 400,
          "initialAmplitude": 0.35,
          "rateOfAmplitudeDecay": 0.3
        }
      ]
    },
    {
      "phase": "RELOADING",
      "condition": "reloadIterationIndex > 0",
      "duration": 2300,
      "animation": "animation.model.reload",
      "shakeEffects": [
        {
          "start": 0,
          "duration": 1500,
          "initialAmplitude": 0.2,
          "rateOfAmplitudeDecay": 0.8
        },
        {
          "start": 600,
          "duration": 1000,
          "initialAmplitude": 0.15,
          "rateOfAmplitudeDecay": 0.5
        },
        {
          "start": 900,
          "duration": 800,
          "initialAmplitude": 0.17,
          "rateOfAmplitudeDecay": 0.5
        },
        {
          "start": 1000,
          "duration": 400,
          "initialAmplitude": 0.22,
          "rateOfAmplitudeDecay": 0.6
        }
      ]
    }
  ],
  "effects": [
  	{ 
		"phase": "hit_scan_acquired",
		"name": "tracerminigun"
  	},
        { 
		"phase": "firing",
		"name": "muzzle_flash"
  	}
  ]
}