{
	"format_version": "1.12.0",
	"minecraft:geometry": [
		{
			"description": {
				"identifier": "geometry.unknown",
				"texture_width": 220,
				"texture_height": 220,
				"visible_bounds_width": 7,
				"visible_bounds_height": 3.5,
				"visible_bounds_offset": [0, 1.25, 0]
			},
			"bones": [
				{
					"name": "main",
					"pivot": [0, 20, 0]
				},
				{
					"name": "gun",
					"parent": "main",
					"pivot": [1, 11, -1]
				},
				{
					"name": "bone",
					"parent": "gun",
					"pivot": [1.1, 17.675, -45.9],
					"cubes": [
						{"origin": [-1.35, 17.7, -46], "size": [2.7, 1, 5.7], "uv": [151, 90]},
						{"origin": [-1.5, 29, -23], "size": [3, 2, 5], "uv": [71, 17]},
						{"origin": [0.5, 30, -23], "size": [1, 7, 1], "inflate": -0.25, "uv": [40, 2]},
						{"origin": [0.1, 31.5, -23], "size": [1, 1, 1], "inflate": -0.25, "pivot": [0.6, 32, -22.5], "rotation": [0, 0, -17.5], "uv": [2, 1]},
						{"origin": [0.1, 32.5, -23], "size": [1, 1, 1], "inflate": -0.25, "pivot": [0.6, 33, -22.5], "rotation": [0, 0, -17.5], "uv": [2, 1]},
						{"origin": [0.1, 33.5, -23], "size": [1, 1, 1], "inflate": -0.25, "pivot": [0.6, 34, -22.5], "rotation": [0, 0, -17.5], "uv": [2, 1]},
						{"origin": [0.1, 34.5, -23], "size": [1, 1, 1], "inflate": -0.25, "pivot": [0.6, 35, -22.5], "rotation": [0, 0, -17.5], "uv": [2, 1]},
						{"origin": [0.1, 35.5, -23], "size": [1, 1, 1], "inflate": -0.25, "pivot": [0.6, 36, -22.5], "rotation": [0, 0, -17.5], "uv": [2, 1]},
						{"origin": [-1.1, 35.5, -23], "size": [1, 1, 1], "inflate": -0.25, "pivot": [-0.6, 36, -22.5], "rotation": [0, 0, 17.5], "uv": [2, 1], "mirror": true},
						{"origin": [-1.1, 34.5, -23], "size": [1, 1, 1], "inflate": -0.25, "pivot": [-0.6, 35, -22.5], "rotation": [0, 0, 17.5], "uv": [2, 1], "mirror": true},
						{"origin": [-1.1, 33.5, -23], "size": [1, 1, 1], "inflate": -0.25, "pivot": [-0.6, 34, -22.5], "rotation": [0, 0, 17.5], "uv": [2, 1], "mirror": true},
						{"origin": [-1.1, 32.5, -23], "size": [1, 1, 1], "inflate": -0.25, "pivot": [-0.6, 33, -22.5], "rotation": [0, 0, 17.5], "uv": [2, 1], "mirror": true},
						{"origin": [-1.1, 31.5, -23], "size": [1, 1, 1], "inflate": -0.25, "pivot": [-0.6, 32, -22.5], "rotation": [0, 0, 17.5], "uv": [2, 1], "mirror": true},
						{"origin": [-1.5, 30, -23], "size": [1, 7, 1], "inflate": -0.25, "uv": [40, 2], "mirror": true},
						{"origin": [2.25, 18.35, -26], "size": [6.75, 7, 2], "inflate": 0.001, "pivot": [9, 18.35, -28], "rotation": [0, 0, -65.5], "uv": [104, 36]},
						{"origin": [2.25, 14.4, -26], "size": [6.75, 4, 2], "pivot": [9, 18.4, -28], "rotation": [0, 0, 65.5], "uv": [128, 41]},
						{"origin": [-5, 9.35, -26], "size": [5, 6.75, 2], "pivot": [0, 9.35, -28], "rotation": [0, 0, 65.5], "uv": [143, 14]},
						{"origin": [0, 9.35, -26], "size": [8, 6.75, 2], "inflate": 0.002, "pivot": [0, 9.35, -28], "rotation": [0, 0, -65.5], "uv": [78, 38]},
						{"origin": [-9, 20.6, -26], "size": [9, 6.75, 2], "inflate": 0.003, "pivot": [0, 27.35, -28], "rotation": [0, 0, -65.5], "uv": [52, 77]},
						{"origin": [-2.175, 16, -11.5], "size": [4, 4, 1], "pivot": [-0.175, 18, -10.5], "rotation": [0, 0, -35], "uv": [52, 51]},
						{"origin": [0, 20.6, -26], "size": [4, 6.75, 2], "pivot": [0, 27.35, -28], "rotation": [0, 0, 65.5], "uv": [12, 53]},
						{"origin": [-9, 18.35, -26], "size": [6.75, 4, 2], "pivot": [-9, 18.35, -28], "rotation": [0, 0, 65.5], "uv": [128, 65]},
						{"origin": [-9, 12.4, -26], "size": [6.75, 6, 2], "inflate": 0.001, "pivot": [-9, 18.4, -28], "rotation": [0, 0, -65.5], "uv": [61, 26]},
						{"origin": [-9.25, 12.4, -28], "size": [7, 6, 2], "inflate": 0.001, "pivot": [-9.25, 18.4, -30], "rotation": [0, 0, -65.5], "uv": [100, 51]},
						{"origin": [-9.25, 18.35, -28], "size": [7, 4, 2], "pivot": [-9.25, 18.35, -30], "rotation": [0, 0, 65.5], "uv": [71, 15]},
						{"origin": [0, 20.6, -28], "size": [4, 7, 2], "pivot": [0, 27.6, -30], "rotation": [0, 0, 65.5], "uv": [38, 52]},
						{"origin": [-9, 20.6, -28], "size": [9, 7, 2], "inflate": 0.003, "pivot": [0, 27.6, -30], "rotation": [0, 0, -65.5], "uv": [0, 77]},
						{"origin": [0, 9.1, -28], "size": [8, 7, 2], "inflate": 0.002, "pivot": [0, 9.1, -30], "rotation": [0, 0, -65.5], "uv": [25, 79]},
						{"origin": [-5, 9.1, -28], "size": [5, 7, 2], "pivot": [0, 9.1, -30], "rotation": [0, 0, 65.5], "uv": [19, 117]},
						{"origin": [2.25, 14.4, -28], "size": [7, 4, 2], "pivot": [9.25, 18.4, -30], "rotation": [0, 0, 65.5], "uv": [105, 81]},
						{"origin": [2.25, 18.35, -28], "size": [7, 6, 2], "inflate": 0.001, "pivot": [9.25, 18.35, -30], "rotation": [0, 0, -65.5], "uv": [78, 101]},
						{"origin": [-1.025, 27.625, -26.55], "size": [3, 3, 21.55], "inflate": -0.5, "pivot": [-1.025, 30.625, -26.55], "rotation": [0, 0, 16], "uv": [71, 0]},
						{"origin": [-2.625, 20.925, -62.55], "size": [5, 5, 35.25], "pivot": [-0.1, 23.3, -62.55], "rotation": [0, 0, 16], "uv": [0, 0]},
						{"origin": [-2.625, 20.925, -62.55], "size": [5, 5, 2], "inflate": 0.1, "pivot": [-0.1, 23.3, -62.55], "rotation": [0, 0, 16], "uv": [142, 88]},
						{"origin": [-1.025, 27.625, -26.55], "size": [3, 3, 2.5], "inflate": -0.3, "pivot": [-1.025, 30.625, -26.55], "rotation": [0, 0, 16], "uv": [0, 58]},
						{"origin": [-1.5, 15.975, -29.45], "size": [3, 14.75, 3.25], "inflate": 0.001, "uv": [78, 66]},
						{"origin": [1.5, 15.975, -29.45], "size": [6, 1, 3.25], "pivot": [1.5, 15.975, -29.45], "rotation": [0, 0, -84.25], "uv": [98, 16]},
						{"origin": [-7.5, 15.975, -29.45], "size": [6, 1, 3.25], "pivot": [-1.5, 15.975, -29.45], "rotation": [0, 0, 84.25], "uv": [52, 85]},
						{"origin": [-3.5, 24.975, -28.45], "size": [7, 2.5, 2.25], "uv": [0, 109]},
						{"origin": [-0.5, 24.975, -28.45], "size": [4, 2.5, 2.25], "inflate": -0.001, "pivot": [3.5, 27.475, -28.45], "rotation": [0, 0, 54], "uv": [98, 6]},
						{"origin": [-3.5, 24.975, -28.45], "size": [4, 2.5, 2.25], "inflate": -0.001, "pivot": [-3.5, 27.475, -28.45], "rotation": [0, 0, -54], "uv": [64, 57]},
						{"origin": [3.2, 22.025, -53.45], "size": [1, 3, 23.4], "uv": [53, 66]},
						{"origin": [3.2, 25.025, -52.45], "size": [1, 3.975, 21.4], "pivot": [4.2, 25.025, -52.45], "rotation": [0, 0, -37.5], "uv": [105, 27]},
						{"origin": [3.2, 25.225, -53.45], "size": [1, 3.875, 1], "inflate": 0.001, "pivot": [4.2, 25.025, -53.45], "rotation": [-13, 0, -37.5], "uv": [32, 52]},
						{"origin": [-4.2, 25.225, -53.45], "size": [1, 3.875, 1], "inflate": 0.001, "pivot": [-4.2, 25.025, -53.45], "rotation": [-13, 0, 37.5], "uv": [26, 52]},
						{"origin": [-4.2, 25.225, -31.05], "size": [1, 3.875, 1], "inflate": 0.001, "pivot": [-4.2, 25.025, -30.05], "rotation": [13, 0, 37.5], "uv": [45, 12]},
						{"origin": [3.2, 25.225, -31.05], "size": [1, 3.875, 1], "inflate": 0.001, "pivot": [4.2, 25.025, -30.05], "rotation": [13, 0, -37.5], "uv": [51, 12]},
						{"origin": [3.2, 18.05, -52.45], "size": [1, 3.975, 14.4], "pivot": [4.2, 22.025, -52.45], "rotation": [0, 0, 37.5], "uv": [36, 120]},
						{"origin": [3.2, 17.95, -53.45], "size": [1, 3.875, 1], "inflate": 0.001, "pivot": [4.2, 22.025, -53.45], "rotation": [13, 0, 37.5], "uv": [40, 40]},
						{"origin": [-4.2, 17.95, -53.45], "size": [1, 3.875, 1], "inflate": 0.001, "pivot": [-4.2, 22.025, -53.45], "rotation": [13, 0, -37.5], "uv": [31, 31]},
						{"origin": [-4.2, 18.05, -52.45], "size": [1, 3.975, 14.4], "pivot": [-4.2, 22.025, -52.45], "rotation": [0, 0, -37.5], "uv": [20, 117]},
						{"origin": [3.2, 19.05, -38.05], "size": [1, 2.975, 2.4], "pivot": [4.2, 22.025, -38.05], "rotation": [0, 0, 37.5], "uv": [78, 83]},
						{"origin": [-4.2, 19.05, -38.05], "size": [1, 2.975, 2.4], "pivot": [-4.2, 22.025, -38.05], "rotation": [0, 0, -37.5], "uv": [70, 85]},
						{"origin": [-4.2, 25.025, -52.45], "size": [1, 3.975, 21.4], "pivot": [-4.2, 25.025, -52.45], "rotation": [0, 0, 37.5], "uv": [104, 3]},
						{"origin": [-1.75, 27.175, -52.45], "size": [3.5, 1, 21.4], "inflate": 0.001, "uv": [78, 66]},
						{"origin": [-1.75, 18.825, -52.45], "size": [3.5, 1, 14.4], "inflate": 0.001, "uv": [115, 97]},
						{"origin": [-4.2, 22.025, -53.45], "size": [1, 3, 23.4], "uv": [0, 66]},
						{"origin": [-1.3, 27.95, -52.75], "size": [2, 1, 22], "inflate": -0.201, "uv": [26, 70]},
						{"origin": [-0.7, 27.95, -52.75], "size": [2, 1, 22], "inflate": -0.2, "uv": [78, 24]},
						{"origin": [-0.7, 18.1, -52.75], "size": [2, 1, 15], "inflate": -0.2, "uv": [0, 115]},
						{"origin": [-1.3, 18.1, -52.75], "size": [2, 1, 15], "inflate": -0.201, "uv": [56, 115]},
						{"origin": [4, 22.2, -53.75], "size": [1, 2, 24.1], "inflate": -0.2, "uv": [52, 40]},
						{"origin": [4, 22.8, -53.75], "size": [1, 2, 24.1], "inflate": -0.201, "uv": [45, 0]},
						{"origin": [-5, 22.2, -53.75], "size": [1, 2, 24.1], "inflate": -0.2, "uv": [0, 40]},
						{"origin": [-5, 22.8, -53.75], "size": [1, 2, 24.1], "inflate": -0.201, "uv": [26, 42]},
						{"origin": [-1.1, 6.1, -44.4], "size": [2.2, 11.75, 2.7], "inflate": 0.001, "uv": [118, 51]},
						{"origin": [-1.1, 7.1, -44.875], "size": [2.2, 3.75, 1], "pivot": [1.1, 10.85, -44.875], "rotation": [5.5, 0, 0], "uv": [83, 26]},
						{"origin": [-1.1, 10.85, -44.875], "size": [2.2, 6, 1], "inflate": -0.001, "pivot": [1.1, 10.85, -44.875], "rotation": [-5.5, 0, 0], "uv": [0, 66]},
						{"origin": [-1.1, 7.1, -42.225], "size": [2.2, 3.75, 1], "pivot": [1.1, 10.85, -41.225], "rotation": [-5.5, 0, 0], "uv": [82, 0]},
						{"origin": [-1.1, 10.85, -42.225], "size": [2.2, 6, 1], "inflate": -0.001, "pivot": [1.1, 10.85, -41.225], "rotation": [5.5, 0, 0], "uv": [59, 12]},
						{"origin": [-1.1, 15.675, -41.4], "size": [2.2, 2, 1], "pivot": [1.1, 17.675, -40.4], "rotation": [-53.5, 0, 0], "uv": [80, 35]},
						{"origin": [-1.1, 15.675, -45.9], "size": [2.2, 2, 1], "pivot": [1.1, 17.675, -45.9], "rotation": [53.5, 0, 0], "uv": [12, 73]}
					]
				},
				{
					"name": "rotatey",
					"parent": "gun",
					"pivot": [0, 29, -4.625],
					"cubes": [
						{"origin": [-1.75, 14.75, -1.5], "size": [3.5, 4.5, 5.5], "uv": [105, 97]},
						{"origin": [-1.75, 4.75, 0.125], "size": [3.5, 10.5, 5], "inflate": 0.001, "pivot": [1.75, 13.5, 0.125], "rotation": [30.25, 0, 0], "uv": [71, 0]},
						{"origin": [-1.5, 13.2, -10.1], "size": [3, 1, 8.2], "inflate": -0.2, "uv": [0, 92]},
						{"origin": [-0.5, 22.75, 29], "size": [1, 1, 1], "uv": [46, 47]},
						{"origin": [-1, 14.325, -6.15], "size": [2, 5, 1], "inflate": -0.1, "pivot": [1, 14.325, -5.15], "rotation": [-21, 0, 0], "uv": [52, 68]},
						{"origin": [-1.5, 14, -2.15], "size": [3, 5.7, 1], "inflate": -0.2, "uv": [45, 26]},
						{"origin": [-1.5, 14, -2.65], "size": [3, 1, 1.5], "inflate": -0.2, "pivot": [1.5, 14.2, -1.35], "rotation": [47, 0, 0], "uv": [12, 61]},
						{"origin": [-1.75, 3, 2.7], "size": [3.5, 11.75, 2.25], "pivot": [1.75, 14, -0.05], "rotation": [32.5, 0, 0], "uv": [36, 117]},
						{"origin": [-1.75, 5.325, 3.95], "size": [3.5, 1, 6.5], "inflate": 0.002, "pivot": [1.75, 6.325, 3.95], "rotation": [11.25, 0, 0], "uv": [105, 74]},
						{"origin": [-1.75, 4.75, 1.55], "size": [3.5, 1.5, 3], "inflate": -0.001, "pivot": [1.75, 13.5, 1.55], "rotation": [31, 0, 0], "uv": [88, 34]},
						{"origin": [-1.75, 19.25, 1.7], "size": [3.5, 3.25, 2.5], "inflate": 0.001, "pivot": [0.75, 19.25, 1.7], "rotation": [-25, 0, 0], "uv": [59, 0]},
						{"origin": [-1.65, 18.75, -9.5], "size": [3.3, 3.1, 12.5], "uv": [107, 154]},
						{"origin": [-1.65, 21.85, -9.5], "size": [3.3, 4.35, 1], "uv": [59, 5]},
						{"origin": [-1.65, 26.2, -8.5], "size": [3.3, 12.35, 2.25], "inflate": 0.001, "pivot": [1.65, 26.2, -8.5], "rotation": [-110.75, 0, 0], "uv": [0, 115]},
						{"origin": [-1.65, 24.05, -8.5], "size": [3.3, 6.35, 2.25], "inflate": -0.001, "pivot": [1.65, 24.05, -8.5], "rotation": [-110.75, 0, 0], "uv": [24, 0]},
						{"origin": [2, 18.35, -10.5], "size": [6, 5, 1], "inflate": 0.001, "pivot": [8, 18.35, -10.5], "rotation": [0, 0, -65.5], "uv": [139, 159]},
						{"origin": [2, 14.4, -10.5], "size": [6, 4, 1], "pivot": [8, 18.4, -10.5], "rotation": [0, 0, 65.5], "uv": [102, 160]},
						{"origin": [-5, 10.35, -10.5], "size": [5, 6, 1], "pivot": [0, 10.35, -10.5], "rotation": [0, 0, 65.5], "uv": [64, 40]},
						{"origin": [0, 10.35, -10.5], "size": [7, 6, 1], "inflate": 0.002, "pivot": [0, 10.35, -10.5], "rotation": [0, 0, -65.5], "uv": [75, 123]},
						{"origin": [-8, 20.35, -10.5], "size": [8, 6, 1], "inflate": 0.003, "pivot": [0, 26.35, -10.5], "rotation": [0, 0, -65.5], "uv": [105, 64]},
						{"origin": [0, 20.35, -10.5], "size": [4, 6, 1], "pivot": [0, 26.35, -10.5], "rotation": [0, 0, 65.5], "uv": [45, 0]},
						{"origin": [-8, 18.35, -10.5], "size": [6, 4, 1], "pivot": [-8, 18.35, -10.5], "rotation": [0, 0, 65.5], "uv": [15, 145]},
						{"origin": [-8, 13.4, -10.5], "size": [6, 5, 1], "inflate": 0.001, "pivot": [-8, 18.4, -10.5], "rotation": [0, 0, -65.5], "uv": [154, 103]},
						{"origin": [-1.025, 25.375, -4.825], "size": [3, 3, 4.25], "pivot": [-1.025, 28.375, -4.575], "rotation": [-2.16292, 0.62004, 15.9883], "uv": [106, 143]},
						{"origin": [-1.9, 20.725, -0.375], "size": [3.8, 1, 1], "pivot": [1.9, 20.725, -0.375], "rotation": [-120.75, 0, 0], "uv": [46, 40]},
						{"origin": [0.6, 20.375, 0.375], "size": [1.3, 2, 1], "pivot": [1.9, 20.375, 0.375], "rotation": [-143.0553, 8.13544, -7.79658], "uv": [0, 53]},
						{"origin": [-1.9, 20.375, 0.375], "size": [1.3, 2, 1], "pivot": [-1.9, 20.375, 0.375], "rotation": [-143.0553, -8.13544, 7.79658], "uv": [52, 45]},
						{"origin": [-1.025, 27.625, -6], "size": [3, 3, 1.7], "inflate": -0.4, "pivot": [-1.025, 30.625, -26.55], "rotation": [0, 0, 16], "uv": [37, 68]},
						{"origin": [-0.75, 26.875, -9.25], "size": [1.75, 1, 4.45], "uv": [52, 56]},
						{"origin": [-1, 24.875, -10.3], "size": [2.25, 3.25, 1], "inflate": -0.2, "uv": [68, 72]},
						{"origin": [-0.5, 24.775, -9.5], "size": [1.25, 3, 4.7], "uv": [40, 40]},
						{"origin": [-0.75, 26.125, -7.25], "size": [1.75, 1, 2.45], "inflate": -0.001, "uv": [70, 47]},
						{"origin": [-0.75, 26.875, -9.25], "size": [1.75, 1, 4.75], "inflate": 0.001, "pivot": [1, 26.875, -9.25], "rotation": [-22.75, 0, 0], "uv": [0, 53]}
					]
				},
				{
					"name": "stock",
					"parent": "rotatey",
					"pivot": [2.02, 24.25, 9.25],
					"rotation": [-7, 0, 0],
					"cubes": [
						{"origin": [0, 25, 9.25], "size": [2, 2, 21], "pivot": [0, 27, 9.25], "rotation": [0, 0, 22], "uv": [25, 94]},
						{"origin": [-0.7, 24.15, -0.9], "size": [2, 2, 10], "inflate": 0.2, "pivot": [-0.7, 26.15, 5.1], "rotation": [0, 0, 16], "uv": [45, 0]},
						{"origin": [-2, 25, 9.25], "size": [2, 2, 21], "inflate": -0.001, "pivot": [0, 27, 9.25], "rotation": [0, 0, -22], "uv": [53, 92]},
						{"origin": [1.85, 24.25, 9.25], "size": [2, 2, 21], "inflate": 0.001, "pivot": [1.85, 26.25, 9.25], "rotation": [0, 0, 85], "uv": [0, 92]},
						{"origin": [-3.85, 24.25, 9.25], "size": [2, 2, 21], "inflate": 0.001, "pivot": [-1.85, 26.25, 9.25], "rotation": [0, 0, -85], "uv": [80, 88]},
						{"origin": [0.1, 11.35, 29.5], "size": [2, 15, 1], "pivot": [2.1, 24.25, 30.5], "rotation": [-8.99461, 0.31281, 1.9754], "uv": [68, 93]},
						{"origin": [-1.5, 10.95, 29.5], "size": [3, 16, 1], "inflate": 0.001, "pivot": [1.5, 24.25, 30.5], "rotation": [-9, 0, 0], "uv": [176, 117]},
						{"origin": [-0.5, 20.25, 13.5], "size": [1, 4, 12], "uv": [98, 0]},
						{"origin": [-0.5, 20.25, 18.5], "size": [1, 2, 11], "inflate": -0.001, "pivot": [0.5, 20.25, 18.5], "rotation": [-30, 0, 0], "uv": [0, 40]},
						{"origin": [-0.5, 22.25, 21.7], "size": [1, 2, 7], "inflate": -0.001, "pivot": [0.5, 20.25, 18.5], "rotation": [-30, 0, 0], "uv": [83, 76]},
						{"origin": [-0.5, 24.25, 24.2], "size": [1, 2, 4], "inflate": -0.001, "pivot": [0.5, 20.25, 18.5], "rotation": [-30, 0, 0], "uv": [26, 52]},
						{"origin": [-0.5, 20.75, 25.5], "size": [1, 2, 4], "uv": [45, 12]},
						{"origin": [-0.5, 20.25, 13.5], "size": [1, 4, 1], "inflate": -0.001, "pivot": [0.5, 20.25, 13.5], "rotation": [15, 0, 0], "uv": [64, 51]},
						{"origin": [-3.02, 22.25, 9.25], "size": [1, 2, 21], "pivot": [-2.02, 24.25, 9.25], "rotation": [0, 0, -94], "uv": [105, 74]},
						{"origin": [-1, 19.75, 13.75], "size": [2, 2, 6], "uv": [127, 14]},
						{"origin": [-1, 19.75, 19.75], "size": [2, 2, 5], "inflate": -0.001, "pivot": [1, 21.75, 19.75], "rotation": [-46, 0, 0], "uv": [83, 146]},
						{"origin": [-1, 19, 15.75], "size": [2, 5, 2], "inflate": -0.2, "uv": [0, 0]},
						{"origin": [-2.1, 11.35, 29.5], "size": [2, 15, 1], "pivot": [-2.1, 24.25, 30.5], "rotation": [-8.99461, -0.31281, -1.9754], "uv": [92, 66]},
						{"origin": [0.5, 11.35, 20.45], "size": [1, 1, 7], "pivot": [1.5, 11.35, 27.45], "rotation": [-54.14954, 3.52249, -4.86023], "uv": [52, 117]},
						{"origin": [-1.5, 11.35, 20.45], "size": [1, 1, 7], "inflate": 0.001, "pivot": [-1.5, 11.35, 27.45], "rotation": [-54.14954, -3.52249, 4.86023], "uv": [75, 115]},
						{"origin": [-1.6, 14.25, 23.25], "size": [1, 1, 5], "inflate": 0.001, "pivot": [-1.7, 14.85, 28.05], "rotation": [-30.62516, -9.89244, 2.25229], "uv": [98, 0]},
						{"origin": [-0.5, 11.35, 20.45], "size": [1, 1, 7], "inflate": 0.002, "pivot": [0.5, 11.35, 27.45], "rotation": [-54, 0, 0], "uv": [83, 26]},
						{"origin": [0.7, 14.25, 23.25], "size": [1, 1, 5], "inflate": 0.001, "pivot": [1.7, 14.85, 28.05], "rotation": [-30.66518, 10.89166, -2.25951], "uv": [89, 92]},
						{"origin": [-1.6, 12.35, 24.95], "size": [1, 1, 5], "inflate": 0.001, "pivot": [-1.7, 14.85, 28.05], "rotation": [-53.51463, -10.29809, 1.44076], "uv": [78, 53]},
						{"origin": [-1.4, 13.15, 26.25], "size": [1, 1, 3], "inflate": 0.2, "pivot": [-1.7, 14.85, 28.05], "rotation": [-53.51463, -10.29809, 1.44076], "uv": [15, 69]},
						{"origin": [0.6, 12.35, 24.95], "size": [1, 1, 5], "inflate": 0.001, "pivot": [1.7, 14.85, 28.05], "rotation": [-53.51463, 10.29809, -1.44076], "uv": [78, 47]},
						{"origin": [0.4, 13.15, 26.25], "size": [1, 1, 3], "inflate": 0.2, "pivot": [1.7, 14.85, 28.05], "rotation": [-53.51463, 10.29809, -1.44076], "uv": [68, 68]},
						{"origin": [0.6, 14.25, 23.25], "size": [1, 1, 5], "inflate": 0.001, "pivot": [1.7, 14.85, 28.05], "rotation": [-30.62516, 9.89244, -2.25229], "uv": [64, 51]},
						{"origin": [2.02, 22.25, 9.25], "size": [1, 2, 21], "pivot": [2.02, 24.25, 9.25], "rotation": [0, 0, 94], "uv": [105, 51]}
					]
				},
				{
					"name": "chamber",
					"parent": "gun",
					"pivot": [-0.5, 16.5, -17.3],
					"cubes": [
						{"origin": [-2, 7, -24], "size": [3, 3, 13.4], "inflate": 0.5, "uv": [188, 204]},
						{"origin": [-2, 7, -24], "size": [3, 3, 13.4], "inflate": 0.501, "pivot": [-0.5, 16.5, -17.3], "rotation": [0, 0, -30], "uv": [188, 204]},
						{"origin": [-2, 7, -24], "size": [3, 3, 13.4], "inflate": 0.501, "pivot": [-0.5, 16.5, -17.3], "rotation": [0, 0, 30], "uv": [188, 204]},
						{"origin": [-2, 7, -24], "size": [3, 3, 13.4], "inflate": 0.5, "pivot": [-0.5, 16.5, -17.3], "rotation": [0, 0, 60], "uv": [188, 204]},
						{"origin": [-2, 7, -24], "size": [3, 3, 13.4], "inflate": 0.5, "pivot": [-0.5, 16.5, -17.3], "rotation": [0, 0, 120], "uv": [188, 204]},
						{"origin": [-2, 7, -24], "size": [3, 3, 13.4], "inflate": 0.501, "pivot": [-0.5, 16.5, -17.3], "rotation": [0, 0, 90], "uv": [188, 204]},
						{"origin": [-2, 7, -24], "size": [3, 3, 13.4], "inflate": 0.5, "pivot": [-0.5, 16.5, -17.3], "rotation": [0, 0, -60], "uv": [188, 204]},
						{"origin": [-2, 7, -24], "size": [3, 3, 13.4], "inflate": 0.5, "pivot": [-0.5, 16.5, -17.3], "rotation": [0, 0, -120], "uv": [188, 204]},
						{"origin": [-2, 7, -24], "size": [3, 3, 13.4], "inflate": 0.501, "pivot": [-0.5, 16.5, -17.3], "rotation": [0, 0, -150], "uv": [188, 204]},
						{"origin": [-2, 7, -24], "size": [3, 3, 13.4], "inflate": 0.501, "pivot": [-0.5, 16.5, -17.3], "rotation": [0, 0, 150], "uv": [188, 204]},
						{"origin": [-2, 7, -24], "size": [3, 3, 13.4], "inflate": 0.5, "pivot": [-0.5, 16.5, -17.3], "rotation": [0, 0, -180], "uv": [188, 204]},
						{"origin": [-2, 7, -24], "size": [3, 3, 13.4], "inflate": 0.501, "pivot": [-0.5, 16.5, -17.3], "rotation": [0, 0, -90], "uv": [188, 204]},
						{"origin": [-3, 8, -23.5], "size": [5, 17, 12.4], "inflate": 0.5, "pivot": [-0.5, 16.5, -16.8], "rotation": [0, 0, -15], "uv": [30, 191]},
						{"origin": [-3, 8, -23.5], "size": [5, 17, 12.4], "inflate": 0.499, "pivot": [-0.5, 16.5, -16.8], "rotation": [0, 0, -45], "uv": [30, 191]},
						{"origin": [-3, 8, -23.5], "size": [5, 17, 12.4], "inflate": 0.498, "pivot": [-0.5, 16.5, -16.8], "rotation": [0, 0, 15], "uv": [30, 191]},
						{"origin": [-3, 8, -23.5], "size": [5, 17, 12.4], "inflate": 0.5, "pivot": [-0.5, 16.5, -16.8], "rotation": [0, 0, 45], "uv": [30, 191]},
						{"origin": [-3, 8, -23.5], "size": [5, 17, 12.4], "inflate": 0.5, "pivot": [-0.5, 16.5, -16.8], "rotation": [0, 0, 105], "uv": [30, 191]},
						{"origin": [-3, 8, -23.5], "size": [5, 17, 12.4], "inflate": 0.501, "pivot": [-0.5, 16.5, -16.8], "rotation": [0, 0, 75], "uv": [30, 191]}
					]
				},
				{
					"name": "rightarm",
					"parent": "main",
					"pivot": [-4.3, 8.8, 21.8],
					"rotation": [-101.81106, -12.40003, -2.46982],
					"cubes": [
						{"origin": [-8.3, -15.2, 17.8], "size": [8, 24, 8], "uv": [91, 111]}
					]
				},
				{
					"name": "leftarm",
					"parent": "main",
					"pivot": [9.7, 3.8, -24.6],
					"rotation": [-119.61483, 1.67666, -38.31282],
					"cubes": [
						{"origin": [5.7, -20.2, -28.6], "size": [8, 24, 8], "uv": [0, 0]}
					]
				},
				{
					"name": "scope",
					"parent": "main",
					"pivot": [0, 36.625, -6.25],
					"cubes": [
						{"origin": [-0.5, 36.15, -6.55], "size": [1, 1, 1], "inflate": -0.4, "uv": [18, 32]}
					]
				},
				{
					"name": "muzzleflash",
					"parent": "main",
					"pivot": [-0.225, 23.525, -63.9],
					"cubes": [
						{"origin": [-0.725, 23.025, -64.2], "size": [1, 1, 1], "inflate": -0.4, "uv": [8, 32]}
					]
				}
			]
		}
	]
}