{
  "name" : "g11",
  "type": "Gun",
  "maxAmmoCapacity" : 32,
  "compatibleAmmo" : ["ammocreative", "ammo556"],
  "damage" : 7.0,
  "rpm" : 937,
  "fireModes" : ["AUTOMATIC"],
  "fireSound" : "g11_action",
  "drawCooldownDuration" : 750,
  "aimingZoom" : 0.5,
  "gunRecoilInitialAmplitude" : 0.5,
  "shakeRecoilAmplitude" : 0.15,
  "shakeRecoilSpeed" : 1,
  "viewRecoilAmplitude" : 1,
  "inspectCooldownDuration": 3770,
  "scopeOverlay" : "textures/gui/sample_scope.png",
  "phasedReloads": [
    {
      "phase": "RELOADING",
      "condition": "reloadIterationIndex >= 0",
      "duration": 4070,
      "animation": "animation.model.reload",						
      "shakeEffects": [
        {
          "start": 0,
          "duration": 1500,
          "initialAmplitude": 0.2,
          "rateOfAmplitudeDecay": 0.8
        },
        {
          "start": 600,
          "duration": 1000,
          "initialAmplitude": 0.15,
          "rateOfAmplitudeDecay": 0.5
        },
        {
          "start": 900,
          "duration": 800,
          "initialAmplitude": 0.17,
          "rateOfAmplitudeDecay": 0.5
        },
        {
          "start": 1000,
          "duration": 400,
          "initialAmplitude": 0.22,
          "rateOfAmplitudeDecay": 0.6
        }
      ]
    }
  ],
  "effects": [
  	{ 
		"phase": "hit_scan_acquired",
		"name": "tracerminigun"
  	},
        { 
		"phase": "firing",
		"name": "muzzle_flash"
  	}
  ]
}