{
  "name" : "python-cod",
  "type": "Gun",
  "maxAmmoCapacity" : 6,
  "compatibleAmmo" : ["ammocreative", "ammo762x51"],
  "damage" : 8.0,
  "rpm" : 500,
  "fireModes" : ["SINGLE"],
  "fireSound" : "python_action",
  "drawCooldownDuration" : 600,
  "aimingZoom" : 0.25,
 "prepareFireCooldownDuration": 100,
  "gunRecoilInitialAmplitude" : 0.5,
  "shakeRecoilAmplitude" : 0.25,
  "shakeRecoilSpeed" : 1,
  "viewRecoilAmplitude" : 1,
  "inspectCooldownDuration": 3850,
  "phasedReloads": [
    {
      "phase": "RELOADING",
      "condition": "reloadIterationIndex >= 0",
      "duration": 2670,
      "animation": "animation.model.reload",						
      "shakeEffects": [
        {
          "start": 0,
          "duration": 1500,
          "initialAmplitude": 0.2,
          "rateOfAmplitudeDecay": 1.5
        },
        {
          "start": 600,
          "duration": 1000,
          "initialAmplitude": 0.25,
          "rateOfAmplitudeDecay": 0.5
        },
        {
          "start": 900,
          "duration": 800,
          "initialAmplitude": 0.17,
          "rateOfAmplitudeDecay": 0.5
        },
        {
          "start": 1000,
          "duration": 400,
          "initialAmplitude": 0.22,
          "rateOfAmplitudeDecay": 0.6
        }
      ]
    }
  ],
  "effects": [
  	{ 
		"phase": "hit_scan_acquired",
		"name": "tracerminigun"
  	},
        { 
		"phase": "firing",
		"name": "muzzle_flash"
  	}
  ]
}