{
  "name" : "raygun",
  "type": "Gun",
  "maxAmmoCapacity" : 20,
  "compatibleAmmo" : ["ammocreative", "plasma_capsule"],
  "damage" : 7.5,
  "rpm" : 185,
  "reloadCooldownDuration" : 4920,
  "fireModes" : ["SINGLE"],
  "fireSound" : "raygun_action",
  "reloadSound" : "raygun_reload",
  "drawSound" : "raygun_draw",
  "drawCooldownDuration" : 1750,
  "aimingZoom" : 0.25,
  "gunRecoilInitialAmplitude" : 1.5,
  "shakeRecoilAmplitude" : 0.85,
  "shakeRecoilSpeed" : 2,
  "viewRecoilAmplitude" : 5,
  "inspectCooldownDuration" : 3970,
  "muzzleFlashScale" : 1,
  "glowingParts": [
    {
      "name": "glowy" 
    }
  ],
  "phasedReloads": [
    {
      "phase": "RELOADING",
      "duration": 4920,
      "animation": "animation.model.reload",
      "shakeEffects": [
        {
          "start": 50,
          "duration": 300,
          "initialAmplitude": 0.4,
          "rateOfAmplitudeDecay": 0.4
        },
        {
          "start": 1000,
          "duration": 200,
          "initialAmplitude": 0.3,
          "rateOfAmplitudeDecay": 0.3
        },
        {
          "start": 1500,
          "duration": 300,
          "initialAmplitude": 0.5,
          "rateOfAmplitudeDecay": 0.4

        },
        {
          "start": 1900,
          "duration": 300,
          "initialAmplitude": 0.5,
          "rateOfAmplitudeDecay": 0.4

        }
      ]
    }
  ],
  
  "effects": [
  	{ 
		"phase": "hit_scan_acquired",
		"name": "tracerminigun"
  	},
  	{ 
		"phase": "hit_target",
		"name": "explosion_raygun"
  	},
        { 
		"phase": "firing",
		"name": "muzzle_raygun"
  	}
  ]
}