{
  "name" : "stakeout",
  "type": "Gun",
  "maxAmmoCapacity" : 4,
  "maxAmmoPerReloadIteration" : 1,
  "compatibleAmmo" : ["ammocreative", "ammo12gauge"],
  "pelletCount" : 30,
  "pelletSpread" : 0.1,
  "damage" : 5,
  "rpm" : 60,
  "reloadCooldownDuration" : 2500,
  "fireModes" : ["SINGLE"],
  "fireSound" : "stakeout_action",
  "drawCooldownDuration" : 1500,
  "aimingZoom" : 0.25,
  "gunRecoilInitialAmplitude" : 1,
  "shakeRecoilAmplitude" : 1.65,
  "shakeRecoilSpeed" : 3.5,
  "viewRecoilAmplitude" : 9,
  "inspectCooldownDuration" : 3700,
  "muzzleFlashScale" : 2,
  "phasedReloads": [
    {
      "phase": "PREPARING",
      "condition": "reloadIterationIndex >= -1",
      "duration": 300,
      "animation": "animation.model.prepare"
    },
    {
      "phase": "RELOADING",
      "condition": "reloadIterationIndex == 0",
      "duration": 670,
      "animation": "animation.model.chamberload",
      "shakeEffects": [
        {
          "start": 0,
          "duration": 1500,
          "initialAmplitude": 0.3,
          "rateOfAmplitudeDecay": 0.8
        },
        {
          "start": 300,
          "duration": 500,
          "initialAmplitude": 0.2,
          "rateOfAmplitudeDecay": 0.3
        },
        {
          "start": 800,
          "duration": 600,
          "initialAmplitude": 0.15,
          "rateOfAmplitudeDecay": 0.4
        },
        {
          "start": 1190,
          "duration": 400,
          "initialAmplitude": 0.2,
          "rateOfAmplitudeDecay": 0.3
        }
      ]
    },
    {
      "phase": "RELOADING",
      "condition": "reloadIterationIndex > 0",
      "duration": 	670,
      "animation": "animation.model.iterativeload",						
      "shakeEffects": [
        {
          "start": 0,
          "duration": 1000,
          "initialAmplitude": 0.1,
          "rateOfAmplitudeDecay": 0.8
        },
        {
          "start": 400,
          "duration": 600,
          "initialAmplitude": 0.2,
          "rateOfAmplitudeDecay": 0.5
        }
      ]
    },
    {
      "phase": "COMPLETETING",
      "condition": "reloadIterationIndex >= 0",
      "duration": 470,
      "animation": "animation.model.finish"
    }
  ],
  "effects": [
        { 
		"phase": "firing",
		"name": "muzzle_flash_big"
  	}
  ]
}