{
  "name" : "thundergun",
  "type": "Gun",
  "maxAmmoCapacity" : 2,
  "maxAmmoPerReloadIteration" : 4,
  "compatibleAmmo" : ["ammocreative", "thundergun_clip"],
  "pelletCount" : 150,
  "pelletSpread" : 10,
  "damage" : 150,
  "rpm" : 80,
  "reloadCooldownDuration" : 3250,
  "fireModes" : ["SINGLE"],
  "fireSound" : "thundergun_action",
  "reloadSound" : "raygun_reload",
  "drawCooldownDuration" : 750,
  "aimingZoom" : 0.2,
  "gunRecoilInitialAmplitude" : 3,
  "shakeRecoilAmplitude" : 2,
  "shakeRecoilSpeed" : 1,
  "viewRecoilAmplitude" : 4,
  "inspectCooldownDuration" : 3750,
  "muzzleFlashScale" : 40,
"glowingParts": [
    {
      "name": "glowy" 
    },
    {
      "name": "glowy2" 
    }
  ],  
"phasedReloads": [
    {
      "phase": "RELOADING",
      "condition": "reloadIterationIndex >= 0",
      "duration": 3250,
      "animation": "animation.model.reload",						
      "shakeEffects": [
        {
          "start": 0,
          "duration": 1500,
          "initialAmplitude": 0.2,
          "rateOfAmplitudeDecay": 0.8
        },
        {
          "start": 600,
          "duration": 1000,
          "initialAmplitude": 0.15,
          "rateOfAmplitudeDecay": 0.5
        },
        {
          "start": 900,
          "duration": 800,
          "initialAmplitude": 0.17,
          "rateOfAmplitudeDecay": 0.5
        },
        {
          "start": 1000,
          "duration": 400,
          "initialAmplitude": 0.22,
          "rateOfAmplitudeDecay": 0.6
        }
      ]
    }
  ]
}