{
    "m2stinger": {
        "sounds": [
            {
                "name": "pointblank:m2stinger",
                "stream": false
            }
        ]
    },
    "m2stinger_actionback": {
        "sounds": [
            {
                "name": "pointblank:m2stinger_actionback",
                "stream": false
            }
        ]
    },
	"m2stinger_actionforward": {
        "sounds": [
            {
                "name": "pointblank:m2stinger_actionforward",
                "stream": false
            }
        ]
    },
    "m2stinger_bulletchain": {
        "sounds": [
            {
                "name": "pointblank:m2stinger_bulletchain",
                "stream": false
            }
        ]
    },
	"m2stinger_coverdown": {
        "sounds": [
            {
                "name": "pointblank:m2stinger_coverdown",
                "stream": false
            }
        ]
    },
    "m2stinger_coverup": {
        "sounds": [
            {
                "name": "pointblank:m2stinger_coverup",
                "stream": false
            }
        ]
    },
	"m2stinger_magin": {
        "sounds": [
            {
                "name": "pointblank:m2stinger_magin",
                "stream": false
            }
        ]
    },
    "m2stinger_magout": {
        "sounds": [
            {
                "name": "pointblank:m2stinger_magout",
                "stream": false
            }
        ]
    }
}